ST_CASE,VEH_NO,PER_NO,YEAR,P1,P2,P3,P4,P5,P6,P7,P8,P9,P10
10901,2,1,1992,17,17,17,17,17,17,17,17,17,17
10902,0,1,1992,9,15,19,13,19,29,29,19,41,19
10902,1,1,1992,10,0,0,0,0,0,0,0,0,0
10903,1,1,1992,25,0,18,6,20,14,25,20,10,18
10904,1,1,1992,0,0,0,0,0,0,0,0,0,0
10904,2,1,1992,0,0,0,0,0,0,6,0,0,0
10905,1,1,1992,30,0,14,29,20,21,9,0,12,20
10905,2,1,1992,0,0,0,0,0,0,0,0,0,0
10906,1,1,1992,0,0,0,0,7,0,0,0,0,0
10906,2,1,1992,0,0,0,0,0,0,0,0,0,0
10907,0,1,1992,0,0,0,0,0,0,0,0,0,0
10908,0,1,1992,0,19,16,0,0,0,0,22,17,14
10908,1,1,1992,11,11,11,11,11,11,11,11,11,11
10909,1,1,1992,0,0,0,0,0,0,0,0,0,0
10909,2,1,1992,0,0,0,0,0,0,0,0,0,0
10910,1,1,1992,0,0,0,0,0,0,0,0,0,3
10910,2,1,1992,0,0,0,0,0,0,0,0,0,0
10911,0,1,1992,13,0,16,0,10,0,0,0,0,0
10911,1,1,1992,0,0,0,0,0,0,0,0,0,5
10912,1,1,1992,0,12,0,0,0,0,0,0,0,0
10912,2,1,1992,0,0,0,0,0,0,0,0,0,0
10914,1,1,1992,0,0,0,0,0,0,0,0,0,0
10915,1,1,1992,0,0,0,0,0,0,0,0,0,0
10915,2,1,1992,0,0,0,0,0,0,0,2,0,0
10916,1,1,1992,0,0,0,0,15,17,29,22,0,29
10917,1,1,1992,0,0,0,0,0,0,0,0,0,0
10917,2,1,1992,0,0,0,0,0,0,0,0,0,0
10918,1,1,1992,0,0,0,0,0,0,5,0,0,0
10918,2,1,1992,0,0,0,0,5,0,0,0,0,9
10919,1,1,1992,0,0,0,0,0,0,0,0,0,0
10919,2,1,1992,0,0,0,0,0,0,0,0,0,0
10920,0,1,1992,0,0,0,0,0,0,0,0,0,0
10920,1,1,1992,0,0,0,0,0,0,0,0,0,0
10921,0,1,1992,0,0,0,0,0,0,0,0,0,0
10921,1,1,1992,0,0,0,0,0,0,0,0,7,0
10922,1,1,1992,0,0,0,0,0,0,0,0,8,0
10923,0,1,1992,0,0,0,0,0,0,0,0,0,0
10923,1,1,1992,0,0,0,0,0,0,0,0,0,0
10924,1,1,1992,0,0,5,0,7,5,0,17,7,0
10925,0,1,1992,17,0,0,0,7,7,0,0,0,0
10925,1,1,1992,0,0,0,0,0,17,9,0,0,16
10926,1,1,1992,23,23,23,23,23,23,23,23,23,23
10927,0,1,1992,0,0,0,0,0,0,9,12,0,27
10927,1,1,1992,13,12,0,0,7,0,8,0,0,0
10928,1,1,1992,0,0,0,0,0,0,0,0,0,0
10928,2,1,1992,0,0,0,0,0,0,0,0,0,0
10928,3,1,1992,0,0,0,0,0,0,0,0,0,0
10931,1,1,1992,0,0,0,0,0,0,0,0,0,0
10931,2,1,1992,0,0,0,0,0,0,0,0,0,0
10932,1,1,1992,0,24,30,25,19,21,17,18,0,12
10933,0,1,1992,21,20,0,14,0,19,22,18,4,17
10933,1,1,1992,0,0,0,0,0,0,0,0,0,0
10933,2,1,1992,0,0,0,16,0,0,0,0,0,0
10934,0,1,1992,0,0,9,0,0,0,0,0,0,0
10934,0,2,1992,0,0,0,0,0,0,0,0,0,0
10934,0,3,1992,0,0,0,0,0,0,0,0,0,0
10934,1,1,1992,0,0,0,0,0,0,0,0,0,0
10934,2,1,1992,0,0,0,0,0,0,0,0,0,0
10935,1,1,1992,13,11,21,14,13,17,29,21,33,29
10936,1,1,1992,0,0,0,0,0,0,0,0,0,0
10936,2,1,1992,0,0,0,0,0,0,0,0,0,0
10937,1,1,1992,20,0,7,24,20,16,14,20,8,20
10938,0,1,1992,16,0,0,0,0,0,0,0,0,0
10938,0,2,1992,0,0,0,0,0,0,0,0,0,0
10938,1,1,1992,0,0,0,0,0,0,0,0,0,0
10939,1,1,1992,24,26,29,13,15,14,15,13,46,8
20001,1,1,1992,4,4,4,4,4,4,4,4,4,4
20001,2,1,1992,0,0,0,0,0,0,0,0,0,0
20002,1,1,1992,0,0,0,0,0,0,0,0,0,0
20002,2,1,1992,0,0,0,0,0,0,0,0,0,0
20003,1,1,1992,14,14,14,14,14,14,14,14,14,14
20003,2,1,1992,0,0,0,0,0,0,0,0,0,0
20004,0,1,1992,0,0,0,0,0,0,0,0,0,0
20004,1,1,1992,0,0,0,0,0,0,0,0,0,0
20005,1,1,1992,0,0,0,0,20,0,0,0,0,0
20005,2,1,1992,0,0,0,0,0,0,0,0,0,0
20006,1,1,1992,28,28,28,28,28,28,28,28,28,28
20007,1,1,1992,13,13,13,13,13,13,13,13,13,13
20008,1,1,1992,19,19,19,19,19,19,19,19,19,19
20009,1,1,1992,17,17,17,17,17,17,17,17,17,17
20010,1,1,1992,0,0,0,0,0,0,0,0,0,0
20010,2,1,1992,0,0,0,0,8,0,0,0,0,0
20011,1,1,1992,18,18,18,18,18,18,18,18,18,18
20011,2,1,1992,0,0,0,0,0,0,0,0,0,0
20012,1,1,1992,13,13,13,13,13,13,13,13,13,13
20013,1,1,1992,10,10,10,10,10,10,10,10,10,10
20013,2,1,1992,0,0,0,0,0,0,0,0,0,0
20014,1,1,1992,24,24,24,24,24,24,24,24,24,24
20014,2,1,1992,5,5,5,5,5,5,5,5,5,5
20015,0,1,1992,23,23,23,23,23,23,23,23,23,23
20015,1,1,1992,23,23,23,23,23,23,23,23,23,23
20016,0,1,1992,36,36,36,36,36,36,36,36,36,36
20016,1,1,1992,0,0,0,0,0,0,0,0,0,0
20017,1,1,1992,21,21,21,21,21,21,21,21,21,21
20018,0,1,1992,15,15,15,15,15,15,15,15,15,15
20018,1,1,1992,0,0,0,0,0,0,0,0,0,0
20019,1,1,1992,26,26,26,26,26,26,26,26,26,26
20020,1,1,1992,26,26,26,26,26,26,26,26,26,26
20021,1,1,1992,0,0,0,0,0,0,0,0,0,0
20021,2,1,1992,0,0,13,0,0,0,0,0,0,0
20022,0,1,1992,0,0,23,0,0,0,0,0,27,0
20022,1,1,1992,29,29,29,29,29,29,29,29,29,29
20023,1,1,1992,20,20,20,20,20,20,20,20,20,20
20024,1,1,1992,19,19,19,19,19,19,19,19,19,19
20025,1,1,1992,0,0,0,0,0,0,0,0,0,0
20026,1,1,1992,0,0,0,0,0,0,0,0,0,0
20026,2,1,1992,3,3,3,3,3,3,3,3,3,3
20027,1,1,1992,3,3,3,3,3,3,3,3,3,3
20028,1,1,1992,18,18,18,18,18,18,18,18,18,18
20029,1,1,1992,16,16,16,16,16,16,16,16,16,16
20030,1,1,1992,0,0,0,0,0,11,0,0,0,17
20030,2,1,1992,0,0,0,0,0,0,0,0,0,0
20031,1,1,1992,3,3,3,3,3,3,3,3,3,3
20031,2,1,1992,0,0,0,0,0,0,0,0,0,0
20032,1,1,1992,0,0,0,0,0,0,0,0,0,0
20032,2,1,1992,0,0,0,0,0,0,0,0,0,0
20033,1,1,1992,25,25,25,25,25,25,25,25,25,25
20033,2,1,1992,0,0,0,0,0,0,0,0,0,0
20034,0,1,1992,23,23,23,23,23,23,23,23,23,23
20034,0,2,1992,22,22,22,22,22,22,22,22,22,22
20034,1,1,1992,0,0,0,0,0,0,0,0,0,0
20035,1,1,1992,17,17,17,17,17,17,17,17,17,17
20035,2,1,1992,0,0,0,0,0,0,0,0,0,0
20036,1,1,1992,21,21,21,21,21,21,21,21,21,21
20037,1,1,1992,0,0,0,0,0,0,0,0,0,0
20037,2,1,1992,0,0,0,0,0,0,0,0,0,0
20038,1,1,1992,0,0,0,0,0,0,0,0,0,0
20039,1,1,1992,6,6,6,6,6,6,6,6,6,6
20040,1,1,1992,0,21,0,2,11,18,41,0,5,0
20041,1,1,1992,11,11,11,11,11,11,11,11,11,11
20042,1,1,1992,19,19,19,19,19,19,19,19,19,19
20043,1,1,1992,0,0,0,0,0,0,0,0,0,0
20044,0,1,1992,4,4,4,4,4,4,4,4,4,4
20044,0,2,1992,0,12,0,0,0,5,0,0,0,0
20044,1,1,1992,10,10,10,10,10,10,10,10,10,10
20045,1,1,1992,23,25,20,29,32,11,15,19,19,27
20046,1,1,1992,26,26,26,26,26,26,26,26,26,26
20047,1,1,1992,12,12,12,12,12,12,12,12,12,12
20048,1,1,1992,0,0,0,0,0,0,0,0,0,0
20048,2,1,1992,0,0,0,0,0,0,0,0,2,9
20049,0,1,1992,37,37,37,37,37,37,37,37,37,37
20049,1,1,1992,20,20,20,20,20,20,20,20,20,20
20050,1,1,1992,0,0,0,0,0,0,0,0,0,0
20051,1,2,1992,0,13,6,0,0,0,0,0,0,0
20052,1,1,1992,15,13,22,16,4,35,23,29,30,15
20053,1,1,1992,0,0,0,0,0,0,0,0,0,0
20054,1,1,1992,0,0,0,0,0,0,0,0,0,0
20054,2,1,1992,0,0,0,0,0,0,0,0,0,0
20055,1,1,1992,0,0,11,0,0,0,7,0,0,20
20055,2,1,1992,0,0,0,0,0,0,0,0,0,0
20056,1,1,1992,19,23,14,26,24,23,21,22,14,28
20057,1,1,1992,19,19,19,19,19,19,19,19,19,19
20058,0,1,1992,22,22,22,22,22,22,22,22,22,22
20058,1,1,1992,19,19,19,19,19,19,19,19,19,19
20059,1,1,1992,0,0,0,0,0,0,0,0,0,5
20060,1,1,1992,0,0,0,0,0,0,0,0,0,0
20061,1,1,1992,0,0,0,0,0,0,0,0,0,0
20061,2,1,1992,7,19,3,9,8,7,5,11,22,8
20062,1,1,1992,2,2,2,2,2,2,2,2,2,2
20062,2,1,1992,0,0,0,0,0,0,0,0,0,0
20062,3,1,1992,0,0,0,0,0,0,0,0,0,0
20062,4,1,1992,0,0,0,0,0,0,0,0,0,0
20063,1,1,1992,16,16,16,16,16,16,16,16,16,16
20064,1,1,1992,26,0,0,0,17,0,0,0,0,0
20065,1,1,1992,28,28,28,28,28,28,28,28,28,28
20065,2,1,1992,0,0,0,0,0,0,0,0,0,0
20066,0,1,1992,0,0,0,0,0,0,0,0,0,0
20067,1,1,1992,0,0,0,0,0,0,0,0,0,0
20067,2,1,1992,0,0,0,0,0,0,0,0,0,0
20068,1,1,1992,0,0,0,0,18,0,0,0,0,0
20069,1,1,1992,0,0,0,0,0,0,0,0,0,0
20070,1,1,1992,0,0,0,0,0,0,0,0,0,0
20071,0,1,1992,20,0,36,32,34,23,14,35,0,33
20071,0,2,1992,0,0,0,0,0,10,0,0,0,7
20071,0,3,1992,26,25,0,0,19,29,0,34,0,0
20071,1,1,1992,27,27,27,27,27,27,27,27,27,27
20072,1,1,1992,0,0,0,0,0,0,0,0,0,0
20072,2,1,1992,0,0,0,0,0,0,0,0,0,0
20073,1,1,1992,0,0,16,0,0,0,0,0,0,0
20074,1,1,1992,0,0,0,4,0,23,0,3,4,0
20075,1,1,1992,0,0,0,0,0,0,0,0,0,0
20075,2,1,1992,0,0,0,0,0,0,0,0,0,0
20076,1,1,1992,0,0,0,0,0,0,0,0,0,0
20076,2,1,1992,4,4,4,4,4,4,4,4,4,4
20077,1,1,1992,2,16,13,4,18,4,12,20,8,5
20077,2,1,1992,0,0,0,0,0,9,0,0,0,0
20078,1,1,1992,0,0,0,0,0,0,0,0,0,0
20079,1,1,1992,2,2,2,2,2,2,2,2,2,2
20079,2,1,1992,0,0,0,0,0,0,0,0,0,0
20080,1,1,1992,0,0,0,0,0,13,0,0,0,0
20080,2,1,1992,0,0,0,0,0,0,0,0,0,0
20081,1,1,1992,22,4,14,13,28,14,10,11,7,16
20081,2,1,1992,0,0,19,0,0,0,0,0,0,0
20082,1,1,1992,0,0,0,0,0,0,0,0,0,0
20082,2,1,1992,0,0,0,0,0,0,0,0,0,0
20083,1,1,1992,0,0,0,0,0,0,0,0,0,0
20084,1,1,1992,0,0,0,0,0,0,0,0,0,0
20084,2,1,1992,0,0,0,0,0,0,0,0,0,0
20085,1,1,1992,0,0,0,0,0,0,0,0,0,0
20085,2,1,1992,0,0,0,0,0,0,0,0,0,0
20086,1,1,1992,15,15,15,15,15,15,15,15,15,15
20087,1,1,1992,0,0,0,0,0,0,0,0,0,0
20087,2,1,1992,0,0,0,0,0,0,0,0,0,0
20088,1,1,1992,0,0,0,0,0,0,0,0,0,0
20089,1,1,1992,0,0,0,0,0,0,0,0,0,0
20089,2,1,1992,0,0,0,0,0,0,0,0,0,0
40001,1,1,1992,23,14,25,20,19,25,24,30,16,10
40002,1,1,1992,13,32,4,13,25,0,24,20,24,5
40003,1,1,1992,0,0,0,0,0,0,0,0,0,0
40003,2,1,1992,0,0,0,0,0,0,0,0,0,0
40004,1,1,1992,8,16,18,5,8,11,2,39,15,38
40004,2,1,1992,0,0,0,0,0,0,0,0,0,0
40005,1,1,1992,8,22,28,7,24,19,9,16,11,13
40005,2,1,1992,0,0,0,0,0,0,0,0,0,0
40006,1,1,1992,32,21,24,5,7,29,0,20,29,12
40007,0,1,1992,0,0,0,0,0,0,0,0,0,0
40007,1,1,1992,0,0,0,0,0,0,0,0,11,0
40008,1,1,1992,0,0,0,0,18,24,0,0,0,0
40009,1,1,1992,0,0,0,0,0,0,0,0,0,0
40009,2,1,1992,0,0,0,0,0,0,0,0,0,0
40010,1,1,1992,0,0,0,0,0,0,0,0,0,0
40011,1,1,1992,0,0,0,0,0,10,0,0,16,27
40012,1,1,1992,0,0,0,0,0,0,0,0,0,0
40012,2,1,1992,0,0,0,0,0,0,0,0,0,0
40013,1,1,1992,0,0,0,0,0,0,0,0,0,0
40013,2,1,1992,0,0,0,0,0,0,0,0,0,0
40014,1,1,1992,7,0,0,0,0,0,10,0,0,0
40014,2,1,1992,0,0,0,0,0,0,0,0,0,0
40015,1,1,1992,18,18,18,18,18,18,18,18,18,18
40015,2,1,1992,0,0,0,0,0,0,0,0,0,0
40016,1,1,1992,3,3,3,3,3,3,3,3,3,3
40017,1,1,1992,0,0,0,0,0,0,0,0,0,0
40018,1,1,1992,0,0,0,0,0,0,0,0,0,0
40018,2,1,1992,0,0,0,0,0,0,0,0,0,0
40019,1,1,1992,8,6,0,0,0,0,20,8,18,16
40020,1,1,1992,14,14,14,14,14,14,14,14,14,14
40021,1,1,1992,24,24,24,24,24,24,24,24,24,24
40021,2,1,1992,0,0,15,0,0,0,0,0,0,0
40022,1,1,1992,0,0,0,0,0,0,0,0,8,0
40022,2,1,1992,0,0,0,0,0,0,0,0,0,0
40022,3,1,1992,0,0,0,0,0,0,0,0,0,0
40023,1,1,1992,0,0,0,0,0,0,0,0,0,0
40023,2,1,1992,0,0,0,0,0,0,0,0,0,0
40024,0,1,1992,0,0,0,0,0,0,0,0,0,0
40024,1,1,1992,0,0,0,0,0,0,5,0,0,0
40025,1,1,1992,0,0,0,0,0,0,0,0,0,0
40025,2,1,1992,0,0,0,0,0,0,0,0,0,0
40026,1,1,1992,22,21,21,23,20,34,55,8,20,22
40027,1,1,1992,0,0,0,0,0,0,0,0,0,0
40027,2,1,1992,0,0,0,0,0,0,0,0,0,0
40028,0,1,1992,0,0,0,0,0,0,0,0,0,0
40028,1,1,1992,0,0,0,0,0,0,0,0,0,0
40030,1,1,1992,0,0,0,0,0,0,0,0,0,0
40030,2,1,1992,0,0,0,0,0,0,0,0,0,0
40032,1,1,1992,12,12,12,12,12,12,12,12,12,12
40033,0,1,1992,23,23,23,23,23,23,23,23,23,23
40033,1,1,1992,19,12,2,35,15,7,8,5,8,8
40034,1,1,1992,0,0,0,0,0,0,0,0,0,0
40034,2,1,1992,0,0,0,0,0,0,0,0,0,0
40034,3,1,1992,0,0,0,0,0,0,0,0,0,0
40034,4,1,1992,0,0,0,0,0,0,0,0,0,0
40035,1,1,1992,0,0,0,0,0,0,0,0,0,0
40035,2,1,1992,11,11,11,11,11,11,11,11,11,11
40035,3,1,1992,0,0,0,0,0,6,0,0,0,0
40035,4,1,1992,18,15,22,15,16,13,20,10,5,21
40036,0,1,1992,27,18,23,34,32,27,34,0,11,8
40036,1,1,1992,0,8,0,0,0,0,0,0,0,0
40037,0,1,1992,25,25,25,25,25,25,25,25,25,25
40037,1,1,1992,0,0,0,0,0,0,16,0,5,0
40038,0,1,1992,0,0,0,0,0,0,0,0,0,0
40038,1,1,1992,0,0,0,0,0,0,0,0,0,0
40039,0,1,1992,22,22,22,22,22,22,22,22,22,22
40039,1,1,1992,16,16,16,16,16,16,16,16,16,16
40040,0,1,1992,29,29,29,29,29,29,29,29,29,29
40040,1,1,1992,0,0,0,0,0,0,0,0,0,0
40041,1,1,1992,0,0,0,0,0,0,0,0,0,0
40041,2,1,1992,0,0,0,0,0,0,0,0,0,0
40042,0,1,1992,0,0,0,0,0,0,0,0,0,0
40042,1,1,1992,0,0,0,0,0,0,0,0,0,0
40043,1,1,1992,0,0,0,0,0,0,0,0,0,0
40043,2,1,1992,0,0,0,0,0,0,0,0,0,0
40044,1,1,1992,19,20,7,11,12,16,8,3,18,9
40045,1,1,1992,17,25,10,7,10,16,4,9,15,6
40045,2,1,1992,0,0,0,0,0,0,0,0,0,0
40046,1,1,1992,0,0,0,0,0,0,0,0,0,0
40046,2,1,1992,0,0,0,0,0,0,0,0,0,0
40047,1,1,1992,14,14,14,14,14,14,14,14,14,14
40048,1,1,1992,29,11,17,7,5,18,24,39,12,4
40049,1,1,1992,0,0,0,0,0,0,13,30,30,0
40050,1,1,1992,15,15,15,15,15,15,15,15,15,15
40051,0,1,1992,0,0,0,0,0,0,0,0,0,0
40051,1,1,1992,0,0,0,0,0,0,0,0,0,0
40052,1,1,1992,0,0,0,0,0,0,0,4,0,0
40052,2,1,1992,0,0,0,0,0,0,0,0,0,0
40053,1,1,1992,0,0,0,32,6,0,0,0,0,0
40054,1,1,1992,10,24,47,14,40,26,26,24,15,23
40055,1,1,1992,4,4,4,4,4,4,4,4,4,4
40056,1,1,1992,22,22,22,22,22,22,22,22,22,22
40056,2,1,1992,0,0,0,0,0,0,0,0,0,0
40057,1,1,1992,0,0,0,0,0,0,0,0,0,0
40057,2,1,1992,0,0,0,0,0,0,0,0,0,0
40057,3,1,1992,0,0,0,0,0,0,0,0,0,0
40058,0,1,1992,34,34,34,34,34,34,34,34,34,34
40058,1,1,1992,0,0,0,0,0,0,0,0,0,0
40059,1,1,1992,0,0,0,0,0,0,0,0,0,0
40059,2,1,1992,14,0,10,20,6,5,0,30,13,21
40060,0,1,1992,0,0,0,0,0,0,0,0,0,0
40060,1,1,1992,0,0,0,0,0,0,0,0,0,0
40061,1,1,1992,0,0,0,0,0,0,0,0,0,0
40061,2,1,1992,0,0,11,0,0,0,0,0,0,8
40062,2,1,1992,0,0,0,0,0,0,0,0,0,0
40063,0,1,1992,1,1,1,1,1,1,1,1,1,1
40063,1,1,1992,0,0,7,0,0,4,30,0,22,38
40064,1,1,1992,10,11,3,17,23,0,14,7,0,12
40064,2,1,1992,5,8,13,15,24,7,3,11,9,19
40065,1,1,1992,0,0,0,0,0,0,0,0,7,0
40067,1,1,1992,19,0,28,21,17,15,5,13,17,25
40068,1,1,1992,24,24,24,24,24,24,24,24,24,24
40069,1,1,1992,8,8,8,8,8,8,8,8,8,8
40070,1,1,1992,0,0,0,0,0,0,0,0,0,0
40070,2,1,1992,0,0,0,0,0,0,0,0,0,0
40071,1,1,1992,0,0,0,0,0,0,0,0,0,0
40071,2,1,1992,0,17,0,0,0,0,0,0,0,0
40072,1,1,1992,16,10,16,3,13,21,18,21,9,13
40073,1,1,1992,12,27,11,4,6,15,12,21,5,7
40074,0,1,1992,10,9,0,0,0,13,0,0,28,12
40074,1,1,1992,0,0,0,0,0,0,0,0,0,0
40075,1,1,1992,24,24,24,24,24,24,24,24,24,24
40076,1,1,1992,0,0,0,0,0,0,0,0,0,0
40076,2,1,1992,0,0,0,0,0,0,0,0,0,0
40077,1,1,1992,0,0,0,0,0,0,0,0,0,0
40077,2,1,1992,0,0,0,7,0,0,0,5,0,0
40078,1,1,1992,0,0,0,0,0,0,0,0,0,0
40078,2,1,1992,0,0,0,0,0,16,0,0,0,0
40079,1,1,1992,0,0,7,0,0,0,0,0,0,0
40080,1,1,1992,0,0,0,0,0,0,0,0,0,0
40080,2,1,1992,0,0,0,0,0,0,0,0,0,11
40081,1,1,1992,0,0,0,0,0,0,0,0,0,0
40081,2,1,1992,0,0,0,0,0,0,0,0,0,0
40082,1,1,1992,18,18,18,18,18,18,18,18,18,18
40083,1,1,1992,0,0,0,0,0,0,0,0,0,0
40083,2,1,1992,0,0,36,0,0,0,0,0,0,0
40084,1,1,1992,0,0,0,0,0,0,0,0,0,0
40084,2,1,1992,0,0,0,0,0,0,0,0,0,0
40085,1,1,1992,0,0,0,0,0,0,0,0,0,0
40086,0,1,1992,0,0,0,0,0,0,0,0,0,0
40086,1,1,1992,0,4,0,0,0,0,0,0,0,0
40087,1,1,1992,0,0,0,0,0,0,0,0,0,0
40088,0,1,1992,0,0,0,0,0,0,0,0,0,0
40088,0,2,1992,0,0,0,0,0,0,0,0,0,0
40088,0,3,1992,0,0,0,0,0,0,0,0,0,0
40088,1,1,1992,0,11,0,0,0,0,0,0,0,0
40089,0,1,1992,0,0,0,0,21,0,0,0,0,0
40089,1,1,1992,0,0,0,0,0,0,0,0,0,0
40090,1,1,1992,18,18,18,18,18,18,18,18,18,18
40090,2,1,1992,0,0,0,0,0,0,0,0,0,0
40091,1,1,1992,0,0,19,0,7,0,0,0,8,0
40092,1,1,1992,0,0,0,0,0,0,0,0,0,0
40093,1,1,1992,5,5,5,5,5,5,5,5,5,5
40093,2,1,1992,0,0,0,0,0,0,0,0,0,0
40094,1,1,1992,0,0,0,0,0,12,0,0,0,0
40094,2,1,1992,0,0,0,0,0,0,0,0,0,0
40094,3,1,1992,0,0,0,0,0,0,0,0,0,0
40095,1,1,1992,20,20,20,20,20,20,20,20,20,20
40096,1,1,1992,0,0,0,17,12,0,0,0,13,0
40096,2,1,1992,0,0,0,4,0,0,0,0,0,0
40097,1,1,1992,25,25,25,25,25,25,25,25,25,25
40097,2,1,1992,7,0,0,0,0,0,0,0,0,0
40098,1,2,1992,0,0,18,0,6,10,0,0,15,4
40099,0,1,1992,0,0,0,0,0,0,0,0,0,0
40099,1,1,1992,0,0,0,0,0,0,0,0,0,0
40100,1,1,1992,0,0,0,0,0,0,0,0,0,0
40100,2,1,1992,0,0,0,0,0,0,0,0,0,0
40101,1,1,1992,19,24,21,25,12,31,11,2,26,20
40101,2,1,1992,22,22,22,22,22,22,22,22,22,22
40102,0,1,1992,0,0,0,0,0,0,0,0,0,0
40102,0,2,1992,0,0,0,0,0,0,0,0,0,0
40102,1,1,1992,0,0,0,0,0,0,0,0,0,0
40103,0,1,1992,38,21,0,21,0,0,22,35,0,0
40103,1,1,1992,0,0,0,0,0,0,0,0,0,0
40103,2,1,1992,0,0,12,0,0,0,0,0,0,0
40104,0,1,1992,0,0,0,0,0,0,0,0,0,0
40104,1,1,1992,0,0,0,8,0,0,0,0,0,0
40105,0,1,1992,12,0,13,20,7,32,33,14,0,29
40105,1,1,1992,0,0,0,0,0,0,5,0,0,0
40106,1,1,1992,11,30,22,22,11,7,23,26,29,9
40106,2,1,1992,0,0,0,0,7,0,0,0,0,0
40107,1,1,1992,0,0,0,0,0,0,0,0,0,0
40107,2,1,1992,0,0,0,0,0,0,0,0,0,0
40108,1,1,1992,0,0,0,26,0,0,0,0,24,0
40108,2,1,1992,15,15,15,15,15,15,15,15,15,15
40109,1,1,1992,19,19,19,19,19,19,19,19,19,19
40109,2,1,1992,0,0,0,0,0,0,0,0,0,0
40110,1,1,1992,0,0,7,0,0,27,0,0,0,0
40110,2,1,1992,0,0,16,0,0,0,0,0,0,0
40111,1,1,1992,0,0,0,18,0,0,14,11,0,0
40111,2,1,1992,0,0,0,0,0,0,0,0,0,0
40112,1,1,1992,0,0,0,0,0,0,0,0,0,0
40112,2,1,1992,0,0,0,0,0,0,0,0,0,0
40112,3,1,1992,0,0,0,0,0,0,0,0,0,0
40113,0,1,1992,0,0,0,0,0,0,0,0,0,0
40113,1,1,1992,0,0,0,0,0,0,0,0,0,0
40114,0,1,1992,0,0,0,0,0,0,0,0,0,0
40114,1,1,1992,0,0,0,0,0,0,0,0,0,0
40115,0,1,1992,32,0,33,31,20,24,49,0,0,43
40115,1,1,1992,0,0,0,9,0,0,0,0,0,0
40116,1,1,1992,0,0,0,0,0,0,0,0,0,0
40116,2,1,1992,0,0,0,0,0,0,0,0,0,0
40117,1,1,1992,0,0,0,0,0,0,0,0,0,0
40117,2,1,1992,0,0,0,0,0,0,0,0,0,0
40118,0,1,1992,33,33,33,33,33,33,33,33,33,33
40118,1,1,1992,0,0,0,0,0,0,0,0,0,0
40119,1,1,1992,6,6,6,6,6,6,6,6,6,6
40120,1,1,1992,31,0,0,0,20,0,10,11,0,0
40121,1,1,1992,18,18,18,18,18,18,18,18,18,18
40122,1,1,1992,0,0,0,8,0,0,0,0,10,0
40123,1,1,1992,22,22,22,22,22,22,22,22,22,22
40124,1,1,1992,13,13,13,13,13,13,13,13,13,13
40124,2,1,1992,16,0,0,0,28,0,0,0,0,0
40125,1,1,1992,0,0,0,0,0,0,20,0,0,0
40126,0,1,1992,0,0,0,0,0,0,0,0,0,0
40126,1,1,1992,0,0,0,0,0,0,0,0,0,0
40127,0,1,1992,0,0,0,0,0,0,0,0,0,0
40127,1,1,1992,0,0,0,0,0,0,0,0,0,0
40128,1,1,1992,15,15,15,15,15,15,15,15,15,15
40128,2,1,1992,0,0,0,0,0,0,0,0,0,0
40129,0,1,1992,0,0,0,0,0,0,0,0,0,0
40129,1,1,1992,0,0,0,0,0,0,0,0,0,0
40130,1,1,1992,0,0,0,0,0,0,0,0,0,0
40131,1,1,1992,0,0,0,0,0,0,0,0,0,0
40131,2,1,1992,0,0,0,0,0,0,0,0,0,0
40132,1,1,1992,13,0,10,0,8,10,9,15,9,7
40132,2,1,1992,0,2,0,0,0,0,0,0,13,0
40133,0,1,1992,0,0,0,0,0,0,0,0,0,0
40133,1,1,1992,0,0,0,0,0,0,0,0,0,0
40134,1,1,1992,0,0,0,0,0,0,0,0,0,0
40135,1,1,1992,15,15,15,15,15,15,15,15,15,15
40136,1,1,1992,8,0,0,0,0,0,0,0,0,0
40136,2,1,1992,0,0,11,0,0,0,0,0,0,6
40137,1,1,1992,25,25,25,25,25,25,25,25,25,25
40138,1,1,1992,22,22,22,22,22,22,22,22,22,22
40139,1,1,1992,0,0,0,0,0,0,0,0,0,0
40139,2,1,1992,2,0,0,0,0,0,0,0,0,0
40139,3,1,1992,0,0,0,0,0,0,0,0,0,0
40140,1,1,1992,0,0,0,0,0,0,0,0,0,0
40140,2,1,1992,10,0,0,0,0,0,0,0,0,0
40141,1,1,1992,0,0,0,11,18,0,0,0,0,0
40142,1,1,1992,0,0,0,0,0,0,0,0,0,0
40143,1,1,1992,0,0,0,0,0,0,0,0,0,0
40143,2,1,1992,0,0,0,0,0,0,0,0,0,0
40144,0,1,1992,20,20,20,20,20,20,20,20,20,20
40144,0,2,1992,0,27,38,0,36,14,40,16,0,32
40144,1,1,1992,0,16,0,0,0,0,0,0,0,0
40145,1,1,1992,18,7,17,29,15,19,28,31,19,52
40146,1,1,1992,0,0,0,5,0,0,0,0,21,0
40147,1,1,1992,27,27,27,27,27,27,27,27,27,27
40148,1,1,1992,22,22,22,22,22,22,22,22,22,22
40149,1,1,1992,27,18,24,22,16,17,37,20,31,7
40150,1,1,1992,8,32,6,17,13,14,22,10,19,5
40150,2,1,1992,0,0,0,0,0,0,8,0,0,0
40151,1,1,1992,0,0,0,0,0,0,0,0,0,0
40152,1,1,1992,21,12,0,13,17,8,10,29,10,10
40153,1,1,1992,1,0,0,0,0,0,0,13,0,0
40154,0,1,1992,0,0,0,0,0,0,0,0,0,0
40154,1,1,1992,0,0,0,0,0,0,0,0,0,0
40154,2,1,1992,0,0,0,0,0,0,0,0,0,0
40155,1,1,1992,10,14,6,12,14,9,12,0,12,14
40155,2,1,1992,0,0,0,0,0,0,0,0,0,0