ST_CASE,VEH_NO,PER_NO,YEAR,P1,P2,P3,P4,P5,P6,P7,P8,P9,P10
40156,1,1,1992,0,0,0,0,7,0,0,0,0,0
40156,2,1,1992,0,11,0,0,0,17,0,0,0,0
40157,1,1,1992,0,0,0,0,0,0,0,0,0,0
40157,2,1,1992,0,0,0,0,0,0,0,0,0,0
40158,0,1,1992,36,36,36,36,36,36,36,36,36,36
40158,1,1,1992,0,0,0,0,0,0,0,0,0,0
40159,1,1,1992,0,0,0,0,0,0,0,0,0,0
40159,2,1,1992,6,6,6,6,6,6,6,6,6,6
40160,1,1,1992,15,15,15,15,15,15,15,15,15,15
40160,2,1,1992,0,0,0,0,0,0,0,0,0,0
40161,1,1,1992,0,0,0,9,11,0,0,0,0,0
40161,2,1,1992,0,0,0,0,0,0,0,0,0,0
40161,3,1,1992,27,27,27,27,27,27,27,27,27,27
40162,0,1,1992,0,0,0,0,0,0,0,0,0,0
40162,1,1,1992,0,0,0,0,0,0,0,0,0,0
40163,0,1,1992,0,0,0,0,0,0,0,0,0,0
40163,1,1,1992,0,0,0,0,0,0,0,0,0,0
40164,1,1,1992,28,8,11,0,6,0,0,0,16,7
40164,2,1,1992,0,0,0,0,0,0,0,0,0,0
40165,1,1,1992,0,0,0,0,0,0,0,0,0,0
40165,2,1,1992,0,0,0,0,0,0,0,0,0,0
40166,1,1,1992,15,15,15,15,15,15,15,15,15,15
40166,2,1,1992,0,0,0,0,0,0,0,0,0,0
40167,1,1,1992,0,0,0,0,20,0,0,0,12,0
40167,2,1,1992,0,0,0,0,0,0,0,0,0,0
40168,0,1,1992,19,31,22,20,28,23,53,24,8,18
40168,1,1,1992,17,12,13,9,7,0,16,7,4,0
40169,1,1,1992,16,18,15,2,6,16,22,19,17,23
40170,1,1,1992,15,15,15,15,15,15,15,15,15,15
40171,1,1,1992,11,13,27,14,0,0,20,0,26,0
40171,2,1,1992,0,0,0,0,0,0,0,0,13,0
40172,0,1,1992,0,0,0,0,0,0,0,0,0,0
40172,1,1,1992,0,0,0,0,0,17,0,0,0,0
40173,1,1,1992,0,6,16,0,0,0,0,0,0,0
40174,1,1,1992,10,10,10,10,10,10,10,10,10,10
40175,1,1,1992,0,0,0,0,0,0,0,0,0,0
40175,2,1,1992,19,19,19,19,19,19,19,19,19,19
40176,1,1,1992,0,0,0,0,0,0,0,0,0,0
40176,2,1,1992,0,0,0,0,0,0,0,0,0,0
40177,0,1,1992,21,21,21,21,21,21,21,21,21,21
40177,1,1,1992,0,0,0,0,0,0,0,0,0,0
40178,1,1,1992,0,0,0,0,0,0,0,0,0,0
40178,2,1,1992,0,20,0,0,0,0,0,7,0,0
40178,3,1,1992,0,0,0,0,0,0,0,0,0,0
40179,1,1,1992,0,0,0,0,0,0,0,0,0,0
40179,2,1,1992,0,0,0,0,0,0,0,0,0,0
40180,0,1,1992,0,0,0,0,0,0,0,0,0,0
40180,1,1,1992,0,0,0,0,0,0,0,0,0,0
40181,1,1,1992,14,14,14,14,14,14,14,14,14,14
40182,0,1,1992,0,0,0,30,16,0,0,0,16,0
40182,1,1,1992,0,0,0,0,0,0,0,0,0,0
40183,1,1,1992,9,9,9,9,9,9,9,9,9,9
40183,2,1,1992,14,10,6,19,14,15,19,16,30,13
40184,0,1,1992,23,23,23,23,23,23,23,23,23,23
40184,1,1,1992,28,11,19,25,19,25,0,29,21,7
40185,1,1,1992,0,0,0,0,0,0,0,0,0,0
40185,2,1,1992,0,0,0,0,0,0,0,0,0,0
40185,3,1,1992,0,0,0,0,0,0,0,0,0,0
40185,4,1,1992,0,0,0,0,0,0,0,0,0,0
40185,5,1,1992,0,0,0,0,0,0,0,0,0,0
40185,6,1,1992,0,0,0,0,0,0,0,0,0,0
40185,7,1,1992,0,0,0,0,0,0,0,0,0,0
40186,0,1,1992,29,29,29,29,29,29,29,29,29,29
40186,1,1,1992,0,0,0,0,0,0,0,0,0,0
40187,0,1,1992,17,0,0,35,0,12,0,0,0,0
40187,0,2,1992,0,0,0,0,0,0,0,0,0,0
40187,1,1,1992,0,0,0,0,0,0,0,0,0,0
40188,1,1,1992,0,0,0,0,0,0,0,0,0,0
40188,2,1,1992,0,0,0,0,0,0,0,0,0,0
40189,1,1,1992,0,0,0,0,0,0,0,0,0,0
40189,2,1,1992,0,0,0,0,0,0,0,0,0,0
40190,0,1,1992,16,16,16,16,16,16,16,16,16,16
40190,1,1,1992,16,16,16,16,16,16,16,16,16,16
40191,1,1,1992,18,6,30,10,12,15,5,0,24,8
40191,2,1,1992,1,1,1,1,1,1,1,1,1,1
40192,1,1,1992,0,0,0,7,0,0,0,15,0,0
40192,2,1,1992,0,0,0,0,0,0,0,0,0,7
40192,3,1,1992,0,3,0,0,0,0,0,0,0,4
40192,4,1,1992,0,0,30,3,0,0,0,0,0,0
40193,1,1,1992,0,0,0,0,0,0,0,0,0,0
40194,1,1,1992,8,8,10,7,14,20,5,12,30,20
40195,0,1,1992,0,0,0,0,0,0,0,0,0,0
40195,1,1,1992,0,0,0,0,0,0,0,0,0,0
40196,1,1,1992,10,11,23,7,14,5,6,12,27,0
40197,0,1,1992,0,0,0,18,0,0,12,0,0,9
40197,1,1,1992,0,0,0,0,0,13,0,0,0,0
40198,1,1,1992,4,4,4,4,4,4,4,4,4,4
40198,2,1,1992,0,0,0,0,0,0,18,0,0,0
40199,1,1,1992,21,21,21,21,21,21,21,21,21,21
40200,1,1,1992,0,0,0,0,0,0,0,0,0,0
40201,1,1,1992,0,0,0,0,0,0,0,0,0,0
40202,1,1,1992,0,0,0,0,13,0,0,0,0,17
40203,1,1,1992,0,0,0,0,0,0,0,10,0,0
40204,1,1,1992,0,0,0,24,0,0,0,0,0,0
40205,1,1,1992,0,0,0,0,0,12,15,10,0,0
40206,1,1,1992,16,0,28,30,0,22,0,24,34,9
40207,1,1,1992,0,0,0,0,0,0,0,0,0,0
40207,2,1,1992,0,0,0,0,0,0,0,0,0,0
40208,1,1,1992,29,29,29,29,29,29,29,29,29,29
40209,1,1,1992,14,0,16,17,40,0,17,0,15,6
40210,1,1,1992,7,7,7,7,7,7,7,7,7,7
40210,2,1,1992,15,15,15,15,15,15,15,15,15,15
40211,1,1,1992,0,0,0,0,0,0,0,0,0,0
40211,2,1,1992,20,20,20,20,20,20,20,20,20,20
40212,1,1,1992,16,16,16,16,16,16,16,16,16,16
40212,2,1,1992,0,0,0,0,0,0,0,0,0,0
40213,1,1,1992,0,10,0,8,7,0,0,0,27,20
40214,0,1,1992,14,23,20,33,10,12,0,0,16,32
40214,1,1,1992,19,19,19,19,19,19,19,19,19,19
40216,1,1,1992,9,9,9,9,9,9,9,9,9,9
40217,1,1,1992,25,25,25,25,25,25,25,25,25,25
40217,2,1,1992,0,0,0,0,0,0,0,0,0,0
40217,3,1,1992,0,0,0,0,0,0,0,0,0,0
40218,1,1,1992,0,0,0,0,0,0,0,0,0,0
40218,2,1,1992,0,0,0,0,0,0,0,7,0,0
40219,1,1,1992,0,0,0,0,0,0,0,0,0,0
40220,1,1,1992,0,0,0,0,0,0,0,0,0,0
40220,2,1,1992,0,0,0,0,0,0,0,0,0,0
40221,0,1,1992,15,15,15,15,15,15,15,15,15,15
40221,1,1,1992,30,0,0,0,13,16,0,0,0,0
40222,1,1,1992,0,0,0,0,0,0,0,0,0,0
40222,2,1,1992,22,10,0,14,8,17,0,21,0,8
40223,1,1,1992,13,10,3,0,0,20,0,0,19,23
40224,1,1,1992,0,0,0,0,0,0,0,0,0,0
40224,2,1,1992,0,0,0,0,0,0,0,0,0,0
40225,1,1,1992,0,0,6,0,0,0,0,0,0,0
40225,2,1,1992,0,0,0,0,0,0,0,0,0,0
40226,0,1,1992,16,16,16,16,16,16,16,16,16,16
40226,1,1,1992,0,0,0,0,0,0,0,0,0,0
40227,0,1,1992,25,29,21,33,45,14,32,0,20,35
40227,1,1,1992,0,0,0,0,0,0,0,0,0,0
40228,0,1,1992,28,28,28,28,28,28,28,28,28,28
40228,0,2,1992,17,30,28,0,17,0,0,14,29,0
40228,1,1,1992,0,0,0,0,0,0,9,0,0,0
40229,1,1,1992,20,20,21,24,13,20,32,34,12,29
40230,1,1,1992,23,23,23,23,23,23,23,23,23,23
40230,2,1,1992,0,0,0,0,0,0,0,0,0,0
40230,3,1,1992,0,0,0,0,0,0,5,0,0,0
40231,1,1,1992,34,34,34,34,34,34,34,34,34,34
40232,1,1,1992,11,11,11,11,11,11,11,11,11,11
40233,1,1,1992,0,0,0,0,0,0,0,0,0,0
40233,2,1,1992,0,0,0,0,0,0,0,0,0,0
40234,1,1,1992,22,0,12,0,0,13,0,0,16,23
40235,1,1,1992,0,0,0,0,0,0,0,0,0,0
40235,2,1,1992,0,0,0,0,0,0,0,0,0,0
40235,3,1,1992,0,0,0,13,0,0,0,0,0,0
40235,4,1,1992,0,0,0,0,0,0,0,0,0,0
40236,1,1,1992,0,0,0,0,0,0,0,0,29,0
40236,2,1,1992,0,0,0,0,0,0,0,0,0,0
40236,3,1,1992,0,0,0,0,0,0,0,0,0,0
40237,0,1,1992,23,23,23,23,23,23,23,23,23,23
40237,1,1,1992,0,0,0,0,0,0,0,0,0,0
40238,0,1,1992,0,0,0,0,0,0,0,0,0,0
40238,1,1,1992,14,8,0,8,9,15,3,16,3,10
40239,1,1,1992,0,10,0,14,25,17,26,0,0,0
40240,1,1,1992,0,0,0,0,0,0,0,0,0,0
40240,2,1,1992,0,0,0,22,9,0,0,0,0,0
40241,0,1,1992,15,15,15,15,15,15,15,15,15,15
40241,1,1,1992,0,0,0,0,0,0,0,0,0,0
40242,0,1,1992,7,7,7,7,7,7,7,7,7,7
40242,1,1,1992,0,6,0,0,0,0,0,0,0,0
40243,1,1,1992,14,28,9,39,14,16,25,35,18,26
40244,1,1,1992,0,0,0,0,0,0,0,0,0,0
40244,2,1,1992,0,0,0,0,0,0,0,0,0,0
40245,0,1,1992,24,24,24,24,24,24,24,24,24,24
40245,1,1,1992,0,0,0,0,0,0,0,0,0,0
40247,1,1,1992,0,0,0,0,0,0,0,0,0,0
40247,2,1,1992,0,0,0,0,0,0,0,0,0,0
40248,0,1,1992,0,0,0,0,0,0,0,0,0,0
40248,1,1,1992,9,10,25,22,18,7,9,38,7,10
40249,1,1,1992,15,10,14,18,0,26,16,10,21,8
40249,2,1,1992,0,0,0,0,0,0,0,0,0,0
40249,3,1,1992,0,0,0,0,0,0,0,0,0,0
40249,4,1,1992,0,0,0,0,0,0,0,0,0,0
40250,1,1,1992,10,13,0,0,11,0,0,0,11,0
40251,0,1,1992,23,31,11,6,9,21,22,25,28,22
40251,1,1,1992,0,0,0,0,0,0,0,0,0,0
40252,1,1,1992,0,9,0,4,0,0,0,0,0,0
40252,2,1,1992,9,4,0,7,9,4,0,5,7,0
40253,1,1,1992,0,0,0,0,0,0,0,0,0,0
40253,2,1,1992,0,0,0,0,0,0,0,0,0,0
40254,1,1,1992,12,12,12,12,12,12,12,12,12,12
40255,1,1,1992,1,1,1,1,1,1,1,1,1,1
40256,1,1,1992,14,14,14,14,14,14,14,14,14,14
40257,1,1,1992,0,0,0,0,0,0,0,0,0,0
40257,2,1,1992,0,0,0,0,0,0,0,0,0,0
40258,1,1,1992,0,0,0,0,0,0,0,0,0,0
40258,2,1,1992,12,12,12,12,12,12,12,12,12,12
40259,1,1,1992,13,13,13,13,13,13,13,13,13,13
40260,1,1,1992,0,0,0,0,0,0,0,0,13,0
40260,2,1,1992,0,0,0,0,0,0,0,0,0,0
40261,1,1,1992,33,33,33,33,33,33,33,33,33,33
40262,1,1,1992,0,0,0,0,0,0,0,0,0,0
40262,2,1,1992,15,19,22,16,15,15,19,29,10,15
40263,1,1,1992,24,24,24,24,24,24,24,24,24,24
40264,1,1,1992,23,23,23,23,23,23,23,23,23,23
40265,1,1,1992,0,0,0,0,0,0,0,0,0,0
40265,2,1,1992,0,0,0,0,0,0,0,0,0,0
40267,1,1,1992,0,0,0,0,0,0,0,0,0,0
40268,1,1,1992,20,22,29,10,13,18,21,14,16,21
40269,0,1,1992,10,0,0,22,19,13,0,28,30,23
40269,1,1,1992,16,0,14,22,0,0,0,0,9,0
40270,1,1,1992,0,15,11,16,6,20,19,16,29,31
40271,1,1,1992,0,0,0,0,12,0,0,0,0,0
40272,1,1,1992,17,17,17,17,17,17,17,17,17,17
40273,1,1,1992,21,21,21,21,21,21,21,21,21,21
40274,1,1,1992,0,0,0,0,0,18,0,0,18,0
40274,2,1,1992,0,0,0,0,0,0,0,0,0,0
40276,1,1,1992,0,0,0,24,0,0,0,0,25,0
40277,0,1,1992,0,0,0,0,0,0,0,35,0,8
40277,1,1,1992,0,0,0,0,0,0,0,0,0,0
40278,1,1,1992,0,0,0,0,0,0,0,0,0,0
40278,2,1,1992,0,0,0,0,0,0,0,0,0,0
40279,1,1,1992,0,0,0,0,0,0,0,0,0,0
40279,2,1,1992,0,0,0,0,0,0,0,0,0,0
40280,1,1,1992,0,0,0,0,0,0,0,26,0,0
40281,1,1,1992,15,15,15,15,15,15,15,15,15,15
40281,2,1,1992,0,0,0,0,11,0,0,0,0,0
40282,1,1,1992,20,20,20,20,20,20,20,20,20,20
40283,1,1,1992,0,0,0,0,0,0,0,0,0,0
40284,1,1,1992,20,20,20,20,20,20,20,20,20,20
40285,1,1,1992,0,0,0,0,0,0,0,0,0,0
40286,1,1,1992,40,21,7,20,18,15,7,22,11,13
40287,1,1,1992,0,0,0,0,0,0,0,0,0,0
40287,2,1,1992,0,0,0,0,0,0,0,0,0,0
40288,1,1,1992,0,9,0,0,0,0,0,0,0,13
40289,0,1,1992,0,0,0,0,0,0,0,0,0,0
40289,1,1,1992,14,12,12,26,10,10,19,10,25,26
40290,1,1,1992,21,21,21,21,21,21,21,21,21,21
40291,1,1,1992,0,0,0,0,0,0,0,0,0,0
40292,1,1,1992,17,17,17,17,17,17,17,17,17,17
40292,2,1,1992,8,8,8,8,8,8,8,8,8,8
40293,0,1,1992,0,0,0,0,18,17,0,0,0,0
40293,1,1,1992,0,0,0,0,0,0,0,0,0,0
40294,1,1,1992,0,0,0,0,6,14,0,0,0,0
40294,2,1,1992,0,0,0,0,0,0,0,0,0,0
40294,3,1,1992,0,0,0,0,0,0,0,0,0,0
40295,0,1,1992,7,0,0,25,0,0,0,18,12,0
40295,1,1,1992,0,0,0,0,0,0,0,0,0,0
40296,1,1,1992,0,0,0,0,0,0,0,0,0,0
40296,2,1,1992,0,0,0,0,0,0,0,0,0,0
40296,3,1,1992,0,0,0,0,0,0,0,0,0,0
40297,1,1,1992,0,0,0,0,0,0,0,0,0,0
40297,2,1,1992,0,0,0,0,0,0,0,0,0,0
40298,1,1,1992,0,0,0,0,0,0,0,0,0,0
40299,1,1,1992,7,7,7,7,7,7,7,7,7,7
40300,1,1,1992,11,13,13,10,0,14,13,10,9,5
40300,2,1,1992,0,0,0,0,0,0,0,0,0,0
40301,1,1,1992,0,0,0,0,0,0,0,0,0,0
40301,2,1,1992,0,0,0,0,0,0,25,0,0,0
40302,1,1,1992,0,0,0,0,0,0,0,0,0,0
40304,1,1,1992,6,6,6,6,6,6,6,6,6,6
40304,2,1,1992,0,0,0,0,0,0,0,0,0,0
40305,1,1,1992,0,0,0,0,0,0,0,0,0,16
40305,2,1,1992,0,0,0,0,0,0,0,0,0,0
40305,3,1,1992,0,0,0,0,0,0,0,0,0,0
40306,1,1,1992,0,0,0,9,0,0,0,0,0,0
40306,2,1,1992,0,0,0,0,0,0,0,0,0,0
40307,1,1,1992,0,0,0,0,0,0,0,0,0,0
40307,2,1,1992,0,0,0,0,0,0,0,0,0,0
40308,1,1,1992,0,0,0,0,0,0,0,0,0,0
40308,2,1,1992,14,14,14,14,14,14,14,14,14,14
40309,1,1,1992,0,0,0,16,0,13,0,12,0,0
40310,1,1,1992,13,13,13,13,13,13,13,13,13,13
40311,0,1,1992,0,0,0,0,0,0,0,0,0,0
40311,1,1,1992,0,0,0,0,0,0,0,0,0,0
40312,1,1,1992,18,18,22,8,12,14,38,17,8,19
40312,2,1,1992,10,10,10,10,10,10,10,10,10,10
40313,1,1,1992,0,0,0,0,0,0,0,0,0,0
40314,1,1,1992,0,0,0,0,0,0,0,0,0,0
40315,1,1,1992,0,0,6,0,0,0,10,13,0,26
40316,1,1,1992,0,0,0,0,0,0,0,0,0,0
40317,0,1,1992,15,15,15,15,15,15,15,15,15,15
40317,1,1,1992,0,0,0,0,8,0,0,0,0,0
40318,1,1,1992,20,20,20,20,20,20,20,20,20,20
40319,1,1,1992,17,21,9,18,0,0,25,8,0,0
40320,1,1,1992,18,15,11,0,14,14,42,34,17,19
40321,1,1,1992,26,26,26,26,26,26,26,26,26,26
40321,2,1,1992,0,0,0,0,0,0,0,0,0,0
40322,1,1,1992,0,18,13,17,19,13,12,20,17,0
40323,0,1,1992,5,0,0,0,0,0,29,19,15,31
40323,1,1,1992,0,0,0,0,0,0,0,0,11,19
40324,1,1,1992,18,18,18,18,18,18,18,18,18,18
40324,2,1,1992,0,0,0,0,0,0,0,0,0,0
40325,0,1,1992,0,14,0,0,0,0,0,0,0,0
40325,1,1,1992,0,0,0,0,0,0,0,0,0,0
40326,1,1,1992,0,0,0,0,0,0,0,0,0,0
40326,2,1,1992,0,0,0,0,0,0,0,0,0,0
40328,1,1,1992,0,0,0,0,0,23,0,0,0,0
40328,2,1,1992,0,0,0,0,0,0,0,0,0,0
40328,3,1,1992,0,0,0,0,0,0,0,0,0,0
40329,0,1,1992,12,26,15,0,26,10,25,33,19,0
40329,1,1,1992,0,0,0,0,0,0,0,0,0,0
40330,1,1,1992,0,12,31,16,17,20,25,26,6,24
40331,0,1,1992,0,0,0,0,0,0,0,0,0,0
40331,1,1,1992,0,0,0,0,0,0,0,0,0,0
40332,1,1,1992,13,21,13,17,10,20,10,18,19,20
40334,1,1,1992,0,0,0,0,0,0,0,0,0,0
40334,2,1,1992,0,0,0,0,0,0,0,0,0,0
40335,1,1,1992,0,15,12,12,14,13,14,12,13,8
40335,2,1,1992,1,0,0,0,0,0,0,0,0,0
40336,1,1,1992,0,0,0,0,0,0,27,12,0,0
40337,1,1,1992,17,17,17,17,17,17,17,17,17,17
40337,2,1,1992,0,0,0,0,0,0,0,0,0,0
40337,3,1,1992,0,0,0,0,0,0,0,0,0,0
40338,1,1,1992,19,19,19,19,19,19,19,19,19,19
40339,1,1,1992,17,17,17,17,17,17,17,17,17,17
40340,1,1,1992,11,11,11,11,11,11,11,11,11,11
40341,1,1,1992,0,0,0,0,0,0,0,0,0,0
40342,1,1,1992,0,0,0,0,0,0,0,0,0,0
40342,2,1,1992,0,0,0,0,0,0,0,0,0,0
40343,1,1,1992,0,0,0,0,0,0,0,0,0,0
40343,2,1,1992,0,0,0,0,0,0,0,0,0,0
40343,3,1,1992,0,0,0,0,0,0,0,0,0,0
40344,1,1,1992,0,0,0,0,0,0,0,0,0,0
40344,2,1,1992,0,12,9,18,9,11,13,23,18,13
40345,1,1,1992,10,6,0,0,16,0,0,0,0,0
40346,0,1,1992,0,0,0,5,0,0,0,0,0,0
40346,1,1,1992,0,0,0,0,0,0,0,0,0,0
40347,1,1,1992,0,0,0,0,0,0,0,0,0,0
40347,2,1,1992,0,0,0,0,0,0,0,0,0,0
40348,1,1,1992,11,18,14,29,28,20,29,29,26,22
40349,0,1,1992,0,0,0,0,0,0,0,0,0,0
40349,1,1,1992,0,0,0,0,0,0,0,0,0,0
40350,1,1,1992,33,0,24,26,0,19,0,14,0,0
40351,1,1,1992,18,19,16,0,10,0,13,4,8,3
40352,1,1,1992,0,0,23,11,12,0,19,0,15,13
40353,0,1,1992,0,0,0,0,0,14,10,16,15,0
40353,1,1,1992,0,0,0,15,13,0,15,0,0,0
40353,2,1,1992,0,0,0,7,0,0,0,0,0,0
40354,0,1,1992,0,41,14,25,10,19,0,0,0,0
40354,1,1,1992,0,21,11,0,0,0,0,0,0,0
40355,0,1,1992,24,19,0,18,22,23,24,17,26,32
40355,1,1,1992,0,0,0,0,0,0,0,0,0,0
40356,1,1,1992,18,18,18,18,18,18,18,18,18,18
40356,2,1,1992,0,0,0,0,0,0,0,0,0,0
40358,1,1,1992,0,0,0,0,0,0,0,0,0,24
40359,1,1,1992,0,0,0,0,0,0,0,0,0,0
40360,1,1,1992,0,6,0,0,0,0,0,0,0,0
40360,2,1,1992,0,0,0,0,0,0,0,0,0,0
40363,1,1,1992,0,0,0,0,0,0,0,0,0,0
40363,2,1,1992,0,0,0,0,0,0,0,0,0,0
40364,1,1,1992,0,23,34,0,0,0,0,0,12,18
40365,1,1,1992,22,24,8,18,19,15,23,8,14,0
40366,1,1,1992,0,0,0,0,0,0,0,0,0,0
40366,2,1,1992,0,0,0,0,0,0,0,0,0,0
40367,1,1,1992,0,0,6,0,0,0,0,0,0,0
40367,2,1,1992,0,0,0,0,0,0,0,0,0,0
40368,0,1,1992,20,20,20,20,20,20,20,20,20,20
40368,1,1,1992,7,0,4,0,7,0,0,0,0,10
40369,1,1,1992,24,24,24,24,24,24,24,24,24,24
40369,2,1,1992,0,0,0,0,0,0,0,0,0,0
40370,1,1,1992,10,20,9,6,9,52,18,8,17,0
40370,2,1,1992,0,0,0,0,0,0,0,0,0,0
40371,0,1,1992,0,0,0,0,17,0,0,0,0,0
40371,1,1,1992,0,0,17,0,0,0,22,0,0,0
40372,0,1,1992,0,0,0,0,0,0,0,0,0,0
40372,1,1,1992,0,0,0,0,0,0,0,0,0,0
40373,1,1,1992,3,0,17,8,25,0,9,28,12,6
40373,2,1,1992,9,9,9,9,9,9,9,9,9,9
40374,1,1,1992,14,10,24,10,6,17,8,8,10,14
40374,2,1,1992,0,0,0,0,0,0,0,0,0,0
40374,3,1,1992,0,0,0,0,0,0,0,0,0,0
40375,1,1,1992,0,6,0,3,0,7,0,20,0,16
40375,2,1,1992,0,0,0,0,0,0,0,0,0,0
40375,3,1,1992,0,0,0,0,0,0,0,0,6,0
40376,1,1,1992,2,0,3,14,12,4,12,10,15,7
40376,2,1,1992,19,13,21,18,5,16,20,22,23,10
40377,1,1,1992,29,24,16,19,16,21,11,21,11,11
40378,0,1,1992,15,14,10,20,42,18,33,27,24,30
40378,1,1,1992,0,0,0,0,0,0,0,0,0,0
40379,1,1,1992,0,0,0,0,0,0,0,0,0,0
40380,1,1,1992,8,8,8,8,8,8,8,8,8,8
40381,1,1,1992,19,9,0,13,20,12,5,5,12,17
40381,2,1,1992,0,0,26,0,0,0,0,0,0,0
40382,1,1,1992,18,15,9,24,36,0,23,6,3,16
40383,1,1,1992,23,13,0,19,15,15,13,0,25,20
40384,1,1,1992,2,14,4,4,13,0,8,20,12,14
40385,1,1,1992,0,0,0,0,0,0,0,0,0,0
40385,2,1,1992,0,0,0,0,0,0,0,0,0,0
40386,1,1,1992,0,0,0,0,0,0,0,0,0,0
40387,1,1,1992,18,0,11,29,17,15,28,0,17,14
40388,1,1,1992,0,0,0,0,0,0,11,0,28,13
40390,1,1,1992,0,0,0,0,0,0,0,0,0,0
40390,2,1,1992,0,0,0,0,0,0,0,0,0,0
40390,3,1,1992,0,0,0,0,0,0,0,0,0,0
40391,1,1,1992,27,27,27,27,27,27,27,27,27,27
40392,1,1,1992,0,0,0,0,0,0,0,0,0,0
40392,2,1,1992,0,0,0,0,0,0,0,0,0,0
40392,3,1,1992,0,0,0,0,0,0,0,0,0,0
40393,1,1,1992,34,34,34,34,34,34,34,34,34,34
40393,2,1,1992,0,0,0,0,0,0,0,0,0,0
40394,1,1,1992,0,0,10,8,0,0,0,0,0,0
40394,2,1,1992,0,0,0,0,0,0,0,0,0,0
40395,0,1,1992,0,0,0,0,0,0,0,14,0,0
40395,1,1,1992,0,0,0,0,0,0,0,0,0,0
40396,0,1,1992,0,0,0,0,0,0,0,0,0,0
40396,1,1,1992,0,0,0,0,0,0,0,0,0,0
40397,1,1,1992,0,0,0,0,0,0,0,0,0,0
40397,2,1,1992,19,19,19,19,19,19,19,19,19,19
40398,1,1,1992,0,0,0,0,0,0,0,0,0,0
40398,2,1,1992,0,0,0,0,0,0,0,0,0,0
40399,1,1,1992,0,0,0,0,0,0,0,0,0,0
40399,2,1,1992,0,0,0,0,0,0,0,0,0,0
40400,0,1,1992,26,30,45,26,13,16,21,44,13,20
40400,1,1,1992,18,18,18,18,18,18,18,18,18,18
40401,1,1,1992,0,0,0,0,0,0,0,0,0,0
40401,2,1,1992,0,0,0,0,0,0,0,0,2,0
40402,1,1,1992,21,15,19,12,14,3,16,12,14,17
40403,1,1,1992,0,0,0,0,0,0,0,0,0,0
40403,2,1,1992,0,0,0,0,0,0,0,0,0,0
40404,1,1,1992,0,0,0,0,0,0,0,0,0,0
40404,2,1,1992,0,0,0,0,0,0,0,0,0,0
40405,1,1,1992,16,0,0,0,0,0,0,14,17,0
40405,2,1,1992,0,0,0,0,0,0,0,0,0,0
40406,1,1,1992,26,26,26,26,26,26,26,26,26,26
40406,2,1,1992,0,0,0,0,0,0,0,0,0,0
40406,3,1,1992,0,0,0,16,0,0,0,0,0,0
40407,1,1,1992,9,18,0,12,6,31,16,18,8,10
40408,1,1,1992,0,0,0,0,0,0,5,0,0,0
40408,2,1,1992,0,0,0,0,0,0,0,0,0,0
40409,0,1,1992,0,24,0,0,3,14,0,0,0,0
40409,0,2,1992,33,20,29,43,38,26,45,21,31,24
40409,1,1,1992,0,0,0,0,0,0,0,0,0,0
40410,1,1,1992,0,0,3,0,0,17,0,0,0,0
40410,2,1,1992,0,0,0,0,0,0,0,0,0,0
40410,3,1,1992,0,0,0,0,0,0,0,0,0,0
40410,4,1,1992,0,0,0,0,0,0,0,0,0,0
40411,1,1,1992,19,26,0,7,8,0,0,13,0,0
40412,1,1,1992,0,0,0,0,0,0,0,0,0,0
40412,2,1,1992,0,0,0,0,0,0,0,0,0,0
40413,0,1,1992,0,0,0,0,0,0,0,0,0,0
40413,1,1,1992,0,0,0,0,0,0,0,0,0,11
40414,0,1,1992,23,23,23,23,23,23,23,23,23,23
40414,0,2,1992,31,31,31,31,31,31,31,31,31,31
40414,1,1,1992,0,0,0,0,0,0,0,0,0,0
40415,1,1,1992,32,32,32,32,32,32,32,32,32,32
40416,1,1,1992,0,24,22,26,20,13,0,0,0,0
40417,1,1,1992,9,11,28,17,8,19,22,30,17,13
40417,2,1,1992,0,0,0,0,0,0,8,0,0,0
40418,1,1,1992,26,11,6,12,6,18,28,29,20,15
40418,2,1,1992,0,0,0,0,0,0,8,0,0,15
40419,0,1,1992,0,0,0,0,0,0,0,0,0,0
40419,1,1,1992,0,0,0,0,0,0,0,0,0,0
40420,1,1,1992,0,0,0,0,0,0,0,0,0,0
40421,1,1,1992,23,23,23,23,23,23,23,23,23,23
40421,2,1,1992,10,10,10,10,10,10,10,10,10,10
40422,1,1,1992,15,15,15,15,15,15,15,15,15,15
40423,1,1,1992,0,0,0,26,16,0,4,0,0,0
40424,1,1,1992,0,0,0,0,19,26,16,0,0,0
40425,1,1,1992,0,0,0,0,0,0,0,0,0,0
40426,1,1,1992,25,19,11,26,5,20,18,16,14,15
40427,1,1,1992,0,0,0,0,0,0,0,0,0,0
40427,2,1,1992,0,0,0,0,0,0,0,0,0,0
40428,1,1,1992,4,9,0,16,7,20,20,15,48,26
40429,0,1,1992,0,0,0,0,0,0,0,0,0,0
40429,1,1,1992,9,0,0,0,0,0,0,0,0,0
40430,1,1,1992,0,0,0,0,0,0,0,0,0,0
40431,0,1,1992,37,37,37,37,37,37,37,37,37,37
40431,1,1,1992,0,0,0,0,0,16,0,0,0,0
40432,1,1,1992,15,16,9,23,7,15,10,9,15,14
40432,2,1,1992,0,0,0,0,0,0,0,0,0,0
40433,1,1,1992,0,0,0,0,0,0,0,0,0,0
40433,2,1,1992,0,0,0,0,0,7,0,0,0,0