ST_CASE,VEH_NO,PER_NO,YEAR,P1,P2,P3,P4,P5,P6,P7,P8,P9,P10
40433,3,1,1992,0,0,0,0,0,0,0,0,0,0
40434,1,1,1992,17,17,17,17,17,17,17,17,17,17
40434,2,1,1992,8,11,5,17,20,2,14,11,9,0
40435,1,1,1992,24,0,11,15,24,6,20,19,15,0
40439,1,1,1992,33,0,0,0,20,0,0,10,9,0
40440,1,1,1992,0,7,0,0,0,0,0,0,0,0
40441,1,1,1992,0,0,0,0,0,0,0,0,0,0
40441,2,1,1992,0,9,0,0,0,0,0,0,0,0
40442,1,1,1992,0,0,0,0,0,0,0,0,0,0
40443,1,1,1992,4,0,0,0,0,0,0,0,0,0
40443,2,1,1992,0,0,0,0,0,0,0,0,0,0
40444,0,1,1992,0,0,0,0,0,0,32,16,0,0
40444,1,1,1992,0,0,0,14,0,0,12,0,0,0
40445,1,1,1992,0,0,0,15,0,0,15,12,0,0
40446,1,1,1992,0,11,0,0,0,0,0,0,0,0
40447,1,1,1992,0,15,0,14,0,22,17,19,0,18
40448,1,1,1992,0,0,0,0,0,0,0,0,0,0
40448,2,1,1992,0,0,0,0,0,0,0,0,0,0
40449,1,1,1992,0,0,0,0,0,0,0,0,0,0
40449,2,1,1992,0,0,0,0,0,0,0,0,0,0
40449,3,1,1992,0,0,0,0,0,0,0,0,0,0
40449,4,1,1992,0,0,0,0,0,0,0,0,0,0
40450,1,1,1992,0,0,0,0,0,0,0,0,0,0
40450,2,1,1992,0,0,0,0,13,0,0,0,0,0
40451,1,1,1992,25,25,25,25,25,25,25,25,25,25
40452,1,1,1992,0,17,0,0,0,0,12,0,0,0
40453,0,1,1992,0,0,0,0,0,0,0,0,0,0
40453,1,1,1992,0,0,0,0,0,0,0,0,0,0
40454,0,1,1992,0,0,0,0,0,0,0,0,0,0
40454,1,1,1992,29,29,29,29,29,29,29,29,29,29
40455,1,1,1992,0,0,0,0,0,0,0,0,0,0
40456,0,1,1992,23,17,18,27,6,32,32,33,25,16
40456,1,1,1992,0,0,0,0,0,0,0,0,0,0
40457,1,1,1992,20,8,0,0,17,15,19,20,12,12
40458,1,1,1992,0,0,0,0,0,0,0,0,0,0
40458,2,1,1992,0,0,0,0,0,0,0,0,0,0
40458,3,1,1992,0,0,8,9,0,0,23,0,0,0
40459,1,1,1992,21,15,16,13,25,12,15,26,20,35
40460,0,1,1992,14,14,14,14,14,14,14,14,14,14
40460,1,1,1992,0,0,0,0,0,0,0,0,0,0
40461,0,1,1992,0,0,0,0,0,0,0,0,0,0
40461,1,1,1992,0,0,0,0,0,0,0,0,0,0
40462,1,1,1992,0,0,0,0,0,0,0,0,0,0
40462,2,1,1992,0,0,0,0,0,0,0,0,0,0
40463,1,1,1992,0,0,0,0,0,0,0,0,0,0
40464,1,1,1992,0,0,0,0,0,13,0,0,0,0
40464,2,1,1992,0,0,0,0,0,0,0,0,0,0
40465,1,1,1992,0,0,0,0,0,0,0,0,0,0
40466,1,1,1992,11,24,29,5,18,21,0,21,14,7
40466,2,1,1992,0,0,0,0,0,0,0,0,0,0
40466,3,1,1992,0,0,0,0,0,0,0,0,0,0
40467,1,1,1992,25,25,25,25,25,25,25,25,25,25
40468,0,1,1992,0,0,0,0,0,16,21,0,0,0
40468,0,2,1992,12,0,7,14,9,17,9,26,3,13
40468,1,1,1992,0,0,0,27,20,12,0,0,5,7
40469,1,1,1992,28,20,15,29,22,41,16,17,30,24
40470,1,1,1992,0,0,0,0,0,0,0,0,0,0
40471,1,1,1992,0,0,0,0,0,0,0,0,0,0
40471,2,1,1992,0,0,0,0,0,0,0,0,0,0
40471,3,1,1992,0,0,0,0,0,0,0,0,0,0
40471,4,1,1992,0,0,0,0,0,0,0,0,0,0
40472,0,1,1992,9,7,30,28,39,20,19,40,16,14
40472,1,1,1992,0,0,0,0,9,0,0,0,3,0
40473,0,1,1992,0,0,0,0,0,0,0,0,0,0
40473,1,1,1992,0,0,0,0,0,0,0,0,0,0
40474,0,1,1992,0,0,0,0,0,0,0,0,0,0
40474,1,1,1992,5,14,13,15,25,6,14,11,19,13
40475,0,1,1992,0,0,0,0,0,0,0,0,0,0
40475,1,1,1992,7,5,0,8,0,7,9,11,9,0
40476,1,1,1992,0,0,0,0,0,0,0,0,0,0
40476,2,1,1992,0,0,0,0,0,0,0,0,0,0
40477,1,1,1992,0,0,0,0,0,0,0,0,0,0
40477,2,1,1992,0,0,0,0,0,0,0,0,0,0
40478,1,1,1992,0,0,0,0,0,0,0,0,0,0
40479,1,1,1992,27,22,15,15,10,28,14,19,15,12
40480,1,1,1992,36,6,0,0,0,0,0,12,0,0
40481,0,1,1992,11,11,11,11,11,11,11,11,11,11
40481,1,1,1992,0,0,0,21,0,0,0,0,0,0
40482,1,1,1992,1,1,1,1,1,1,1,1,1,1
40482,2,1,1992,0,0,0,0,0,0,0,0,0,0
40483,0,1,1992,22,16,22,15,0,0,26,27,0,0
40483,1,1,1992,17,23,33,14,23,11,29,23,13,11
40484,0,1,1992,24,24,24,24,24,24,24,24,24,24
40484,1,1,1992,0,0,0,0,27,0,0,0,0,0
40485,1,1,1992,19,20,15,9,0,5,14,0,11,22
40485,2,1,1992,0,0,0,0,0,0,0,0,0,0
40486,0,1,1992,7,7,7,7,7,7,7,7,7,7
40486,1,1,1992,0,0,0,0,0,14,0,0,0,0
40487,1,1,1992,0,0,0,0,0,0,0,0,5,0
40488,0,1,1992,13,13,13,13,13,13,13,13,13,13
40488,1,1,1992,0,19,0,0,20,0,12,0,0,0
40488,2,1,1992,0,0,0,0,0,0,0,11,0,0
40489,1,1,1992,0,0,0,0,0,0,0,0,0,0
40489,2,1,1992,0,0,0,0,0,0,0,0,0,0
40490,1,1,1992,0,0,0,0,0,0,0,0,0,0
40490,2,1,1992,0,0,0,0,0,0,0,0,0,0
40491,1,1,1992,4,0,19,3,0,12,13,15,29,0
40491,2,1,1992,0,19,0,6,0,27,0,12,12,4
40492,1,1,1992,23,14,19,12,11,12,19,18,11,0
40493,1,1,1992,0,0,0,0,0,0,0,0,0,0
40493,2,1,1992,0,0,0,0,0,0,0,0,0,0
40494,1,1,1992,0,0,0,0,0,0,0,0,0,0
40495,1,1,1992,0,0,0,0,0,0,0,0,0,0
40495,2,1,1992,0,0,0,0,0,0,0,0,0,0
40496,0,1,1992,9,17,17,14,36,0,28,25,22,36
40496,1,1,1992,0,0,0,0,0,0,0,0,0,0
40497,1,1,1992,0,0,0,0,37,0,0,0,0,0
40498,0,1,1992,0,0,0,0,0,0,0,0,0,0
40498,1,1,1992,2,2,2,2,2,2,2,2,2,2
40499,1,1,1992,0,0,0,0,0,0,0,0,0,0
40499,2,1,1992,18,0,0,0,0,0,0,0,0,0
40500,0,1,1992,0,0,0,0,0,0,0,0,0,0
40500,1,1,1992,0,0,24,0,0,0,0,0,0,0
40501,1,1,1992,0,0,0,0,0,0,0,0,0,0
40501,2,1,1992,0,0,0,0,0,0,0,0,0,0
40501,3,1,1992,0,0,0,0,0,0,0,0,0,0
40502,0,1,1992,0,0,0,0,0,0,0,0,0,0
40502,1,1,1992,7,7,7,7,7,7,7,7,7,7
40503,1,1,1992,0,0,0,0,0,0,0,0,0,0
40504,1,1,1992,0,24,0,0,0,0,0,0,0,12
40505,1,1,1992,1,1,1,1,1,1,1,1,1,1
40506,0,1,1992,0,0,0,0,0,0,0,0,0,0
40506,1,1,1992,0,0,0,0,0,0,0,0,0,0
40507,1,1,1992,11,21,28,28,27,28,39,14,27,36
40508,1,1,1992,0,0,0,0,0,0,0,0,0,0
40508,2,1,1992,0,0,0,0,0,10,0,0,0,0
40510,1,1,1992,0,0,0,0,0,0,0,0,0,0
40511,1,1,1992,0,0,0,0,0,0,0,0,0,0
40511,2,1,1992,0,0,0,0,0,0,0,0,0,0
40511,3,1,1992,0,0,0,0,1,0,0,0,0,0
40512,0,1,1992,21,26,4,28,28,9,24,27,10,17
40512,0,2,1992,15,0,19,8,5,17,38,6,13,20
40512,0,3,1992,0,0,0,0,0,0,0,0,0,0
40512,1,1,1992,0,0,0,0,0,0,0,0,0,0
40513,1,1,1992,0,0,0,0,0,0,0,0,0,0
40513,2,1,1992,0,0,0,20,0,0,0,0,0,0
40514,1,1,1992,21,21,21,21,21,21,21,21,21,21
40515,1,1,1992,0,0,0,0,0,0,0,0,0,0
40515,2,1,1992,0,0,10,13,0,5,11,0,16,0
40516,1,1,1992,0,0,0,5,0,0,0,0,0,0
40516,2,1,1992,0,0,0,0,0,0,0,0,0,0
40517,1,1,1992,29,19,25,36,32,31,12,21,19,0
40518,0,1,1992,0,0,0,0,0,0,0,0,0,0
40518,1,1,1992,0,0,0,0,0,0,0,0,0,0
40519,1,1,1992,0,0,0,0,0,0,0,0,0,0
40519,2,1,1992,28,28,28,28,28,28,28,28,28,28
40520,1,1,1992,14,14,14,14,14,14,14,14,14,14
40521,1,1,1992,18,0,9,0,11,0,5,0,0,15
40521,2,1,1992,1,1,1,1,1,1,1,1,1,1
40522,1,1,1992,0,0,0,0,0,0,0,0,0,0
40523,0,1,1992,0,0,0,0,0,0,0,0,0,0
40523,1,1,1992,0,0,0,6,0,24,9,0,0,22
40524,1,1,1992,0,0,0,0,0,0,0,0,0,0
40524,2,1,1992,0,0,0,0,0,0,0,0,0,0
40525,0,1,1992,30,30,30,30,30,30,30,30,30,30
40525,1,1,1992,0,0,0,0,0,0,0,0,0,0
40526,1,1,1992,13,20,14,8,11,24,23,0,21,15
40526,2,1,1992,0,0,0,0,0,0,0,0,0,0
40526,3,1,1992,0,0,0,0,0,0,0,0,0,0
40527,1,1,1992,0,0,0,0,0,9,0,0,0,0
40528,1,1,1992,0,0,0,0,0,0,0,0,0,0
40529,1,1,1992,0,0,6,0,0,0,0,0,0,0
40529,2,1,1992,0,0,0,0,0,0,0,0,0,0
40530,1,1,1992,0,20,0,0,0,0,0,15,0,0
40530,2,1,1992,0,0,12,0,0,0,24,21,0,0
40531,0,1,1992,12,0,0,7,0,33,0,0,0,31
40531,1,1,1992,0,0,0,0,0,0,0,9,0,0
40532,0,1,1992,25,25,25,25,25,25,25,25,25,25
40532,1,1,1992,0,0,12,0,0,0,10,0,0,0
40533,1,1,1992,18,7,16,28,28,17,24,19,15,0
40534,1,1,1992,0,0,0,0,0,0,0,0,0,0
40534,2,1,1992,0,0,0,0,0,0,0,0,0,0
40534,3,1,1992,0,0,0,0,0,0,0,0,0,0
40535,1,1,1992,0,0,0,0,0,0,0,0,0,0
40535,2,1,1992,0,0,17,0,0,0,0,0,0,0
40536,0,1,1992,0,0,0,0,0,0,0,0,0,0
40536,1,1,1992,17,9,14,13,13,15,8,17,15,8
40537,1,1,1992,17,6,9,16,10,18,18,18,4,9
40537,2,1,1992,0,0,0,0,0,0,0,0,0,0
40538,1,1,1992,0,0,0,9,0,0,0,0,0,0
40539,1,1,1992,37,37,37,37,37,37,37,37,37,37
40539,2,1,1992,0,0,0,0,0,0,0,0,0,0
40539,3,1,1992,0,0,0,0,0,0,0,0,8,0
40540,1,1,1992,0,0,0,0,0,0,0,0,0,0
40541,1,1,1992,19,19,19,19,19,19,19,19,19,19
40541,2,1,1992,0,0,0,0,0,0,0,0,0,0
40542,1,1,1992,23,23,23,23,23,23,23,23,23,23
40543,1,1,1992,0,0,0,0,0,0,0,0,3,0
40544,1,1,1992,0,0,0,0,0,0,0,0,0,0
40545,1,1,1992,0,0,0,0,16,2,0,0,0,0
40546,1,1,1992,0,0,0,0,0,0,0,0,0,0
40546,2,1,1992,0,0,35,0,0,0,0,5,0,0
40547,0,1,1992,32,32,32,32,32,32,32,32,32,32
40547,1,1,1992,26,6,16,7,13,19,6,21,22,28
40548,0,1,1992,13,13,13,13,13,13,13,13,13,13
40548,1,1,1992,0,0,0,0,0,0,0,0,0,0
40549,1,1,1992,0,21,14,16,21,10,20,13,13,15
40549,2,1,1992,15,0,0,0,0,0,0,0,0,0
40550,1,1,1992,36,16,13,18,12,10,19,18,7,8
40550,2,1,1992,0,0,0,0,0,0,0,0,0,0
40551,1,1,1992,24,24,24,24,24,24,24,24,24,24
40552,1,1,1992,0,0,0,0,0,0,0,0,0,0
40553,0,1,1992,0,0,0,0,0,0,0,0,0,0
40553,1,1,1992,0,0,0,0,0,0,31,0,0,0
40555,1,1,1992,0,0,0,0,0,11,0,0,0,0
40556,1,1,1992,0,0,0,0,0,0,0,13,0,0
40557,1,1,1992,0,16,0,11,0,19,0,5,6,23
40557,2,1,1992,0,0,0,0,0,0,0,0,0,0
40557,3,1,1992,0,0,0,0,0,0,0,0,0,0
40558,1,1,1992,0,0,0,0,0,0,0,0,0,0
40559,1,1,1992,16,16,16,16,16,16,16,16,16,16
40559,2,1,1992,18,18,18,18,18,18,18,18,18,18
40560,1,1,1992,0,0,0,0,0,0,9,8,0,19
40561,1,1,1992,22,22,22,22,22,22,22,22,22,22
40561,2,1,1992,0,0,0,0,0,0,0,0,0,0
40561,3,1,1992,0,0,0,0,0,0,0,0,0,0
40562,1,1,1992,28,28,28,28,28,28,28,28,28,28
40563,0,1,1992,0,0,0,0,0,0,0,0,0,0
40563,1,1,1992,0,0,0,0,0,0,0,0,0,0
40564,1,1,1992,0,0,0,0,0,0,0,0,0,0
40564,2,1,1992,0,0,0,0,0,0,0,0,0,0
40565,1,1,1992,0,0,0,0,0,0,0,0,0,0
40565,2,1,1992,22,22,22,22,22,22,22,22,22,22
40566,1,1,1992,25,25,25,25,25,25,25,25,25,25
40567,1,1,1992,0,0,0,13,0,7,0,0,0,0
40568,1,1,1992,9,13,10,27,12,8,15,7,20,22
40569,1,1,1992,22,29,18,11,21,22,12,33,22,8
40570,1,1,1992,0,0,0,0,0,0,0,0,0,0
40570,2,1,1992,0,0,0,0,0,0,0,0,0,0
40571,1,1,1992,0,0,0,0,0,0,0,17,25,0
40572,1,1,1992,0,0,0,0,0,0,0,0,0,0
40572,2,1,1992,0,0,0,0,0,0,0,0,0,0
40573,1,1,1992,26,16,5,7,6,25,30,22,9,0
40573,2,1,1992,0,0,0,0,0,0,0,0,0,0
40574,0,1,1992,0,0,0,0,0,0,0,0,0,0
40574,1,1,1992,0,0,0,0,0,0,0,0,16,0
40575,1,1,1992,23,16,21,24,20,29,32,21,13,9
40576,1,1,1992,15,0,0,0,0,18,0,0,26,6
40577,1,1,1992,19,19,19,19,19,19,19,19,19,19
40578,1,1,1992,0,0,0,0,0,0,0,0,0,0
40579,0,1,1992,0,0,0,0,0,0,0,0,0,0
40579,1,1,1992,0,0,0,0,0,0,0,0,0,0
40580,1,1,1992,34,34,34,34,34,34,34,34,34,34
40581,0,1,1992,15,15,15,15,15,15,15,15,15,15
40581,1,1,1992,6,6,6,6,6,6,6,6,6,6
40582,0,1,1992,0,0,16,0,0,22,0,0,0,0
40582,1,1,1992,0,0,0,0,0,0,0,0,0,0
40583,1,1,1992,0,0,0,0,0,0,0,0,0,0
40583,2,1,1992,0,0,0,0,0,0,0,0,0,0
40584,1,1,1992,0,0,0,0,0,0,0,0,0,0
40584,2,1,1992,0,0,0,0,0,0,9,0,0,0
40585,1,1,1992,30,30,30,30,30,30,30,30,30,30
40585,2,1,1992,0,0,0,0,0,0,0,0,0,0
40586,1,1,1992,0,0,0,0,0,0,0,0,0,0
40586,2,1,1992,0,0,0,17,0,0,0,0,0,0
40587,1,1,1992,14,15,0,0,0,0,0,26,0,0
40587,2,1,1992,0,0,0,0,0,0,0,0,0,0
40588,1,1,1992,0,0,0,0,0,0,0,0,0,0
40588,2,1,1992,17,17,17,17,17,17,17,17,17,17
40589,0,1,1992,0,0,0,0,0,0,0,0,0,0
40589,1,1,1992,0,0,0,0,0,13,0,0,0,0
40590,1,1,1992,25,25,25,25,25,25,25,25,25,25
40591,0,1,1992,0,0,0,0,0,0,0,0,0,0
40591,0,2,1992,16,0,13,16,30,10,11,15,15,0
40591,1,1,1992,27,25,23,3,16,19,0,12,3,10
40592,1,1,1992,14,14,14,14,14,14,14,14,14,14
40592,2,1,1992,0,0,0,0,0,10,0,0,0,0
40593,1,1,1992,25,25,25,25,25,25,25,25,25,25
40594,1,1,1992,0,0,4,0,0,0,0,0,0,0
40594,2,1,1992,4,15,19,4,11,22,24,15,8,11
40595,1,1,1992,0,19,0,0,0,0,0,0,0,0
40595,2,1,1992,0,0,0,0,0,0,0,10,0,0
40596,1,1,1992,0,0,5,0,23,0,9,0,0,0
40597,1,1,1992,0,0,0,0,0,0,0,0,0,0
40597,2,1,1992,0,0,0,0,0,0,0,0,0,0
40598,0,1,1992,15,18,27,20,17,23,28,28,25,32
40598,1,1,1992,0,0,0,0,0,0,0,0,0,0
40599,1,1,1992,0,0,0,0,0,0,0,0,0,0
40599,2,1,1992,0,0,0,0,0,0,0,0,0,0
40599,3,1,1992,0,0,0,0,0,0,0,0,0,0
40600,0,1,1992,0,0,0,0,0,0,0,0,0,0
40600,1,1,1992,0,0,0,0,0,0,0,0,0,0
40601,1,1,1992,25,25,25,25,25,25,25,25,25,25
40601,2,1,1992,0,0,0,0,0,0,0,0,0,0
40602,1,1,1992,14,14,14,14,14,14,14,14,14,14
40602,2,1,1992,0,0,0,0,0,0,0,0,0,0
40603,0,1,1992,0,0,0,0,0,0,0,0,0,0
40603,1,1,1992,0,0,0,0,0,0,0,0,0,0
40604,1,1,1992,13,10,0,0,7,3,22,0,19,0
40605,1,1,1992,22,20,9,24,13,4,0,23,14,28
40606,0,1,1992,0,0,0,0,0,0,0,0,0,0
40606,1,1,1992,0,0,0,0,0,0,0,0,0,0
40607,1,1,1992,0,0,0,0,0,0,0,0,0,0
40607,2,1,1992,0,0,0,0,0,0,0,0,0,0
40608,0,1,1992,0,0,0,0,0,0,0,0,0,0
40608,1,1,1992,0,0,0,0,0,0,0,0,0,0
40609,1,1,1992,0,0,0,0,0,0,0,0,0,0
40609,2,1,1992,0,0,0,0,0,0,0,0,0,0
40610,1,1,1992,0,0,11,0,25,0,0,0,0,0
40611,1,1,1992,23,23,23,23,23,23,23,23,23,23
40612,1,1,1992,0,0,0,0,0,0,0,0,0,0
40613,1,1,1992,10,10,10,10,10,10,10,10,10,10
40614,1,1,1992,0,0,0,12,0,0,0,0,0,0
40615,1,1,1992,0,0,0,0,0,0,0,0,0,0
40616,1,1,1992,23,23,23,23,23,23,23,23,23,23
40617,0,1,1992,0,0,0,0,0,0,0,0,0,0
40617,1,1,1992,0,0,0,0,0,0,0,0,0,0
40618,1,1,1992,0,0,0,0,0,0,0,0,0,0
40618,2,1,1992,0,0,0,0,0,0,0,0,0,0
40619,1,1,1992,0,0,0,0,0,0,0,0,0,0
40619,2,1,1992,0,0,0,0,0,0,0,0,0,0
40620,1,1,1992,0,0,0,0,0,0,0,0,0,0
40620,2,1,1992,0,0,0,0,0,0,0,0,0,0
40621,1,1,1992,13,14,0,0,7,0,13,0,0,0
40622,1,1,1992,0,0,0,10,0,11,0,0,0,0
40622,2,1,1992,0,0,23,0,0,0,0,6,0,13
40623,1,1,1992,13,13,13,13,13,13,13,13,13,13
40624,0,1,1992,0,0,0,0,0,0,0,0,0,0
40624,1,1,1992,0,0,0,0,0,0,0,0,0,0
40625,0,1,1992,21,21,21,21,21,21,21,21,21,21
40625,1,1,1992,0,0,0,0,0,0,0,0,0,0
40626,1,1,1992,0,0,0,0,0,0,0,0,0,0
40626,2,1,1992,25,16,18,19,7,11,7,12,21,22
40627,1,1,1992,12,12,12,12,12,12,12,12,12,12
40627,2,1,1992,0,0,0,0,0,0,0,0,17,0
40628,1,1,1992,0,0,0,25,0,0,0,12,0,0
40629,1,1,1992,0,0,0,0,10,0,0,0,0,0
40629,2,1,1992,0,0,0,0,0,0,0,0,0,0
40629,3,1,1992,0,0,0,0,0,0,0,0,0,0
40629,4,1,1992,0,0,9,8,0,0,0,0,0,0
40630,1,1,1992,0,0,0,0,0,0,0,0,0,0
40630,2,1,1992,0,0,0,0,0,0,0,0,0,0
40630,3,1,1992,0,0,0,0,0,0,0,0,0,0
40631,1,1,1992,0,0,0,0,0,0,0,0,0,0
40631,2,1,1992,0,0,0,0,0,0,0,0,0,0
40631,3,1,1992,20,20,20,20,20,20,20,20,20,20
40633,0,1,1992,5,5,5,5,5,5,5,5,5,5
40633,1,1,1992,12,12,12,12,12,12,12,12,12,12
40633,2,1,1992,0,0,0,0,0,0,0,0,0,0
40634,1,1,1992,0,0,0,0,0,0,0,0,0,0
40634,2,1,1992,0,0,0,0,0,0,0,0,0,0
40635,1,1,1992,0,0,0,0,0,0,0,0,0,0
40635,2,1,1992,19,0,0,0,0,0,0,0,0,0
40636,1,1,1992,0,0,0,17,16,0,0,0,0,0
40636,2,1,1992,0,0,0,0,0,0,0,0,0,0
40637,1,1,1992,0,28,0,0,0,0,0,0,0,0
40637,2,1,1992,0,0,0,0,0,0,0,0,0,0
40638,1,1,1992,0,0,0,0,0,0,4,0,0,0
40638,2,1,1992,0,0,0,0,0,0,0,0,0,0
40639,0,1,1992,27,20,0,20,18,15,0,29,22,29
40639,1,1,1992,0,0,0,0,0,0,22,19,10,0
40640,1,1,1992,0,0,0,0,0,0,0,0,0,0
40641,1,1,1992,17,11,6,9,14,17,8,12,0,10
40641,2,1,1992,0,0,0,0,0,0,0,0,0,0
40642,0,1,1992,0,0,0,0,0,0,0,0,0,0
40642,1,1,1992,0,0,0,0,0,0,0,0,0,0
40643,0,1,1992,0,0,13,0,0,0,0,0,0,6
40643,1,1,1992,0,0,0,0,16,0,0,0,0,0
40644,0,1,1992,24,0,0,0,22,0,0,0,0,0
40644,1,1,1992,0,0,0,0,7,0,0,0,0,0
40645,1,1,1992,0,0,0,0,0,0,0,0,0,0
40645,2,1,1992,0,0,0,0,0,0,0,0,0,0
40645,3,1,1992,0,0,0,0,0,0,0,0,0,0
40645,4,1,1992,0,0,0,0,0,0,0,0,0,0
40646,0,1,1992,3,0,0,0,0,0,9,0,0,0
40646,1,1,1992,0,29,0,0,0,0,0,0,0,0
40647,1,1,1992,0,0,0,0,0,0,0,0,0,0
40647,2,1,1992,0,0,0,0,0,0,0,0,0,0
40648,1,1,1992,0,0,0,0,0,0,0,0,0,0
40648,2,1,1992,0,0,0,0,0,0,0,0,0,0
40649,0,1,1992,46,28,5,0,0,35,16,10,15,13
40649,1,1,1992,0,0,0,0,0,0,0,0,0,0
40650,1,1,1992,6,0,0,0,0,0,0,0,0,0
40651,1,1,1992,33,26,19,25,24,0,0,20,18,0
40652,0,1,1992,25,17,17,24,19,26,41,22,35,31
40652,1,1,1992,0,0,0,0,0,0,0,0,0,0
40653,0,1,1992,12,12,12,12,12,12,12,12,12,12
40653,1,1,1992,12,0,0,0,0,0,0,0,0,0
40654,1,1,1992,0,0,0,0,22,0,0,0,0,0
40655,1,1,1992,0,0,0,0,0,0,0,0,0,0
40655,2,1,1992,0,0,0,0,0,0,0,0,0,0
40655,3,1,1992,0,0,0,0,0,0,0,0,0,0
40655,4,1,1992,0,0,0,0,0,0,0,0,0,0
40656,1,1,1992,0,32,0,35,14,8,0,16,0,25
40657,1,1,1992,0,0,0,0,0,0,0,0,0,0
40657,2,1,1992,12,0,0,0,0,0,0,10,0,14
40657,3,1,1992,0,0,0,6,0,0,0,0,0,0
40658,1,1,1992,6,14,12,25,21,24,31,16,9,28
40659,1,1,1992,0,0,0,0,0,0,0,0,0,15
40659,2,1,1992,0,0,0,0,0,0,0,0,0,0
40660,1,1,1992,0,0,0,0,0,0,0,0,0,0
40660,2,1,1992,26,26,26,26,26,26,26,26,26,26
40661,1,1,1992,12,12,12,12,12,12,12,12,12,12
40663,1,1,1992,0,0,0,17,0,0,0,0,0,0
40663,2,1,1992,0,0,0,0,0,0,0,0,0,0
40664,1,1,1992,6,0,20,11,30,0,20,0,0,26
40665,1,1,1992,0,0,0,0,0,0,0,0,0,0
40665,2,1,1992,0,0,0,0,0,0,0,0,0,0
40666,1,1,1992,0,0,0,0,0,0,0,0,20,0
40666,2,1,1992,0,0,0,0,0,0,0,0,0,0
40667,1,1,1992,0,0,0,0,0,0,0,0,0,0
40668,0,1,1992,22,22,22,22,22,22,22,22,22,22
40668,1,1,1992,0,0,14,0,0,0,0,0,0,0
40669,0,1,1992,8,0,0,0,22,0,0,0,0,0
40669,1,1,1992,0,0,0,0,0,0,0,0,0,0
40670,1,1,1992,0,0,0,0,0,0,0,0,0,0
40671,0,1,1992,17,17,17,17,17,17,17,17,17,17
40671,1,1,1992,0,0,0,0,0,0,0,0,0,0
40672,1,1,1992,0,18,21,16,10,17,0,14,22,11
40673,1,1,1992,0,0,0,16,12,0,0,35,9,0
40674,1,1,1992,0,0,0,0,0,0,0,0,0,0
40675,0,1,1992,0,0,0,0,0,0,0,0,0,0
40675,1,1,1992,0,0,0,10,0,0,12,0,0,0
40676,1,1,1992,20,20,20,20,20,20,20,20,20,20
40676,2,1,1992,0,0,0,0,0,0,0,0,0,0
40677,1,1,1992,0,0,0,0,0,0,0,0,0,0
40677,2,1,1992,0,0,0,0,0,0,0,0,0,30
40678,0,1,1992,20,20,20,20,20,20,20,20,20,20
40678,1,1,1992,0,0,0,0,0,0,0,0,0,0
40679,0,1,1992,25,25,25,25,25,25,25,25,25,25
40679,1,1,1992,15,0,0,0,0,0,0,0,0,0
40680,1,1,1992,2,2,2,2,2,2,2,2,2,2
40680,2,1,1992,0,0,0,0,0,0,0,0,0,0
40680,3,1,1992,0,0,0,0,0,0,0,0,0,0
40681,1,1,1992,2,2,2,2,2,2,2,2,2,2
40682,0,1,1992,0,0,0,0,0,0,0,0,0,0
40682,1,1,1992,7,13,14,7,19,15,24,16,15,9
40683,1,1,1992,0,0,0,0,0,0,0,0,0,0
40683,2,1,1992,0,0,0,0,0,0,0,0,0,0
40684,0,1,1992,24,24,24,24,24,24,24,24,24,24
40684,1,1,1992,0,0,0,0,0,0,0,0,0,0
40685,1,1,1992,0,0,0,0,0,0,0,0,0,0
40685,2,1,1992,0,0,0,0,0,0,0,0,0,0
40686,1,1,1992,0,0,0,0,0,0,0,0,0,0
40687,1,1,1992,15,0,0,14,26,18,0,18,0,0
40687,2,1,1992,0,0,0,0,0,0,0,0,0,0
40687,3,1,1992,0,0,0,0,0,0,0,0,0,0
40687,4,1,1992,0,0,0,0,0,0,0,0,0,0
40687,5,1,1992,0,0,0,0,0,0,0,0,0,0
40687,6,1,1992,0,0,0,0,0,0,0,0,0,0
40687,7,1,1992,0,0,0,0,0,0,0,0,0,0
40687,8,1,1992,0,0,0,0,0,0,0,0,13,0
40687,9,1,1992,0,0,0,0,11,9,0,0,0,0
40689,1,1,1992,16,0,0,0,0,9,0,0,0,12
40690,1,1,1992,22,19,9,20,16,29,20,10,28,36
40691,0,1,1992,0,20,0,0,0,0,5,0,11,10
40691,1,1,1992,0,0,0,0,0,0,0,0,6,0
40692,1,1,1992,0,0,20,14,0,0,0,0,0,0
40693,1,1,1992,29,29,29,29,29,29,29,29,29,29
40700,1,1,1992,4,10,15,6,20,0,6,0,0,14
40702,1,1,1992,16,4,10,16,13,14,15,0,14,16
40703,1,1,1992,0,0,0,0,0,0,0,16,12,0
40705,0,1,1992,32,32,32,32,32,32,32,32,32,32
40705,1,1,1992,11,0,0,7,0,0,0,0,0,0
40706,1,1,1992,8,0,6,7,8,0,0,14,8,20
40707,1,1,1992,26,13,6,4,35,8,20,21,27,5
40708,1,1,1992,32,17,0,23,7,19,7,10,27,7
40709,1,1,1992,0,0,0,0,0,0,0,0,0,0
40709,2,1,1992,0,0,0,0,0,0,0,0,0,0
40710,1,1,1992,0,0,0,0,0,0,0,0,0,0
40711,0,1,1992,19,15,0,0,20,0,0,0,0,30
40712,0,1,1992,30,20,19,27,0,18,0,0,7,8
40712,1,1,1992,0,0,0,0,0,0,0,0,0,0
40713,1,1,1992,0,0,0,0,0,0,8,0,0,0
40714,1,1,1992,0,0,0,0,0,0,0,0,0,0
40714,2,1,1992,0,6,0,0,0,0,0,0,0,0
40716,1,3,1992,14,10,0,0,0,0,0,17,14,0
40717,1,1,1992,0,0,0,0,0,0,0,0,0,0
40717,2,1,1992,0,24,0,0,0,0,0,0,0,0
40718,1,1,1992,8,0,26,11,17,0,29,20,5,20
40719,1,1,1992,13,0,14,0,6,0,33,0,0,16