ST_CASE,VEH_NO,PER_NO,YEAR,P1,P2,P3,P4,P5,P6,P7,P8,P9,P10
40719,2,1,1992,0,0,0,0,0,0,0,0,0,0
40720,0,1,1992,35,35,35,35,35,35,35,35,35,35
40720,1,1,1992,17,0,0,10,0,12,0,0,0,13
40721,1,1,1992,13,13,13,13,13,13,13,13,13,13
40722,1,1,1992,0,0,0,0,0,0,0,0,0,0
40722,2,1,1992,0,0,0,0,0,0,0,0,0,0
40723,1,1,1992,26,15,6,2,20,8,22,20,15,32
40724,1,1,1992,19,25,24,0,8,0,36,35,12,20
40725,1,1,1992,7,17,22,10,36,27,19,30,25,25
40726,1,1,1992,13,12,0,10,12,9,0,17,3,8
40726,2,1,1992,0,0,0,0,0,0,0,0,0,0
40727,1,1,1992,0,0,0,0,9,0,0,15,0,27
40727,2,1,1992,10,4,0,0,10,0,0,3,0,0
40728,1,1,1992,5,6,51,34,23,19,15,16,24,15
40729,0,1,1992,0,0,0,0,0,0,0,0,0,0
40729,1,1,1992,0,0,0,0,0,0,0,0,0,0
40730,1,1,1992,15,22,14,14,17,37,27,21,14,0
40730,2,1,1992,0,0,0,0,18,0,0,22,0,10
40731,0,1,1992,0,0,0,0,0,0,0,0,0,0
40731,1,1,1992,18,18,4,0,0,7,7,0,11,5
40732,0,1,1992,19,17,24,19,44,14,0,8,19,0
40732,1,1,1992,0,6,0,0,18,0,15,15,4,23
50001,1,1,1992,0,0,0,0,0,0,0,0,0,0
50001,2,1,1992,22,22,22,22,22,22,22,22,22,22
50002,1,1,1992,0,0,0,0,0,0,0,0,0,0
50003,1,1,1992,0,0,0,0,0,0,0,0,0,0
50003,2,1,1992,0,0,0,0,0,0,0,0,0,0
50003,3,1,1992,0,0,0,0,0,0,0,0,0,0
50004,1,1,1992,0,0,0,0,0,0,0,0,0,0
50005,1,1,1992,18,18,18,18,18,18,18,18,18,18
50006,1,1,1992,8,8,8,8,8,8,8,8,8,8
50007,1,1,1992,0,0,0,0,0,0,0,0,0,0
50007,2,1,1992,0,0,0,0,0,0,0,0,0,0
50008,1,1,1992,11,11,11,11,11,11,11,11,11,11
50008,2,1,1992,27,27,27,27,27,27,27,27,27,27
50008,3,1,1992,0,0,0,0,0,0,0,0,0,0
50008,4,1,1992,0,0,0,0,0,0,0,0,0,0
50010,1,1,1992,0,0,0,0,0,0,0,0,0,0
50010,2,1,1992,0,0,0,0,0,0,0,0,0,0
50011,1,1,1992,14,9,14,15,24,26,21,11,24,21
50012,1,1,1992,0,0,0,0,0,0,0,0,0,0
50012,2,1,1992,0,0,0,0,0,0,0,0,0,0
50013,1,1,1992,9,9,9,9,9,9,9,9,9,9
50014,0,1,1992,9,9,9,9,9,9,9,9,9,9
50014,1,1,1992,13,13,13,13,13,13,13,13,13,13
50014,2,1,1992,0,0,0,0,0,0,0,0,0,0
50015,1,1,1992,0,0,0,0,0,0,0,0,0,0
50015,2,1,1992,0,0,0,0,0,0,0,0,13,0
50016,1,1,1992,16,16,16,16,16,16,16,16,16,16
50017,1,1,1992,0,0,0,0,0,0,0,0,0,0
50018,1,1,1992,0,0,0,0,0,0,0,0,0,0
50019,1,1,1992,0,0,0,0,0,0,0,0,0,0
50020,1,1,1992,0,0,0,0,0,0,0,0,0,0
50020,2,1,1992,0,0,0,0,0,0,0,0,0,0
50020,3,1,1992,0,0,0,0,0,0,0,0,0,0
50020,4,1,1992,0,0,0,0,0,0,0,0,0,0
50021,0,1,1992,0,0,0,0,0,0,0,0,0,0
50021,0,2,1992,15,15,15,15,15,15,15,15,15,15
50021,1,1,1992,14,14,14,14,14,14,14,14,14,14
50022,1,1,1992,0,0,0,0,0,0,0,0,0,0
50023,1,1,1992,0,0,0,0,0,0,0,0,0,0
50024,1,1,1992,15,15,15,15,15,15,15,15,15,15
50025,1,1,1992,14,0,0,0,32,0,0,0,0,0
50026,1,1,1992,0,0,0,0,0,0,0,0,0,0
50027,1,1,1992,26,14,29,19,11,12,15,18,18,13
50028,1,1,1992,19,19,19,19,19,19,19,19,19,19
50029,1,1,1992,21,21,21,21,21,21,21,21,21,21
50030,1,1,1992,27,27,27,27,27,27,27,27,27,27
50031,0,1,1992,29,29,29,29,29,29,29,29,29,29
50031,1,1,1992,0,0,0,0,0,0,0,0,0,0
50032,1,1,1992,9,9,9,9,9,9,9,9,9,9
50033,1,1,1992,12,12,12,12,12,12,12,12,12,12
50034,1,1,1992,8,8,8,8,8,8,8,8,8,8
50035,1,1,1992,0,0,0,0,0,0,0,0,0,0
50036,1,1,1992,4,4,4,4,4,4,4,4,4,4
50036,2,1,1992,0,0,0,0,0,0,0,0,0,0
50037,0,1,1992,21,21,21,21,21,21,21,21,21,21
50037,1,1,1992,0,0,0,0,0,0,0,0,0,0
50038,1,1,1992,28,38,34,35,19,0,40,22,35,42
50039,1,1,1992,27,27,27,27,27,27,27,27,27,27
50040,1,1,1992,0,0,0,0,0,0,0,0,0,0
50040,2,1,1992,4,4,4,4,4,4,4,4,4,4
50041,1,1,1992,16,16,16,16,16,16,16,16,16,16
50041,2,1,1992,0,0,0,0,0,0,0,0,0,0
50042,1,1,1992,0,0,0,0,0,0,0,0,0,0
50043,1,1,1992,0,0,0,0,0,0,0,0,0,0
50044,1,1,1992,0,0,0,0,0,0,0,0,0,0
50044,2,1,1992,0,0,0,0,0,0,0,0,0,0
50045,1,1,1992,16,16,16,16,16,16,16,16,16,16
50046,1,1,1992,0,0,0,0,0,0,0,0,0,0
50046,2,1,1992,0,0,0,0,0,0,0,0,0,0
50047,1,1,1992,11,11,11,11,11,11,11,11,11,11
50047,2,1,1992,12,12,12,12,12,12,12,12,12,12
50048,1,1,1992,15,15,15,15,15,15,15,15,15,15
50050,1,1,1992,10,20,26,0,16,27,7,13,9,12
50050,2,1,1992,13,16,19,30,0,11,24,0,10,16
50051,1,1,1992,31,15,26,14,19,5,16,7,19,24
50052,1,1,1992,0,0,0,0,0,0,0,0,0,0
50052,2,1,1992,0,0,0,0,0,0,0,0,0,0
50053,1,1,1992,25,18,18,41,32,22,25,0,28,6
50054,1,1,1992,0,0,0,0,0,0,0,0,0,0
50054,2,1,1992,0,0,0,0,0,0,0,0,0,0
50055,1,1,1992,0,0,0,0,0,0,0,0,0,0
50055,2,1,1992,0,0,0,0,0,0,0,0,0,0
50055,3,1,1992,0,0,0,0,0,0,0,0,0,0
50056,1,1,1992,0,0,0,0,0,0,0,0,0,0
50056,2,1,1992,0,0,0,0,0,21,0,0,0,0
50057,1,1,1992,21,21,21,21,21,21,21,21,21,21
50057,2,1,1992,0,0,0,0,0,0,0,0,0,0
50058,1,1,1992,22,22,22,22,22,22,22,22,22,22
50059,1,1,1992,6,12,8,5,23,0,0,0,14,10
50060,1,1,1992,0,0,0,16,0,0,11,0,0,0
50061,0,1,1992,31,31,31,31,31,31,31,31,31,31
50061,1,1,1992,0,0,0,0,0,0,0,0,0,0
50062,1,1,1992,4,13,4,9,20,0,3,24,5,6
50063,1,1,1992,0,0,0,0,0,0,0,0,0,0
50063,2,1,1992,0,0,0,0,0,0,0,0,0,0
50064,0,1,1992,0,0,0,0,0,0,0,0,0,0
50064,1,1,1992,0,0,0,0,0,0,0,0,0,0
50064,2,1,1992,0,0,0,0,0,0,0,0,0,0
50064,3,1,1992,0,0,0,0,0,0,0,0,0,0
50064,4,1,1992,0,0,0,0,0,0,0,0,0,0
50065,0,1,1992,18,18,18,18,18,18,18,18,18,18
50065,1,1,1992,0,0,0,0,0,0,0,0,0,0
50066,0,1,1992,7,7,7,7,7,7,7,7,7,7
50066,1,1,1992,0,0,0,0,0,0,0,0,0,0
50067,1,1,1992,0,10,0,0,0,0,0,0,0,0
50067,2,1,1992,0,0,0,0,22,0,0,0,0,0
50068,1,1,1992,0,0,0,0,0,0,0,0,0,0
50068,2,1,1992,0,0,0,0,0,0,0,0,0,0
50068,3,1,1992,0,0,0,0,0,0,0,0,0,0
50069,1,1,1992,20,20,20,20,20,20,20,20,20,20
50070,1,1,1992,9,9,9,9,9,9,9,9,9,9
50071,1,1,1992,0,0,0,0,0,0,0,0,0,0
50071,2,1,1992,0,0,0,0,14,0,0,0,0,0
50072,1,1,1992,0,0,0,18,0,0,0,0,0,0
50073,0,1,1992,13,13,13,13,13,13,13,13,13,13
50073,1,1,1992,0,0,0,0,0,0,0,0,0,0
50074,1,1,1992,11,11,11,11,11,11,11,11,11,11
50075,1,1,1992,14,14,14,14,14,14,14,14,14,14
50075,2,1,1992,0,0,0,0,0,0,0,0,0,0
50076,0,1,1992,0,0,0,0,0,0,0,0,0,0
50076,1,1,1992,4,4,4,4,4,4,4,4,4,4
50077,1,1,1992,0,0,0,0,0,0,0,0,0,0
50077,2,1,1992,8,8,8,8,8,8,8,8,8,8
50078,1,1,1992,3,3,3,3,3,3,3,3,3,3
50079,0,1,1992,0,26,20,15,13,20,38,18,20,24
50079,1,1,1992,0,0,0,0,0,0,0,0,0,0
50080,1,1,1992,0,0,0,0,0,0,0,0,0,0
50080,2,1,1992,0,0,0,0,0,0,0,0,0,0
50081,1,1,1992,0,0,0,0,0,0,0,0,0,0
50082,1,1,1992,3,3,3,3,3,3,3,3,3,3
50083,0,1,1992,15,15,15,15,15,15,15,15,15,15
50083,1,1,1992,0,0,0,0,0,0,0,0,0,0
50083,2,1,1992,0,0,0,0,0,0,0,0,0,0
50084,1,1,1992,0,0,0,0,0,0,0,0,0,0
50085,1,1,1992,15,15,15,15,15,15,15,15,15,15
50086,0,1,1992,0,0,17,0,0,0,0,0,0,0
50086,0,2,1992,13,0,0,0,12,0,0,9,0,16
50086,1,1,1992,8,0,35,0,16,6,3,0,0,10
50087,1,1,1992,0,0,0,0,0,0,0,0,0,0
50088,1,1,1992,0,0,0,0,0,0,0,0,0,0
50088,2,1,1992,32,25,15,10,20,25,0,11,0,29
50089,1,1,1992,0,0,0,0,0,0,0,0,0,0
50090,1,1,1992,0,0,0,0,0,0,0,0,0,0
50091,1,1,1992,0,0,0,0,0,0,0,0,0,0
50091,2,1,1992,0,0,0,0,0,0,0,0,0,0
50092,1,1,1992,15,15,15,15,15,15,15,15,15,15
50093,1,1,1992,16,16,16,16,16,16,16,16,16,16
50094,1,1,1992,0,0,0,0,0,0,0,0,0,0
50094,2,1,1992,14,8,16,24,3,11,12,15,22,7
50095,1,1,1992,20,20,20,20,20,20,20,20,20,20
50096,1,1,1992,0,0,0,0,0,0,0,0,0,0
50096,2,1,1992,0,0,0,0,0,0,0,0,0,0
50097,1,1,1992,0,0,0,0,0,0,0,0,0,0
50097,2,1,1992,0,0,0,0,0,0,0,0,0,0
50098,1,1,1992,13,13,13,13,13,13,13,13,13,13
50099,1,1,1992,24,20,14,38,20,27,10,17,21,21
50100,1,1,1992,0,0,0,0,0,0,0,0,0,0
50100,2,1,1992,0,0,0,0,0,0,0,0,0,0
50100,3,1,1992,0,0,0,0,0,0,0,0,0,0
50101,1,1,1992,0,0,0,0,0,0,0,0,0,0
50101,2,1,1992,11,11,11,11,11,11,11,11,11,11
50103,0,1,1992,0,0,0,30,0,0,0,0,0,0
50103,1,1,1992,0,0,0,0,0,10,0,0,0,0
50104,0,1,1992,0,0,0,0,0,0,0,0,0,0
50104,1,1,1992,0,0,0,0,20,0,15,0,0,0
50105,1,1,1992,0,0,0,0,0,0,0,0,0,0
50105,2,1,1992,0,0,0,0,0,0,0,0,0,0
50106,1,1,1992,8,8,8,8,8,8,8,8,8,8
50107,1,1,1992,0,0,0,0,0,0,0,0,0,0
50107,2,1,1992,0,0,0,0,0,0,0,0,0,0
50108,1,1,1992,0,0,0,0,0,0,0,0,0,0
50108,2,1,1992,0,0,0,0,0,0,0,0,0,0
50109,0,1,1992,24,17,13,13,21,11,22,0,15,19
50109,1,1,1992,0,0,0,0,0,0,0,0,0,0
50110,1,1,1992,18,18,18,18,18,18,18,18,18,18
50111,1,1,1992,16,16,16,16,16,16,16,16,16,16
50112,1,1,1992,7,12,15,17,18,14,5,13,28,13
50113,1,1,1992,0,0,0,0,0,0,0,0,0,0
50113,2,1,1992,0,0,0,0,0,0,0,0,0,0
50114,1,1,1992,0,0,0,0,0,0,0,0,0,0
50114,2,1,1992,2,2,2,2,2,2,2,2,2,2
50115,1,1,1992,25,15,11,6,16,7,5,0,0,4
50115,2,1,1992,0,0,0,0,0,0,0,0,0,0
50115,3,1,1992,0,0,0,0,0,0,0,0,0,0
50116,1,1,1992,0,0,0,0,0,0,20,17,0,0
50117,1,1,1992,0,0,0,0,0,0,0,0,0,0
50117,2,1,1992,0,0,0,0,0,0,0,0,0,0
50118,1,1,1992,0,0,0,0,0,0,0,0,0,0
50118,2,1,1992,0,0,0,0,0,0,0,0,0,0
50119,1,1,1992,0,0,0,0,0,0,0,0,0,0
50120,1,1,1992,16,16,16,16,16,16,16,16,16,16
50120,2,1,1992,0,0,0,0,0,0,0,0,0,24
50121,0,1,1992,0,0,0,0,0,19,0,17,0,0
50121,1,1,1992,0,0,0,13,0,0,0,0,0,0
50122,1,1,1992,22,22,22,22,22,22,22,22,22,22
50123,1,1,1992,0,0,0,0,0,0,0,0,0,0
50124,1,1,1992,0,0,0,0,0,0,0,0,5,0
50125,1,1,1992,9,9,9,9,9,9,9,9,9,9
50125,2,1,1992,0,0,0,0,0,0,0,0,0,0
50125,3,1,1992,0,0,0,0,0,0,0,0,0,0
50126,1,1,1992,0,0,0,0,0,0,0,0,0,0
50127,1,1,1992,0,0,0,0,0,0,0,0,0,0
50128,1,1,1992,0,0,0,0,0,0,0,0,0,0
50128,2,1,1992,0,0,0,0,0,0,0,0,0,0
50129,1,1,1992,0,0,0,0,0,0,0,0,0,0
50130,1,1,1992,0,0,0,0,0,0,0,0,0,0
50130,2,1,1992,0,0,0,0,0,0,0,0,0,0
50131,1,1,1992,0,0,0,0,0,0,0,0,0,0
50131,2,1,1992,0,0,0,0,0,0,13,0,0,0
50132,1,1,1992,14,14,14,14,14,14,14,14,14,14
50133,1,1,1992,0,0,0,0,0,0,0,0,0,0
50133,2,1,1992,0,0,0,0,0,0,0,0,0,0
50134,1,1,1992,14,16,15,29,11,25,29,14,17,25
50136,1,1,1992,10,10,10,10,10,10,10,10,10,10
50137,1,1,1992,0,0,0,0,0,0,0,0,0,0
50138,1,1,1992,12,12,12,12,12,12,12,12,12,12
50139,1,1,1992,13,25,0,0,0,0,30,0,9,0
50139,2,1,1992,0,0,0,0,0,0,0,0,0,0
50140,1,1,1992,0,0,0,0,0,0,8,0,0,0
50140,2,1,1992,0,0,0,0,0,0,0,0,0,0
50141,1,1,1992,0,0,0,0,0,0,0,0,0,0
50141,2,1,1992,0,0,0,0,0,0,0,0,0,0
50141,3,1,1992,0,0,0,0,0,0,0,0,0,0
50142,1,1,1992,5,18,13,14,17,9,15,7,19,12
50143,1,1,1992,12,30,32,23,0,30,25,24,29,23
50144,1,1,1992,15,0,18,18,16,10,4,13,0,11
50144,2,1,1992,12,12,12,12,12,12,12,12,12,12
50145,1,1,1992,0,0,0,0,0,0,0,0,0,0
50146,0,1,1992,0,0,0,0,0,0,0,0,0,0
50146,1,1,1992,0,0,0,0,0,0,0,0,0,0
50147,1,1,1992,0,0,0,0,0,0,0,0,0,0
50147,2,1,1992,13,13,13,13,13,13,13,13,13,13
50150,0,1,1992,0,0,0,0,0,0,0,0,0,0
50150,1,1,1992,0,0,0,0,0,0,0,0,0,0
50151,1,1,1992,0,0,0,0,0,0,0,0,18,0
50151,2,1,1992,21,21,21,21,21,21,21,21,21,21
50152,1,1,1992,6,6,6,6,6,6,6,6,6,6
50153,1,1,1992,17,17,17,17,17,17,17,17,17,17
50154,1,1,1992,8,8,8,8,8,8,8,8,8,8
50155,1,1,1992,0,0,0,0,0,0,0,0,0,0
50155,2,1,1992,0,0,0,0,0,0,0,0,0,0
50156,1,1,1992,0,0,0,0,0,0,0,0,0,0
50157,1,1,1992,0,0,0,0,0,0,0,0,0,0
50157,2,1,1992,0,0,0,0,0,0,0,0,0,0
50158,1,1,1992,0,0,0,0,0,0,0,0,0,0
50158,2,1,1992,0,0,0,0,0,0,0,0,0,0
50159,1,1,1992,0,0,0,0,0,0,0,0,0,0
50159,2,1,1992,0,0,0,0,0,0,0,0,0,0
50160,1,1,1992,0,0,0,0,0,0,0,0,0,12
50160,2,1,1992,0,0,0,0,0,0,0,0,0,0
50161,1,1,1992,7,0,0,26,38,27,14,22,0,25
50162,1,1,1992,0,0,0,0,0,0,0,0,0,0
50163,1,1,1992,0,0,0,0,0,0,0,0,0,0
50164,1,1,1992,0,0,0,0,0,0,0,0,0,0
50164,2,1,1992,0,0,0,0,0,0,0,0,0,0
50165,1,1,1992,16,16,16,16,16,16,16,16,16,16
50166,1,1,1992,0,0,0,0,0,0,0,0,0,0
50166,2,1,1992,0,0,0,0,0,0,0,0,0,0
50167,1,1,1992,0,0,0,0,0,0,0,0,0,0
50168,1,1,1992,0,0,0,0,0,0,0,0,0,0
50169,1,1,1992,0,0,0,0,5,0,0,0,0,0
50169,2,1,1992,0,0,0,0,0,0,0,0,0,0
50170,1,1,1992,0,0,0,0,0,0,0,0,0,0
50170,2,1,1992,0,0,0,0,0,0,0,0,0,0
50170,3,1,1992,0,0,0,0,0,0,10,0,0,0
50171,1,1,1992,0,0,0,0,0,0,0,0,0,0
50171,2,1,1992,0,0,0,0,0,0,0,0,0,0
50172,0,1,1992,0,0,0,0,0,0,0,0,0,0
50172,1,1,1992,0,0,0,0,0,0,0,0,0,0
50173,1,1,1992,11,11,11,11,11,11,11,11,11,11
50174,1,1,1992,0,0,0,0,0,0,0,0,0,0
50174,2,1,1992,0,0,0,0,0,0,0,0,0,0
50174,3,1,1992,0,0,0,0,0,0,0,0,0,0
50175,1,1,1992,22,0,28,0,0,0,22,0,0,0
50176,1,1,1992,4,0,3,21,15,0,14,8,0,14
50177,1,1,1992,0,0,0,0,0,0,0,0,0,0
50178,1,1,1992,0,0,0,0,24,0,0,0,0,0
50179,1,1,1992,0,0,0,0,0,0,0,0,0,29
50180,0,1,1992,0,16,0,0,24,0,7,31,0,0
50180,1,1,1992,9,9,9,9,9,9,9,9,9,9
50181,1,1,1992,12,0,0,0,0,0,15,3,0,0
50182,1,1,1992,0,0,0,0,0,0,0,0,0,0
50183,1,1,1992,17,0,7,12,8,0,9,16,31,0
50183,2,1,1992,10,25,38,26,7,20,37,27,16,21
50184,1,1,1992,9,9,9,9,9,9,9,9,9,9
50185,1,1,1992,0,0,0,27,13,0,0,0,20,0
50185,2,1,1992,6,6,6,6,6,6,6,6,6,6
50185,3,1,1992,0,0,0,0,0,0,0,0,0,0
50186,1,1,1992,0,0,0,0,0,0,0,0,0,0
50186,2,1,1992,30,30,30,30,30,30,30,30,30,30
50187,1,1,1992,0,0,0,0,0,0,0,0,0,0
50187,2,1,1992,4,4,4,4,4,4,4,4,4,4
50188,1,1,1992,0,0,0,0,0,0,0,0,0,0
50188,2,1,1992,10,10,10,10,10,10,10,10,10,10
50189,1,1,1992,0,0,0,0,0,0,0,0,0,0
50189,2,1,1992,24,24,24,24,24,24,24,24,24,24
50190,1,1,1992,15,15,15,15,15,15,15,15,15,15
50192,1,1,1992,0,0,0,0,0,0,0,0,0,0
50192,2,1,1992,0,0,0,0,0,0,0,0,0,0
50193,1,1,1992,13,19,0,0,9,0,0,0,15,13
50193,2,1,1992,0,0,0,0,0,0,0,0,0,0
50194,1,1,1992,9,9,9,9,9,9,9,9,9,9
50195,1,1,1992,0,0,0,0,0,0,0,0,0,0
50195,2,1,1992,0,0,0,0,0,0,0,0,0,0
50196,1,1,1992,14,14,14,14,14,14,14,14,14,14
50196,2,1,1992,0,0,0,0,0,0,0,0,0,0
50197,0,1,1992,0,0,0,0,0,0,0,0,0,0
50197,1,1,1992,0,0,0,0,0,0,0,10,0,12
50198,1,1,1992,23,23,23,23,23,23,23,23,23,23
50199,1,1,1992,0,0,0,0,0,0,0,0,0,0
50199,2,1,1992,0,0,0,0,0,0,0,0,0,0
50201,0,1,1992,0,0,0,29,0,0,22,0,0,11
50201,1,1,1992,0,0,0,0,10,0,0,0,0,0
50202,1,1,1992,0,0,0,0,0,0,0,0,0,0
50202,2,1,1992,0,0,0,0,0,0,0,0,0,0
50202,3,1,1992,0,0,0,0,0,0,0,0,0,0
50203,0,1,1992,0,0,0,0,0,0,0,0,0,0
50203,1,1,1992,0,0,0,0,0,0,0,0,0,0
50204,1,1,1992,16,13,15,15,13,12,3,16,9,20
50204,2,1,1992,0,0,0,0,0,0,21,6,14,0
50205,0,1,1992,18,18,18,18,18,18,18,18,18,18
50205,1,1,1992,0,0,15,0,0,0,0,0,0,0
50206,1,1,1992,0,0,0,0,0,0,0,0,0,0
50207,1,1,1992,14,14,14,14,14,14,14,14,14,14
50207,2,1,1992,0,0,0,0,0,0,0,0,0,0
50208,1,1,1992,0,0,0,0,0,0,0,0,0,0
50208,2,1,1992,0,0,0,0,0,0,0,0,0,0
50209,1,1,1992,0,0,0,0,0,0,0,0,0,0
50210,1,1,1992,1,1,1,1,1,1,1,1,1,1
50211,1,1,1992,0,0,0,0,0,0,0,0,0,0
50212,1,1,1992,26,26,26,26,26,26,26,26,26,26
50213,1,1,1992,0,0,0,0,0,0,0,0,0,0
50214,1,1,1992,0,0,0,0,0,0,0,0,0,0
50214,2,2,1992,0,0,0,0,0,0,0,0,0,0
50215,1,1,1992,16,16,16,16,16,16,16,16,16,16
50216,1,1,1992,14,0,0,6,0,14,0,0,5,20
50217,1,1,1992,0,0,0,0,0,0,0,0,0,0
50217,2,1,1992,0,0,0,0,0,0,0,0,0,0
50217,3,1,1992,0,0,0,0,0,0,0,0,0,0
50218,1,1,1992,0,0,0,0,0,0,0,0,0,0
50218,2,1,1992,0,0,0,0,0,0,0,0,0,0
50218,3,1,1992,0,0,0,0,0,0,0,0,0,0
50219,1,1,1992,6,6,6,6,6,6,6,6,6,6
50220,0,1,1992,0,0,0,0,8,0,0,0,0,0
50220,1,1,1992,0,0,0,0,0,0,0,0,0,0
50221,1,1,1992,13,13,13,13,13,13,13,13,13,13
50222,0,1,1992,0,0,0,0,0,0,0,0,0,0
50222,1,1,1992,0,0,0,0,0,0,0,0,0,0
50223,1,1,1992,0,0,0,0,0,0,0,0,0,0
50223,2,1,1992,0,0,0,0,0,0,0,0,0,0
50223,3,1,1992,0,0,0,0,0,0,0,0,0,0
50224,1,1,1992,0,0,0,0,0,0,0,0,0,0
50224,2,1,1992,0,0,0,0,0,0,0,0,0,0
50225,1,1,1992,0,22,14,32,22,9,7,22,0,15
50225,2,1,1992,0,0,0,0,0,0,0,0,0,0
50226,1,1,1992,0,0,0,17,0,0,0,0,0,0
50226,2,1,1992,0,0,0,0,0,0,0,0,0,0
50227,0,1,1992,7,7,7,7,7,7,7,7,7,7
50227,1,1,1992,0,0,0,0,0,0,0,0,0,0
50228,1,1,1992,0,0,0,0,0,0,0,0,0,0
50228,2,1,1992,0,0,0,0,0,0,0,0,0,0
50229,1,1,1992,0,0,0,0,0,0,0,0,0,0
50229,2,1,1992,0,0,0,0,0,0,0,0,0,0
50230,1,1,1992,12,12,12,12,12,12,12,12,12,12
50231,1,1,1992,0,0,0,0,0,0,0,0,0,0
50231,2,1,1992,0,0,0,0,0,0,0,0,0,0
50232,1,1,1992,0,0,0,0,10,0,0,0,0,0
50233,1,1,1992,0,0,15,11,21,38,0,10,20,10
50234,1,1,1992,10,10,10,10,10,10,10,10,10,10
50234,2,1,1992,15,15,15,15,15,15,15,15,15,15
50235,1,1,1992,0,0,0,0,0,0,0,0,0,0
50235,2,1,1992,0,0,0,0,0,0,0,0,0,0
50236,0,1,1992,0,0,0,0,0,0,0,0,0,0
50236,1,1,1992,0,0,0,0,0,0,0,0,0,0
50237,1,1,1992,0,0,0,0,0,0,0,0,0,0
50238,1,1,1992,18,18,18,18,18,18,18,18,18,18
50239,1,1,1992,0,0,0,0,0,0,0,0,0,0
50239,2,1,1992,0,0,0,0,0,0,0,0,0,0
50240,1,1,1992,17,17,17,17,17,17,17,17,17,17
50240,2,1,1992,0,0,0,0,0,0,0,0,0,0
50241,1,1,1992,0,0,0,0,0,0,0,0,0,0
50241,2,1,1992,0,0,0,0,0,0,0,0,0,0
50242,1,1,1992,0,0,0,0,0,0,0,12,0,0
50242,2,1,1992,0,0,0,0,0,0,0,0,0,0
50243,1,1,1992,0,0,0,0,0,0,0,0,0,0
50243,2,1,1992,9,9,9,9,9,9,9,9,9,9
50244,1,1,1992,21,21,21,21,21,21,21,21,21,21
50245,1,1,1992,16,8,33,10,15,20,15,12,33,14
50246,0,1,1992,16,16,16,16,16,16,16,16,16,16
50246,1,1,1992,0,0,0,0,0,0,0,0,0,0
50247,1,1,1992,18,25,19,24,19,25,17,30,21,25
50248,1,1,1992,0,0,0,0,0,0,0,0,0,0
50248,2,1,1992,0,0,0,0,0,0,0,0,0,0
50249,1,1,1992,0,0,0,0,0,0,0,0,0,0
50249,2,1,1992,0,0,0,0,0,0,0,0,0,0
50251,1,1,1992,0,0,0,0,0,0,0,0,0,0
50252,1,1,1992,0,0,0,0,0,0,0,0,0,0
50253,1,1,1992,19,0,0,0,22,11,0,0,20,0
50254,1,1,1992,0,0,0,0,0,13,0,0,0,0
50254,2,1,1992,0,0,0,7,0,0,0,13,15,0
50254,3,1,1992,0,0,0,0,0,0,0,0,17,0
50255,1,1,1992,0,0,0,0,0,0,0,0,0,0
50256,1,1,1992,0,0,0,0,0,0,0,0,0,0
50256,2,1,1992,0,0,0,0,0,0,0,0,0,0
50257,1,1,1992,0,0,0,0,0,0,0,0,0,0
50257,2,1,1992,0,0,0,0,0,0,0,0,0,0
50258,1,1,1992,10,10,10,10,10,10,10,10,10,10
50259,1,1,1992,0,0,0,0,0,0,0,0,0,0
50259,2,1,1992,13,13,13,13,13,13,13,13,13,13
50260,1,1,1992,0,0,0,0,0,0,0,0,0,0
50260,2,1,1992,0,0,0,0,0,0,0,0,0,0
50260,3,1,1992,0,0,0,0,0,0,0,0,0,0
50261,1,1,1992,0,0,0,0,0,0,0,0,0,0
50261,2,1,1992,9,0,0,0,0,0,0,0,0,0
50263,0,1,1992,0,0,0,0,0,0,0,0,0,0
50263,1,1,1992,0,0,0,0,0,4,0,0,7,0
50264,1,1,1992,0,0,0,0,0,0,0,0,0,0
50264,2,1,1992,16,27,0,25,0,13,0,0,0,0
50265,1,1,1992,7,7,7,7,7,7,7,7,7,7
50266,1,1,1992,0,0,0,0,0,0,0,0,0,0
50267,1,1,1992,0,0,0,0,0,0,0,0,0,0
50267,2,1,1992,0,0,0,0,0,0,0,0,0,0
50268,1,1,1992,22,22,22,22,22,22,22,22,22,22
50269,1,1,1992,0,0,0,0,0,0,0,0,0,0
50270,1,1,1992,15,15,15,15,15,15,15,15,15,15
50270,2,1,1992,0,0,0,0,0,0,0,0,0,0
50271,1,1,1992,27,27,27,27,27,27,27,27,27,27
50272,1,1,1992,7,11,13,17,2,3,13,28,1,9
50272,2,1,1992,11,12,0,0,13,9,0,0,24,0
50273,1,1,1992,0,0,0,0,0,0,0,0,0,0
50274,1,1,1992,16,16,16,16,16,16,16,16,16,16
50275,1,1,1992,15,21,30,14,35,17,0,23,16,7
50276,0,1,1992,2,2,2,2,2,2,2,2,2,2
50276,1,1,1992,0,0,0,0,0,0,0,0,0,0
50277,1,1,1992,0,8,0,10,0,11,24,0,0,0
50278,1,1,1992,21,0,0,22,0,0,0,0,0,0
50279,0,1,1992,0,25,0,0,0,0,0,0,0,0
50279,1,1,1992,0,0,0,0,0,0,0,0,0,0
50280,0,1,1992,9,0,0,0,0,0,0,0,0,0
50280,1,1,1992,0,0,0,0,0,0,0,0,0,0
50281,1,1,1992,0,0,0,0,0,0,0,0,0,0
50282,1,1,1992,0,0,0,0,0,0,0,0,0,0
50282,2,1,1992,0,0,0,0,23,12,0,0,0,0
50283,1,1,1992,0,0,0,0,0,0,0,0,0,0
50284,1,1,1992,0,0,0,0,0,0,0,0,0,0
50284,2,1,1992,0,0,0,0,0,0,0,0,0,0
50285,0,1,1992,10,0,0,0,0,0,0,0,0,0
50285,1,1,1992,12,12,12,12,12,12,12,12,12,12