ST_CASE,VEH_NO,PER_NO,YEAR,P1,P2,P3,P4,P5,P6,P7,P8,P9,P10
50286,1,1,1992,0,0,0,0,0,0,0,0,0,0
50286,2,1,1992,0,0,0,0,0,0,0,0,0,0
50287,1,1,1992,0,0,0,0,0,0,0,0,0,0
50287,2,1,1992,0,0,0,0,0,0,0,0,0,0
50289,1,1,1992,0,0,0,0,0,0,0,0,0,0
50289,2,1,1992,0,0,0,0,0,0,0,0,0,0
50290,1,1,1992,0,0,0,0,0,0,0,0,0,0
50290,2,1,1992,0,0,0,0,0,0,0,0,0,0
50291,1,1,1992,2,2,2,2,2,2,2,2,2,2
50291,2,1,1992,0,0,0,0,0,0,0,0,0,0
50292,1,1,1992,0,0,0,0,0,0,0,0,0,0
50293,1,1,1992,0,0,0,0,0,0,0,0,0,0
50293,2,1,1992,0,0,0,0,0,0,0,0,0,0
50294,0,1,1992,0,0,23,0,0,0,0,15,20,0
50294,1,1,1992,0,0,0,0,0,0,0,0,0,0
50295,0,1,1992,0,0,0,0,0,0,0,0,0,0
50295,1,1,1992,0,0,0,0,0,0,0,0,0,0
50296,1,1,1992,12,12,12,12,12,12,12,12,12,12
50297,0,1,1992,0,0,0,0,19,0,0,0,0,0
50297,1,1,1992,0,0,0,0,0,0,0,0,0,0
50298,1,1,1992,20,20,20,20,20,20,20,20,20,20
50299,1,1,1992,0,0,0,0,0,0,0,0,0,0
50299,2,1,1992,0,0,0,0,0,0,0,0,0,0
50300,1,1,1992,0,0,0,0,0,0,0,0,0,0
50300,2,1,1992,24,24,24,24,24,24,24,24,24,24
50301,1,1,1992,0,0,0,8,0,0,0,0,0,0
50302,1,1,1992,19,0,12,24,0,14,0,8,14,9
50303,1,1,1992,27,0,4,18,19,22,22,16,19,8
50303,2,1,1992,0,0,0,0,0,0,0,0,0,0
50304,1,1,1992,0,0,0,0,0,0,0,0,0,0
50304,2,1,1992,0,7,0,0,0,0,0,0,0,0
50305,1,1,1992,15,16,12,30,9,18,12,11,20,19
50306,1,1,1992,27,27,27,27,27,27,27,27,27,27
50307,1,1,1992,0,0,0,0,23,0,0,0,13,0
50308,1,1,1992,0,0,0,0,0,0,0,0,0,0
50309,1,1,1992,15,15,15,15,15,15,15,15,15,15
50310,1,1,1992,0,17,7,0,19,0,0,0,0,0
50310,2,1,1992,0,0,0,0,0,0,0,8,0,0
50311,1,1,1992,0,0,0,0,0,0,0,0,0,0
50311,2,1,1992,0,0,0,0,0,0,0,0,0,0
50312,1,1,1992,1,1,1,1,1,1,1,1,1,1
50312,2,1,1992,0,0,0,0,0,0,0,0,0,0
50313,1,1,1992,0,0,0,0,0,0,0,0,0,0
50314,0,1,1992,0,0,0,0,0,0,0,0,0,0
50314,1,1,1992,0,0,0,0,0,0,0,0,30,0
50315,1,1,1992,0,0,0,0,0,0,0,0,0,0
50315,2,1,1992,0,0,0,0,0,0,0,0,0,11
50316,1,1,1992,0,0,0,0,0,0,0,0,0,0
50316,2,1,1992,16,16,16,16,16,16,16,16,16,16
50317,1,1,1992,0,0,0,0,0,0,0,0,0,0
50317,2,1,1992,0,0,0,0,0,0,0,0,0,0
50318,1,1,1992,0,0,0,0,0,0,0,0,0,0
50318,2,1,1992,0,0,0,0,0,0,0,0,0,0
50319,1,1,1992,16,16,16,16,16,16,16,16,16,16
50320,1,1,1992,0,0,0,0,0,0,0,0,0,0
50321,1,1,1992,0,0,7,0,0,8,0,0,0,0
50322,1,1,1992,0,0,0,0,0,0,0,0,0,0
50322,2,1,1992,0,0,0,0,0,0,0,0,0,0
50323,1,1,1992,5,5,5,5,5,5,5,5,5,5
50324,1,1,1992,6,6,6,6,6,6,6,6,6,6
50325,1,1,1992,0,0,0,0,0,0,0,0,0,0
50325,2,1,1992,16,16,9,13,25,42,11,24,17,17
50326,0,1,1992,0,0,5,0,0,20,0,15,0,0
50326,0,2,1992,7,23,23,18,0,13,14,6,20,15
50326,0,3,1992,24,24,13,8,20,9,18,0,0,5
50326,1,1,1992,15,15,15,15,15,15,15,15,15,15
50327,1,1,1992,6,6,6,6,6,6,6,6,6,6
50328,1,1,1992,21,21,21,21,21,21,21,21,21,21
50329,0,1,1992,28,28,28,28,28,28,28,28,28,28
50329,1,1,1992,0,0,0,0,0,0,0,0,0,0
50330,1,1,1992,12,12,12,12,12,12,12,12,12,12
50331,0,1,1992,0,0,0,0,0,0,0,0,0,0
50331,1,1,1992,0,0,0,0,0,0,0,0,0,0
50332,1,1,1992,14,0,0,0,0,0,0,0,0,0
50332,2,1,1992,0,0,0,0,0,0,0,0,0,0
50333,1,1,1992,0,0,0,0,0,0,0,0,0,0
50334,1,1,1992,0,0,0,0,0,0,0,0,0,0
50334,2,1,1992,0,0,0,0,0,0,0,0,0,0
50335,1,1,1992,0,0,0,0,0,0,0,0,0,0
50335,2,1,1992,0,0,0,0,0,0,0,0,0,0
50336,1,1,1992,0,0,16,0,0,0,0,8,0,0
50337,1,1,1992,0,0,0,0,0,0,0,0,0,0
50338,1,1,1992,0,0,0,0,0,0,0,0,0,0
50338,2,1,1992,0,0,0,0,0,0,0,0,0,0
50338,3,1,1992,0,0,0,0,0,0,0,0,0,0
50339,0,1,1992,0,0,18,0,0,0,0,0,0,13
50339,1,1,1992,0,0,0,0,0,0,0,0,0,0
50340,1,1,1992,0,0,0,0,0,0,0,0,0,0
50341,1,1,1992,0,0,0,0,0,0,0,0,0,0
50341,2,1,1992,7,7,7,7,7,7,7,7,7,7
50342,0,1,1992,18,18,18,18,18,18,18,18,18,18
50342,1,1,1992,11,0,21,0,12,0,10,0,0,0
50343,1,1,1992,23,23,23,23,23,23,23,23,23,23
50344,1,1,1992,0,0,0,0,0,0,0,0,0,0
50344,2,1,1992,0,0,0,0,0,0,0,0,0,0
50345,1,1,1992,0,0,0,0,0,0,0,7,0,0
50345,2,1,1992,0,0,0,0,0,0,0,0,0,0
50346,1,1,1992,0,0,0,0,0,0,0,0,0,0
50346,2,1,1992,0,0,0,0,0,0,0,0,0,0
50347,1,1,1992,22,22,22,22,22,22,22,22,22,22
50348,1,1,1992,25,25,25,25,25,25,25,25,25,25
50349,1,1,1992,0,0,0,0,0,6,0,0,0,0
50349,2,1,1992,7,7,7,7,7,7,7,7,7,7
50350,0,1,1992,22,22,22,22,22,22,22,22,22,22
50350,1,1,1992,9,9,9,9,9,9,9,9,9,9
50351,1,1,1992,12,12,12,12,12,12,12,12,12,12
50352,1,1,1992,0,0,0,0,0,0,0,0,0,0
50352,2,1,1992,0,0,0,0,0,0,0,0,0,0
50353,1,1,1992,0,19,14,4,0,21,16,0,15,0
50354,1,1,1992,0,0,0,0,0,0,0,0,0,0
50354,2,1,1992,15,0,0,0,0,0,0,0,0,0
50355,1,1,1992,9,9,9,9,9,9,9,9,9,9
50355,2,1,1992,0,0,0,0,0,0,0,0,0,0
50356,1,1,1992,20,20,20,20,20,20,20,20,20,20
50357,1,1,1992,6,15,17,23,15,18,16,19,9,9
50358,1,1,1992,0,0,0,0,0,0,0,0,0,0
50359,1,1,1992,0,0,0,0,0,0,0,0,0,0
50359,2,1,1992,0,0,0,0,0,0,0,0,0,0
50360,1,1,1992,0,0,0,0,0,0,0,0,0,0
50360,2,1,1992,0,13,0,3,0,33,13,0,0,47
50361,1,1,1992,0,0,0,0,0,0,0,0,0,0
50361,2,1,1992,0,0,0,0,0,0,0,0,15,0
50362,1,1,1992,15,15,15,15,15,15,15,15,15,15
50363,1,1,1992,0,0,0,10,0,0,0,0,0,0
50363,2,1,1992,0,0,0,0,0,0,0,0,0,0
50364,1,1,1992,2,2,2,2,2,2,2,2,2,2
50364,2,1,1992,0,0,0,0,9,0,0,0,0,0
50365,1,1,1992,0,0,0,0,0,11,0,0,0,0
50366,1,1,1992,0,0,0,0,0,0,0,0,0,0
50366,2,1,1992,21,21,21,21,21,21,21,21,21,21
50367,1,1,1992,0,0,0,0,0,0,0,0,0,0
50368,1,1,1992,0,0,0,0,0,0,0,0,0,0
50368,2,1,1992,0,0,0,0,0,0,0,0,0,0
50369,1,1,1992,16,16,16,16,16,16,16,16,16,16
50370,1,1,1992,0,0,0,0,0,0,0,0,0,0
50370,2,1,1992,0,0,0,0,0,0,0,0,0,0
50371,1,1,1992,0,0,0,0,0,0,0,0,0,0
50371,2,1,1992,22,12,16,23,16,22,28,17,22,20
50371,3,1,1992,0,0,0,0,0,0,0,0,5,0
50372,0,1,1992,0,0,0,0,0,0,0,0,0,0
50372,1,1,1992,0,0,0,0,0,0,0,0,0,0
50373,0,1,1992,0,0,0,0,0,0,0,11,32,0
50373,1,1,1992,0,0,0,0,0,0,0,0,0,0
50374,1,1,1992,0,0,0,0,0,0,0,0,0,0
50374,2,1,1992,4,4,4,4,4,4,4,4,4,4
50375,1,1,1992,17,17,17,17,17,17,17,17,17,17
50376,1,1,1992,0,0,0,0,0,0,0,0,0,0
50377,1,1,1992,0,0,0,0,0,0,0,0,0,0
50377,2,1,1992,0,30,24,27,28,20,28,15,19,13
50378,1,1,1992,0,0,0,0,0,0,0,0,0,0
50379,1,1,1992,0,0,0,0,0,0,0,0,0,0
50379,2,1,1992,0,0,0,0,0,0,0,0,0,0
50380,1,1,1992,18,0,20,0,13,0,6,5,13,8
50381,1,1,1992,0,15,11,0,27,20,18,28,0,12
50381,2,1,1992,0,0,0,26,8,7,7,0,12,16
50382,1,1,1992,13,15,0,6,11,1,0,5,3,12
50382,2,1,1992,0,0,0,0,0,0,0,0,0,0
50383,1,1,1992,0,12,0,11,0,4,10,0,8,0
50384,1,1,1992,0,0,0,0,0,0,0,0,0,10
50385,1,1,1992,0,0,0,0,0,0,0,0,0,0
50385,2,1,1992,25,25,25,25,25,25,25,25,25,25
50387,1,1,1992,0,7,0,0,0,11,0,0,0,0
50388,1,1,1992,0,0,0,0,0,0,0,0,0,0
50388,2,1,1992,0,6,0,0,0,0,0,0,0,0
50389,0,1,1992,0,22,0,0,14,0,0,0,5,0
50389,0,2,1992,0,0,0,0,0,0,0,12,0,0
50389,1,1,1992,0,0,0,0,0,0,26,0,0,0
50390,1,1,1992,19,22,16,19,21,9,5,12,9,18
50391,1,1,1992,0,0,0,18,0,0,0,0,0,0
50392,1,1,1992,0,0,0,0,0,0,0,0,0,0
50392,2,1,1992,0,0,0,0,0,0,0,0,0,0
50392,3,1,1992,0,0,0,0,0,0,0,0,0,0
50393,1,1,1992,0,0,0,0,0,0,0,0,7,0
50393,2,1,1992,4,4,4,4,4,4,4,4,4,4
50394,1,1,1992,0,0,0,0,0,0,0,0,0,0
50395,1,1,1992,14,14,14,14,14,14,14,14,14,14
50396,1,1,1992,0,0,0,0,0,0,0,0,0,0
50397,1,1,1992,5,5,5,5,5,5,5,5,5,5
50397,2,1,1992,0,0,0,0,0,0,0,0,0,0
50398,1,1,1992,0,0,0,0,0,0,0,0,0,0
50398,2,1,1992,0,0,0,0,0,0,0,0,0,0
50398,3,1,1992,10,10,10,10,10,10,10,10,10,10
50399,1,1,1992,0,0,0,0,0,0,0,0,0,0
50399,2,1,1992,0,0,0,0,0,0,0,0,0,0
50400,1,1,1992,0,0,0,0,0,0,0,0,0,0
50400,2,1,1992,0,0,0,0,0,0,0,0,0,0
50401,1,1,1992,0,0,0,0,0,0,0,0,0,0
50401,2,1,1992,0,0,0,0,0,0,0,0,0,0
50402,1,1,1992,25,25,25,25,25,25,25,25,25,25
50403,1,1,1992,9,9,9,9,9,9,9,9,9,9
50404,1,1,1992,12,12,12,12,12,12,12,12,12,12
50405,1,1,1992,0,0,0,0,0,0,0,0,0,0
50405,2,1,1992,0,0,0,0,0,0,6,0,0,0
50406,1,1,1992,0,10,27,0,7,27,8,17,34,0
50406,2,1,1992,0,0,0,0,0,0,0,0,0,0
50406,3,1,1992,0,0,0,0,0,0,0,0,0,0
50407,1,1,1992,0,0,0,0,0,0,0,0,0,0
50407,2,1,1992,0,0,0,0,0,0,15,0,0,0
50407,3,1,1992,0,0,0,0,0,0,0,0,0,0
50408,1,1,1992,0,0,0,0,0,0,0,0,0,0
50408,2,1,1992,0,0,0,0,0,0,0,0,0,0
50409,1,1,1992,14,14,14,14,14,14,14,14,14,14
50410,0,1,1992,0,0,0,0,0,0,0,0,0,0
50410,1,1,1992,0,0,0,0,0,0,0,0,0,0
50411,1,1,1992,0,0,0,0,0,0,0,0,0,0
50412,1,1,1992,0,0,0,0,0,0,0,0,0,0
50413,1,1,1992,5,5,5,5,5,5,5,5,5,5
50414,1,1,1992,21,21,21,21,21,21,21,21,21,21
50415,1,1,1992,19,19,19,19,19,19,19,19,19,19
50416,1,1,1992,22,22,22,22,22,22,22,22,22,22
50417,1,1,1992,27,27,27,27,27,27,27,27,27,27
50418,1,1,1992,20,20,20,20,20,20,20,20,20,20
50418,2,1,1992,0,0,0,0,0,0,0,0,0,0
50419,1,1,1992,0,0,0,0,0,0,0,0,0,0
50419,2,1,1992,0,0,0,0,0,0,0,0,0,0
50420,1,1,1992,0,0,0,0,0,0,0,0,0,0
50420,2,1,1992,0,0,0,0,0,0,0,0,0,0
50420,3,1,1992,0,0,0,0,0,0,0,0,0,0
50421,1,1,1992,0,0,0,0,0,5,0,0,0,8
50421,2,1,1992,8,8,8,8,8,8,8,8,8,8
50422,1,1,1992,0,0,0,0,0,0,0,0,0,0
50423,1,1,1992,0,0,0,0,0,0,0,0,0,0
50423,2,1,1992,0,0,0,0,0,0,0,0,0,0
50424,1,1,1992,0,0,0,0,0,0,0,0,0,11
50425,1,1,1992,12,12,12,12,12,12,12,12,12,12
50426,1,1,1992,9,9,9,9,9,9,9,9,9,9
50427,1,1,1992,0,0,23,0,0,12,9,0,0,9
50429,1,1,1992,23,23,23,23,23,23,23,23,23,23
50430,1,1,1992,0,0,0,0,0,0,0,0,0,0
50430,2,1,1992,0,0,0,0,0,0,0,0,0,0
50431,1,1,1992,0,0,0,0,0,0,0,0,0,0
50431,2,1,1992,0,0,0,0,0,0,0,0,0,0
50432,1,1,1992,9,18,20,5,17,5,30,14,32,6
50433,1,1,1992,6,6,6,6,6,6,6,6,6,6
50434,1,1,1992,8,8,8,8,8,8,8,8,8,8
50434,2,1,1992,0,0,0,0,0,0,0,0,0,0
50435,0,1,1992,0,17,0,0,0,0,0,0,0,0
50435,1,1,1992,0,0,0,0,0,0,0,0,0,0
50436,1,1,1992,0,0,0,0,0,0,0,9,0,0
50437,1,1,1992,0,0,0,0,0,0,0,0,0,0
50437,2,1,1992,0,0,0,0,0,0,0,0,0,0
50438,1,1,1992,17,17,17,17,17,17,17,17,17,17
50439,1,1,1992,0,0,0,0,0,17,0,0,0,0
50439,2,1,1992,0,0,0,0,0,0,0,0,0,0
50439,3,1,1992,0,0,0,0,0,0,0,0,0,0
50440,0,1,1992,0,0,0,14,0,0,0,0,0,0
50440,1,1,1992,0,0,0,0,0,0,0,0,0,0
50441,0,1,1992,0,0,0,0,0,0,0,25,6,0
50441,1,1,1992,0,0,0,0,0,0,0,0,0,0
50442,1,1,1992,25,26,14,0,22,11,9,16,16,15
50442,2,1,1992,10,0,0,0,0,16,0,0,9,0
50443,1,1,1992,0,0,0,0,0,0,0,0,0,0
50443,2,1,1992,0,0,0,0,0,0,0,0,0,0
50444,1,1,1992,0,0,28,0,0,0,7,24,0,0
50445,1,1,1992,0,0,0,0,0,0,0,0,0,9
50445,2,1,1992,8,8,8,8,8,8,8,8,8,8
50446,1,1,1992,15,15,15,15,15,15,15,15,15,15
50447,1,1,1992,20,20,20,20,20,20,20,20,20,20
50448,1,1,1992,16,11,29,3,4,20,3,20,17,0
50448,2,1,1992,11,11,11,11,11,11,11,11,11,11
50449,1,1,1992,0,0,0,0,0,0,0,0,0,0
50449,2,1,1992,0,0,0,0,0,0,7,0,0,0
50450,1,1,1992,11,11,11,11,11,11,11,11,11,11
50451,1,1,1992,18,18,18,18,18,18,18,18,18,18
50452,1,1,1992,8,8,8,8,8,8,8,8,8,8
50453,1,1,1992,0,0,0,0,0,0,0,0,0,0
50454,1,1,1992,10,10,10,10,10,10,10,10,10,10
50455,1,1,1992,0,0,0,0,0,0,0,0,0,0
50456,1,1,1992,0,0,0,0,0,0,0,0,0,0
50456,2,1,1992,0,0,0,0,0,0,0,0,0,0
50456,3,1,1992,0,0,0,0,0,0,0,0,0,0
50458,1,1,1992,0,0,0,0,0,0,0,0,0,0
50458,2,1,1992,0,0,0,0,0,4,0,0,0,0
50459,1,1,1992,12,12,12,12,12,12,12,12,12,12
50459,2,1,1992,25,25,25,25,25,25,25,25,25,25
50460,1,1,1992,7,7,7,7,7,7,7,7,7,7
50461,1,1,1992,26,26,26,26,26,26,26,26,26,26
50462,1,1,1992,0,0,0,0,0,0,0,0,0,0
50463,1,1,1992,17,17,17,17,17,17,17,17,17,17
50464,0,1,1992,0,0,0,0,0,0,23,0,0,0
50464,1,1,1992,0,0,0,0,0,0,0,0,0,0
50465,0,1,1992,0,0,0,0,0,0,0,0,0,0
50465,1,1,1992,0,0,0,0,0,0,0,0,0,0
50466,0,1,1992,0,0,0,0,0,0,0,0,0,0
50466,1,1,1992,0,0,0,0,0,0,0,0,0,0
50467,1,1,1992,0,0,0,0,0,0,19,0,0,0
50467,2,1,1992,20,20,20,20,20,20,20,20,20,20
50468,1,1,1992,0,0,0,0,0,0,0,0,0,0
50468,2,1,1992,0,0,0,0,0,0,0,0,0,0
50469,1,1,1992,0,0,0,0,0,0,0,0,0,0
50469,2,1,1992,0,0,0,0,0,0,0,0,0,0
50470,1,1,1992,0,0,0,0,0,0,0,0,0,0
50470,2,1,1992,11,11,11,11,11,11,11,11,11,11
50471,1,1,1992,0,0,0,0,0,0,0,0,0,0
50472,0,1,1992,0,0,0,0,20,0,0,0,0,0
50472,1,1,1992,0,19,13,0,0,0,0,12,0,0
50473,1,1,1992,0,0,0,0,0,0,0,0,0,9
50473,2,1,1992,0,0,0,0,0,0,0,0,0,0
50473,3,1,1992,0,0,0,0,0,0,0,0,0,0
50474,1,1,1992,0,0,0,0,0,0,0,0,0,0
50474,2,1,1992,14,0,0,0,0,0,0,0,0,0
50475,1,1,1992,0,0,0,0,0,0,0,0,0,0
50475,2,1,1992,13,4,0,0,7,5,0,12,13,18
50476,1,1,1992,0,0,0,0,0,0,0,0,0,0
50476,2,1,1992,0,0,0,0,0,0,0,0,0,0
50477,1,1,1992,0,0,0,0,0,0,0,0,0,0
50478,1,1,1992,13,15,0,0,30,12,0,0,17,0
50479,0,1,1992,0,0,0,0,0,0,0,0,0,0
50479,1,1,1992,15,15,15,15,15,15,15,15,15,15
50480,1,1,1992,0,0,0,0,0,0,0,0,0,0
50480,2,1,1992,0,0,0,14,0,0,7,0,0,0
50480,3,1,1992,0,0,0,0,0,0,0,0,0,0
50481,1,1,1992,21,21,21,21,21,21,21,21,21,21
50482,1,1,1992,4,24,8,23,12,6,28,25,12,11
50482,2,1,1992,13,13,13,13,13,13,13,13,13,13
50483,1,1,1992,0,0,0,0,0,0,0,0,0,0
50484,1,1,1992,0,0,0,0,0,0,0,0,0,0
50484,2,1,1992,0,0,0,0,0,0,0,0,0,0
50485,1,1,1992,0,0,0,0,8,0,0,0,0,0
50486,0,1,1992,23,23,23,23,23,23,23,23,23,23
50486,1,1,1992,0,0,0,0,0,0,0,17,0,0
50487,1,1,1992,0,0,0,0,0,0,0,7,0,0
50487,2,1,1992,0,0,0,0,0,0,0,0,0,0
50488,1,1,1992,0,0,0,0,0,0,0,0,0,0
50488,2,1,1992,0,0,0,0,0,0,0,0,0,0
50489,1,1,1992,6,17,0,18,0,0,0,12,13,0
50489,2,1,1992,0,0,0,0,0,0,0,0,0,0
50490,0,1,1992,0,0,0,0,0,0,0,0,0,0
50490,1,1,1992,0,7,0,0,11,0,0,0,0,0
50491,1,1,1992,0,0,0,0,0,0,0,0,0,0
50492,1,1,1992,13,15,18,0,14,12,31,24,7,10
50493,0,1,1992,0,0,0,0,0,0,0,0,0,0
50493,1,1,1992,1,1,1,1,1,1,1,1,1,1
50494,1,1,1992,19,0,36,19,17,12,12,21,0,0
50495,1,1,1992,17,0,0,0,5,30,0,0,8,13
50495,2,1,1992,0,0,0,0,0,0,0,0,0,0
50496,1,1,1992,0,0,0,0,0,0,10,12,0,0
50496,2,1,1992,0,0,0,0,0,0,0,0,0,0
50497,1,1,1992,14,13,7,9,0,4,16,19,40,10
50498,1,1,1992,0,0,0,0,0,0,0,0,0,0
50499,1,1,1992,0,0,0,0,0,0,0,0,0,0
50499,2,1,1992,0,0,0,0,0,0,0,0,0,0
50500,0,1,1992,0,0,0,0,0,0,0,0,0,0
50500,1,1,1992,0,0,0,0,0,0,0,0,0,0
50501,1,1,1992,0,0,0,0,0,0,0,0,0,0
50502,1,1,1992,0,0,0,0,0,0,0,0,0,0
50502,2,1,1992,0,0,0,0,0,0,0,0,0,0
50503,1,1,1992,14,14,14,14,14,14,14,14,14,14
50503,2,1,1992,0,0,0,0,0,0,0,0,0,0
50504,0,1,1992,14,14,14,14,14,14,14,14,14,14
50504,1,1,1992,0,0,0,0,0,0,0,0,0,0
50505,1,1,1992,0,0,0,0,0,0,0,0,0,0
50505,2,1,1992,28,28,28,28,28,28,28,28,28,28
50506,1,1,1992,18,19,21,20,3,16,21,13,42,0
50506,2,1,1992,0,0,0,0,0,0,0,0,0,0
50507,1,1,1992,0,0,0,0,0,0,0,0,0,0
50507,2,1,1992,0,0,0,0,0,0,0,0,0,0
50508,1,1,1992,14,14,14,14,14,14,14,14,14,14
50509,0,1,1992,0,0,0,0,0,0,0,0,0,0
50509,1,1,1992,0,0,0,0,0,0,0,0,0,0
50510,1,1,1992,10,10,10,10,10,10,10,10,10,10
50511,1,1,1992,0,0,0,0,0,13,0,0,0,0
50512,1,1,1992,0,0,0,0,0,0,0,0,0,0
50512,2,1,1992,0,0,0,0,0,0,0,0,0,0
50513,1,1,1992,18,0,0,0,0,10,0,0,0,0
50514,0,1,1992,0,26,0,0,0,0,0,0,0,0
50514,1,1,1992,0,0,0,0,0,0,0,0,0,0
50515,1,1,1992,0,0,0,0,0,0,0,0,0,0
50515,2,1,1992,2,0,10,21,22,23,7,24,10,8
50516,1,1,1992,0,10,0,0,0,0,11,0,31,15
50517,1,1,1992,0,0,0,4,0,0,0,0,0,0
50518,1,1,1992,10,10,10,10,10,10,10,10,10,10
50519,1,1,1992,0,0,0,0,0,0,0,0,0,0
50520,1,1,1992,8,8,8,8,8,8,8,8,8,8
50521,1,1,1992,0,0,0,0,0,0,0,0,0,0
50521,2,1,1992,0,0,0,0,0,0,0,0,0,0
50523,1,1,1992,0,0,0,0,0,0,0,0,0,0
50523,2,1,1992,0,0,0,0,0,0,0,0,0,0
50524,1,1,1992,0,0,0,0,0,0,0,0,0,0
50524,2,1,1992,0,0,0,0,0,0,0,0,0,0
50524,3,1,1992,0,0,0,0,0,0,0,0,0,0
50524,4,1,1992,0,0,0,0,0,0,0,0,0,0
50524,5,1,1992,0,0,14,0,0,0,0,0,0,0
50524,6,1,1992,0,0,0,0,0,0,0,0,0,0
50524,7,1,1992,8,0,0,11,0,0,0,0,0,0
50524,8,1,1992,0,0,0,0,0,7,0,0,0,0
50524,9,1,1992,0,0,0,0,0,0,0,0,0,0
50524,10,1,1992,0,0,0,0,0,0,0,0,0,0
50525,1,1,1992,8,0,22,0,0,0,0,19,0,0
50526,1,1,1992,0,0,0,0,0,0,0,0,0,0
50526,2,1,1992,0,0,0,0,0,0,0,0,0,0
50526,3,1,1992,0,0,0,0,0,0,0,0,0,0
50527,0,1,1992,0,0,0,0,0,0,0,0,0,0
50527,1,1,1992,0,0,0,0,0,0,0,0,0,0
80001,1,1,1992,19,19,19,19,19,19,19,19,19,19
80002,1,1,1992,25,25,25,25,25,25,25,25,25,25
80002,2,1,1992,22,22,22,22,22,22,22,22,22,22
80003,1,1,1992,17,17,17,17,17,17,17,17,17,17
80004,1,1,1992,11,11,11,11,11,11,11,11,11,11
80004,2,1,1992,0,0,0,0,0,0,0,0,0,0
80005,1,1,1992,0,0,0,0,0,0,0,0,0,0
80006,1,1,1992,0,0,0,0,0,12,0,0,0,0
80006,2,1,1992,0,0,0,0,0,0,0,0,0,0
80006,3,1,1992,0,0,0,0,0,0,0,0,0,0
80007,1,1,1992,0,0,0,0,0,0,0,0,0,0
80007,2,1,1992,3,3,3,3,3,3,3,3,3,3
80008,1,1,1992,0,0,0,0,0,0,0,0,0,0
80009,1,1,1992,0,0,0,0,0,0,0,0,0,0
80009,2,1,1992,0,0,0,0,0,0,0,0,0,0
80010,1,1,1992,21,13,15,10,4,11,24,18,14,16
80011,1,1,1992,0,0,0,13,0,0,0,0,0,0
80011,2,1,1992,0,0,0,0,0,0,0,0,0,0
80012,1,1,1992,0,0,0,0,0,0,0,0,0,0
80013,1,1,1992,0,0,0,0,0,0,0,0,0,0
80014,1,1,1992,0,0,0,0,0,0,0,0,0,0
80014,2,1,1992,0,0,0,0,0,0,0,0,0,0
80015,1,1,1992,33,33,33,33,33,33,33,33,33,33
80016,0,1,1992,0,0,0,0,0,0,0,0,0,0
80016,1,1,1992,0,0,0,0,0,0,0,0,0,0
80017,1,1,1992,11,11,11,11,11,11,11,11,11,11
80017,2,1,1992,0,0,0,0,0,0,0,0,0,0
80018,1,1,1992,20,20,20,20,20,20,20,20,20,20
80018,2,1,1992,0,0,0,0,0,0,0,0,0,0
80019,1,1,1992,0,0,0,0,0,0,0,0,0,0
80019,2,1,1992,26,26,26,26,26,26,26,26,26,26
80020,1,1,1992,0,0,0,0,0,0,0,0,0,0
80020,2,1,1992,0,0,0,0,0,0,0,0,0,0
80021,0,1,1992,0,0,0,0,0,0,0,0,0,0
80021,1,1,1992,0,3,0,0,0,0,0,0,0,0
80022,1,1,1992,0,0,0,0,0,0,0,0,0,0
80022,2,1,1992,0,0,0,0,0,0,0,0,0,0
80023,0,1,1992,0,0,0,0,0,0,0,0,0,0
80023,1,1,1992,0,0,0,0,0,0,0,0,0,0
80024,1,1,1992,0,0,10,0,0,0,0,0,0,0
80024,2,1,1992,0,21,0,0,0,0,0,0,0,0
80024,3,1,1992,0,0,0,0,0,0,0,0,0,0
80025,1,1,1992,21,21,21,21,21,21,21,21,21,21
80026,1,1,1992,26,26,26,26,26,26,26,26,26,26
80027,1,1,1992,0,9,0,0,0,0,18,0,0,0
80027,2,1,1992,0,0,0,0,0,0,0,0,0,0
80028,1,1,1992,24,24,24,24,24,24,24,24,24,24
80028,2,1,1992,0,0,7,0,0,0,0,0,0,0
80029,0,1,1992,23,23,23,23,23,23,23,23,23,23
80029,1,1,1992,0,0,0,0,0,0,0,0,0,0
80030,1,1,1992,0,0,0,0,0,0,0,0,0,0
80031,1,1,1992,0,0,0,0,0,0,0,0,0,0
80031,2,1,1992,0,0,0,0,0,0,0,0,0,0
80032,1,1,1992,3,3,3,3,3,3,3,3,3,3
80033,1,1,1992,1,1,1,1,1,1,1,1,1,1
80033,2,1,1992,0,0,0,0,0,0,0,0,0,0
80033,3,1,1992,0,0,0,0,0,0,0,0,0,0
80034,1,1,1992,0,0,0,0,0,0,0,0,0,0
80035,0,1,1992,0,0,0,0,16,0,0,0,0,0
80035,1,1,1992,0,0,0,0,0,0,0,0,0,0
80036,1,1,1992,0,0,0,0,0,0,0,0,0,0
80036,2,1,1992,0,0,0,0,0,0,0,0,0,0
80037,0,1,1992,0,0,6,0,0,0,0,11,0,0
80037,1,1,1992,0,0,0,0,0,0,0,0,0,0
80038,1,1,1992,11,11,11,11,11,11,11,11,11,11
80039,1,1,1992,0,0,0,0,0,0,0,0,0,0
80040,1,1,1992,0,0,0,0,0,0,0,0,0,0
80040,2,1,1992,7,7,7,7,7,7,7,7,7,7
80041,0,1,1992,0,0,0,0,0,0,0,0,0,0
80041,1,1,1992,20,20,20,20,20,20,20,20,20,20
80042,1,1,1992,16,16,16,16,16,16,16,16,16,16
80042,2,1,1992,0,0,0,0,0,0,0,0,0,0
80044,1,1,1992,14,14,14,14,14,14,14,14,14,14
80045,1,1,1992,9,9,9,9,9,9,9,9,9,9
80045,2,1,1992,0,0,0,0,0,0,0,0,0,0
80046,1,1,1992,0,0,0,0,0,0,0,0,0,0
80047,1,1,1992,0,10,0,0,0,0,0,0,0,0
80048,1,1,1992,0,0,0,0,0,0,0,0,0,0
80048,2,1,1992,0,0,0,0,0,0,0,0,0,0