ST_CASE,VEH_NO,PER_NO,YEAR,P1,P2,P3,P4,P5,P6,P7,P8,P9,P10
80049,0,1,1992,0,0,0,8,0,0,24,0,0,11
80049,1,1,1992,0,0,0,0,0,0,0,0,0,0
80050,1,1,1992,27,27,27,27,27,27,27,27,27,27
80051,1,1,1992,0,0,0,0,0,0,0,0,0,12
80052,1,1,1992,27,27,27,27,27,27,27,27,27,27
80052,2,1,1992,0,0,0,0,0,0,0,0,0,0
80053,1,1,1992,23,23,23,23,23,23,23,23,23,23
80053,2,1,1992,0,0,0,0,0,0,0,0,0,0
80054,0,1,1992,0,0,0,0,0,0,0,0,0,0
80054,1,1,1992,0,0,4,11,0,4,0,0,0,0
80055,0,1,1992,17,17,17,17,17,17,17,17,17,17
80055,1,1,1992,17,0,0,0,6,0,17,17,0,0
80056,1,1,1992,0,0,0,0,0,0,0,0,0,0
80056,2,1,1992,0,0,0,0,0,0,0,0,0,0
80057,1,1,1992,13,13,13,13,13,13,13,13,13,13
80057,2,1,1992,7,7,7,7,7,7,7,7,7,7
80058,1,1,1992,18,18,18,18,18,18,18,18,18,18
80059,1,1,1992,32,32,32,32,32,32,32,32,32,32
80059,2,1,1992,7,7,7,7,7,7,7,7,7,7
80060,0,1,1992,0,0,0,0,0,0,0,0,0,0
80060,1,1,1992,0,0,0,0,0,0,0,0,0,0
80061,1,1,1992,29,29,29,29,29,29,29,29,29,29
80062,1,1,1992,16,16,16,16,16,16,16,16,16,16
80063,1,1,1992,8,8,8,8,8,8,8,8,8,8
80063,2,1,1992,0,0,0,0,0,0,0,0,0,0
80064,1,1,1992,0,0,0,0,0,0,0,9,19,15
80065,1,1,1992,30,30,30,30,30,30,30,30,30,30
80065,2,1,1992,0,0,0,0,0,0,0,0,0,0
80066,1,1,1992,25,25,25,25,25,25,25,25,25,25
80067,1,1,1992,13,13,13,13,13,13,13,13,13,13
80067,2,1,1992,0,0,0,0,0,0,0,0,0,0
80068,1,1,1992,0,0,0,0,0,0,0,0,0,0
80070,0,1,1992,4,4,4,4,4,4,4,4,4,4
80070,0,2,1992,3,3,3,3,3,3,3,3,3,3
80070,1,1,1992,0,0,0,0,0,0,0,0,0,0
80070,2,1,1992,0,0,0,0,0,0,0,0,0,0
80071,1,1,1992,4,4,4,4,4,4,4,4,4,4
80072,1,1,1992,8,8,8,8,8,8,8,8,8,8
80073,1,1,1992,0,0,0,0,0,0,0,0,0,0
80073,2,1,1992,0,0,0,0,0,0,0,0,0,0
80074,1,1,1992,18,18,18,18,18,18,18,18,18,18
80075,1,1,1992,0,0,0,0,0,0,0,0,0,0
80075,2,1,1992,0,0,0,0,0,0,0,0,0,0
80075,3,1,1992,0,0,0,14,0,0,0,0,0,0
80075,4,1,1992,0,0,0,0,12,0,0,0,0,0
80075,5,1,1992,0,0,0,0,0,0,0,0,0,0
80075,6,1,1992,0,8,0,0,20,0,0,0,0,22
80076,1,1,1992,18,8,11,23,18,14,0,14,10,16
80076,2,1,1992,1,1,1,1,1,1,1,1,1,1
80077,1,1,1992,0,0,0,0,0,0,0,0,0,0
80078,1,1,1992,0,0,0,0,0,0,0,0,0,0
80079,0,1,1992,0,0,0,0,0,0,0,0,0,0
80079,1,1,1992,0,0,0,0,0,0,0,0,0,0
80080,1,1,1992,0,0,0,0,11,0,0,0,0,0
80080,2,1,1992,0,0,0,0,0,0,0,0,0,0
80081,1,1,1992,0,0,0,0,0,0,0,0,0,0
80082,0,1,1992,0,0,0,0,0,0,0,0,0,0
80082,1,1,1992,0,0,0,0,0,0,0,0,0,0
80083,1,1,1992,0,0,0,0,0,0,0,0,0,0
80084,1,1,1992,0,0,0,0,0,0,0,0,0,0
80085,1,1,1992,0,0,0,0,0,0,0,0,0,0
80085,2,1,1992,0,0,0,0,0,0,0,0,0,0
80086,1,1,1992,0,0,0,0,0,0,0,0,0,0
80087,1,1,1992,29,29,29,29,29,29,29,29,29,29
80087,2,1,1992,0,0,0,0,0,0,0,0,0,0
80087,3,1,1992,13,13,13,13,13,13,13,13,13,13
80088,1,1,1992,9,9,9,9,9,9,9,9,9,9
80089,1,1,1992,24,24,24,24,24,24,24,24,24,24
80090,1,1,1992,14,14,14,14,14,14,14,14,14,14
80091,1,1,1992,0,0,0,0,0,0,0,0,0,0
80091,2,1,1992,0,0,0,0,0,0,0,0,0,0
80092,1,1,1992,0,0,0,0,0,0,0,0,0,0
80092,2,1,1992,3,3,3,3,3,3,3,3,3,3
80093,1,1,1992,16,16,16,16,16,16,16,16,16,16
80093,2,1,1992,11,11,11,11,11,11,11,11,11,11
80094,1,1,1992,23,23,23,23,23,23,23,23,23,23
80095,1,1,1992,3,3,3,3,3,3,3,3,3,3
80096,0,1,1992,0,0,0,0,0,0,0,0,0,0
80096,1,1,1992,0,0,0,0,0,0,0,0,0,0
80097,1,1,1992,0,0,0,0,0,0,0,0,0,0
80098,1,1,1992,0,0,0,0,0,0,0,0,0,0
80098,2,1,1992,0,0,0,0,0,0,0,0,0,0
80099,0,1,1992,29,29,29,29,29,29,29,29,29,29
80099,1,1,1992,0,0,0,0,0,0,41,0,0,0
80100,1,1,1992,0,0,0,0,0,0,0,0,0,0
80100,2,1,1992,0,0,0,0,0,0,0,0,0,0
80101,1,1,1992,5,5,5,5,5,5,5,5,5,5
80102,0,1,1992,0,0,0,0,0,0,0,0,0,19
80102,1,1,1992,0,0,0,0,0,0,0,0,17,0
80103,1,1,1992,23,23,23,23,23,23,23,23,23,23
80104,1,1,1992,4,4,4,4,4,4,4,4,4,4
80105,1,1,1992,0,0,0,0,0,0,0,0,0,0
80105,2,1,1992,0,0,0,0,0,0,0,0,0,0
80106,1,1,1992,0,0,0,0,0,0,0,0,0,0
80106,2,1,1992,0,0,0,0,0,0,0,0,0,0
80107,1,1,1992,0,0,0,0,0,0,0,0,0,0
80107,2,1,1992,0,0,0,0,0,0,0,0,0,0
80108,1,1,1992,0,0,0,0,0,0,0,0,0,0
80108,2,1,1992,0,0,0,0,0,14,0,0,0,0
80109,1,1,1992,9,9,9,9,9,9,9,9,9,9
80109,2,1,1992,5,0,6,0,0,0,0,0,0,0
80110,1,1,1992,15,15,15,15,15,15,15,15,15,15
80111,1,1,1992,12,23,0,28,13,0,0,0,0,0
80112,0,1,1992,32,32,32,32,32,32,32,32,32,32
80112,1,1,1992,0,0,0,0,0,0,0,0,0,0
80113,1,1,1992,32,32,32,32,32,32,32,32,32,32
80113,2,1,1992,5,5,5,5,5,5,5,5,5,5
80114,1,1,1992,18,18,18,18,18,18,18,18,18,18
80115,1,1,1992,12,12,12,12,12,12,12,12,12,12
80115,2,1,1992,0,0,0,0,0,0,0,15,0,0
80116,0,1,1992,28,28,28,28,28,28,28,28,28,28
80116,1,1,1992,2,2,2,2,2,2,2,2,2,2
80117,1,1,1992,32,32,32,32,32,32,32,32,32,32
80118,1,1,1992,0,20,0,0,0,0,0,0,0,0
80118,2,1,1992,0,0,0,0,0,13,0,8,0,0
80119,1,1,1992,0,0,0,0,0,0,0,0,0,0
80120,1,1,1992,0,0,0,0,0,0,0,0,0,0
80120,2,1,1992,0,0,0,0,0,0,0,0,0,0
80121,1,1,1992,16,16,16,16,16,16,16,16,16,16
80122,1,1,1992,11,11,11,11,11,11,11,11,11,11
80123,1,1,1992,17,17,17,17,17,17,17,17,17,17
80124,1,1,1992,5,5,5,5,5,5,5,5,5,5
80125,0,1,1992,28,28,28,28,28,28,28,28,28,28
80125,1,1,1992,0,26,23,0,0,0,0,0,0,0
80126,1,1,1992,3,3,3,3,3,3,3,3,3,3
80127,1,1,1992,0,0,0,0,0,0,0,0,0,0
80127,2,1,1992,0,0,0,0,0,0,0,0,0,0
80128,1,1,1992,0,0,0,0,0,0,0,0,0,0
80129,1,1,1992,23,23,23,23,23,23,23,23,23,23
80129,2,1,1992,0,0,0,0,0,0,0,0,0,0
80130,1,1,1992,27,27,27,27,27,27,27,27,27,27
80131,1,1,1992,0,0,0,0,0,0,0,0,0,0
80131,2,1,1992,0,0,0,0,0,0,0,0,0,0
80132,1,1,1992,21,21,21,21,21,21,21,21,21,21
80133,1,1,1992,0,0,0,0,0,0,0,0,0,0
80134,1,1,1992,0,0,0,0,0,0,0,0,0,0
80134,2,1,1992,0,0,0,0,0,0,0,0,0,0
80134,3,1,1992,0,0,0,0,0,0,0,0,0,0
80135,1,1,1992,0,0,0,0,0,0,0,0,0,0
80135,2,1,1992,0,14,0,0,0,0,0,0,0,0
80135,3,1,1992,0,5,0,0,0,0,25,0,0,0
80136,1,1,1992,0,0,0,0,0,0,0,0,0,0
80136,2,1,1992,0,0,0,0,0,0,0,0,0,0
80137,1,1,1992,16,16,16,16,16,16,16,16,16,16
80138,1,1,1992,6,6,6,6,6,6,6,6,6,6
80138,2,1,1992,0,0,0,0,0,0,0,0,0,0
80139,1,1,1992,0,0,0,0,0,0,0,0,0,0
80140,1,1,1992,26,26,26,26,26,26,26,26,26,26
80141,1,1,1992,0,0,0,0,0,0,0,0,0,0
80142,1,1,1992,34,34,34,34,34,34,34,34,34,34
80143,1,1,1992,9,9,9,9,9,9,9,9,9,9
80144,1,1,1992,4,0,10,0,0,0,0,19,9,9
80145,1,1,1992,27,27,27,27,27,27,27,27,27,27
80145,2,1,1992,0,0,0,0,0,0,0,0,0,0
80146,1,1,1992,17,17,17,17,17,17,17,17,17,17
80147,1,1,1992,0,0,0,0,8,0,0,0,0,0
80147,2,1,1992,0,0,0,0,0,0,0,0,0,0
80148,1,1,1992,0,0,0,0,0,0,0,0,0,0
80149,1,1,1992,0,0,0,0,0,0,0,0,0,0
80150,1,1,1992,0,0,0,0,0,0,0,0,0,0
80151,1,1,1992,0,0,0,0,0,0,0,0,0,0
80152,1,1,1992,0,0,0,0,0,0,0,0,0,0
80153,1,1,1992,23,23,23,23,23,23,23,23,23,23
80153,2,1,1992,0,0,0,0,0,0,0,0,0,0
80154,1,1,1992,24,24,24,24,24,24,24,24,24,24
80155,1,1,1992,19,19,19,19,19,19,19,19,19,19
80156,1,1,1992,11,11,11,11,11,11,11,11,11,11
80156,2,1,1992,12,12,12,12,12,12,12,12,12,12
80157,1,1,1992,34,34,34,34,34,34,34,34,34,34
80158,1,1,1992,0,0,0,0,0,0,0,0,0,0
80159,1,1,1992,21,21,21,21,21,21,21,21,21,21
80160,1,1,1992,0,0,0,0,0,0,0,0,0,0
80160,2,1,1992,0,0,0,0,0,0,0,0,0,0
80161,1,1,1992,0,0,0,0,0,0,0,0,0,0
80161,2,1,1992,0,0,0,0,0,0,0,0,0,0
80162,1,1,1992,0,0,0,0,0,0,0,0,0,0
80162,2,1,1992,29,29,29,29,29,29,29,29,29,29
80163,0,1,1992,0,0,0,0,0,0,0,0,0,0
80163,1,1,1992,0,0,11,0,0,0,0,0,0,0
80164,1,1,1992,1,1,1,1,1,1,1,1,1,1
80164,2,1,1992,11,0,8,0,0,0,0,0,0,14
80165,1,1,1992,35,35,35,35,35,35,35,35,35,35
80166,1,1,1992,0,0,0,0,0,0,0,0,0,0
80166,2,1,1992,0,0,0,0,0,0,0,0,0,0
80167,1,1,1992,0,0,0,0,0,0,0,0,0,0
80168,1,1,1992,8,8,8,8,8,8,8,8,8,8
80169,1,1,1992,0,0,0,0,0,0,0,0,0,0
80169,2,1,1992,0,0,0,0,0,0,0,0,0,0
80170,1,1,1992,0,0,0,0,0,0,0,21,0,0
80171,1,1,1992,17,17,17,17,17,17,17,17,17,17
80172,1,1,1992,0,0,0,0,0,0,0,0,0,0
80173,1,1,1992,6,6,6,6,6,6,6,6,6,6
80174,1,1,1992,0,0,0,0,8,0,0,0,0,16
80175,1,1,1992,10,10,10,10,10,10,10,10,10,10
80176,1,1,1992,16,16,16,16,16,16,16,16,16,16
80177,1,1,1992,5,5,5,5,5,5,5,5,5,5
80177,2,1,1992,0,0,0,0,0,0,0,0,0,0
80178,1,1,1992,0,0,0,0,0,0,0,0,0,0
80179,1,1,1992,14,14,14,14,14,14,14,14,14,14
80180,1,1,1992,25,25,25,25,25,25,25,25,25,25
80181,1,1,1992,17,17,17,17,17,17,17,17,17,17
80181,2,1,1992,0,0,0,0,0,0,0,0,0,0
80182,1,1,1992,0,0,0,0,0,0,0,0,0,0
80183,1,1,1992,6,6,6,6,6,6,6,6,6,6
80184,1,1,1992,9,9,9,9,9,9,9,9,9,9
80185,0,1,1992,0,0,0,0,0,0,0,0,0,0
80185,1,1,1992,0,0,0,0,0,0,0,0,0,0
80186,1,1,1992,0,0,0,0,0,0,0,0,18,0
80186,2,1,1992,0,0,0,0,0,0,0,0,0,0
80187,1,1,1992,9,18,9,7,4,0,0,0,7,12
80188,1,1,1992,12,12,12,12,12,12,12,12,12,12
80189,1,1,1992,0,0,0,0,0,0,0,0,0,0
80190,0,1,1992,0,0,0,0,0,0,0,0,0,0
80190,1,1,1992,0,0,0,0,0,0,0,0,0,0
80191,1,1,1992,9,9,9,9,9,9,9,9,9,9
80192,1,1,1992,0,0,0,0,0,0,0,0,0,0
80193,0,1,1992,0,0,0,0,0,0,0,0,0,0
80193,1,1,1992,0,0,0,0,0,0,0,0,0,0
80194,1,1,1992,24,24,24,24,24,24,24,24,24,24
80195,1,1,1992,0,0,0,0,0,0,0,0,0,0
80196,1,1,1992,17,17,17,17,17,17,17,17,17,17
80197,1,1,1992,0,0,0,0,0,0,0,0,0,0
80197,2,1,1992,0,0,0,0,0,0,0,0,0,0
80198,1,1,1992,14,14,14,14,14,14,14,14,14,14
80199,1,1,1992,14,14,14,14,14,14,14,14,14,14
80200,1,1,1992,0,0,0,0,0,0,0,0,0,0
80201,1,1,1992,25,25,25,25,25,25,25,25,25,25
80202,1,1,1992,18,18,18,18,18,18,18,18,18,18
80202,2,1,1992,0,0,0,0,0,0,0,0,0,0
80203,1,1,1992,0,0,0,0,0,0,0,0,0,0
80203,2,1,1992,0,0,0,0,0,0,0,0,0,0
80204,1,1,1992,0,0,0,0,0,0,0,0,0,0
80204,2,1,1992,0,0,0,0,0,0,0,0,0,0
80204,3,1,1992,0,0,0,0,0,0,0,0,0,0
80205,0,1,1992,0,0,0,0,0,0,0,0,0,0
80205,1,1,1992,11,15,35,14,16,11,13,7,32,32
80206,0,1,1992,0,0,0,0,0,0,0,0,0,0
80206,1,1,1992,22,22,22,22,22,22,22,22,22,22
80207,1,1,1992,0,0,0,0,0,0,0,0,0,0
80208,1,1,1992,11,11,11,11,11,11,11,11,11,11
80208,2,1,1992,9,19,15,0,2,0,22,8,13,0
80209,1,1,1992,30,0,25,25,26,31,29,10,29,11
80210,1,1,1992,8,8,8,8,8,8,8,8,8,8
80211,1,1,1992,39,39,39,39,39,39,39,39,39,39
80212,1,1,1992,15,17,0,20,0,0,30,29,26,13
80213,1,1,1992,0,0,0,0,0,0,0,0,0,0
80214,1,1,1992,0,0,0,0,0,0,0,0,0,0
80214,2,1,1992,0,0,0,0,0,0,0,0,0,0
80215,0,1,1992,0,0,0,0,0,0,0,0,0,0
80215,1,1,1992,0,0,0,0,0,0,0,0,0,0
80216,0,1,1992,0,0,0,0,0,0,0,0,0,0
80216,1,1,1992,0,0,0,0,0,0,0,0,0,0
80217,0,1,1992,24,24,24,24,24,24,24,24,24,24
80217,1,1,1992,20,20,20,20,20,20,20,20,20,20
80218,0,1,1992,0,0,0,0,0,0,0,0,0,0
80218,1,1,1992,0,0,0,0,0,0,0,0,0,0
80219,1,1,1992,0,0,0,0,0,0,0,0,0,0
80219,2,1,1992,0,0,0,6,0,0,0,0,0,0
80219,3,1,1992,0,0,0,0,0,0,0,0,0,0
80220,1,1,1992,17,17,17,17,17,17,17,17,17,17
80221,1,1,1992,8,8,8,8,8,8,8,8,8,8
80222,1,1,1992,13,13,13,13,13,13,13,13,13,13
80223,1,1,1992,0,0,0,0,0,0,0,0,0,0
80224,1,1,1992,0,0,0,0,0,0,0,0,0,0
80224,2,1,1992,0,0,0,0,0,0,0,0,0,0
80224,3,1,1992,0,0,0,0,0,0,0,0,0,0
80225,1,1,1992,0,0,0,0,0,0,0,0,0,0
80225,2,1,1992,0,0,0,0,0,0,0,0,0,0
80226,1,1,1992,0,0,0,0,0,0,0,0,0,0
80227,1,1,1992,27,27,27,27,27,27,27,27,27,27
80228,1,1,1992,9,9,9,9,9,9,9,9,9,9
80228,2,1,1992,0,0,0,0,0,0,0,0,0,0
80229,1,1,1992,12,12,12,12,12,12,12,12,12,12
80230,1,1,1992,7,7,7,7,7,7,7,7,7,7
80231,0,1,1992,14,14,14,14,14,14,14,14,14,14
80231,1,1,1992,0,0,0,0,0,0,0,0,0,0
80232,1,1,1992,12,12,12,12,12,12,12,12,12,12
80232,2,1,1992,0,0,0,0,0,0,0,0,0,0
80233,1,1,1992,0,0,0,0,0,0,0,0,0,0
80234,1,1,1992,0,0,0,0,0,0,0,0,0,0
80235,0,4,1992,0,5,8,20,5,4,0,0,21,6
80235,1,1,1992,0,0,0,0,0,5,0,0,0,0
80236,0,1,1992,0,0,0,0,0,0,0,0,0,0
80236,1,1,1992,0,11,0,0,0,0,0,0,10,0
80237,1,1,1992,0,0,0,0,0,0,0,0,0,0
80237,2,1,1992,0,0,0,0,0,0,0,0,0,0
80238,1,1,1992,0,0,0,0,0,0,0,0,0,0
80239,1,1,1992,33,33,33,33,33,33,33,33,33,33
80240,1,1,1992,19,19,19,19,19,19,19,19,19,19
80241,1,1,1992,18,18,18,18,18,18,18,18,18,18
80242,1,1,1992,0,0,0,0,0,0,0,0,0,0
80242,2,1,1992,0,0,20,17,0,0,3,0,4,28
80242,3,1,1992,5,14,19,14,7,12,12,7,9,0
80243,1,1,1992,0,0,0,0,0,0,0,0,0,0
80243,2,1,1992,0,0,0,0,0,0,0,0,0,0
80244,1,1,1992,17,20,9,0,27,21,22,32,18,13
80245,1,1,1992,0,0,0,0,0,0,0,0,0,0
80246,1,1,1992,17,17,17,17,17,17,17,17,17,17
80248,1,1,1992,0,0,0,0,0,0,0,0,0,0
80248,2,1,1992,0,0,0,0,0,0,0,0,0,0
80248,3,1,1992,0,0,0,18,0,18,0,0,0,0
80249,1,1,1992,0,0,0,0,0,0,0,0,0,0
80249,2,1,1992,0,0,0,0,0,0,0,0,0,0
80250,1,1,1992,0,0,0,0,0,0,0,0,0,0
80250,2,1,1992,0,0,0,0,0,0,0,0,0,0
80251,0,1,1992,0,0,0,0,0,0,0,0,0,0
80251,1,1,1992,0,0,0,0,0,0,0,0,0,0
80252,1,1,1992,23,23,23,23,23,23,23,23,23,23
80252,2,1,1992,0,0,0,0,0,0,0,0,0,0
80253,1,1,1992,11,11,11,11,11,11,11,11,11,11
80254,1,1,1992,0,0,0,0,0,17,0,0,0,0
80254,2,1,1992,5,5,5,5,5,5,5,5,5,5
80255,1,1,1992,0,0,0,0,0,0,0,0,0,0
80255,2,1,1992,0,0,0,0,0,0,0,0,0,0
80255,3,1,1992,0,0,0,0,0,0,0,0,0,0
80256,1,1,1992,9,9,9,9,9,9,9,9,9,9
80257,1,1,1992,20,20,20,20,20,20,20,20,20,20
80258,0,1,1992,3,3,3,3,3,3,3,3,3,3
80258,1,1,1992,13,13,13,13,13,13,13,13,13,13
80259,1,1,1992,0,0,0,0,0,0,0,0,0,0
80259,2,1,1992,0,0,0,0,0,0,0,0,0,0
80260,1,1,1992,0,0,0,0,0,0,0,0,0,0
80260,2,1,1992,0,0,0,0,0,0,0,0,0,0
80261,0,1,1992,12,12,12,12,12,12,12,12,12,12
80261,1,1,1992,14,14,14,14,14,14,14,14,14,14
80262,1,1,1992,0,0,0,0,0,0,0,0,0,0
80263,1,1,1992,25,25,25,25,25,25,25,25,25,25
80264,1,1,1992,19,19,19,19,19,19,19,19,19,19
80264,2,1,1992,0,0,0,0,0,0,0,0,0,0
80265,1,1,1992,17,17,17,17,17,17,17,17,17,17
80265,2,1,1992,0,0,0,0,0,0,0,0,0,0
80266,1,1,1992,0,0,0,0,0,0,0,0,0,0
80267,1,1,1992,0,0,0,0,0,0,0,0,0,0
80267,2,1,1992,5,5,5,5,5,5,5,5,5,5
80268,1,1,1992,0,0,0,0,0,0,0,0,0,0
80268,2,1,1992,0,0,0,0,0,0,0,0,0,0
80268,3,1,1992,0,0,0,0,0,0,0,0,0,8
80269,0,1,1992,0,0,0,0,0,0,0,0,0,0
80269,1,1,1992,0,0,0,0,0,0,0,0,0,0
80270,1,1,1992,0,0,0,0,0,0,0,0,0,0
80270,2,1,1992,1,1,1,1,1,1,1,1,1,1
80271,1,1,1992,0,0,0,0,0,0,0,0,0,0
80271,2,1,1992,19,0,0,0,0,0,0,0,0,0
80272,1,1,1992,26,26,26,26,26,26,26,26,26,26
80273,1,1,1992,0,0,0,0,0,0,0,0,0,0
80274,1,1,1992,0,0,4,0,0,0,0,0,0,0
80275,0,1,1992,0,0,0,0,0,0,0,0,0,0
80275,0,2,1992,0,0,0,0,0,0,0,0,0,0
80275,1,1,1992,0,0,0,0,0,0,0,0,0,0
80276,1,1,1992,0,0,0,0,0,0,0,0,0,0
80277,0,1,1992,0,0,0,0,0,0,0,0,0,0
80277,1,1,1992,0,0,10,0,8,5,4,11,0,25
80278,1,1,1992,14,14,14,14,14,14,14,14,14,14
80279,1,1,1992,0,0,0,0,0,0,0,0,0,0
80279,2,1,1992,0,0,0,0,0,0,0,0,0,0
80279,3,1,1992,0,0,0,0,0,0,0,0,0,0
80280,1,1,1992,0,0,0,0,0,0,0,0,0,0
80280,2,1,1992,0,0,0,0,0,0,0,0,0,0
80281,1,1,1992,15,15,15,15,15,15,15,15,15,15
80282,1,1,1992,0,0,0,0,0,0,0,0,0,0
80282,2,1,1992,0,0,0,0,0,0,0,0,0,0
80283,0,1,1992,20,20,20,20,20,20,20,20,20,20
80283,1,1,1992,0,0,0,0,0,0,0,0,0,0
80284,1,1,1992,0,0,0,0,0,0,0,0,0,0
80284,2,1,1992,0,0,0,0,0,0,0,0,0,0
80285,1,1,1992,0,0,0,0,0,0,0,0,0,0
80286,1,1,1992,3,3,3,3,3,3,3,3,3,3
80287,1,1,1992,11,11,11,11,11,11,11,11,11,11
80288,1,1,1992,0,0,0,0,0,0,0,0,0,0
80289,1,1,1992,0,0,0,0,0,0,0,0,0,0
80290,0,1,1992,7,7,7,7,7,7,7,7,7,7
80290,1,1,1992,0,0,0,0,0,0,0,0,0,0
80291,0,1,1992,0,0,0,0,0,0,0,0,0,0
80291,1,1,1992,0,0,0,0,0,0,0,0,0,0
80292,1,1,1992,0,0,0,0,0,0,0,0,0,0
80292,2,1,1992,0,0,0,0,0,0,0,0,0,0
80293,1,1,1992,16,16,16,16,16,16,16,16,16,16
80294,0,1,1992,0,0,0,0,0,0,0,0,0,0
80294,1,1,1992,0,0,0,0,0,0,11,0,0,0
80294,2,1,1992,0,0,0,0,0,0,0,0,0,0
80295,1,1,1992,0,0,0,0,0,0,0,0,0,0
80296,1,1,1992,0,0,0,0,0,0,0,0,0,0
80296,2,1,1992,0,0,0,0,0,0,0,0,0,0
80296,3,1,1992,0,0,0,0,0,0,0,0,0,0
80297,0,1,1992,5,5,5,5,5,5,5,5,5,5
80297,1,1,1992,0,0,0,0,0,0,0,0,0,0
80298,1,1,1992,0,0,0,0,0,0,0,0,0,0
80298,2,1,1992,0,0,0,0,0,0,0,0,0,0
80299,1,1,1992,0,0,0,0,0,0,0,0,0,0
80299,2,1,1992,0,0,0,0,0,0,0,0,0,0
80299,3,1,1992,0,0,0,0,0,0,0,0,0,0
80300,1,1,1992,0,0,0,0,0,0,0,0,0,0
80301,1,1,1992,10,10,10,10,10,10,10,10,10,10
80302,1,1,1992,33,33,33,33,33,33,33,33,33,33
80303,1,1,1992,4,11,0,16,18,7,0,10,16,23
80303,2,1,1992,2,2,2,2,2,2,2,2,2,2
80304,1,1,1992,0,0,0,0,0,0,0,0,0,0
80304,2,1,1992,0,0,0,0,0,0,0,0,0,0
80305,1,1,1992,0,0,0,0,0,0,0,0,0,0
80306,0,1,1992,20,20,20,20,20,20,20,20,20,20
80306,1,1,1992,0,0,0,0,0,0,0,0,0,0
80307,1,1,1992,18,18,18,18,18,18,18,18,18,18
80307,2,1,1992,0,0,0,0,0,0,0,0,0,0
80307,3,1,1992,0,0,0,0,0,0,0,0,0,0
80308,1,1,1992,0,0,0,0,0,0,0,0,0,0
80308,2,1,1992,0,0,0,0,0,0,0,0,0,0
80309,0,1,1992,0,0,0,0,0,0,0,0,0,0
80309,1,1,1992,0,0,0,0,0,0,0,0,0,0
80310,1,1,1992,0,0,0,0,0,0,0,0,0,0
80310,2,1,1992,0,0,0,0,0,11,0,0,0,0
80311,1,1,1992,0,0,0,0,0,0,0,0,0,0
80311,2,1,1992,12,12,12,12,12,12,12,12,12,12
80312,1,1,1992,25,25,25,25,25,25,25,25,25,25
80313,1,1,1992,0,0,0,0,0,0,0,0,0,0
80313,2,1,1992,0,0,0,0,0,0,0,0,0,0
80314,1,1,1992,9,9,9,9,9,9,9,9,9,9
80315,1,1,1992,17,17,17,17,17,17,17,17,17,17
80315,2,1,1992,0,0,0,0,0,0,0,0,0,0
80316,1,1,1992,0,0,0,6,0,0,0,0,0,0
80317,1,1,1992,13,13,13,13,13,13,13,13,13,13
80317,2,1,1992,0,0,0,0,0,0,0,0,0,0
80318,1,1,1992,0,0,0,0,0,0,0,0,0,0
80319,1,1,1992,24,24,24,24,24,24,24,24,24,24
80320,1,1,1992,0,0,0,0,0,0,0,0,0,0
80320,2,1,1992,0,0,0,0,0,0,0,0,0,0
80321,1,1,1992,0,0,0,0,0,0,0,0,0,0
80322,1,1,1992,0,0,0,0,0,0,0,0,0,0
80323,1,1,1992,0,0,4,0,0,0,0,0,0,0
80323,2,1,1992,0,0,0,0,0,0,0,0,0,0
80323,3,1,1992,0,0,0,0,0,0,19,0,0,0
80324,1,1,1992,0,0,0,0,0,0,0,0,0,0
80324,2,1,1992,0,0,0,0,0,0,0,0,0,0
80325,1,1,1992,0,0,0,0,0,0,0,0,0,0
80326,1,1,1992,0,0,0,0,0,0,0,0,0,0
80327,1,1,1992,0,0,0,0,0,0,0,0,0,0
80328,1,1,1992,21,21,21,21,21,21,21,21,21,21
80329,0,1,1992,0,0,0,0,0,0,0,0,0,0
80329,1,1,1992,0,0,0,0,0,0,0,0,0,0
80330,0,1,1992,0,0,0,0,0,0,0,0,0,0
80330,1,1,1992,0,0,0,0,0,0,0,0,0,0
80331,1,1,1992,0,0,0,0,0,0,0,0,0,0
80332,1,1,1992,20,0,0,0,0,0,0,0,0,18
80333,1,1,1992,0,0,0,0,0,0,0,0,0,0
80334,1,1,1992,20,20,20,20,20,20,20,20,20,20
80335,1,1,1992,0,0,0,0,0,0,0,0,0,0
80336,1,1,1992,0,0,0,0,0,0,0,0,0,0
80336,2,1,1992,0,0,0,0,0,0,0,0,0,0
80336,3,1,1992,0,0,0,0,0,0,0,0,0,23
80337,1,1,1992,13,13,13,13,13,13,13,13,13,13
80338,1,1,1992,13,13,13,13,13,13,13,13,13,13
80339,1,1,1992,0,0,0,0,0,0,0,0,0,0
80339,2,1,1992,0,0,0,0,0,0,0,0,0,0
80339,3,1,1992,0,0,0,0,0,0,0,0,0,0
80339,4,1,1992,0,0,0,0,0,0,0,0,0,0
80339,5,1,1992,0,0,0,0,0,0,0,0,0,0
80340,1,1,1992,16,16,16,16,16,16,16,16,16,16
80340,2,1,1992,0,0,0,0,0,0,0,0,0,0
80341,1,1,1992,15,15,15,15,15,15,15,15,15,15
80342,0,1,1992,37,37,37,37,37,37,37,37,37,37
80342,1,1,1992,0,0,0,0,0,0,8,0,0,0
80343,1,1,1992,24,24,24,24,24,24,24,24,24,24
80343,2,1,1992,0,0,0,0,0,0,0,0,0,0
80344,1,1,1992,14,14,14,14,14,14,14,14,14,14
80345,1,1,1992,33,33,33,33,33,33,33,33,33,33
80346,1,1,1992,27,27,27,27,27,27,27,27,27,27
80347,1,1,1992,0,0,0,0,0,0,0,0,0,0
80348,1,1,1992,0,0,0,0,0,0,0,0,0,0