ST_CASE,VEH_NO,PER_NO,YEAR,P1,P2,P3,P4,P5,P6,P7,P8,P9,P10
80348,2,1,1992,0,0,0,0,0,0,0,0,0,0
80349,1,1,1992,0,0,0,0,0,0,0,0,0,0
80349,2,1,1992,0,0,0,0,0,0,0,0,0,0
80350,1,1,1992,0,0,0,0,0,0,0,0,0,0
80351,1,1,1992,13,13,13,13,13,13,13,13,13,13
80352,0,1,1992,0,0,0,0,0,0,0,0,0,0
80352,1,1,1992,0,0,0,0,0,0,0,0,0,0
80353,1,1,1992,0,0,0,0,0,0,0,0,0,0
80353,2,1,1992,5,5,5,5,5,5,5,5,5,5
80353,3,1,1992,0,0,0,0,0,0,0,0,0,0
80353,4,1,1992,0,0,17,0,0,0,0,0,0,0
80354,1,1,1992,15,15,15,15,15,15,15,15,15,15
80355,0,1,1992,0,0,0,0,0,0,0,0,0,0
80355,1,1,1992,0,0,0,0,0,0,0,0,0,0
80356,1,1,1992,21,21,21,21,21,21,21,21,21,21
80357,1,1,1992,0,0,0,0,0,0,0,0,0,0
80357,2,1,1992,0,0,0,0,0,0,0,0,0,0
80358,1,1,1992,0,0,0,0,0,0,0,0,0,0
80358,2,1,1992,0,0,0,0,0,0,0,0,0,0
80359,0,1,1992,0,0,0,0,0,0,0,0,0,0
80359,1,1,1992,0,0,0,0,0,0,0,0,0,0
80360,1,1,1992,23,23,23,23,23,23,23,23,23,23
80360,2,1,1992,0,0,0,0,0,0,0,0,0,0
80361,1,1,1992,0,0,0,0,0,0,0,0,0,0
80361,2,1,1992,0,0,0,0,0,0,0,0,0,0
80362,1,1,1992,9,9,9,9,9,9,9,9,9,9
80363,1,1,1992,15,15,15,15,15,15,15,15,15,15
80364,1,1,1992,0,0,0,0,0,0,0,0,0,0
80364,2,1,1992,0,0,0,0,0,0,0,0,0,0
80365,1,1,1992,0,0,0,0,0,29,22,0,19,0
80366,1,1,1992,0,4,0,0,0,8,0,0,0,0
80366,2,1,1992,0,0,0,0,0,0,0,0,0,0
80367,1,1,1992,6,6,6,6,6,6,6,6,6,6
80367,2,1,1992,0,0,0,0,0,0,0,0,0,0
80368,0,1,1992,20,20,20,20,20,20,20,20,20,20
80368,1,1,1992,4,4,4,4,4,4,4,4,4,4
80369,1,1,1992,0,0,0,0,0,0,0,0,0,0
80370,1,1,1992,18,18,18,18,18,18,18,18,18,18
80371,1,1,1992,23,23,23,23,23,23,23,23,23,23
80371,2,1,1992,0,0,0,0,0,0,0,0,0,0
80372,1,1,1992,13,13,13,13,13,13,13,13,13,13
80373,1,1,1992,25,25,25,25,25,25,25,25,25,25
80374,1,1,1992,0,0,0,0,0,0,0,0,0,0
80375,1,1,1992,0,0,0,0,0,0,0,0,0,0
80376,1,1,1992,0,0,0,0,0,0,0,0,0,0
80377,0,1,1992,0,0,0,0,0,0,0,15,0,0
80377,1,1,1992,0,0,0,0,0,0,0,0,0,0
80378,1,1,1992,0,0,0,0,0,0,0,0,0,0
80378,2,1,1992,0,0,0,0,0,0,0,0,0,0
80379,1,1,1992,0,0,0,0,0,0,0,0,0,0
80379,2,1,1992,0,0,0,0,0,0,0,0,0,0
80379,3,1,1992,0,0,0,0,0,0,0,0,0,0
80380,1,1,1992,22,22,22,22,22,22,22,22,22,22
80381,1,1,1992,0,0,6,0,0,0,0,0,0,0
80381,2,1,1992,0,0,0,0,0,0,0,0,0,0
80381,3,1,1992,0,0,0,0,0,0,0,0,0,0
80382,1,1,1992,0,0,0,0,0,0,0,0,0,0
80382,2,1,1992,0,0,0,0,0,0,0,0,0,0
80383,1,1,1992,28,28,28,28,28,28,28,28,28,28
80383,2,1,1992,0,0,0,0,0,0,0,0,0,0
80384,1,1,1992,24,24,24,24,24,24,24,24,24,24
80385,0,1,1992,0,0,0,0,0,0,0,0,0,0
80385,0,2,1992,13,0,0,0,0,0,14,0,0,0
80385,1,1,1992,21,21,21,21,21,21,21,21,21,21
80386,0,1,1992,0,0,0,0,0,0,0,0,0,0
80386,1,1,1992,0,0,0,0,0,0,0,0,0,0
80386,2,1,1992,0,0,0,0,0,0,0,0,0,0
80387,1,1,1992,0,0,0,0,0,0,0,0,0,0
80388,1,1,1992,28,28,28,28,28,28,28,28,28,28
80388,2,1,1992,0,0,0,0,0,0,0,0,0,0
80388,3,1,1992,0,0,0,0,0,0,0,0,0,0
80389,1,1,1992,15,15,15,15,15,15,15,15,15,15
80390,0,1,1992,0,0,0,0,0,0,0,0,0,0
80390,1,1,1992,0,0,0,0,0,0,0,0,0,0
80391,0,1,1992,33,33,33,33,33,33,33,33,33,33
80391,1,1,1992,0,0,0,0,0,0,0,0,0,0
80392,1,1,1992,0,0,0,0,0,0,0,0,0,0
80392,2,1,1992,0,0,0,0,0,0,0,0,0,0
80393,1,1,1992,10,10,10,10,10,10,10,10,10,10
80393,2,1,1992,4,4,4,4,4,4,4,4,4,4
80394,1,1,1992,19,19,19,19,19,19,19,19,19,19
80394,2,1,1992,0,0,0,0,0,0,0,0,0,0
80395,1,1,1992,0,0,0,0,0,0,0,0,0,0
80395,2,1,1992,0,0,0,0,0,0,2,0,0,0
80396,1,1,1992,15,15,15,15,15,15,15,15,15,15
80397,1,1,1992,13,13,13,13,13,13,13,13,13,13
80398,1,1,1992,14,14,14,14,14,14,14,14,14,14
80399,1,1,1992,13,13,13,13,13,13,13,13,13,13
80401,1,1,1992,9,9,9,9,9,9,9,9,9,9
80401,2,1,1992,0,0,0,0,0,0,0,0,0,0
80402,1,1,1992,11,11,11,11,11,11,11,11,11,11
80402,2,1,1992,0,0,0,0,0,0,0,0,0,0
80403,0,1,1992,23,23,23,23,23,23,23,23,23,23
80403,1,1,1992,0,27,0,0,0,0,0,12,0,16
80404,1,1,1992,0,0,0,0,0,0,0,0,0,0
80405,1,1,1992,0,0,0,0,0,0,0,0,0,0
80406,1,1,1992,13,13,13,13,13,13,13,13,13,13
80407,1,1,1992,24,24,24,24,24,24,24,24,24,24
80408,1,1,1992,20,20,20,20,20,20,20,20,20,20
80408,2,1,1992,0,0,0,0,0,0,0,0,0,0
80409,1,1,1992,0,0,0,0,0,0,0,0,0,0
80409,2,1,1992,0,0,0,0,0,0,0,0,0,0
80410,1,1,1992,0,0,0,0,0,0,0,0,0,0
80411,0,1,1992,0,0,0,0,0,0,0,0,0,0
80411,1,1,1992,0,0,0,0,0,0,0,0,0,0
80412,1,1,1992,8,32,0,12,0,0,0,0,23,0
80412,2,1,1992,0,0,0,0,0,0,0,0,0,0
80413,1,1,1992,0,0,0,0,0,0,0,0,0,0
80414,1,1,1992,14,14,14,14,14,14,14,14,14,14
80415,1,1,1992,0,0,0,0,0,0,0,0,0,0
80415,2,1,1992,0,0,0,0,0,0,0,0,0,0
80416,1,1,1992,0,0,0,0,0,0,0,0,0,0
80416,2,1,1992,0,0,0,0,17,0,0,0,0,0
80417,1,1,1992,0,0,0,0,0,0,0,0,0,0
80417,2,1,1992,0,0,0,0,0,0,0,0,0,0
80418,1,1,1992,0,0,0,0,0,0,0,0,0,0
80419,1,1,1992,0,0,0,0,0,0,0,0,0,0
80419,2,1,1992,0,0,0,0,0,0,0,0,0,0
80420,1,1,1992,0,0,0,0,0,0,0,0,0,0
80420,2,1,1992,0,0,0,0,0,0,0,0,0,0
80421,1,1,1992,0,18,19,0,0,0,19,25,8,0
80421,2,1,1992,0,0,0,0,0,0,0,0,0,0
80422,1,1,1992,0,0,0,0,0,0,0,0,0,0
80422,2,1,1992,0,0,0,0,0,0,0,0,0,0
80423,1,1,1992,28,28,28,28,28,28,28,28,28,28
80423,2,1,1992,0,0,0,0,0,0,0,0,0,0
80424,1,1,1992,22,22,22,22,22,22,22,22,22,22
80425,1,1,1992,0,0,0,0,0,0,0,0,0,0
80426,1,1,1992,18,18,18,18,18,18,18,18,18,18
80427,1,1,1992,0,0,0,0,0,0,0,0,0,0
80427,2,1,1992,0,0,0,0,0,0,0,0,0,0
80428,1,1,1992,0,0,0,0,0,0,0,0,0,0
80428,2,1,1992,0,0,0,0,6,0,0,0,0,0
80429,1,1,1992,11,11,11,11,11,11,11,11,11,11
80429,2,1,1992,0,0,0,0,0,0,0,0,0,0
80430,1,1,1992,14,14,14,14,14,14,14,14,14,14
80431,1,1,1992,8,8,8,8,8,8,8,8,8,8
80432,1,1,1992,15,15,15,15,15,15,15,15,15,15
80433,1,1,1992,0,0,0,0,0,0,0,0,0,0
80434,0,1,1992,0,0,0,0,0,0,0,0,0,0
80434,0,2,1992,0,0,0,0,0,0,0,0,0,0
80434,1,1,1992,0,0,0,0,0,0,0,0,0,0
80435,1,1,1992,13,13,13,13,13,13,13,13,13,13
80436,1,1,1992,0,0,0,0,0,0,0,0,0,0
80436,2,1,1992,0,0,0,0,0,0,0,0,0,0
80437,1,1,1992,0,0,0,0,0,0,0,0,0,0
80437,2,1,1992,0,0,0,0,0,0,0,0,0,0
80438,1,1,1992,0,0,0,0,0,0,0,0,0,0
80439,0,1,1992,11,21,18,18,25,25,9,26,41,13
80439,1,1,1992,0,20,43,8,0,17,2,0,0,0
80440,1,1,1992,0,0,0,0,0,0,0,7,0,0
80440,2,1,1992,0,0,0,0,5,0,0,0,0,0
80441,1,1,1992,0,0,0,0,0,0,0,0,0,0
80442,1,1,1992,15,15,15,15,15,15,15,15,15,15
80443,1,1,1992,0,0,0,0,0,0,0,0,0,0
80444,1,1,1992,0,0,0,0,0,0,0,0,0,0
80444,2,1,1992,0,0,0,0,0,0,0,0,0,0
80445,1,1,1992,0,0,0,0,0,0,0,0,0,0
80445,2,1,1992,0,0,0,0,0,0,0,0,0,0
80446,1,1,1992,0,0,0,0,0,0,0,0,0,0
80446,2,1,1992,0,0,0,0,0,0,0,0,0,6
80447,1,1,1992,1,1,1,1,1,1,1,1,1,1
80448,1,1,1992,0,0,0,0,0,0,0,0,0,0
80449,1,1,1992,0,0,0,0,0,0,0,0,0,0
80450,1,1,1992,25,25,25,25,25,25,25,25,25,25
80451,1,1,1992,0,0,0,0,7,0,0,0,0,0
80451,2,1,1992,0,0,0,0,0,0,0,0,0,0
80452,0,1,1992,0,0,0,0,0,0,0,0,0,0
80452,0,2,1992,0,0,0,0,0,0,0,0,0,0
80452,1,1,1992,9,18,18,24,7,9,0,20,6,0
80453,1,1,1992,10,10,10,10,10,10,10,10,10,10
80454,1,1,1992,0,0,0,0,0,0,0,0,0,0
80454,2,1,1992,0,0,0,0,0,0,0,0,0,0
80455,1,1,1992,0,0,0,0,0,0,0,0,0,0
80455,2,1,1992,0,0,0,0,0,0,0,0,0,0
80456,1,1,1992,0,0,0,0,0,0,0,0,0,0
80457,1,1,1992,0,0,0,0,0,0,0,0,0,0
80457,2,1,1992,0,0,0,0,0,0,0,0,0,0
80458,1,1,1992,21,21,21,21,21,21,21,21,21,21
80459,1,1,1992,34,34,34,34,34,34,34,34,34,34
80459,2,1,1992,0,0,0,0,0,0,0,0,0,0
80459,3,1,1992,0,0,0,0,0,0,0,0,0,0
80460,1,1,1992,0,0,0,0,0,0,0,0,0,0
80461,1,1,1992,22,22,22,22,22,22,22,22,22,22
80461,2,1,1992,0,0,0,0,0,0,0,0,0,0
80462,0,1,1992,0,0,0,0,0,0,0,0,0,0
80462,1,1,1992,0,0,0,0,0,0,0,0,0,0
80463,1,1,1992,17,17,17,17,17,17,17,17,17,17
80464,1,1,1992,0,0,0,0,0,0,0,0,0,0
80464,2,1,1992,0,0,0,0,0,0,0,0,0,0
80465,1,1,1992,0,0,0,0,0,0,0,0,0,0
80465,2,1,1992,0,0,0,0,0,0,0,0,0,0
80466,0,1,1992,26,26,26,26,26,26,26,26,26,26
80466,1,1,1992,0,0,0,0,0,0,0,0,0,0
80467,1,1,1992,0,0,0,0,0,0,0,0,0,0
80467,2,1,1992,0,0,0,0,0,0,0,0,0,0
80468,1,1,1992,17,17,17,17,17,17,17,17,17,17
80469,1,1,1992,0,0,0,0,0,0,0,0,0,0
80469,2,1,1992,0,0,0,0,0,0,0,0,0,0
80470,1,1,1992,5,5,5,5,5,5,5,5,5,5
80471,1,1,1992,3,3,3,3,3,3,3,3,3,3
80472,1,1,1992,0,0,0,0,0,0,0,0,0,0
80473,1,1,1992,14,14,14,14,14,14,14,14,14,14
80474,0,1,1992,0,0,0,0,0,0,0,0,0,0
80474,1,1,1992,0,0,0,0,0,0,0,0,0,0
80475,1,1,1992,0,0,0,0,0,0,0,0,0,0
80476,0,1,1992,10,10,10,10,10,10,10,10,10,10
80476,1,1,1992,0,0,0,0,0,0,0,0,0,0
80477,1,1,1992,0,0,0,0,0,0,0,0,0,0
80478,1,1,1992,0,0,0,0,0,15,27,21,0,0
80479,1,1,1992,0,0,0,0,0,0,0,0,0,0
80479,2,1,1992,0,0,0,0,0,0,0,0,0,0
80479,3,1,1992,0,0,0,0,0,0,0,0,0,0
80480,0,1,1992,0,0,0,0,0,0,0,0,0,0
80480,1,1,1992,0,0,0,0,0,0,0,0,0,0
80481,1,1,1992,0,0,0,0,0,0,0,0,0,0
90001,1,1,1992,0,0,0,0,0,0,0,0,0,0
90001,2,1,1992,0,0,0,0,0,0,0,0,0,0
90002,1,1,1992,20,20,20,20,20,20,20,20,20,20
90003,1,1,1992,11,0,18,24,18,13,16,9,17,17
90003,2,1,1992,7,7,7,7,7,7,7,7,7,7
90004,0,1,1992,0,0,0,0,0,0,0,0,0,0
90004,1,1,1992,29,29,29,29,29,29,29,29,29,29
90005,1,1,1992,11,11,11,11,11,11,11,11,11,11
90005,2,1,1992,0,0,0,0,0,0,0,0,0,0
90006,1,1,1992,0,0,0,0,0,0,0,0,0,0
90006,2,1,1992,0,0,0,13,17,0,9,0,0,0
90007,1,1,1992,18,18,18,18,18,18,18,18,18,18
90009,1,1,1992,14,14,14,14,14,14,14,14,14,14
90010,0,1,1992,0,0,0,18,0,0,0,0,0,0
90010,1,1,1992,0,0,0,0,0,0,0,0,9,0
90011,1,1,1992,16,16,16,16,16,16,16,16,16,16
90012,0,1,1992,0,0,0,0,0,0,0,0,0,0
90012,1,1,1992,0,0,0,0,0,0,0,0,0,0
90013,1,1,1992,22,22,22,22,22,22,22,22,22,22
90014,1,1,1992,0,0,0,0,0,0,0,0,0,0
90015,1,1,1992,0,15,15,14,9,0,8,0,11,0
90016,1,1,1992,23,23,23,23,23,23,23,23,23,23
90017,1,1,1992,16,16,16,16,16,16,16,16,16,16
90017,2,1,1992,0,0,0,0,0,0,0,0,0,0
90018,1,1,1992,16,16,16,16,16,16,16,16,16,16
90019,1,1,1992,0,0,0,0,0,0,0,0,0,0
90020,0,1,1992,7,17,0,0,0,18,0,0,0,0
90020,0,2,1992,0,0,0,0,0,0,0,0,0,0
90020,1,1,1992,0,0,0,0,0,0,0,0,0,0
90021,1,1,1992,0,0,0,0,0,0,0,0,0,0
90021,2,1,1992,0,0,0,0,0,0,0,0,0,0
90022,1,1,1992,0,0,0,0,0,0,0,0,0,0
90022,2,1,1992,0,0,0,0,0,0,0,0,0,0
90023,1,1,1992,16,16,16,16,16,16,16,16,16,16
90024,0,1,1992,0,0,0,0,0,0,0,0,0,0
90024,1,1,1992,21,0,0,0,0,0,0,0,0,0
90024,3,1,1992,0,0,0,0,0,0,0,0,0,0
90025,1,1,1992,0,0,0,0,0,0,0,0,0,0
90025,2,1,1992,0,0,0,0,0,0,5,0,0,0
90025,3,1,1992,0,0,0,0,0,0,0,0,0,0
90026,1,1,1992,20,20,20,20,20,20,20,20,20,20
90027,1,1,1992,17,17,17,17,17,17,17,17,17,17
90027,2,1,1992,0,0,0,0,0,0,0,0,0,0
90028,0,1,1992,18,18,18,18,18,18,18,18,18,18
90029,1,1,1992,26,26,26,26,26,26,26,26,26,26
90030,1,1,1992,19,19,19,19,19,19,19,19,19,19
90031,0,1,1992,0,0,0,0,0,0,0,0,0,0
90031,1,1,1992,0,0,0,0,0,0,0,0,0,0
90032,1,1,1992,12,12,12,12,12,12,12,12,12,12
90033,1,1,1992,17,17,17,17,17,17,17,17,17,17
90033,2,1,1992,0,0,0,0,0,0,0,0,0,0
90033,3,1,1992,0,0,0,0,0,0,0,10,18,0
90034,1,1,1992,33,33,33,33,33,33,33,33,33,33
90035,1,1,1992,0,0,0,0,0,0,0,0,0,0
90035,2,1,1992,0,0,0,0,0,0,0,0,0,0
90035,3,1,1992,8,0,0,0,0,0,0,0,0,0
90036,1,1,1992,14,14,14,14,14,14,14,14,14,14
90037,1,1,1992,11,11,11,11,11,11,11,11,11,11
90037,2,1,1992,0,0,0,0,0,0,0,0,0,0
90038,1,1,1992,0,0,0,0,0,0,0,0,0,0
90038,2,1,1992,0,0,0,0,0,0,0,0,0,0
90039,1,1,1992,15,15,15,15,15,15,15,15,15,15
90040,1,1,1992,14,12,19,14,14,12,10,11,30,19
90041,1,1,1992,0,0,0,0,0,0,0,0,0,0
90041,2,1,1992,0,0,0,0,0,0,0,16,0,0
90042,0,1,1992,0,0,0,0,0,0,0,0,0,0
90042,1,1,1992,0,0,0,0,0,0,8,0,0,0
90043,1,1,1992,13,14,11,13,33,9,28,0,29,19
90044,1,1,1992,15,15,15,15,15,15,15,15,15,15
90044,2,1,1992,0,0,0,0,0,0,8,0,0,0
90045,1,1,1992,0,0,0,0,0,0,0,0,0,0
90045,2,1,1992,0,0,0,0,0,19,0,18,0,0
90046,0,1,1992,0,0,0,0,0,0,0,0,0,0
90046,1,1,1992,0,0,0,0,0,0,0,0,0,0
90047,1,1,1992,0,0,0,0,0,0,0,0,0,0
90047,2,1,1992,0,0,0,0,0,0,0,0,0,0
90048,1,1,1992,0,0,0,0,0,0,0,0,0,0
90049,1,1,1992,0,0,0,0,0,0,0,0,0,0
90049,2,1,1992,0,0,0,0,0,0,0,0,0,0
90050,0,1,1992,14,14,14,14,14,14,14,14,14,14
90050,0,2,1992,43,29,15,18,0,15,0,33,28,18
90050,1,1,1992,0,16,0,0,0,0,0,0,0,5
90051,1,1,1992,0,0,0,0,0,0,0,0,0,0
90051,2,1,1992,0,0,0,0,0,0,0,0,0,0
90052,1,1,1992,33,33,33,33,33,33,33,33,33,33
90053,1,1,1992,14,14,14,14,14,14,14,14,14,14
90054,1,1,1992,17,17,17,17,17,17,17,17,17,17
90055,1,1,1992,0,0,0,0,0,0,0,0,0,0
90056,1,1,1992,0,0,0,0,0,0,0,0,0,0
90057,1,1,1992,0,0,0,0,0,0,0,0,0,0
90058,1,1,1992,21,21,21,21,21,21,21,21,21,21
90059,1,1,1992,0,0,16,10,0,24,13,4,0,0
90059,2,1,1992,7,0,0,0,0,0,0,0,0,0
90060,1,1,1992,0,0,0,0,0,0,0,0,0,0
90060,2,1,1992,0,0,0,0,0,0,0,0,0,9
90061,1,1,1992,0,0,0,0,0,0,0,0,0,0
90062,1,1,1992,25,25,25,25,25,25,25,25,25,25
90062,2,1,1992,8,8,7,0,5,15,10,15,0,11
90063,1,1,1992,0,0,0,0,0,0,0,0,0,0
90063,2,1,1992,3,3,3,3,3,3,3,3,3,3
90064,1,1,1992,0,0,0,0,0,0,0,0,0,0
90065,1,1,1992,21,21,21,21,21,21,21,21,21,21
90066,1,1,1992,0,0,0,0,0,0,0,0,0,0
90066,2,1,1992,13,13,13,13,13,13,13,13,13,13
90067,1,1,1992,0,0,0,0,0,0,0,0,0,0
90067,2,1,1992,17,17,17,17,17,17,17,17,17,17
90068,1,1,1992,0,0,0,0,0,0,0,0,0,0
90068,2,1,1992,0,0,0,0,0,0,0,0,0,0
90069,1,1,1992,26,26,26,26,26,26,26,26,26,26
90069,2,1,1992,0,0,0,0,0,0,0,0,0,0
90070,1,1,1992,0,0,0,0,0,0,0,0,0,0
90070,2,1,1992,0,0,0,0,0,0,0,0,0,0
90071,1,1,1992,0,0,0,0,0,0,0,0,0,0
90072,1,1,1992,0,0,0,0,0,0,0,0,0,0
90072,2,1,1992,12,0,0,0,10,0,16,7,14,0
90073,1,1,1992,24,24,24,24,24,24,24,24,24,24
90074,1,1,1992,19,19,19,19,19,19,19,19,19,19
90075,1,1,1992,0,0,0,0,0,0,0,0,0,0
90075,2,1,1992,0,0,0,0,0,0,0,0,0,0
90075,3,1,1992,0,0,0,0,0,0,0,0,0,0
90075,4,1,1992,0,0,0,0,0,0,0,0,0,0
90076,1,1,1992,23,23,23,23,23,23,23,23,23,23
90077,0,1,1992,36,25,0,17,0,24,7,17,24,8
90077,0,2,1992,35,21,31,27,17,23,26,6,17,0
90077,1,1,1992,15,15,15,15,15,15,15,15,15,15
90078,1,1,1992,8,8,8,8,8,8,8,8,8,8
90079,0,1,1992,0,0,0,0,0,0,0,0,0,0
90079,1,1,1992,0,0,0,0,0,0,0,0,0,0
90079,2,1,1992,0,0,0,0,0,0,0,0,0,0
90079,3,1,1992,0,0,0,0,0,0,0,0,0,0
90080,1,1,1992,0,0,0,0,0,0,0,0,0,0
90080,2,1,1992,0,0,0,0,0,0,0,0,0,0
90081,1,1,1992,15,15,15,15,15,15,15,15,15,15
90081,2,1,1992,0,0,0,0,0,7,0,0,0,18
90082,1,1,1992,0,0,0,0,0,0,0,0,0,0
90083,1,1,1992,2,2,2,2,2,2,2,2,2,2
90083,2,1,1992,0,0,12,0,19,0,0,0,0,0
90084,1,1,1992,0,0,0,0,0,0,0,0,0,0
90084,2,1,1992,0,0,0,0,0,0,0,0,0,0
90085,1,1,1992,0,0,0,0,0,0,0,0,0,0
90086,1,1,1992,31,31,31,31,31,31,31,31,31,31
90086,2,1,1992,1,1,1,1,1,1,1,1,1,1
90087,1,1,1992,0,0,0,0,0,0,0,0,0,0
90087,2,1,1992,0,0,0,0,0,0,0,0,0,0
90088,1,1,1992,14,0,35,0,0,12,19,0,0,0
90089,1,1,1992,16,16,16,16,16,16,16,16,16,16
90089,2,1,1992,0,0,0,0,0,0,0,0,0,0
90090,1,1,1992,0,0,0,0,0,0,0,0,0,0
90090,2,1,1992,0,0,0,0,0,0,0,0,0,0
90090,3,1,1992,0,0,0,0,0,0,0,0,0,0
90091,1,1,1992,2,2,2,2,2,2,2,2,2,2
90092,1,1,1992,13,13,13,13,13,13,13,13,13,13
90093,1,1,1992,0,0,0,0,0,0,0,0,0,0
90093,2,1,1992,0,0,0,0,0,0,0,0,0,0
90094,0,1,1992,0,0,0,0,0,0,0,0,0,0
90094,1,1,1992,0,0,0,0,0,0,0,0,0,0
90095,1,1,1992,0,0,0,0,0,0,0,0,0,0
90096,1,1,1992,0,0,0,0,0,0,0,0,0,0
90097,1,1,1992,0,0,0,0,0,0,0,0,0,0
90098,1,1,1992,15,15,15,15,15,15,15,15,15,15
90098,2,1,1992,12,12,12,12,12,12,12,12,12,12
90099,1,1,1992,0,0,0,0,0,0,0,0,0,0
90100,1,1,1992,20,20,20,20,20,20,20,20,20,20
90101,1,1,1992,0,0,0,0,0,0,0,0,0,0
90101,2,1,1992,0,0,0,0,0,0,0,0,0,0
90102,1,1,1992,37,37,37,37,37,37,37,37,37,37
90102,2,1,1992,19,0,0,0,0,0,0,0,0,0
90102,3,1,1992,0,0,0,0,7,0,0,0,0,0
90103,1,1,1992,0,0,0,0,0,0,0,0,0,0
90103,2,1,1992,0,0,0,0,0,0,0,0,0,0
90104,1,1,1992,0,0,0,0,0,0,0,0,0,0
90104,2,1,1992,0,0,0,0,0,0,0,0,0,0
90105,1,1,1992,0,13,7,27,36,27,15,3,0,26
90106,1,1,1992,25,25,25,25,25,25,25,25,25,25
90107,1,1,1992,0,0,0,0,0,0,0,0,0,0
90108,1,1,1992,0,0,0,20,0,0,0,0,0,0
90109,1,1,1992,15,15,15,15,15,15,15,15,15,15
90110,1,1,1992,0,0,0,0,0,0,0,0,0,0
90111,0,1,1992,0,0,0,0,0,0,0,0,0,0
90111,1,1,1992,0,0,0,0,0,0,0,0,0,0
90111,2,1,1992,0,0,0,0,0,0,0,0,0,0
90112,1,1,1992,14,14,14,14,14,14,14,14,14,14
90112,2,1,1992,4,4,4,4,4,4,4,4,4,4
90113,1,1,1992,0,0,0,0,0,0,0,0,0,0
90113,2,1,1992,9,15,12,5,4,35,15,8,19,9
90114,0,1,1992,0,0,0,0,0,0,0,0,0,0
90114,1,1,1992,0,14,0,0,3,0,0,0,0,20
90115,1,1,1992,0,0,0,0,0,0,0,0,0,0
90115,2,1,1992,0,0,0,0,0,0,0,0,0,0
90116,1,1,1992,17,17,17,17,17,17,17,17,17,17
90116,2,1,1992,0,0,0,0,0,0,0,0,0,0
90117,1,1,1992,0,0,0,0,0,0,0,0,0,0
90118,1,1,1992,0,0,0,0,0,0,0,0,0,0
90119,1,1,1992,25,25,25,25,25,25,25,25,25,25
90120,1,1,1992,0,14,0,0,0,0,0,0,0,0
90120,2,1,1992,0,20,0,0,0,22,0,13,16,0
90121,0,1,1992,0,0,0,0,0,0,0,0,0,0
90121,1,1,1992,0,5,0,0,0,0,0,0,0,0
90122,1,1,1992,0,0,0,0,0,0,0,0,0,0
90122,2,1,1992,0,0,0,0,3,0,0,0,0,0
90123,0,1,1992,0,0,0,0,0,0,0,0,0,0
90123,1,1,1992,0,0,0,0,0,0,0,0,0,0
90124,1,1,1992,0,0,0,0,0,0,0,0,0,0
90125,1,1,1992,10,3,18,21,13,21,4,26,9,25
90125,2,1,1992,0,0,0,0,0,0,0,0,0,0
90126,1,1,1992,27,27,27,27,27,27,27,27,27,27
90126,2,1,1992,0,0,0,0,0,0,0,0,0,0
90126,3,1,1992,19,0,7,0,0,26,5,10,0,16
90126,4,1,1992,0,0,0,0,0,0,0,0,0,0
90127,1,1,1992,0,0,12,0,0,0,0,0,16,0
90128,1,1,1992,0,0,0,0,0,0,0,0,0,0
90129,1,1,1992,33,33,33,33,33,33,33,33,33,33
90129,2,1,1992,23,13,18,9,31,19,37,6,0,32
90130,1,1,1992,13,13,13,13,13,13,13,13,13,13
90131,1,1,1992,0,0,0,12,0,0,0,0,0,0
90131,2,1,1992,11,11,11,11,11,11,11,11,11,11
90131,3,1,1992,0,0,4,0,0,0,0,0,0,0
90132,1,1,1992,0,0,0,4,0,0,0,0,0,4
90132,2,1,1992,0,0,0,0,0,0,0,0,0,0
90133,0,1,1992,0,0,0,0,0,0,0,0,0,0
90133,1,1,1992,0,0,0,0,0,0,0,0,0,0
90134,1,1,1992,0,0,0,0,0,0,0,0,0,0
90134,2,1,1992,0,0,0,0,0,0,0,0,0,0
90135,1,1,1992,0,0,0,0,0,0,0,0,0,0
90135,2,1,1992,0,0,0,0,0,0,0,0,0,0
90136,1,1,1992,23,14,8,20,23,17,14,20,14,11
90137,1,1,1992,20,3,9,6,12,17,10,6,19,11
90138,1,1,1992,0,0,0,0,0,0,0,0,0,0
90138,2,1,1992,0,0,0,0,0,0,0,0,0,0
90139,1,1,1992,0,0,0,0,0,0,0,0,0,0
90140,1,1,1992,0,23,0,18,14,6,5,0,29,2
90141,1,1,1992,16,16,16,16,16,16,16,16,16,16
90142,1,1,1992,14,14,14,14,14,14,14,14,14,14
90143,1,1,1992,4,4,4,4,4,4,4,4,4,4
90143,2,1,1992,0,0,0,0,0,0,0,0,0,0
90144,1,1,1992,0,0,0,0,0,0,0,0,0,0
90144,2,1,1992,0,0,0,0,0,0,0,0,0,0
90145,1,1,1992,24,24,24,24,24,24,24,24,24,24
90146,0,1,1992,0,0,0,0,0,0,0,0,0,0
90146,1,1,1992,0,0,0,0,0,0,0,0,0,0
90147,1,1,1992,0,0,0,0,0,0,0,0,0,0
90148,1,1,1992,0,0,0,11,0,0,0,0,0,0
90148,2,1,1992,0,0,0,0,0,0,0,0,0,0
90149,0,1,1992,0,0,0,0,0,0,0,0,0,0
90149,1,1,1992,0,0,0,0,0,0,0,0,0,0
90150,1,1,1992,11,11,11,11,11,11,11,11,11,11
90151,0,1,1992,13,13,13,13,13,13,13,13,13,13
90151,1,1,1992,6,0,22,0,3,0,0,0,0,0
90152,1,1,1992,0,0,0,0,0,0,0,0,0,0
90152,2,1,1992,0,0,0,0,0,0,0,0,0,0
90153,0,1,1992,0,0,0,0,0,0,0,0,0,0