ST_CASE,VEH_NO,PER_NO,YEAR,P1,P2,P3,P4,P5,P6,P7,P8,P9,P10
90153,1,1,1992,12,12,0,0,5,0,0,15,10,5
90154,1,1,1992,0,0,0,0,0,0,0,0,0,0
90154,2,1,1992,0,0,0,0,0,0,0,0,0,0
90155,0,1,1992,0,0,0,0,0,0,0,0,0,0
90155,1,1,1992,0,0,0,0,0,0,0,0,0,0
90156,0,1,1992,0,0,0,0,0,0,0,0,0,0
90156,1,1,1992,17,17,17,17,17,17,17,17,17,17
90157,0,1,1992,0,0,0,0,0,0,0,0,0,0
90157,1,1,1992,15,0,6,12,0,0,0,0,15,18
90158,1,1,1992,0,0,0,0,0,9,0,0,0,0
90158,2,1,1992,0,0,0,0,0,0,0,0,0,0
90159,1,1,1992,0,0,0,0,0,0,0,0,0,0
90159,2,1,1992,0,0,0,0,0,0,0,0,0,0
90160,0,1,1992,27,27,27,27,27,27,27,27,27,27
90160,1,1,1992,0,0,0,14,0,0,0,19,0,8
90161,1,1,1992,0,0,0,0,0,0,18,0,0,0
90161,2,1,1992,0,12,0,0,0,0,0,0,0,0
90161,3,1,1992,0,0,0,0,0,0,0,0,0,0
90162,0,1,1992,0,0,0,0,0,0,0,0,0,0
90162,1,1,1992,0,17,2,0,0,0,0,0,0,8
90163,1,1,1992,12,12,12,12,12,12,12,12,12,12
90164,0,1,1992,0,0,0,0,0,0,0,0,0,0
90164,1,1,1992,0,15,0,0,0,0,0,0,0,0
90165,1,1,1992,19,19,19,19,19,19,19,19,19,19
90166,1,1,1992,0,0,0,0,0,29,0,0,0,0
90167,1,1,1992,0,0,0,0,0,0,0,0,0,0
90168,1,1,1992,0,0,0,0,0,0,0,0,0,0
90169,0,1,1992,0,0,0,0,0,0,0,0,0,0
90169,1,1,1992,0,0,0,0,0,0,0,10,0,0
90170,1,1,1992,7,0,21,0,0,0,0,5,0,0
90170,2,1,1992,0,0,0,0,0,0,0,0,0,0
90171,1,1,1992,31,31,31,31,31,31,31,31,31,31
90172,1,1,1992,22,22,22,22,22,22,22,22,22,22
90173,0,1,1992,0,0,0,0,0,0,0,0,0,0
90173,1,1,1992,0,0,0,0,0,0,0,0,0,0
90174,0,1,1992,0,0,0,0,0,0,0,0,0,0
90174,1,1,1992,0,0,0,0,0,0,0,0,0,0
90176,1,1,1992,11,11,11,11,11,11,11,11,11,11
90177,1,1,1992,0,0,0,0,0,0,0,0,0,0
90178,1,1,1992,0,0,0,0,0,0,0,0,0,0
90178,2,1,1992,0,0,0,0,0,0,0,0,0,0
90178,3,1,1992,0,0,0,0,0,0,0,0,0,0
90179,1,1,1992,0,0,0,0,0,0,0,0,0,0
90180,1,1,1992,0,0,0,0,0,0,0,0,0,0
90180,2,1,1992,0,0,0,0,0,0,0,0,0,0
90181,1,1,1992,8,8,8,8,8,8,8,8,8,8
90182,1,1,1992,22,22,22,22,22,22,22,22,22,22
90183,1,1,1992,11,11,11,11,11,11,11,11,11,11
90184,1,1,1992,40,40,40,40,40,40,40,40,40,40
90185,1,1,1992,0,0,0,0,0,0,0,0,0,0
90185,2,1,1992,0,0,0,0,0,0,0,0,0,0
90186,1,1,1992,9,9,9,9,9,9,9,9,9,9
90187,1,1,1992,0,0,0,0,0,0,0,0,0,0
90187,2,1,1992,0,0,0,0,10,0,16,25,8,22
90188,1,1,1992,0,0,0,0,0,0,0,0,0,0
90188,2,1,1992,0,0,0,0,0,0,0,0,0,0
90189,0,1,1992,0,0,0,0,0,0,0,0,0,0
90189,1,1,1992,0,0,0,0,0,0,0,0,0,0
90190,1,1,1992,19,19,19,19,19,19,19,19,19,19
90191,1,1,1992,0,0,0,0,0,0,0,0,0,0
90192,1,1,1992,0,0,0,0,0,0,0,0,0,0
90193,1,1,1992,0,0,0,0,0,0,0,0,0,0
90193,2,1,1992,0,0,0,0,0,0,0,0,0,0
90194,1,1,1992,21,21,21,21,21,21,21,21,21,21
90195,1,1,1992,0,0,0,32,0,0,0,0,0,0
90195,2,1,1992,0,0,0,0,0,0,0,7,0,0
90195,3,1,1992,0,0,0,0,0,0,0,0,0,0
90196,1,1,1992,1,1,1,1,1,1,1,1,1,1
90197,1,1,1992,0,0,0,0,0,0,0,0,0,0
90197,2,1,1992,0,0,0,0,0,0,0,0,0,0
90199,1,1,1992,28,28,28,28,28,28,28,28,28,28
90199,2,1,1992,0,0,0,0,0,0,0,0,0,0
90199,3,1,1992,0,0,0,0,0,0,0,0,0,0
90200,0,1,1992,0,0,0,0,0,0,0,0,0,0
90200,1,1,1992,0,0,0,0,0,0,0,0,0,0
90201,0,1,1992,0,0,0,0,0,0,0,0,0,0
90201,1,1,1992,0,0,0,0,0,0,0,0,0,0
90201,2,1,1992,0,0,0,0,0,0,0,0,0,0
90202,1,1,1992,21,21,21,21,21,21,21,21,21,21
90203,1,1,1992,7,7,7,7,7,7,7,7,7,7
90203,2,1,1992,0,0,0,0,0,0,0,0,0,0
90204,1,1,1992,27,27,27,27,27,27,27,27,27,27
90205,1,1,1992,28,28,28,28,28,28,28,28,28,28
90206,1,1,1992,19,19,19,19,19,19,19,19,19,19
90207,1,1,1992,7,7,7,7,7,7,7,7,7,7
90208,1,1,1992,0,0,0,0,0,0,0,0,0,0
90209,1,1,1992,16,16,16,16,16,16,16,16,16,16
90210,1,1,1992,0,0,0,0,0,0,0,0,0,0
90210,2,1,1992,0,0,0,0,0,0,0,0,0,0
90211,1,1,1992,21,21,21,21,21,21,21,21,21,21
90212,1,1,1992,0,0,0,0,0,0,0,0,0,0
90212,2,1,1992,0,0,0,0,0,0,0,0,0,0
90213,0,1,1992,22,22,22,22,22,22,22,22,22,22
90213,1,1,1992,0,0,0,0,0,0,0,0,0,17
90214,1,1,1992,0,0,0,0,0,0,0,0,0,0
90214,2,1,1992,0,0,0,0,0,0,0,0,0,0
90215,1,1,1992,0,0,0,0,0,0,0,0,0,0
90216,1,1,1992,0,0,0,0,0,0,0,0,0,0
90216,2,1,1992,0,0,0,0,9,0,0,0,0,0
90217,0,1,1992,38,38,38,38,38,38,38,38,38,38
90217,1,1,1992,0,0,0,0,0,0,0,0,0,0
90218,0,1,1992,13,13,13,13,13,13,13,13,13,13
90218,1,1,1992,0,0,0,0,0,0,0,0,0,0
90219,1,1,1992,10,10,10,10,10,10,10,10,10,10
90219,2,1,1992,0,24,0,14,0,0,0,0,0,0
90220,0,1,1992,0,0,0,0,0,0,0,0,0,0
90220,1,1,1992,0,0,0,0,0,0,0,0,0,0
90221,1,1,1992,0,0,0,0,0,0,0,0,0,0
90221,2,1,1992,0,0,0,0,0,0,0,0,0,0
90221,3,1,1992,0,0,0,0,0,0,0,0,0,0
90222,1,1,1992,0,0,0,0,0,0,0,0,0,0
90222,2,1,1992,0,8,0,5,10,15,16,23,0,0
90223,1,1,1992,0,0,14,5,0,10,9,0,0,0
90223,2,1,1992,0,0,0,0,0,0,13,0,0,0
90224,1,1,1992,0,0,0,0,0,0,0,0,0,0
90224,2,1,1992,0,0,0,0,0,0,0,0,0,0
90225,1,1,1992,28,28,28,28,28,28,28,28,28,28
90225,2,1,1992,0,0,0,0,0,0,0,0,0,0
90226,1,1,1992,0,0,0,0,0,0,0,0,0,0
90226,2,1,1992,0,0,0,0,0,0,0,0,0,12
90226,3,1,1992,0,0,17,0,0,0,0,0,0,0
90227,1,1,1992,0,0,0,0,0,0,0,0,0,0
90227,2,1,1992,0,0,0,23,0,0,0,0,0,0
90228,1,1,1992,0,0,0,12,0,9,0,0,0,12
90229,1,1,1992,0,0,0,0,0,0,0,0,0,0
90229,2,1,1992,0,0,0,0,0,0,0,0,0,0
90231,1,1,1992,7,27,8,7,9,17,13,22,21,4
90232,1,1,1992,0,0,0,0,0,0,0,0,0,0
90232,2,1,1992,0,0,0,0,0,0,0,0,0,0
90233,0,1,1992,0,0,0,0,0,0,0,0,0,0
90233,0,2,1992,13,0,0,0,17,0,0,22,0,0
90233,0,3,1992,0,6,0,0,0,12,15,0,0,0
90233,0,4,1992,25,7,0,0,0,28,0,0,0,0
90233,1,1,1992,0,0,0,0,0,0,0,0,0,0
90233,2,1,1992,0,0,0,0,0,0,0,0,0,0
90234,1,1,1992,0,0,0,0,0,0,0,0,0,0
90235,1,1,1992,1,1,1,1,1,1,1,1,1,1
90235,2,1,1992,0,0,0,0,0,0,0,0,0,0
90236,1,1,1992,0,0,0,0,0,0,0,0,0,0
90236,2,1,1992,0,0,0,0,0,0,0,0,2,0
90237,1,1,1992,23,23,23,23,23,23,23,23,23,23
90238,1,1,1992,8,0,0,0,16,13,17,23,12,13
90238,2,1,1992,0,0,0,0,0,0,0,0,0,0
90239,1,1,1992,21,21,21,21,21,21,21,21,21,21
90240,1,1,1992,11,0,0,0,0,0,0,0,0,0
90240,2,1,1992,0,6,0,8,0,0,0,0,0,0
90241,1,1,1992,0,0,0,0,0,0,0,0,0,0
90242,0,1,1992,0,0,0,0,0,0,0,0,0,0
90242,1,1,1992,0,0,0,0,0,0,0,0,0,0
90243,1,1,1992,0,0,0,0,0,0,0,0,0,0
90243,2,1,1992,0,0,0,0,0,0,0,0,0,0
90244,1,1,1992,0,0,0,0,0,0,0,0,0,0
90245,1,1,1992,0,0,0,0,0,0,0,0,0,0
90246,1,1,1992,0,0,0,0,0,0,0,0,0,0
90248,1,1,1992,0,0,0,0,0,0,0,0,0,0
90249,1,1,1992,21,21,21,21,21,21,21,21,21,21
90250,1,1,1992,0,0,0,0,0,0,0,0,0,0
90250,2,1,1992,0,0,0,0,0,0,0,0,0,0
90251,1,1,1992,0,0,0,0,0,0,0,0,0,0
90251,2,1,1992,0,0,0,0,0,0,0,0,0,0
90251,3,1,1992,0,0,0,0,0,0,0,0,0,0
90252,1,1,1992,0,0,0,0,0,0,0,0,0,0
90253,1,1,1992,4,4,4,4,4,4,4,4,4,4
90254,1,1,1992,29,29,29,29,29,29,29,29,29,29
90255,0,1,1992,12,12,12,12,12,12,12,12,12,12
90255,1,1,1992,0,0,0,22,0,0,0,0,36,0
90256,1,1,1992,0,0,0,0,0,0,0,0,0,0
90256,2,1,1992,0,0,0,0,0,0,0,0,0,0
90256,3,1,1992,0,0,0,0,0,0,0,0,0,0
90257,1,1,1992,0,0,0,0,0,0,0,0,0,0
90257,2,1,1992,0,0,0,0,0,0,0,0,0,0
90258,1,1,1992,10,0,17,0,0,4,0,0,0,0
90258,2,1,1992,0,0,0,0,0,0,0,0,0,0
90259,1,1,1992,23,0,0,15,11,0,17,0,20,12
90259,2,1,1992,0,0,0,0,0,0,0,0,0,0
90260,1,1,1992,0,0,0,0,0,0,0,0,0,0
90260,2,1,1992,0,0,0,0,0,0,0,0,0,0
90260,3,1,1992,0,0,0,7,0,0,0,0,0,0
90261,0,1,1992,13,13,13,13,13,13,13,13,13,13
90261,1,1,1992,0,0,0,0,0,0,0,0,0,0
90262,1,1,1992,0,0,0,0,0,0,0,0,0,0
90262,2,1,1992,0,0,7,0,9,0,0,0,0,0
90263,1,1,1992,0,0,0,0,0,0,0,0,0,0
90263,2,1,1992,0,0,0,0,0,0,0,0,0,0
90264,1,1,1992,8,8,8,8,8,8,8,8,8,8
90264,2,1,1992,0,0,0,0,0,0,16,14,0,0
90265,1,1,1992,0,0,0,0,0,0,0,0,0,0
90265,2,1,1992,0,0,0,0,0,0,0,0,0,0
90265,3,1,1992,9,0,17,0,6,0,18,3,0,0
90266,0,1,1992,0,0,19,0,0,0,0,0,0,0
90266,1,1,1992,0,0,0,0,0,0,0,0,0,0
90267,1,1,1992,0,0,0,0,0,0,0,0,10,0
90267,2,1,1992,0,0,22,0,0,0,0,0,0,0
90268,0,1,1992,0,0,0,0,0,0,0,0,0,0
90268,1,1,1992,0,0,0,0,0,0,0,0,0,0
90269,0,1,1992,10,10,10,10,10,10,10,10,10,10
90269,1,1,1992,0,0,0,0,0,0,0,0,0,0
90270,1,1,1992,0,0,0,0,0,0,0,0,0,0
90270,2,1,1992,0,0,0,0,0,0,0,0,0,0
90271,1,1,1992,17,17,17,17,17,17,17,17,17,17
90271,2,1,1992,0,0,0,0,0,0,0,0,0,0
90271,3,1,1992,0,0,0,0,0,0,0,0,0,0
100001,1,1,1992,0,0,0,0,0,0,0,0,0,0
100001,2,1,1992,0,0,0,0,0,0,0,0,0,0
100002,0,1,1992,0,0,0,0,0,0,0,0,0,0
100002,1,1,1992,0,0,0,0,0,0,0,0,0,0
100003,1,1,1992,10,10,10,10,10,10,10,10,10,10
100004,1,1,1992,0,0,0,0,0,0,0,0,0,0
100004,2,1,1992,17,17,17,17,17,17,17,17,17,17
100005,1,1,1992,0,0,0,0,0,0,0,0,0,0
100005,2,1,1992,0,0,0,0,0,0,0,0,0,0
100006,0,1,1992,12,12,12,12,12,12,12,12,12,12
100006,1,1,1992,0,0,0,0,0,0,0,0,0,0
100007,1,1,1992,0,0,0,0,0,0,0,0,0,0
100007,2,1,1992,22,22,22,22,22,22,22,22,22,22
100008,1,1,1992,0,0,0,0,0,0,0,0,0,0
100008,2,1,1992,0,0,0,0,0,0,0,0,0,0
100009,1,1,1992,0,0,0,0,0,0,0,0,0,0
100009,2,1,1992,0,0,0,0,0,0,0,0,0,0
100010,1,1,1992,0,0,0,0,0,0,0,0,0,0
100010,2,1,1992,0,0,0,0,0,0,0,0,0,0
100011,1,1,1992,23,23,23,23,23,23,23,23,23,23
100012,1,1,1992,0,0,0,0,0,0,0,0,0,0
100012,2,1,1992,0,0,0,0,0,0,0,0,0,0
100013,1,1,1992,0,0,0,0,0,0,0,0,0,0
100014,1,1,1992,17,17,17,17,17,17,17,17,17,17
100017,1,1,1992,0,0,0,0,0,0,0,0,0,0
100017,2,1,1992,0,9,0,0,0,12,0,0,0,22
100017,3,1,1992,0,0,0,12,0,0,0,0,0,0
100018,0,1,1992,0,0,0,0,0,0,0,0,0,0
100018,0,2,1992,0,0,0,0,0,0,0,0,0,0
100018,1,1,1992,0,0,0,0,0,0,0,0,0,0
100019,0,1,1992,22,22,22,22,22,22,22,22,22,22
100019,1,1,1992,13,5,0,0,0,0,4,0,0,0
100019,2,1,1992,0,24,0,13,0,0,10,0,0,0
100020,0,1,1992,0,0,0,0,0,0,0,0,0,0
100020,1,1,1992,0,0,0,0,0,0,0,0,0,0
100021,1,1,1992,0,0,0,0,0,0,0,0,0,0
100021,2,1,1992,0,0,0,0,0,0,0,0,0,0
100022,1,1,1992,19,19,19,19,19,19,19,19,19,19
100023,1,1,1992,0,0,0,0,0,0,0,0,0,0
100023,2,1,1992,0,0,0,0,0,0,0,0,0,0
100024,0,1,1992,14,26,0,0,0,0,0,24,0,0
100024,1,1,1992,0,0,0,0,0,0,0,0,0,0
100025,1,1,1992,0,0,0,0,0,0,0,0,0,0
100025,2,1,1992,0,0,0,0,0,0,0,0,0,0
100025,3,1,1992,0,0,0,0,0,0,0,0,0,0
100026,1,1,1992,0,0,0,0,0,0,0,0,0,0
100026,2,1,1992,14,14,14,14,14,14,14,14,14,14
100027,1,1,1992,0,0,0,0,0,0,0,0,0,0
100028,1,1,1992,0,0,0,0,0,0,0,0,0,0
100029,1,1,1992,0,0,0,0,0,0,0,0,0,0
100029,2,1,1992,0,0,0,0,0,0,0,0,0,0
100030,1,1,1992,17,17,17,17,17,17,17,17,17,17
100031,1,1,1992,0,0,0,0,0,0,0,0,0,0
100031,2,1,1992,0,0,0,0,0,0,0,0,0,0
100032,1,1,1992,0,0,0,0,0,0,0,0,0,0
100032,2,1,1992,0,0,0,0,0,0,0,0,0,0
100034,1,1,1992,18,18,18,18,18,18,18,18,18,18
100034,2,1,1992,0,0,0,0,0,0,0,0,0,0
100035,0,1,1992,21,21,21,21,21,21,21,21,21,21
100035,1,1,1992,0,0,23,22,0,11,19,0,0,0
100036,1,1,1992,0,0,0,0,0,0,0,0,0,0
100036,2,1,1992,0,0,0,0,0,0,0,0,0,0
100037,1,1,1992,0,0,0,0,0,0,0,0,0,0
100037,2,1,1992,0,0,0,0,0,0,0,0,0,0
100038,1,1,1992,30,30,30,30,30,30,30,30,30,30
100039,1,1,1992,22,22,22,22,22,22,22,22,22,22
100040,1,1,1992,0,0,0,0,0,0,0,0,0,0
100040,2,1,1992,0,0,0,0,0,0,0,0,0,0
100041,1,1,1992,0,0,0,0,0,0,0,0,0,0
100042,1,1,1992,25,25,25,25,25,25,25,25,25,25
100042,2,1,1992,0,0,0,0,0,0,0,0,0,0
100043,1,1,1992,0,0,0,0,0,0,0,0,0,0
100044,1,1,1992,0,0,0,0,0,0,0,0,0,0
100044,2,1,1992,0,0,0,0,0,0,0,0,0,0
100045,0,1,1992,0,0,0,0,0,0,0,0,0,0
100045,1,1,1992,0,0,0,0,0,0,0,0,0,0
100046,1,1,1992,0,0,0,0,0,0,0,0,0,0
100046,2,1,1992,0,0,0,0,0,0,0,0,0,0
100046,3,1,1992,0,0,0,0,0,0,0,0,0,0
100046,4,1,1992,0,4,13,10,18,0,10,0,18,0
100047,1,1,1992,0,0,0,0,0,0,0,0,0,0
100047,2,1,1992,0,0,0,0,0,0,0,0,0,0
100048,1,1,1992,0,0,0,0,0,0,0,0,0,0
100048,2,1,1992,0,0,0,0,0,0,30,0,2,0
100048,3,1,1992,0,0,0,0,0,0,0,0,0,0
100049,1,1,1992,0,0,0,0,0,0,0,0,0,0
100049,2,1,1992,0,0,0,0,0,0,0,0,0,0
100050,1,1,1992,0,0,0,0,0,0,0,0,0,0
100050,2,1,1992,0,0,0,0,0,0,0,0,0,0
100050,3,1,1992,0,0,0,0,0,0,0,0,0,0
100051,1,1,1992,0,0,0,0,0,0,0,0,0,0
100051,2,1,1992,0,0,0,0,0,0,0,0,11,0
100053,0,1,1992,20,20,20,20,20,20,20,20,20,20
100053,1,1,1992,10,0,0,16,10,0,0,21,0,0
100054,1,1,1992,12,12,12,12,12,12,12,12,12,12
100055,1,1,1992,0,0,0,0,0,0,0,0,0,0
100056,1,1,1992,8,8,8,8,8,8,8,8,8,8
100057,1,1,1992,11,0,0,0,0,0,0,0,0,0
100057,2,1,1992,10,10,10,10,10,10,10,10,10,10
100058,1,1,1992,0,0,0,0,0,0,0,0,0,0
100058,2,1,1992,0,0,0,0,0,0,0,0,0,0
100059,1,1,1992,0,0,0,0,0,0,0,0,0,0
100059,2,1,1992,0,0,0,0,0,0,0,0,0,0
100060,0,1,1992,31,22,17,16,29,42,13,18,18,38
100060,1,1,1992,0,0,0,0,0,0,0,0,0,0
100061,1,1,1992,0,0,0,0,0,0,0,0,0,0
100061,2,1,1992,0,0,0,0,0,0,0,0,0,0
100062,1,1,1992,18,18,18,18,18,18,18,18,18,18
100062,2,1,1992,0,0,0,0,0,0,0,0,0,0
100063,1,1,1992,0,0,0,0,0,0,0,0,0,0
100063,2,1,1992,0,0,0,0,0,0,0,0,0,0
100064,1,1,1992,14,14,14,14,14,14,14,14,14,14
100065,1,1,1992,0,0,0,0,0,0,0,0,0,0
100065,2,1,1992,0,0,0,0,0,0,0,0,0,0
100065,3,1,1992,0,0,0,0,0,0,0,0,0,0
100066,1,1,1992,0,0,0,0,0,0,0,0,0,0
100067,1,1,1992,18,18,18,18,18,18,18,18,18,18
100067,2,1,1992,0,0,0,0,0,0,0,0,0,0
100067,3,1,1992,0,0,0,0,11,0,0,0,0,0
100067,4,1,1992,0,0,0,0,0,0,0,0,0,12
100067,5,1,1992,0,0,0,0,0,0,0,0,0,0
100067,6,1,1992,0,0,0,0,0,0,0,0,0,0
100068,1,1,1992,0,0,0,0,0,0,0,0,0,0
100068,2,1,1992,0,0,0,0,0,0,0,0,0,0
100069,1,1,1992,0,0,0,0,0,0,0,0,0,0
100069,2,1,1992,0,0,0,0,0,0,0,0,0,0
100070,1,1,1992,23,23,23,23,23,23,23,23,23,23
100071,1,1,1992,18,14,13,0,0,17,26,0,0,10
100073,0,1,1992,0,0,0,0,16,0,0,12,0,0
100073,1,1,1992,0,0,0,0,0,0,0,0,0,0
100074,1,1,1992,15,15,15,15,15,15,15,15,15,15
100077,0,1,1992,0,0,0,0,0,0,0,0,0,0
100077,1,1,1992,0,0,0,0,0,0,0,0,0,0
100078,0,1,1992,0,0,0,0,0,0,0,0,0,0
100078,1,1,1992,10,17,0,0,0,0,0,0,0,0
100079,0,1,1992,0,0,0,0,0,0,0,0,0,0
100079,1,1,1992,0,0,0,0,0,0,0,0,0,0
100080,1,1,1992,8,8,8,8,8,8,8,8,8,8
100080,2,1,1992,6,6,6,6,6,6,6,6,6,6
100082,1,1,1992,0,0,0,0,0,0,0,0,0,16
100082,2,1,1992,1,1,1,1,1,1,1,1,1,1
100083,1,1,1992,13,13,13,13,13,13,13,13,13,13
100084,1,1,1992,0,0,0,0,0,0,0,0,0,0
100084,2,1,1992,0,0,0,0,0,0,0,0,0,24
100085,1,1,1992,16,16,16,16,16,16,16,16,16,16
100087,1,1,1992,20,20,20,20,20,20,20,20,20,20
100087,2,1,1992,0,0,0,0,0,0,0,0,0,0
100089,1,1,1992,20,20,20,20,20,20,20,20,20,20
100089,2,1,1992,7,17,0,0,0,0,0,0,0,0
100090,1,1,1992,0,0,17,0,0,0,0,0,0,0
100090,2,1,1992,0,0,0,0,0,0,0,0,0,0
100091,1,1,1992,0,0,0,0,0,0,0,0,0,0
100091,2,1,1992,0,0,0,0,0,0,4,0,0,0
100092,1,1,1992,1,1,1,1,1,1,1,1,1,1
100093,1,1,1992,0,0,0,0,0,0,0,0,0,0
100093,2,1,1992,0,0,0,0,0,0,0,0,0,0
100094,1,1,1992,0,0,0,0,0,0,0,0,0,0
100094,2,1,1992,0,0,0,0,0,0,0,0,0,0
100095,1,1,1992,25,25,25,25,25,25,25,25,25,25
100096,1,1,1992,0,0,0,0,0,0,0,0,0,0
100096,2,1,1992,0,0,0,0,0,0,0,0,0,0
100097,1,1,1992,0,0,0,0,0,0,0,0,0,0
100097,2,1,1992,0,0,0,0,0,0,0,0,0,0
100098,1,1,1992,16,27,24,10,20,22,15,15,18,22
100099,1,1,1992,0,0,0,0,0,0,0,0,0,0
100099,2,1,1992,0,0,0,0,0,0,0,0,0,0
100100,1,1,1992,0,0,0,0,0,0,0,0,0,0
100100,2,1,1992,0,0,0,0,0,0,0,0,0,0
100101,0,1,1992,17,17,17,17,17,17,17,17,17,17
100101,1,1,1992,0,0,0,0,0,0,0,0,0,0
100102,1,1,1992,18,18,18,18,18,18,18,18,18,18
100103,0,1,1992,26,26,26,26,26,26,26,26,26,26
100103,1,1,1992,0,0,0,0,0,0,0,0,0,0
100104,1,1,1992,21,21,21,21,21,21,21,21,21,21
100104,2,1,1992,0,0,0,0,0,0,0,0,0,0
100105,1,1,1992,1,1,1,1,1,1,1,1,1,1
100106,1,1,1992,0,0,0,0,0,0,0,0,0,0
100106,2,1,1992,0,0,0,0,0,0,0,0,0,0
100107,1,1,1992,0,0,0,0,0,0,0,0,0,0
100107,2,1,1992,0,0,0,0,0,0,0,0,0,0
100107,3,1,1992,0,0,0,0,0,0,0,0,0,0
100108,0,1,1992,0,0,0,0,0,0,0,0,0,0
100108,1,1,1992,0,0,0,0,0,0,0,0,0,0
100109,1,1,1992,19,19,19,19,19,19,19,19,19,19
100110,1,1,1992,16,31,18,23,16,33,11,6,27,27
100111,1,1,1992,4,4,4,4,4,4,4,4,4,4
100112,1,1,1992,24,24,24,24,24,24,24,24,24,24
100112,2,1,1992,0,0,0,0,0,0,0,0,0,0
100113,1,1,1992,0,0,0,0,0,0,0,0,0,0
100113,2,1,1992,0,0,0,0,0,0,0,0,0,0
100114,1,1,1992,13,13,13,13,13,13,13,13,13,13
100115,1,1,1992,22,22,22,22,22,22,22,22,22,22
100116,1,1,1992,17,17,17,17,17,17,17,17,17,17
100117,1,1,1992,0,0,0,0,0,0,0,0,0,0
100117,2,1,1992,0,0,0,0,0,0,0,0,0,0
100118,1,1,1992,20,20,20,20,20,20,20,20,20,20
100118,2,1,1992,0,0,0,0,0,0,0,0,0,0
100119,0,1,1992,0,0,0,0,0,0,0,0,0,0
100119,1,1,1992,0,0,0,0,0,0,0,0,0,0
100120,0,1,1992,0,0,0,0,0,0,0,0,0,0
100120,1,1,1992,0,0,0,0,0,0,0,0,0,0
100121,1,1,1992,0,0,0,0,0,0,0,0,0,0
100123,0,1,1992,21,21,21,21,21,21,21,21,21,21
100123,1,1,1992,0,0,0,0,0,0,0,0,0,0
100124,1,1,1992,0,0,0,0,0,0,0,0,0,0
100124,2,1,1992,0,0,0,0,0,0,0,0,0,0
100125,1,1,1992,14,14,14,14,14,14,14,14,14,14
100126,1,1,1992,12,12,12,12,12,12,12,12,12,12
100126,2,1,1992,0,0,0,0,0,0,0,0,0,0
100127,1,1,1992,0,0,0,0,0,0,0,0,0,0
100127,2,1,1992,0,0,0,0,0,0,0,0,0,0
100128,1,1,1992,0,0,0,0,0,0,0,0,0,0
100128,2,1,1992,0,0,0,0,0,0,0,0,0,0
100129,1,1,1992,1,1,1,1,1,1,1,1,1,1
100129,2,1,1992,5,5,5,5,5,5,5,5,5,5
110001,0,1,1992,10,10,10,10,10,10,10,10,10,10
110001,1,1,1992,7,0,0,0,0,0,0,0,3,0
110002,0,1,1992,3,3,3,3,3,3,3,3,3,3
110002,1,1,1992,0,0,0,0,0,0,0,0,0,0
110003,0,1,1992,0,0,0,0,0,0,0,0,0,0
110003,1,1,1992,0,0,0,0,0,0,0,0,0,0
110004,1,1,1992,16,13,0,13,0,27,0,0,0,0
110004,2,1,1992,0,0,0,0,0,0,0,0,0,0
110005,0,1,1992,29,29,29,29,29,29,29,29,29,29
110005,1,1,1992,0,0,0,0,0,0,0,0,0,0
110006,1,1,1992,0,0,0,15,0,0,13,0,0,0
110007,1,1,1992,0,0,0,0,0,0,0,0,0,0
110007,2,1,1992,0,0,0,0,0,0,0,0,0,0
110008,0,1,1992,0,0,0,0,0,0,0,0,0,0
110008,1,1,1992,0,0,0,0,0,0,0,0,0,0
110009,1,1,1992,0,0,0,0,0,8,0,0,0,0
110009,2,1,1992,0,0,0,0,0,0,0,0,0,0
110010,1,1,1992,23,0,15,0,0,0,0,0,0,0
110010,2,1,1992,0,0,18,17,0,0,17,0,0,0
110011,1,1,1992,14,14,14,14,14,14,14,14,14,14
110012,1,1,1992,0,0,0,0,0,0,0,0,0,0
110012,2,1,1992,0,0,0,0,0,0,0,0,0,0
110013,1,1,1992,16,0,0,10,13,0,0,0,0,0
110014,1,1,1992,16,0,30,0,31,0,31,13,21,5
110015,1,1,1992,5,5,5,5,5,5,5,5,5,5
110016,0,1,1992,14,5,9,8,44,0,28,0,17,16
110016,1,1,1992,0,0,16,0,0,0,0,0,0,0
110017,1,1,1992,11,11,11,11,11,11,11,11,11,11
110018,0,1,1992,16,16,16,16,16,16,16,16,16,16
110018,1,1,1992,0,10,0,15,0,0,11,0,0,0
110019,0,1,1992,28,28,28,28,28,28,28,28,28,28
110019,1,1,1992,0,0,0,0,0,0,0,0,0,0
110019,2,1,1992,0,0,0,0,0,0,7,0,0,0
110019,3,1,1992,0,0,0,0,0,0,0,0,0,0
110020,1,1,1992,0,0,0,0,0,0,0,0,0,0
110020,2,1,1992,0,0,0,0,0,0,0,3,0,0
110020,3,1,1992,0,0,0,0,0,0,0,0,0,0
110021,0,1,1992,0,0,0,9,24,21,0,0,16,0
110021,1,1,1992,5,9,0,8,0,0,19,0,0,0
110022,1,1,1992,0,6,0,0,0,0,22,11,14,18
110023,1,1,1992,14,27,5,12,5,0,0,0,0,0
110023,2,1,1992,0,0,0,0,0,0,0,0,0,0
110024,0,1,1992,23,13,0,14,0,34,21,2,0,13
110024,1,1,1992,0,0,0,0,0,0,16,0,0,0
110025,1,1,1992,12,0,0,0,0,7,0,0,0,11
110025,2,1,1992,0,0,0,0,0,0,0,0,0,0
110026,0,1,1992,0,0,0,0,0,0,0,0,0,0
110026,1,1,1992,0,0,0,0,0,0,0,0,0,0
110027,0,1,1992,0,0,0,0,0,0,0,0,0,0
110027,1,1,1992,0,0,0,0,0,0,0,0,0,0