ST_CASE,VEH_NO,PER_NO,YEAR,P1,P2,P3,P4,P5,P6,P7,P8,P9,P10
110028,0,1,1992,0,0,0,0,0,0,0,0,0,0
110028,1,1,1992,0,0,0,0,0,0,0,0,0,0
110029,1,1,1992,0,0,0,0,0,0,0,0,0,0
110030,0,1,1992,0,0,0,0,0,0,0,0,0,0
110030,1,1,1992,0,0,0,0,0,0,0,0,0,0
110031,1,1,1992,0,0,0,7,0,0,0,0,0,20
110032,0,1,1992,0,0,0,0,0,0,0,0,0,0
110032,1,1,1992,0,0,0,0,0,0,0,0,0,0
110033,1,1,1992,4,4,4,4,4,4,4,4,4,4
110033,2,1,1992,16,7,14,14,6,8,2,16,10,10
110033,3,1,1992,8,8,8,8,8,8,8,8,8,8
110034,1,1,1992,30,0,0,0,18,14,0,16,25,0
110035,1,1,1992,0,0,0,0,0,0,0,0,0,0
110035,2,1,1992,0,0,0,0,0,0,0,0,0,0
110035,3,1,1992,0,0,0,0,0,0,0,0,0,0
110036,1,1,1992,20,0,13,19,11,30,41,11,4,28
110037,1,1,1992,0,0,0,0,0,0,0,0,0,0
110037,2,1,1992,0,0,0,0,0,0,0,0,0,0
110038,1,1,1992,18,0,0,0,12,24,0,0,0,0
110039,1,1,1992,25,19,29,14,21,14,27,21,9,21
110040,0,1,1992,26,0,0,6,0,0,0,0,0,0
110040,1,1,1992,0,0,0,0,0,0,0,0,0,0
110041,1,1,1992,0,15,7,18,0,11,19,12,20,25
110041,2,1,1992,0,0,0,0,0,0,0,0,0,0
110042,1,1,1992,0,3,0,0,0,23,0,3,0,9
110042,2,1,1992,0,8,0,0,0,0,11,0,0,0
110043,1,1,1992,0,0,0,0,0,0,0,0,0,0
110044,1,1,1992,9,17,18,15,9,14,9,20,6,5
110045,0,1,1992,10,0,25,0,12,9,21,0,9,0
110045,1,1,1992,8,8,8,8,8,8,8,8,8,8
110046,1,1,1992,27,20,0,0,0,0,0,0,13,0
110046,2,1,1992,0,13,0,23,0,0,0,11,17,21
110047,1,1,1992,0,0,0,0,0,0,0,0,0,0
110047,2,1,1992,0,0,0,0,0,0,0,0,0,0
120001,0,1,1992,36,36,36,36,36,36,36,36,36,36
120001,1,1,1992,0,0,0,0,0,0,0,0,0,0
120002,1,1,1992,11,11,11,11,11,11,11,11,11,11
120002,2,1,1992,22,22,22,22,22,22,22,22,22,22
120003,1,1,1992,15,15,15,15,15,15,15,15,15,15
120004,1,1,1992,26,26,26,26,26,26,26,26,26,26
120005,1,1,1992,2,2,2,2,2,2,2,2,2,2
120005,2,1,1992,0,0,0,0,0,0,0,0,0,0
120006,1,1,1992,0,0,0,0,0,0,0,0,0,0
120006,2,1,1992,0,0,0,0,0,0,0,0,0,0
120007,1,1,1992,0,0,0,0,0,0,0,0,0,0
120007,2,1,1992,0,0,0,0,0,0,0,0,0,0
120007,3,1,1992,0,32,0,0,0,0,0,0,0,0
120007,4,1,1992,0,0,0,0,0,0,0,0,0,0
120007,5,1,1992,0,0,0,0,0,0,0,0,0,0
120008,1,1,1992,0,0,0,0,0,0,0,0,0,0
120008,2,1,1992,0,0,0,0,0,0,0,0,0,0
120009,1,1,1992,0,0,0,0,0,0,0,0,0,0
120009,2,1,1992,15,15,15,15,15,15,15,15,15,15
120010,1,1,1992,0,0,0,0,0,0,0,0,0,0
120010,2,1,1992,0,0,0,0,0,0,12,0,0,0
120011,1,1,1992,0,0,0,0,0,0,0,0,0,0
120011,2,1,1992,0,0,0,0,0,0,0,0,0,0
120012,1,1,1992,14,14,14,14,14,14,14,14,14,14
120012,2,1,1992,23,18,0,0,10,0,11,0,0,12
120013,1,1,1992,15,15,15,15,15,15,15,15,15,15
120014,0,1,1992,0,0,0,0,0,0,0,0,0,0
120014,1,1,1992,0,0,0,0,0,0,0,0,0,0
120015,1,1,1992,0,0,0,0,0,0,0,0,0,0
120015,2,1,1992,0,0,0,0,0,0,0,0,0,0
120016,1,1,1992,26,26,26,26,26,26,26,26,26,26
120017,1,1,1992,24,24,24,24,24,24,24,24,24,24
120017,2,1,1992,0,0,0,0,0,0,0,0,0,0
120018,1,1,1992,0,0,0,0,0,0,0,0,0,0
120018,2,1,1992,0,0,0,0,0,0,0,0,0,0
120019,1,1,1992,0,0,0,0,0,0,0,0,0,0
120019,2,1,1992,0,0,0,0,0,0,0,0,0,0
120019,3,1,1992,0,0,0,0,0,0,0,0,0,0
120020,1,1,1992,0,0,0,0,24,0,0,0,0,17
120020,2,1,1992,0,0,0,0,0,0,0,0,0,0
120021,1,1,1992,11,11,11,11,11,11,11,11,11,11
120022,1,1,1992,0,0,0,0,0,0,0,0,0,0
120022,2,1,1992,0,0,0,0,0,0,0,0,0,0
120023,1,1,1992,0,0,0,0,0,0,0,0,0,0
120023,2,1,1992,0,0,0,0,0,0,0,0,0,0
120024,1,1,1992,17,17,17,17,17,17,17,17,17,17
120024,2,1,1992,0,0,0,0,0,0,0,0,0,0
120025,0,1,1992,0,0,0,0,0,0,0,0,0,0
120025,1,1,1992,0,0,0,0,0,0,0,0,0,0
120026,1,1,1992,17,17,17,17,17,17,17,17,17,17
120027,1,1,1992,17,17,17,17,17,17,17,17,17,17
120028,1,1,1992,23,23,23,23,23,23,23,23,23,23
120028,2,1,1992,23,23,23,23,23,23,23,23,23,23
120029,1,1,1992,20,20,20,20,20,20,20,20,20,20
120030,1,1,1992,0,0,0,0,0,0,0,0,0,0
120031,0,1,1992,0,0,0,0,0,0,0,0,0,0
120031,0,2,1992,0,0,0,0,0,21,13,0,0,0
120031,1,1,1992,0,0,0,0,0,0,0,0,0,0
120032,1,1,1992,0,20,0,4,0,0,0,0,0,0
120032,2,1,1992,0,0,0,0,12,10,0,0,0,0
120033,0,1,1992,17,17,17,17,17,17,17,17,17,17
120033,1,1,1992,0,27,0,0,0,0,0,5,0,0
120034,1,1,1992,0,0,0,0,0,0,0,0,0,0
120034,2,1,1992,0,0,0,0,0,0,0,0,0,0
120035,1,1,1992,13,13,13,13,13,13,13,13,13,13
120036,0,1,1992,0,0,0,0,0,0,0,0,0,0
120036,1,1,1992,0,0,0,0,0,0,0,0,0,0
120037,0,1,1992,15,15,15,15,15,15,15,15,15,15
120037,1,1,1992,0,0,0,0,0,0,0,0,0,0
120038,1,1,1992,0,0,0,0,0,0,0,0,0,0
120038,2,1,1992,0,0,0,0,0,0,0,0,0,0
120039,1,1,1992,0,0,0,0,0,0,0,0,0,0
120039,2,1,1992,0,0,0,0,0,0,0,0,0,0
120040,1,1,1992,20,20,20,20,20,20,20,20,20,20
120041,1,1,1992,0,0,0,0,0,0,0,0,0,0
120042,1,1,1992,25,25,25,25,25,25,25,25,25,25
120043,0,1,1992,0,0,0,0,0,0,0,0,0,0
120043,1,1,1992,0,0,0,0,0,0,0,0,0,0
120044,1,1,1992,15,15,15,15,15,15,15,15,15,15
120045,1,1,1992,0,0,0,0,0,0,0,0,0,0
120045,2,1,1992,0,0,0,0,0,0,0,0,0,0
120046,1,1,1992,0,0,0,0,0,0,0,0,0,0
120046,2,1,1992,20,20,20,20,20,20,20,20,20,20
120047,0,1,1992,0,0,0,0,0,0,0,0,0,0
120047,1,1,1992,0,0,0,0,0,0,0,0,0,0
120048,1,1,1992,0,0,0,0,0,0,0,0,0,0
120048,2,1,1992,0,0,0,0,0,0,0,0,0,0
120049,1,1,1992,18,18,18,18,18,18,18,18,18,18
120050,1,1,1992,0,0,0,0,0,0,0,0,18,7
120050,2,1,1992,0,0,0,0,0,0,0,21,0,0
120051,1,1,1992,18,18,18,18,18,18,18,18,18,18
120051,2,1,1992,0,0,0,0,0,0,0,0,0,0
120052,1,1,1992,0,0,0,0,0,0,0,0,0,0
120052,2,1,1992,0,0,0,0,0,0,0,0,0,0
120053,0,1,1992,0,0,0,0,0,0,0,0,0,0
120053,1,1,1992,0,0,0,0,0,0,0,0,0,0
120054,1,1,1992,0,0,0,0,0,4,0,0,0,0
120055,1,1,1992,0,14,0,0,0,10,0,0,5,0
120055,2,1,1992,0,0,0,0,0,0,0,0,0,0
120055,3,1,1992,0,0,0,0,0,0,0,0,0,0
120056,0,1,1992,0,0,0,0,0,0,0,0,0,0
120056,1,1,1992,0,0,12,0,0,0,0,0,0,0
120057,1,1,1992,16,16,16,16,16,16,16,16,16,16
120058,0,1,1992,27,27,27,27,27,27,27,27,27,27
120058,1,1,1992,27,27,27,27,27,27,27,27,27,27
120059,1,1,1992,0,0,0,0,0,0,0,0,0,0
120059,2,1,1992,0,0,0,0,0,0,0,0,0,0
120060,0,1,1992,4,4,4,4,4,4,4,4,4,4
120060,1,1,1992,0,0,0,0,0,0,0,0,0,0
120061,1,1,1992,0,0,0,0,0,0,0,0,0,0
120062,1,1,1992,0,20,6,3,15,5,0,0,0,0
120062,2,1,1992,0,0,0,0,0,0,0,0,0,0
120063,1,1,1992,19,19,19,19,19,19,19,19,19,19
120064,1,1,1992,0,0,0,0,0,0,0,0,0,0
120065,0,1,1992,0,0,0,0,0,0,0,0,0,0
120065,1,1,1992,0,0,0,4,0,0,0,0,0,0
120066,1,1,1992,0,0,0,0,0,0,0,0,0,0
120066,2,1,1992,0,0,0,0,0,0,0,0,0,0
120067,0,1,1992,0,0,0,0,0,0,0,8,0,0
120067,1,1,1992,0,0,0,16,4,0,0,0,0,0
120068,1,1,1992,0,0,0,0,0,0,0,0,0,0
120068,2,1,1992,0,0,0,0,0,0,0,0,0,0
120068,3,1,1992,0,0,8,0,0,0,7,0,0,0
120069,0,1,1992,0,0,0,0,0,0,0,0,0,0
120069,1,1,1992,0,0,0,0,0,0,0,0,0,0
120071,1,1,1992,14,14,14,14,14,14,14,14,14,14
120072,1,1,1992,27,27,27,27,27,27,27,27,27,27
120073,1,1,1992,0,0,0,0,0,0,0,0,0,0
120074,1,1,1992,16,16,16,16,16,16,16,16,16,16
120075,1,1,1992,0,0,0,0,0,0,0,0,0,0
120075,2,1,1992,0,0,0,0,0,13,0,0,0,0
120076,0,1,1992,0,0,0,0,0,0,0,0,0,0
120076,1,1,1992,0,0,0,0,12,0,0,0,0,0
120077,0,1,1992,0,0,0,0,0,0,0,0,0,0
120077,1,1,1992,4,0,0,0,0,0,0,0,0,0
120078,1,1,1992,28,28,28,28,28,28,28,28,28,28
120079,1,1,1992,0,0,0,0,17,0,0,2,0,0
120079,2,1,1992,0,0,0,0,0,0,0,0,0,0
120080,1,1,1992,0,0,3,0,0,0,0,0,0,0
120080,2,1,1992,0,0,0,0,0,0,0,0,0,0
120081,1,1,1992,25,25,25,25,25,25,25,25,25,25
120082,1,1,1992,0,0,0,0,0,0,0,0,0,0
120083,0,1,1992,0,0,0,0,0,0,0,0,0,0
120083,0,2,1992,0,23,0,9,19,0,0,6,0,0
120083,1,1,1992,0,0,0,0,0,0,0,0,0,0
120084,1,1,1992,10,19,0,5,0,0,0,0,0,0
120085,1,1,1992,14,14,14,14,14,14,14,14,14,14
120085,2,1,1992,0,0,0,0,0,0,0,0,0,0
120086,1,1,1992,0,0,0,0,0,0,0,0,0,0
120087,1,1,1992,17,17,17,17,17,17,17,17,17,17
120088,1,1,1992,31,31,31,31,31,31,31,31,31,31
120089,1,1,1992,0,0,0,0,0,0,0,0,0,0
120089,2,1,1992,0,0,0,0,0,0,0,0,0,0
120090,1,1,1992,15,15,15,15,15,15,15,15,15,15
120090,2,1,1992,0,0,0,0,0,0,0,0,0,0
120091,0,1,1992,0,0,0,0,13,0,0,0,0,0
120091,1,1,1992,0,7,0,0,0,0,0,0,0,0
120092,0,1,1992,0,0,0,0,0,0,0,0,0,0
120092,1,1,1992,14,0,0,0,0,0,0,0,0,0
120093,1,1,1992,0,0,0,0,0,0,0,0,0,0
120093,2,1,1992,0,0,0,0,0,0,0,0,0,0
120094,1,1,1992,0,0,0,0,0,0,0,0,0,0
120094,2,1,1992,0,0,0,0,0,0,0,0,0,0
120095,1,1,1992,18,18,18,18,18,18,18,18,18,18
120096,0,1,1992,0,0,0,0,0,0,0,0,0,0
120096,1,1,1992,0,0,0,0,0,0,0,0,0,0
120097,0,1,1992,0,0,0,0,0,0,0,0,0,0
120097,1,1,1992,0,0,0,0,0,0,0,0,0,0
120098,1,1,1992,0,0,0,0,0,0,0,0,6,0
120098,2,1,1992,0,0,0,0,0,0,0,0,0,0
120099,1,1,1992,23,23,23,23,23,23,23,23,23,23
120100,1,1,1992,0,0,0,0,0,0,0,0,0,0
120101,1,1,1992,0,0,0,0,16,0,0,0,0,0
120101,2,1,1992,21,21,21,21,21,21,21,21,21,21
120102,1,1,1992,23,23,23,23,23,23,23,23,23,23
120103,1,1,1992,29,29,29,29,29,29,29,29,29,29
120103,2,1,1992,0,0,0,0,0,0,0,0,0,0
120104,1,1,1992,16,16,16,16,16,16,16,16,16,16
120104,2,1,1992,0,0,0,0,0,0,18,0,0,0
120106,1,1,1992,0,0,0,0,0,0,0,0,0,0
120106,2,1,1992,0,0,0,0,0,0,0,0,0,0
120107,1,1,1992,0,0,0,0,0,0,0,0,0,0
120107,2,1,1992,0,0,0,0,0,0,0,0,0,0
120108,1,1,1992,19,19,19,19,19,19,19,19,19,19
120109,1,1,1992,21,21,21,21,21,21,21,21,21,21
120109,2,1,1992,0,0,0,0,0,0,0,0,0,0
120110,0,3,1992,0,6,0,17,0,0,0,0,12,24
120110,0,4,1992,0,0,0,0,0,0,0,0,0,0
120110,1,1,1992,0,0,0,0,0,0,0,0,0,0
120111,1,1,1992,0,0,0,0,0,0,0,0,0,0
120112,1,1,1992,0,0,0,0,0,0,0,0,0,0
120112,2,1,1992,0,0,0,0,0,0,0,0,0,0
120113,1,1,1992,0,0,0,0,0,0,0,0,0,0
120114,1,1,1992,9,9,9,9,9,9,9,9,9,9
120114,2,1,1992,0,0,0,0,0,0,0,0,0,0
120115,1,1,1992,0,0,0,0,0,0,0,0,0,0
120115,2,1,1992,0,0,0,0,0,0,0,0,0,0
120116,1,1,1992,0,0,0,0,0,0,0,0,0,0
120117,1,1,1992,0,0,0,0,0,0,0,0,0,0
120117,2,1,1992,0,0,0,0,0,0,0,0,0,0
120118,1,1,1992,22,22,22,22,22,22,22,22,22,22
120118,2,1,1992,0,0,0,0,0,0,6,0,0,0
120119,1,1,1992,0,0,0,0,0,0,0,0,0,0
120119,2,1,1992,0,0,0,0,0,0,0,0,4,0
120120,1,1,1992,0,0,0,0,0,0,0,0,0,0
120120,2,1,1992,0,0,0,0,0,0,0,0,5,0
120121,1,1,1992,0,0,0,0,0,0,0,0,0,0
120121,2,1,1992,0,0,0,0,0,0,0,0,0,0
120122,0,1,1992,20,20,20,20,20,20,20,20,20,20
120122,1,1,1992,0,0,0,0,0,0,5,0,0,0
120123,1,1,1992,0,0,0,0,0,0,0,0,0,0
120124,0,1,1992,0,25,13,0,10,0,29,12,28,11
120124,1,1,1992,12,10,16,0,14,0,0,22,20,7
120125,1,1,1992,19,19,19,19,19,19,19,19,19,19
120125,2,1,1992,14,14,14,14,14,14,14,14,14,14
120126,1,1,1992,0,0,0,0,0,0,0,0,0,0
120127,1,1,1992,34,19,18,9,17,14,13,18,12,0
120128,1,1,1992,0,0,0,0,0,0,0,0,0,0
120128,2,1,1992,0,10,0,0,0,0,0,0,0,0
120129,1,1,1992,0,0,0,0,0,0,0,0,0,0
120129,2,1,1992,0,0,14,0,0,0,0,0,0,0
120130,1,1,1992,0,0,0,0,0,0,0,0,0,0
120130,2,1,1992,0,0,0,0,0,0,0,0,0,0
120130,3,1,1992,0,0,0,0,0,0,0,0,0,0
120131,1,1,1992,7,7,7,7,7,7,7,7,7,7
120132,1,1,1992,0,0,0,0,0,0,0,0,0,0
120132,2,1,1992,0,0,0,0,0,0,0,0,0,0
120132,3,1,1992,0,0,0,0,0,0,0,0,0,0
120133,1,1,1992,0,0,0,0,0,0,0,0,0,0
120134,1,1,1992,0,0,0,0,0,0,0,0,0,0
120134,2,1,1992,0,0,0,0,0,0,0,0,0,0
120135,1,1,1992,17,17,17,17,17,17,17,17,17,17
120136,1,1,1992,18,0,17,20,13,4,6,16,14,29
120136,2,1,1992,0,0,0,0,0,0,0,0,0,0
120136,3,1,1992,0,0,0,0,0,0,0,0,0,0
120137,1,1,1992,4,4,4,4,4,4,4,4,4,4
120137,2,1,1992,15,15,15,15,15,15,15,15,15,15
120138,0,1,1992,0,0,0,0,0,0,0,0,0,0
120138,1,1,1992,0,0,0,0,0,0,0,0,0,0
120139,0,1,1992,0,0,0,0,0,0,10,0,0,9
120139,1,1,1992,0,0,0,0,0,0,0,0,0,0
120140,0,1,1992,0,0,0,0,0,0,0,0,0,0
120140,0,2,1992,10,0,5,0,8,0,18,3,0,0
120140,1,1,1992,0,0,8,0,0,0,0,0,0,0
120141,1,1,1992,11,11,11,11,11,11,11,11,11,11
120141,2,1,1992,0,0,0,0,0,0,0,0,0,0
120141,3,1,1992,0,0,0,0,0,0,0,0,0,9
120142,1,1,1992,0,0,0,0,0,0,0,0,0,0
120142,2,1,1992,0,0,0,0,3,0,0,0,0,0
120143,0,1,1992,51,0,0,0,26,0,0,35,6,21
120143,1,1,1992,15,13,20,0,0,0,0,0,0,0
120144,1,1,1992,0,18,19,0,0,8,0,0,16,0
120144,2,1,1992,0,0,0,0,0,0,0,0,0,0
120145,1,1,1992,2,2,2,2,2,2,2,2,2,2
120145,2,1,1992,0,0,0,0,0,0,0,0,0,0
120146,1,1,1992,28,28,28,28,28,28,28,28,28,28
120146,2,1,1992,0,0,0,0,0,6,0,0,6,0
120147,0,1,1992,0,0,0,0,0,0,0,0,0,0
120147,1,1,1992,0,0,0,0,0,0,0,0,0,0
120148,0,1,1992,0,0,0,0,0,0,0,0,0,0
120148,1,1,1992,0,0,0,0,0,0,0,0,0,0
120149,0,1,1992,17,0,0,20,38,0,20,2,61,35
120149,1,1,1992,0,0,0,0,0,0,0,0,0,0
120150,1,1,1992,0,0,0,0,0,0,0,0,0,0
120150,2,1,1992,0,0,0,0,0,0,0,0,0,0
120151,0,1,1992,0,0,0,0,0,0,0,0,0,0
120151,1,1,1992,0,0,0,0,0,0,0,0,0,0
120152,1,1,1992,17,17,17,17,17,17,17,17,17,17
120153,1,1,1992,0,0,0,0,0,0,0,0,0,0
120153,2,1,1992,0,0,0,0,0,0,0,0,0,0
120154,0,1,1992,0,0,11,27,0,16,0,39,0,12
120154,1,1,1992,0,0,0,0,0,0,0,0,0,0
120155,0,1,1992,16,16,16,16,16,16,16,16,16,16
120155,1,1,1992,0,0,0,0,0,0,0,0,14,0
120156,1,1,1992,28,28,28,28,28,28,28,28,28,28
120157,1,1,1992,21,21,21,21,21,21,21,21,21,21
120158,1,1,1992,0,0,0,0,9,0,0,26,0,0
120159,1,1,1992,0,0,0,0,0,0,0,10,0,0
120159,2,1,1992,14,12,16,12,11,0,26,13,13,16
120160,1,1,1992,9,9,9,9,9,9,9,9,9,9
120161,0,1,1992,20,21,0,7,20,0,26,17,0,0
120161,1,1,1992,0,7,0,0,0,0,0,0,0,0
120162,0,1,1992,0,0,0,0,0,0,0,0,0,0
120162,1,1,1992,0,0,0,0,0,0,0,0,0,0
120163,1,1,1992,21,21,21,21,21,21,21,21,21,21
120164,1,1,1992,0,0,0,0,0,0,0,0,0,0
120164,2,1,1992,14,14,14,14,14,14,14,14,14,14
120165,0,1,1992,29,29,29,29,29,29,29,29,29,29
120165,1,1,1992,0,0,0,0,0,0,0,0,0,0
120166,1,1,1992,19,19,19,19,19,19,19,19,19,19
120167,1,1,1992,17,17,17,17,17,17,17,17,17,17
120168,1,1,1992,27,27,27,27,27,27,27,27,27,27
120168,2,1,1992,0,0,0,0,0,0,0,0,0,17
120169,0,1,1992,0,0,0,0,0,0,0,0,0,0
120169,0,2,1992,0,0,0,46,0,18,21,0,0,0
120169,1,1,1992,0,10,0,0,0,0,0,0,0,0
120171,1,1,1992,0,0,0,0,0,0,0,0,0,0
120171,2,1,1992,8,8,8,8,8,8,8,8,8,8
120172,0,1,1992,0,0,0,0,0,0,0,0,0,0
120172,1,1,1992,0,10,0,0,0,0,0,0,0,0
120173,1,1,1992,0,0,0,0,0,0,0,0,0,0
120173,2,1,1992,0,0,0,0,0,0,0,0,4,0
120174,0,1,1992,0,0,0,0,0,0,0,0,0,0
120174,1,1,1992,0,0,0,0,0,0,0,0,0,0
120175,1,1,1992,27,27,27,27,27,27,27,27,27,27
120175,2,1,1992,0,0,0,0,0,0,0,0,0,0
120176,1,1,1992,23,23,23,23,23,23,23,23,23,23
120177,1,1,1992,0,0,0,0,0,0,0,0,0,0
120177,2,1,1992,0,0,0,0,0,0,0,0,0,0
120177,3,1,1992,0,0,0,6,0,0,0,0,0,0
120178,1,1,1992,17,17,17,17,17,17,17,17,17,17
120178,2,1,1992,7,7,7,7,7,7,7,7,7,7
120179,0,1,1992,0,0,0,0,0,0,0,0,0,0
120179,1,1,1992,1,1,1,1,1,1,1,1,1,1
120180,1,1,1992,0,0,0,0,0,0,0,0,11,0
120180,2,1,1992,0,0,0,0,0,0,0,0,0,0
120180,3,1,1992,13,0,0,14,12,0,0,0,0,19
120181,1,1,1992,0,0,0,0,0,0,0,0,0,0
120181,2,1,1992,0,0,0,0,0,0,0,0,0,0
120182,1,1,1992,28,28,28,28,28,28,28,28,28,28
120183,1,1,1992,0,0,0,0,12,0,0,0,0,36
120183,2,1,1992,0,0,0,0,0,0,0,0,0,0
120184,1,1,1992,0,0,0,0,0,0,0,0,0,0
120186,1,1,1992,0,0,0,0,0,0,0,0,0,0
120186,2,1,1992,0,0,0,0,0,0,0,0,0,0
120186,3,1,1992,0,0,0,0,0,0,0,17,13,16
120187,1,1,1992,3,3,3,3,3,3,3,3,3,3
120187,2,1,1992,0,0,0,0,0,0,0,0,0,0
120188,1,1,1992,0,0,0,0,0,0,0,0,0,0
120188,2,1,1992,0,0,0,0,0,0,0,0,0,0
120189,1,1,1992,21,21,21,21,21,21,21,21,21,21
120190,1,1,1992,0,0,0,0,0,0,0,0,0,0
120191,1,1,1992,0,0,0,0,0,0,0,0,0,0
120192,1,1,1992,0,0,0,0,0,0,0,0,0,0
120193,0,1,1992,17,17,17,17,17,17,17,17,17,17
120193,1,1,1992,0,0,0,0,0,0,0,0,0,0
120193,2,1,1992,0,0,20,0,0,0,13,0,0,0
120193,3,1,1992,0,0,0,0,6,0,0,0,0,0
120194,1,1,1992,0,0,0,0,0,0,0,0,0,0
120195,1,1,1992,15,15,15,15,15,15,15,15,15,15
120195,2,1,1992,0,0,0,0,0,0,0,0,0,0
120195,3,1,1992,15,15,15,15,15,15,15,15,15,15
120196,1,1,1992,0,0,0,0,0,0,0,0,0,0
120196,2,1,1992,0,0,0,0,0,0,0,0,0,0
120196,3,1,1992,0,0,0,0,0,0,0,0,0,0
120197,1,1,1992,0,0,0,0,0,0,0,0,0,0
120197,2,1,1992,0,0,0,0,0,0,5,0,0,0
120198,1,1,1992,13,13,13,13,13,13,13,13,13,13
120199,1,1,1992,19,19,19,19,19,19,19,19,19,19
120199,2,1,1992,0,0,0,0,0,0,0,0,0,0
120200,0,1,1992,7,7,7,7,7,7,7,7,7,7
120200,1,1,1992,12,21,0,0,0,0,0,0,18,0
120201,0,1,1992,20,20,20,20,20,20,20,20,20,20
120201,1,1,1992,19,19,19,19,19,19,19,19,19,19
120202,1,1,1992,0,0,0,0,0,0,0,0,0,0
120202,2,1,1992,0,0,0,0,0,0,0,0,0,0
120203,1,1,1992,0,0,0,0,0,0,0,0,0,0
120204,1,1,1992,30,30,30,30,30,30,30,30,30,30
120205,1,1,1992,4,4,4,4,4,4,4,4,4,4
120206,1,1,1992,16,0,7,0,21,23,10,0,0,0
120207,1,1,1992,0,0,0,0,0,0,0,0,0,0
120208,1,1,1992,0,0,0,0,0,0,0,0,0,0
120209,0,1,1992,0,0,0,0,0,0,0,0,0,0
120209,1,1,1992,0,0,0,0,0,16,6,0,0,0
120210,1,1,1992,0,0,0,0,0,0,0,0,0,0
120210,2,1,1992,0,0,0,0,0,0,0,0,0,0
120211,1,1,1992,0,0,0,0,0,0,0,0,0,0
120211,2,1,1992,0,0,0,0,0,0,0,0,0,0
120212,1,1,1992,15,18,36,8,0,0,19,0,14,23
120213,1,1,1992,18,18,18,18,18,18,18,18,18,18
120214,1,3,1992,0,11,6,0,0,0,0,0,0,0
120215,1,1,1992,0,25,28,0,35,21,0,0,31,0
120216,1,1,1992,0,0,0,0,0,0,0,0,0,0
120217,0,1,1992,0,0,0,0,0,0,0,0,0,0
120217,0,2,1992,0,0,0,0,8,0,0,0,0,0
120217,1,1,1992,0,0,0,0,0,0,0,0,0,0
120218,0,1,1992,24,24,24,24,24,24,24,24,24,24
120218,1,1,1992,7,19,19,15,4,18,0,9,23,10
120219,1,1,1992,9,9,9,9,9,9,9,9,9,9
120219,2,1,1992,22,22,22,22,22,22,22,22,22,22
120220,1,1,1992,0,0,0,0,0,0,0,0,0,0
120221,1,1,1992,0,29,23,18,0,13,12,12,0,0
120222,0,1,1992,24,24,24,24,24,24,24,24,24,24
120222,1,1,1992,0,0,22,17,0,0,0,0,0,0
120223,0,1,1992,0,0,0,0,0,0,0,0,0,0
120223,1,1,1992,0,0,0,0,0,0,16,0,21,0
120224,1,1,1992,23,23,23,23,23,23,23,23,23,23
120225,0,1,1992,0,0,13,0,0,0,0,0,0,0
120225,1,1,1992,0,0,0,0,0,0,0,0,0,0
120226,1,1,1992,0,0,0,0,0,0,0,0,0,0
120226,2,1,1992,0,0,0,0,0,0,0,0,0,0
120227,1,1,1992,5,5,5,5,5,5,5,5,5,5
120227,2,1,1992,0,0,0,0,0,0,0,0,0,0
120228,1,1,1992,0,0,0,0,0,0,0,0,0,0
120228,2,1,1992,0,0,0,0,24,0,0,0,0,0
120228,3,1,1992,0,0,0,0,0,0,0,0,0,0
120229,1,1,1992,4,0,15,0,0,0,0,0,0,0
120229,2,1,1992,0,0,0,0,0,0,15,0,0,0
120230,1,1,1992,0,0,0,0,0,0,0,0,0,0
120230,2,1,1992,0,0,0,0,0,0,0,0,0,0
120232,1,1,1992,0,0,11,0,0,15,0,0,0,0
120232,2,1,1992,0,0,0,0,0,0,0,0,0,0
120232,3,1,1992,0,0,0,0,0,0,0,0,0,0
120233,0,1,1992,0,0,0,0,0,0,0,0,0,0
120233,1,1,1992,0,0,0,0,0,0,0,0,0,0
120234,1,1,1992,0,0,0,0,0,0,0,0,0,0
120235,1,1,1992,0,0,0,0,0,0,0,0,0,0
120235,2,1,1992,0,13,24,0,24,30,0,8,0,0
120236,1,1,1992,5,5,5,5,5,5,5,5,5,5
120237,1,1,1992,0,0,0,0,0,0,0,0,0,0
120237,2,1,1992,17,23,0,0,0,0,0,0,0,0
120238,1,1,1992,15,15,15,15,15,15,15,15,15,15
120238,2,1,1992,0,0,0,0,0,0,0,0,0,0
120239,1,1,1992,0,0,20,0,0,0,0,0,0,0
120240,1,1,1992,14,14,14,14,14,14,14,14,14,14
120241,0,1,1992,0,0,0,0,0,0,0,0,0,0
120241,1,1,1992,23,23,23,23,23,23,23,23,23,23
120242,1,1,1992,29,29,29,29,29,29,29,29,29,29
120242,2,1,1992,34,7,0,0,0,10,0,9,0,0
120243,1,1,1992,0,0,0,0,8,0,0,0,0,11
120243,2,1,1992,0,0,0,0,0,0,0,0,0,0
120244,1,1,1992,0,0,0,0,15,0,0,6,0,0
120244,2,1,1992,0,0,0,0,0,0,0,0,0,0