ST_CASE,VEH_NO,PER_NO,YEAR,P1,P2,P3,P4,P5,P6,P7,P8,P9,P10
120245,1,1,1992,8,8,8,8,8,8,8,8,8,8
120246,1,1,1992,16,6,21,0,31,21,12,10,16,0
120247,0,1,1992,0,0,0,0,0,0,10,15,0,0
120247,1,1,1992,0,0,0,0,0,0,0,0,0,0
120248,1,1,1992,20,20,20,20,20,20,20,20,20,20
120249,1,1,1992,18,18,18,18,18,18,18,18,18,18
120250,1,1,1992,0,0,0,0,0,0,0,0,0,0
120250,2,1,1992,0,0,0,0,0,0,0,0,0,0
120252,1,1,1992,0,0,0,30,27,16,0,0,0,0
120253,1,1,1992,0,0,0,0,0,0,0,0,0,0
120253,2,1,1992,0,0,0,0,0,0,0,0,0,0
120253,3,1,1992,0,0,0,0,0,0,0,0,0,0
120253,4,1,1992,0,0,0,0,0,0,0,0,0,0
120254,1,1,1992,15,15,15,15,15,15,15,15,15,15
120254,2,1,1992,0,0,0,0,0,0,0,0,0,0
120254,3,1,1992,0,0,0,0,0,0,0,0,0,0
120255,1,1,1992,0,0,0,0,0,0,0,0,0,0
120255,2,1,1992,0,0,0,0,0,0,0,0,0,0
120256,1,1,1992,14,14,14,14,14,14,14,14,14,14
120257,0,1,1992,0,0,0,0,0,0,0,0,0,0
120257,1,1,1992,0,0,0,0,0,0,0,0,0,0
120259,0,1,1992,0,0,0,0,0,0,0,0,0,0
120259,1,1,1992,0,0,0,0,0,0,0,0,0,0
120260,1,1,1992,0,0,0,0,0,0,0,0,0,0
120260,2,1,1992,0,8,0,8,0,0,0,0,0,0
120261,1,1,1992,19,19,19,19,19,19,19,19,19,19
120262,1,1,1992,17,17,17,17,17,17,17,17,17,17
120262,2,1,1992,0,0,0,0,0,0,0,0,0,0
120263,1,1,1992,12,12,12,12,12,12,12,12,12,12
120263,2,1,1992,0,0,0,0,0,0,0,0,0,0
120265,1,1,1992,18,18,18,18,18,18,18,18,18,18
120266,1,1,1992,0,0,0,0,0,0,0,0,0,0
120266,2,1,1992,0,0,0,0,0,0,0,0,0,0
120267,1,1,1992,18,0,0,0,0,0,0,0,0,0
120268,1,1,1992,0,0,0,0,0,0,0,0,0,0
120268,2,1,1992,6,0,0,0,0,0,0,0,0,0
120269,1,1,1992,18,18,18,18,18,18,18,18,18,18
120269,2,1,1992,20,20,20,20,20,20,20,20,20,20
120270,1,1,1992,14,14,14,14,14,14,14,14,14,14
120271,1,1,1992,11,11,11,11,11,11,11,11,11,11
120271,2,1,1992,0,0,0,0,0,0,0,0,0,0
120272,1,1,1992,0,0,0,0,0,0,0,0,0,0
120272,2,1,1992,0,0,0,0,0,0,0,0,0,0
120272,3,1,1992,0,0,0,0,0,0,0,0,0,0
120272,4,1,1992,0,0,0,0,0,0,0,0,0,0
120273,1,1,1992,28,28,28,28,28,28,28,28,28,28
120274,1,1,1992,13,13,13,13,13,13,13,13,13,13
120275,1,1,1992,0,0,0,0,0,0,0,0,0,0
120275,2,1,1992,0,0,0,0,0,0,0,0,0,0
120276,0,1,1992,5,5,5,5,5,5,5,5,5,5
120276,1,1,1992,13,13,13,13,13,13,13,13,13,13
120277,1,1,1992,22,22,22,22,22,22,22,22,22,22
120278,1,1,1992,0,0,0,0,0,0,0,0,0,0
120279,0,1,1992,25,25,25,25,25,25,25,25,25,25
120279,1,1,1992,0,0,0,0,0,0,0,0,0,0
120280,1,1,1992,0,0,13,0,0,16,0,6,0,0
120280,2,1,1992,0,0,0,0,0,0,0,0,0,0
120281,0,1,1992,0,0,0,0,0,0,0,0,0,0
120281,0,2,1992,14,22,0,0,19,0,0,0,0,0
120281,1,1,1992,0,0,0,0,0,0,0,0,0,0
120282,1,1,1992,0,0,0,0,0,0,0,0,0,0
120283,1,1,1992,0,0,0,0,0,0,0,0,0,0
120284,0,1,1992,0,0,0,0,0,0,0,0,0,0
120284,1,1,1992,0,0,0,0,0,0,0,0,0,0
120285,0,1,1992,0,0,0,0,0,0,0,0,0,0
120285,1,1,1992,0,0,0,0,0,0,0,0,0,0
120286,1,1,1992,0,0,0,0,0,8,0,0,0,14
120287,0,1,1992,0,7,0,0,0,0,0,0,0,0
120287,1,1,1992,0,0,14,0,0,0,0,0,0,0
120288,0,1,1992,0,0,0,0,0,0,0,0,0,0
120288,1,1,1992,0,0,0,0,0,0,0,0,0,0
120288,2,1,1992,0,0,0,0,0,0,0,0,25,0
120289,0,1,1992,17,17,17,17,17,17,17,17,17,17
120289,1,1,1992,0,0,0,0,0,0,0,0,0,0
120290,1,1,1992,20,20,20,20,20,20,20,20,20,20
120291,0,1,1992,0,0,0,0,0,0,0,0,0,0
120291,1,1,1992,0,0,0,0,0,0,0,0,0,0
120292,1,1,1992,0,0,0,0,0,0,0,0,0,0
120292,2,1,1992,0,0,0,0,0,0,0,0,0,0
120292,3,1,1992,0,0,0,0,0,0,0,0,0,0
120293,1,1,1992,0,0,0,0,0,0,0,0,0,0
120294,1,1,1992,0,0,0,0,0,0,0,0,0,0
120294,2,1,1992,0,0,0,4,0,0,0,0,0,0
120295,1,1,1992,0,0,0,0,0,0,0,0,0,0
120295,2,1,1992,0,0,0,0,0,0,0,0,0,0
120296,1,1,1992,9,9,9,9,9,9,9,9,9,9
120296,2,1,1992,0,0,0,0,0,0,0,0,0,0
120297,1,1,1992,19,19,19,19,19,19,19,19,19,19
120298,0,1,1992,0,0,0,21,17,0,0,0,0,0
120298,1,1,1992,24,26,0,7,19,20,23,36,7,26
120299,1,1,1992,22,22,22,22,22,22,22,22,22,22
120300,1,1,1992,0,0,0,0,0,0,0,0,0,9
120300,2,1,1992,0,0,0,0,0,0,15,0,0,12
120301,0,1,1992,0,0,0,0,0,0,0,0,0,0
120301,1,1,1992,0,12,0,11,0,4,10,6,14,0
120302,0,1,1992,9,9,9,9,9,9,9,9,9,9
120302,1,1,1992,0,0,0,27,0,0,23,0,0,0
120303,1,1,1992,0,0,2,0,0,0,0,0,0,0
120303,2,1,1992,0,0,0,0,0,0,0,0,0,0
120304,1,1,1992,0,0,0,0,0,0,0,0,0,0
120304,2,1,1992,0,0,20,0,0,0,0,0,0,0
120305,1,1,1992,0,0,0,0,0,0,0,0,0,0
120305,2,1,1992,17,0,0,0,0,0,0,0,0,0
120306,1,1,1992,0,0,9,0,0,0,0,0,0,0
120306,2,1,1992,0,0,12,16,0,0,0,0,0,0
120307,1,1,1992,21,21,21,21,21,21,21,21,21,21
120307,2,1,1992,13,11,0,9,11,16,16,0,0,0
120307,3,1,1992,0,15,0,0,0,0,0,0,0,0
120308,0,1,1992,0,0,0,0,0,0,0,0,0,0
120308,1,1,1992,0,0,0,0,0,0,0,0,0,0
120309,1,1,1992,13,15,23,31,9,10,13,13,20,25
120309,2,1,1992,0,0,0,0,0,0,0,0,0,0
120309,3,1,1992,0,0,0,0,0,0,13,0,0,0
120310,1,1,1992,0,0,0,0,0,0,0,0,0,0
120310,2,1,1992,0,0,0,0,0,0,0,0,0,0
120310,3,1,1992,0,0,0,0,0,0,0,0,0,0
120311,1,1,1992,0,0,0,0,0,0,0,0,0,0
120311,2,1,1992,0,0,0,0,0,0,0,0,0,0
120313,0,1,1992,0,0,27,0,20,0,0,0,0,0
120313,0,2,1992,0,18,0,13,19,18,0,41,0,0
120313,1,1,1992,14,14,14,14,14,14,14,14,14,14
120314,1,1,1992,0,0,0,0,0,0,0,0,0,0
120314,2,1,1992,14,0,0,0,0,0,0,0,0,0
120315,1,1,1992,0,0,0,0,0,0,0,0,0,0
120315,2,1,1992,23,23,23,23,23,23,23,23,23,23
120316,1,1,1992,32,32,32,32,32,32,32,32,32,32
120317,0,1,1992,20,0,28,0,0,29,23,0,17,0
120317,1,1,1992,0,0,0,0,0,0,0,0,0,0
120318,1,1,1992,28,28,28,28,28,28,28,28,28,28
120318,2,1,1992,0,0,0,0,0,0,0,0,0,0
120318,3,1,1992,0,0,0,0,0,0,0,0,0,0
120319,1,1,1992,19,19,19,19,19,19,19,19,19,19
120320,1,1,1992,21,21,21,21,21,21,21,21,21,21
120321,0,1,1992,6,32,32,10,20,9,14,22,24,37
120321,1,1,1992,0,0,0,0,0,0,0,0,0,0
120322,0,1,1992,0,0,0,0,0,0,0,0,0,0
120322,1,1,1992,0,0,0,0,0,0,0,0,0,0
120323,1,1,1992,7,7,7,7,7,7,7,7,7,7
120323,2,1,1992,0,8,0,0,0,0,0,0,0,0
120324,0,1,1992,0,0,0,0,0,0,0,0,0,0
120324,1,1,1992,0,0,0,0,0,0,0,0,0,0
120325,0,1,1992,9,9,9,9,9,9,9,9,9,9
120325,1,1,1992,0,0,0,0,0,0,0,0,0,0
120326,1,1,1992,10,10,10,10,10,10,10,10,10,10
120326,2,1,1992,0,0,0,0,0,0,0,0,0,0
120327,1,1,1992,10,10,10,10,10,10,10,10,10,10
120328,1,1,1992,14,14,14,14,14,14,14,14,14,14
120329,0,1,1992,22,22,22,22,22,22,22,22,22,22
120329,1,1,1992,23,23,23,23,23,23,23,23,23,23
120330,0,1,1992,15,15,15,15,15,15,15,15,15,15
120330,1,1,1992,0,0,0,0,0,0,0,0,0,0
120331,1,1,1992,0,0,0,0,0,0,0,0,0,0
120331,2,1,1992,0,0,0,0,0,0,0,0,0,0
120332,1,1,1992,26,26,26,26,26,26,26,26,26,26
120333,1,1,1992,0,0,0,0,0,0,0,0,0,0
120333,2,1,1992,0,17,0,0,0,0,0,0,0,0
120334,1,1,1992,19,19,19,19,19,19,19,19,19,19
120335,1,1,1992,15,15,15,15,15,15,15,15,15,15
120336,1,1,1992,0,0,0,0,0,0,0,0,0,0
120336,2,1,1992,0,0,0,0,0,0,0,0,0,0
120337,0,1,1992,0,0,0,0,0,0,0,0,0,0
120337,1,1,1992,0,0,0,0,0,0,0,0,0,0
120338,1,1,1992,0,0,0,0,0,0,0,0,0,0
120338,2,1,1992,0,0,0,0,0,0,0,0,0,0
120339,0,1,1992,0,0,0,0,0,0,0,0,0,0
120339,1,1,1992,0,0,0,0,0,0,0,0,0,0
120340,1,1,1992,0,0,0,0,0,0,0,0,0,0
120340,2,1,1992,0,0,0,0,0,0,0,0,0,0
120341,1,1,1992,9,9,9,9,9,9,9,9,9,9
120342,1,1,1992,0,0,3,0,0,0,0,0,0,0
120342,2,1,1992,0,0,0,0,0,0,0,0,0,0
120343,1,1,1992,0,0,0,0,0,0,0,0,0,0
120343,2,1,1992,0,0,0,0,0,0,0,0,0,0
120344,1,1,1992,22,22,22,22,22,22,22,22,22,22
120345,1,1,1992,10,10,10,10,10,10,10,10,10,10
120346,1,1,1992,0,0,0,0,0,0,0,0,0,0
120346,2,1,1992,18,18,18,18,18,18,18,18,18,18
120347,1,1,1992,32,32,32,32,32,32,32,32,32,32
120347,2,1,1992,0,0,0,0,0,0,0,0,0,0
120347,3,1,1992,0,0,0,0,0,0,0,0,0,0
120348,1,1,1992,0,0,0,0,0,0,0,0,0,0
120348,2,1,1992,0,0,0,0,0,0,0,0,0,0
120349,1,1,1992,0,0,0,0,0,0,0,0,0,0
120349,2,1,1992,0,0,0,0,0,0,0,0,0,0
120350,1,1,1992,0,0,0,0,0,0,0,0,0,0
120351,1,1,1992,0,0,0,0,0,0,0,0,15,0
120352,0,1,1992,19,0,0,4,0,0,9,16,18,0
120352,1,1,1992,22,11,0,0,5,13,8,0,0,23
120353,1,1,1992,0,0,15,15,0,0,0,11,0,0
120353,2,1,1992,0,0,9,12,0,0,15,0,0,0
120354,0,1,1992,20,20,20,20,20,20,20,20,20,20
120354,1,1,1992,0,0,0,0,0,0,0,0,0,14
120355,0,1,1992,0,0,0,0,0,0,0,0,0,0
120355,1,1,1992,0,0,0,0,0,0,0,0,0,0
120356,0,1,1992,0,0,0,0,0,0,0,0,0,0
120356,1,1,1992,19,19,19,19,19,19,19,19,19,19
120357,1,1,1992,0,0,0,0,0,0,0,0,0,0
120357,2,1,1992,0,0,0,0,0,0,0,0,0,0
120358,1,1,1992,0,0,0,0,0,0,0,0,0,0
120358,2,1,1992,3,3,3,3,3,3,3,3,3,3
120359,1,1,1992,17,17,17,17,17,17,17,17,17,17
120359,2,1,1992,0,0,0,0,0,0,0,0,0,0
120360,0,1,1992,16,16,16,16,16,16,16,16,16,16
120360,1,1,1992,0,0,0,0,0,18,3,9,4,0
120360,2,1,1992,0,0,0,0,0,15,0,16,0,0
120361,1,1,1992,22,22,22,22,22,22,22,22,22,22
120361,2,1,1992,0,0,0,0,0,0,0,0,0,0
120363,1,1,1992,0,0,0,0,0,0,0,0,0,0
120363,2,1,1992,15,15,15,15,15,15,15,15,15,15
120364,1,1,1992,0,0,3,5,0,0,0,0,0,0
120364,2,1,1992,3,3,3,3,3,3,3,3,3,3
120365,1,1,1992,15,15,15,15,15,15,15,15,15,15
120366,1,1,1992,32,32,32,32,32,32,32,32,32,32
120367,1,1,1992,29,29,29,29,29,29,29,29,29,29
120369,1,1,1992,28,28,28,28,28,28,28,28,28,28
120370,1,1,1992,14,14,14,14,14,14,14,14,14,14
120370,2,1,1992,16,16,16,16,16,16,16,16,16,16
120372,1,1,1992,30,30,30,30,30,30,30,30,30,30
120373,1,1,1992,0,0,3,0,0,0,0,0,0,0
120373,2,1,1992,0,0,0,0,0,0,0,0,0,0
120374,1,1,1992,0,0,0,0,0,0,0,0,0,0
120374,2,1,1992,0,0,0,0,0,0,0,0,0,0
120375,1,1,1992,30,30,30,30,30,30,30,30,30,30
120376,1,1,1992,8,7,16,0,4,0,0,9,19,0
120377,1,1,1992,29,29,29,29,29,29,29,29,29,29
120378,1,1,1992,0,0,0,0,0,0,0,0,0,0
120378,2,1,1992,21,21,21,21,21,21,21,21,21,21
120379,1,1,1992,0,0,0,0,0,0,0,0,0,0
120379,2,1,1992,0,0,0,0,0,0,0,0,0,0
120381,0,1,1992,25,25,25,25,25,25,25,25,25,25
120381,1,1,1992,0,0,0,0,0,0,0,0,0,0
120382,1,1,1992,6,6,6,6,6,6,6,6,6,6
120383,1,1,1992,0,0,0,0,0,0,0,0,0,0
120383,2,1,1992,0,0,0,0,0,0,0,0,0,0
120383,3,1,1992,0,0,0,0,0,0,0,0,0,0
120384,0,1,1992,0,0,0,0,0,0,0,0,0,0
120384,1,1,1992,12,12,12,12,12,12,12,12,12,12
120385,1,1,1992,0,0,0,0,0,0,0,0,0,0
120385,2,1,1992,15,0,0,0,13,14,0,0,0,7
120386,1,1,1992,16,16,16,16,16,16,16,16,16,16
120387,1,1,1992,0,0,0,0,0,0,0,0,0,0
120387,2,1,1992,1,1,1,1,1,1,1,1,1,1
120388,1,1,1992,23,23,23,23,23,23,23,23,23,23
120390,1,1,1992,0,0,0,0,0,0,0,0,0,0
120390,2,1,1992,0,0,0,0,0,0,0,0,0,0
120391,0,1,1992,0,0,0,0,0,0,0,0,0,0
120391,1,1,1992,11,0,6,0,0,19,20,0,0,0
120392,0,1,1992,36,36,36,36,36,36,36,36,36,36
120392,1,1,1992,6,0,29,0,0,0,7,9,4,13
120392,2,1,1992,0,13,0,0,0,15,0,12,12,6
120393,0,1,1992,0,0,0,0,32,0,0,33,0,0
120393,1,1,1992,0,0,0,0,22,0,0,0,0,0
120394,1,1,1992,24,24,24,24,24,24,24,24,24,24
120395,1,1,1992,0,0,0,0,0,0,0,0,0,0
120395,2,1,1992,0,0,0,0,0,0,0,0,0,0
120396,1,1,1992,34,34,34,34,34,34,34,34,34,34
120397,1,1,1992,0,0,0,0,0,0,0,0,0,0
120397,2,1,1992,0,0,0,0,0,0,0,0,0,0
120398,1,1,1992,0,0,0,0,0,0,0,0,0,0
120398,2,1,1992,0,0,0,0,0,0,0,0,0,0
120400,1,1,1992,17,17,17,17,17,17,17,17,17,17
120402,1,1,1992,30,30,30,30,30,30,30,30,30,30
120403,1,1,1992,8,8,8,8,8,8,8,8,8,8
120403,2,1,1992,18,18,18,18,18,18,18,18,18,18
120405,1,1,1992,0,0,0,0,0,0,0,0,0,0
120405,2,1,1992,0,0,0,0,0,0,0,0,0,0
120406,0,1,1992,25,25,25,25,25,25,25,25,25,25
120406,1,1,1992,0,0,0,0,0,2,0,0,0,0
120407,1,1,1992,0,0,0,0,0,0,0,0,0,0
120407,2,1,1992,0,0,0,0,0,0,0,0,0,0
120408,1,1,1992,0,0,0,0,0,0,0,15,0,0
120408,2,1,1992,0,0,0,0,0,0,0,0,0,0
120408,3,1,1992,0,0,0,0,0,0,0,0,0,0
120409,1,1,1992,0,0,0,0,0,0,0,0,0,0
120409,2,1,1992,0,0,0,0,0,0,0,0,0,0
120410,1,1,1992,0,0,0,15,0,0,0,0,0,0
120410,2,1,1992,0,0,0,0,13,0,0,0,0,0
120411,1,1,1992,0,0,0,0,0,0,0,0,0,0
120411,2,1,1992,0,0,0,0,0,0,0,0,0,0
120411,3,1,1992,0,0,0,0,0,0,0,0,0,0
120412,1,1,1992,11,11,11,11,11,11,11,11,11,11
120413,1,1,1992,0,0,0,0,0,0,0,0,0,0
120414,1,1,1992,0,0,0,0,0,0,0,0,0,0
120414,2,1,1992,8,8,8,8,8,8,8,8,8,8
120415,0,1,1992,0,0,0,0,0,0,0,0,0,0
120415,1,1,1992,0,0,0,0,0,0,0,0,0,0
120416,1,1,1992,0,7,15,13,0,0,0,14,0,0
120416,2,1,1992,16,0,0,3,17,11,17,18,0,6
120418,1,1,1992,7,0,0,0,0,0,0,0,13,0
120419,1,1,1992,0,0,0,0,0,0,0,0,0,0
120419,2,1,1992,0,0,0,0,0,0,0,0,0,0
120420,1,1,1992,0,0,0,0,0,0,0,0,0,0
120420,2,1,1992,0,0,0,0,0,0,0,0,0,0
120420,3,1,1992,0,0,0,0,0,0,0,0,0,0
120421,1,1,1992,16,16,16,16,16,16,16,16,16,16
120422,1,1,1992,26,26,26,26,26,26,26,26,26,26
120423,1,1,1992,0,0,0,0,0,0,0,0,0,0
120424,0,1,1992,0,0,0,0,0,0,0,0,0,0
120424,1,1,1992,0,0,0,0,0,0,0,0,0,0
120425,0,1,1992,7,7,7,7,7,7,7,7,7,7
120425,1,1,1992,13,13,13,13,13,13,13,13,13,13
120426,1,1,1992,11,11,11,11,11,11,11,11,11,11
120427,1,1,1992,0,0,0,0,0,0,0,7,0,0
120427,2,1,1992,0,0,0,0,0,0,0,0,0,0
120428,1,1,1992,0,0,0,0,0,0,0,0,0,0
120428,2,1,1992,0,0,0,0,0,0,0,0,0,0
120429,0,1,1992,0,0,0,0,0,0,0,0,0,0
120429,1,1,1992,0,0,0,0,0,0,0,0,0,0
120430,1,1,1992,0,0,0,0,0,0,0,0,0,0
120430,2,1,1992,0,0,0,0,0,0,0,0,0,0
120431,1,1,1992,20,20,20,20,20,20,20,20,20,20
120431,2,1,1992,0,0,0,0,0,0,0,0,0,0
120432,0,1,1992,21,21,21,21,21,21,21,21,21,21
120432,1,1,1992,0,0,0,0,0,0,0,0,0,0
120434,0,1,1992,0,0,0,0,0,0,0,0,0,0
120434,1,1,1992,9,9,9,9,9,9,9,9,9,9
120436,1,1,1992,0,0,0,0,0,0,0,0,0,0
120437,1,1,1992,1,1,1,1,1,1,1,1,1,1
120437,2,1,1992,0,0,0,0,0,0,0,0,0,0
120438,1,1,1992,0,0,0,0,0,0,0,0,0,0
120439,1,1,1992,20,20,20,20,20,20,20,20,20,20
120439,2,1,1992,0,0,0,0,0,0,0,0,0,0
120440,1,1,1992,20,20,20,20,20,20,20,20,20,20
120440,2,1,1992,0,0,0,0,0,0,0,0,0,0
120441,1,1,1992,0,0,0,0,0,0,0,0,0,0
120441,2,1,1992,0,0,0,0,0,0,0,0,0,0
120442,1,1,1992,20,20,20,20,20,20,20,20,20,20
120442,2,1,1992,0,0,0,0,0,0,0,0,0,0
120443,1,1,1992,20,20,20,20,20,20,20,20,20,20
120444,1,1,1992,7,7,7,7,7,7,7,7,7,7
120444,2,1,1992,7,7,7,7,7,7,7,7,7,7
120445,0,1,1992,0,0,0,0,0,0,0,0,0,0
120445,1,1,1992,0,0,0,0,0,0,0,0,0,0
120446,1,1,1992,1,1,1,1,1,1,1,1,1,1
120447,1,1,1992,19,19,19,19,19,19,19,19,19,19
120448,0,1,1992,19,30,29,16,16,9,38,14,30,9
120448,1,1,1992,0,0,0,0,0,0,9,0,14,13
120449,1,1,1992,0,0,0,0,0,0,0,0,0,0
120449,2,1,1992,0,0,0,0,0,0,0,0,0,0
120450,1,1,1992,0,0,0,14,0,0,0,0,0,0
120450,2,1,1992,0,0,0,0,0,0,0,0,0,0
120451,1,1,1992,0,0,0,0,0,10,0,6,0,0
120451,2,1,1992,0,0,0,0,0,0,0,0,0,0
120452,1,1,1992,15,15,15,15,15,15,15,15,15,15
120452,2,1,1992,0,0,0,12,0,0,0,0,0,0
120453,1,1,1992,0,0,0,0,0,0,0,0,0,0
120453,2,1,1992,0,0,0,0,0,0,0,0,0,0
120454,0,1,1992,13,13,13,13,13,13,13,13,13,13
120454,1,1,1992,0,0,0,0,0,0,0,0,0,0
120454,2,1,1992,0,0,0,0,0,0,0,0,0,0
120455,1,1,1992,0,0,0,0,0,0,0,0,0,0
120455,2,1,1992,0,0,0,0,0,0,0,0,0,0
120456,1,1,1992,5,5,5,5,5,5,5,5,5,5
120456,2,1,1992,0,0,0,0,0,0,0,0,0,0
120457,0,1,1992,10,10,10,10,10,10,10,10,10,10
120457,1,1,1992,0,0,0,0,0,0,10,0,0,0
120458,1,1,1992,0,0,0,0,0,0,0,0,0,0
120458,2,1,1992,0,0,0,0,0,0,0,0,0,0
120459,0,1,1992,24,24,24,24,24,24,24,24,24,24
120459,1,1,1992,0,0,0,0,0,0,0,0,0,0
120461,1,1,1992,0,0,0,0,0,0,0,0,0,0
120461,2,1,1992,0,0,0,0,17,0,0,0,0,0
120462,1,1,1992,0,0,0,0,0,0,0,0,0,0
120463,1,1,1992,0,0,0,0,0,0,0,0,0,0
120463,2,1,1992,0,0,0,0,0,0,0,0,0,0
120464,0,1,1992,0,24,0,0,0,0,0,0,0,0
120464,1,1,1992,0,10,0,0,0,0,0,0,0,0
120465,0,1,1992,22,22,22,22,22,22,22,22,22,22
120465,1,1,1992,0,0,0,0,0,0,20,0,0,0
120466,1,1,1992,0,0,0,0,0,0,0,0,0,0
120466,2,1,1992,0,0,0,0,0,0,0,0,0,0
120469,1,1,1992,0,0,3,4,0,27,0,0,0,0
120469,2,1,1992,16,16,16,16,16,16,16,16,16,16
120470,1,1,1992,0,0,0,0,0,0,0,0,0,0
120470,2,1,1992,0,0,0,0,0,0,0,0,0,0
120471,1,1,1992,0,0,0,0,0,0,0,0,0,0
120471,2,1,1992,11,0,0,0,0,18,0,0,0,0
120472,1,1,1992,18,18,18,18,18,18,18,18,18,18
120473,1,1,1992,6,6,6,6,6,6,6,6,6,6
120473,2,1,1992,0,0,0,0,0,0,0,0,0,0
120474,0,1,1992,0,0,0,0,9,0,0,0,0,9
120474,1,1,1992,0,0,0,0,0,0,0,0,0,0
120475,0,1,1992,26,26,26,26,26,26,26,26,26,26
120475,1,1,1992,0,0,0,0,0,0,0,0,0,0
120476,1,1,1992,0,0,0,0,0,0,0,0,0,0
120476,2,1,1992,0,0,0,0,0,0,0,0,0,0
120476,3,1,1992,0,0,0,0,0,0,0,0,0,0
120476,4,1,1992,0,0,0,0,0,0,0,0,0,0
120476,5,1,1992,0,0,0,0,0,0,0,0,0,0
120477,1,1,1992,0,0,0,0,0,0,0,0,0,0
120478,0,1,1992,2,2,2,2,2,2,2,2,2,2
120478,1,1,1992,20,20,20,20,20,20,20,20,20,20
120479,1,1,1992,19,19,19,19,19,19,19,19,19,19
120479,2,1,1992,10,0,0,0,0,0,0,19,0,0
120480,0,1,1992,0,0,0,0,0,0,0,0,0,0
120480,1,1,1992,0,0,0,0,0,0,0,10,0,0
120481,0,1,1992,0,0,0,0,0,7,0,0,0,0
120481,0,2,1992,0,19,0,0,0,0,0,0,0,0
120481,1,1,1992,12,12,12,12,12,12,12,12,12,12
120482,1,1,1992,18,18,18,18,18,18,18,18,18,18
120483,1,1,1992,27,27,27,27,27,27,27,27,27,27
120483,2,1,1992,0,0,0,0,0,0,0,0,0,0
120484,0,1,1992,25,25,25,25,25,25,25,25,25,25
120484,1,1,1992,0,0,14,19,0,10,16,0,0,0
120484,2,1,1992,0,0,0,0,0,0,0,13,0,6
120485,1,1,1992,0,0,0,0,0,0,0,0,0,0
120485,2,1,1992,1,1,1,1,1,1,1,1,1,1
120486,1,1,1992,8,8,8,8,8,8,8,8,8,8
120487,0,1,1992,29,29,29,29,29,29,29,29,29,29
120487,1,1,1992,0,0,0,0,0,0,0,0,0,0
120488,1,1,1992,7,7,7,7,7,7,7,7,7,7
120488,2,1,1992,0,0,0,0,0,0,0,0,0,0
120489,1,1,1992,12,12,12,12,12,12,12,12,12,12
120490,1,1,1992,11,11,11,11,11,11,11,11,11,11
120491,0,1,1992,5,5,5,5,5,5,5,5,5,5
120491,1,1,1992,0,0,0,0,0,0,0,0,0,0
120492,1,1,1992,0,0,0,0,0,0,0,0,0,0
120492,2,1,1992,0,0,0,8,0,0,22,0,0,0
120493,0,1,1992,16,16,16,16,16,16,16,16,16,16
120493,1,1,1992,0,22,0,0,0,0,0,0,0,0
120494,0,1,1992,0,0,8,19,7,0,26,0,0,0
120494,1,1,1992,0,0,0,0,0,0,0,0,0,0
120495,1,1,1992,6,6,6,6,6,6,6,6,6,6
120496,1,1,1992,0,0,0,0,0,0,0,0,0,0
120496,2,1,1992,0,0,0,0,0,0,0,0,0,0
120497,0,1,1992,0,0,0,0,0,0,0,0,0,0
120497,1,1,1992,0,2,0,0,0,0,0,0,0,0
120499,1,1,1992,0,0,0,0,0,0,0,0,0,0
120499,2,1,1992,0,0,0,0,0,0,0,0,0,0
120500,1,1,1992,20,20,20,20,20,20,20,20,20,20
120501,1,1,1992,22,22,22,22,22,22,22,22,22,22
120501,2,1,1992,0,0,0,0,0,0,0,0,0,0
120501,3,1,1992,0,0,0,0,0,0,0,0,0,0
120502,1,1,1992,15,8,4,10,9,28,14,2,14,0
120502,2,1,1992,11,11,8,0,15,0,0,12,8,0
120502,3,1,1992,16,21,10,17,20,3,23,23,0,0
120502,4,1,1992,0,0,0,0,0,0,0,0,0,0
120503,0,1,1992,13,0,0,37,0,0,0,18,5,0
120503,1,1,1992,11,0,0,0,0,0,22,0,24,0
120504,1,1,1992,18,18,18,18,18,18,18,18,18,18
120505,1,1,1992,0,20,0,0,0,18,0,0,4,0
120505,2,1,1992,3,3,3,3,3,3,3,3,3,3
120506,1,1,1992,0,0,0,0,0,0,0,4,0,0
120506,2,1,1992,0,0,0,0,0,0,0,0,0,0
120507,1,1,1992,35,35,35,35,35,35,35,35,35,35
120507,2,1,1992,9,9,9,9,9,9,9,9,9,9
120508,1,1,1992,17,21,0,0,0,0,0,0,13,0
120508,2,1,1992,0,0,0,0,0,0,0,0,0,0
120509,1,1,1992,0,0,0,0,0,0,0,0,0,0
120509,2,1,1992,0,0,0,0,0,0,0,0,0,0
120510,1,1,1992,22,22,22,22,22,22,22,22,22,22
120510,2,1,1992,0,0,0,0,0,0,0,0,0,0
120511,0,1,1992,0,0,0,0,0,0,0,0,0,0
120511,0,2,1992,0,18,7,0,8,0,16,19,32,0
120511,1,1,1992,0,0,0,0,0,0,0,0,0,0