ST_CASE,VEH_NO,PER_NO,YEAR,P1,P2,P3,P4,P5,P6,P7,P8,P9,P10
120512,0,1,1992,10,10,10,10,10,10,10,10,10,10
120512,1,1,1992,0,0,0,0,0,0,0,0,0,0
120513,1,1,1992,0,0,0,0,0,0,0,0,0,0
120513,2,1,1992,0,0,0,0,13,0,0,0,0,0
120514,1,1,1992,15,15,15,15,15,15,15,15,15,15
120516,0,1,1992,0,0,0,0,4,0,0,0,0,0
120516,1,1,1992,0,0,0,0,0,0,0,0,0,0
120516,2,1,1992,0,0,0,0,0,0,0,0,0,0
120517,1,1,1992,0,0,0,0,0,0,0,0,0,0
120517,2,1,1992,0,0,0,0,0,0,0,12,0,0
120518,0,1,1992,0,0,0,0,0,0,0,0,0,0
120518,1,1,1992,0,0,0,0,0,0,0,0,0,0
120519,0,1,1992,0,0,0,0,0,0,0,0,0,0
120519,1,1,1992,0,0,0,0,0,0,0,0,0,0
120520,0,1,1992,0,0,0,0,0,0,0,0,0,0
120520,1,1,1992,0,0,0,0,0,0,0,0,0,0
120521,1,1,1992,0,0,0,0,0,0,0,0,0,0
120521,2,1,1992,0,0,0,0,0,0,0,0,0,0
120521,3,1,1992,0,0,0,0,0,0,0,0,0,0
120522,0,1,1992,31,0,0,0,0,0,0,0,0,0
120522,1,1,1992,0,0,0,0,0,0,0,0,0,0
120523,1,1,1992,11,0,0,0,25,0,0,0,0,0
120523,2,1,1992,0,0,11,7,0,0,8,0,0,0
120524,0,1,1992,0,0,0,0,0,0,0,0,0,0
120524,1,1,1992,0,0,0,0,0,0,0,0,14,0
120525,1,1,1992,21,21,21,21,21,21,21,21,21,21
120526,1,1,1992,0,0,0,0,0,0,0,0,0,0
120526,2,1,1992,0,0,0,0,0,0,0,0,0,0
120527,1,1,1992,0,0,30,0,0,0,0,0,0,0
120527,2,1,1992,0,0,0,27,0,0,0,0,16,0
120528,1,1,1992,0,0,0,0,0,0,0,0,0,0
120528,2,1,1992,0,0,0,0,0,0,0,0,0,0
120529,1,1,1992,0,0,0,0,0,0,0,0,0,0
120529,2,1,1992,0,0,0,0,0,0,0,0,0,0
120530,1,1,1992,22,22,22,22,22,22,22,22,22,22
120530,2,1,1992,20,20,20,20,20,20,20,20,20,20
120531,1,1,1992,0,0,0,0,0,0,0,0,0,0
120531,2,1,1992,0,0,0,0,0,0,0,0,0,0
120532,1,1,1992,0,0,0,0,0,0,0,0,0,0
120533,1,1,1992,26,26,26,26,26,26,26,26,26,26
120534,1,1,1992,0,0,0,0,0,0,0,0,0,0
120534,2,1,1992,0,0,0,0,0,0,0,0,0,0
120535,1,1,1992,0,0,0,0,0,0,0,0,0,0
120535,2,1,1992,0,0,0,0,0,0,0,0,0,0
120536,0,1,1992,8,0,0,15,7,0,0,0,0,0
120536,1,1,1992,0,0,0,0,0,0,0,0,0,0
120537,0,1,1992,0,0,0,0,0,0,0,0,0,0
120537,1,1,1992,0,0,0,0,0,0,0,0,0,0
120538,1,1,1992,0,0,0,0,0,0,0,0,0,0
120538,2,1,1992,0,0,0,0,0,0,0,0,0,0
120539,1,1,1992,0,0,20,19,0,0,0,0,0,0
120540,1,1,1992,0,0,0,0,0,0,0,0,0,0
120541,1,1,1992,24,24,24,24,24,24,24,24,24,24
120542,1,1,1992,3,3,3,3,3,3,3,3,3,3
120543,0,1,1992,0,0,0,0,0,0,0,0,0,0
120543,1,1,1992,0,0,0,0,0,0,0,0,0,0
120544,0,1,1992,0,0,0,0,0,0,0,0,0,0
120544,1,1,1992,0,0,0,0,0,0,0,0,0,0
120545,1,1,1992,0,0,0,0,6,0,0,0,0,0
120546,1,1,1992,6,6,6,6,6,6,6,6,6,6
120548,0,1,1992,8,8,8,8,8,8,8,8,8,8
120548,1,1,1992,7,0,0,0,0,0,0,14,0,0
120548,2,1,1992,9,12,13,6,23,0,0,0,0,0
120548,3,1,1992,0,20,10,0,0,0,12,0,0,0
120549,1,1,1992,0,0,0,0,0,0,0,0,0,0
120550,1,1,1992,16,0,0,0,0,0,0,0,0,0
120550,2,1,1992,0,0,0,17,0,24,0,6,0,0
120551,1,1,1992,12,0,0,0,0,0,0,0,0,0
120552,1,1,1992,0,0,0,0,0,0,0,0,0,0
120552,2,1,1992,0,0,0,0,0,0,0,0,0,0
120553,1,1,1992,0,18,0,0,12,0,0,0,0,0
120554,1,1,1992,0,0,0,0,0,0,0,0,0,0
120555,1,1,1992,0,0,0,0,0,0,0,0,0,0
120555,2,1,1992,7,16,14,0,0,0,0,0,0,0
120557,1,1,1992,18,18,18,18,18,18,18,18,18,18
120558,1,1,1992,15,15,15,15,15,15,15,15,15,15
120559,0,1,1992,0,0,0,0,0,0,0,0,0,0
120559,1,1,1992,0,0,0,0,0,0,0,0,0,0
120560,0,1,1992,0,0,0,0,0,0,0,0,0,0
120560,1,1,1992,0,0,0,0,0,0,0,0,0,0
120561,0,1,1992,0,0,0,0,0,0,0,0,0,0
120561,1,1,1992,0,0,0,7,12,0,0,0,0,0
120562,1,1,1992,0,0,0,0,0,0,0,0,0,0
120562,2,1,1992,0,0,0,0,0,0,0,0,0,0
120563,0,1,1992,23,23,23,23,23,23,23,23,23,23
120563,1,1,1992,0,0,0,0,0,0,0,0,0,0
120563,2,1,1992,8,18,0,0,0,0,0,0,0,0
120564,1,1,1992,14,14,14,14,14,14,14,14,14,14
120566,1,1,1992,20,20,20,20,20,20,20,20,20,20
120567,0,1,1992,0,20,8,12,16,0,0,0,0,0
120567,1,1,1992,0,0,0,0,0,0,0,0,0,0
120568,1,1,1992,0,0,0,0,0,0,0,0,0,0
120568,2,1,1992,22,22,22,22,22,22,22,22,22,22
120569,1,1,1992,0,0,0,0,0,0,0,0,0,0
120569,2,1,1992,0,0,0,0,0,0,0,0,0,0
120570,1,1,1992,24,24,24,24,24,24,24,24,24,24
120571,1,1,1992,27,27,27,27,27,27,27,27,27,27
120571,2,1,1992,0,0,0,0,0,0,0,0,0,0
120571,3,1,1992,0,6,0,17,0,0,0,0,0,0
120572,0,1,1992,19,19,19,19,19,19,19,19,19,19
120572,1,1,1992,0,0,0,0,0,0,0,0,0,0
120573,1,1,1992,0,0,0,0,0,0,0,0,0,0
120573,2,1,1992,0,0,21,13,0,0,0,0,0,0
120573,3,1,1992,0,0,0,0,0,0,0,0,0,0
120574,1,1,1992,19,19,19,19,19,19,19,19,19,19
120575,1,1,1992,16,16,16,16,16,16,16,16,16,16
120575,2,1,1992,0,0,0,0,11,0,0,0,0,0
120575,3,1,1992,0,0,0,0,0,0,0,0,0,0
120576,1,1,1992,5,5,5,5,5,5,5,5,5,5
120577,1,1,1992,0,0,0,0,0,0,0,0,0,0
120577,2,1,1992,7,0,0,0,0,0,0,0,0,0
120578,0,1,1992,0,0,0,0,0,0,0,0,0,34
120578,1,1,1992,0,0,0,0,0,0,0,0,0,0
120579,0,1,1992,0,0,0,0,0,0,0,0,0,0
120579,1,1,1992,0,0,0,0,0,0,0,0,0,0
120580,1,1,1992,19,19,19,19,19,19,19,19,19,19
120581,1,1,1992,0,0,0,0,0,0,0,0,0,0
120582,1,1,1992,0,0,0,0,0,0,0,0,0,0
120582,2,1,1992,0,0,0,0,0,0,0,0,0,0
120583,0,1,1992,0,0,0,0,0,0,0,0,0,0
120583,1,1,1992,0,11,0,0,0,0,0,0,0,0
120584,1,1,1992,0,0,0,0,0,0,0,0,0,0
120584,2,1,1992,0,0,0,0,0,0,0,0,0,0
120584,3,1,1992,0,0,0,0,0,0,0,0,0,0
120584,4,1,1992,0,0,0,0,0,0,0,0,0,0
120584,5,1,1992,0,0,0,0,0,0,0,0,0,0
120585,1,1,1992,0,0,12,0,0,6,0,25,8,0
120585,2,1,1992,22,22,22,22,22,22,22,22,22,22
120586,1,1,1992,18,18,18,18,18,18,18,18,18,18
120587,1,1,1992,6,6,6,6,6,6,6,6,6,6
120588,1,1,1992,0,0,0,0,0,0,0,0,0,0
120588,2,1,1992,0,0,0,0,0,0,0,0,0,0
120589,0,1,1992,0,0,0,0,0,0,0,0,0,0
120589,0,2,1992,0,0,0,0,0,0,0,0,0,0
120589,1,1,1992,0,0,0,0,0,0,0,0,0,0
120590,1,1,1992,27,27,27,27,27,27,27,27,27,27
120591,1,1,1992,3,16,0,0,0,0,0,0,9,0
120591,2,1,1992,0,0,0,0,0,0,0,0,0,0
120592,1,1,1992,0,0,0,0,0,0,0,0,0,0
120592,2,1,1992,0,0,0,0,0,0,8,0,0,0
120592,3,1,1992,0,0,0,0,0,0,0,0,0,0
120593,1,1,1992,0,0,0,0,0,0,0,0,0,0
120593,2,1,1992,0,0,0,0,0,0,0,0,0,0
120594,1,1,1992,0,7,27,27,23,0,8,14,0,0
120595,0,1,1992,0,0,0,0,0,0,0,0,0,0
120595,1,1,1992,0,0,0,0,0,0,0,0,0,0
120596,0,1,1992,0,0,0,0,0,0,0,0,0,0
120596,1,1,1992,0,0,0,0,0,0,0,0,0,0
120597,1,2,1992,6,24,29,13,31,26,15,17,26,21
120598,1,1,1992,0,0,0,14,0,0,0,0,0,0
120598,2,1,1992,0,0,0,0,0,0,0,0,0,0
120599,1,1,1992,0,0,0,0,0,0,0,0,0,0
120599,2,1,1992,0,0,0,0,0,0,0,0,0,0
120600,1,1,1992,20,20,20,20,20,20,20,20,20,20
120601,1,1,1992,0,0,0,0,0,0,0,5,0,0
120601,2,1,1992,0,0,0,0,0,0,0,0,0,0
120602,0,1,1992,0,0,0,0,0,0,0,0,0,0
120602,1,1,1992,0,0,0,0,0,0,0,0,0,0
120603,1,1,1992,9,9,9,9,9,9,9,9,9,9
120603,2,1,1992,7,7,7,7,7,7,7,7,7,7
120604,1,1,1992,0,0,0,0,0,0,0,0,0,0
120604,2,1,1992,0,0,0,0,0,0,0,0,0,0
120605,1,1,1992,0,0,0,0,0,0,0,0,0,0
120605,2,1,1992,0,0,0,0,0,0,0,0,0,0
120606,0,1,1992,20,20,20,20,20,20,20,20,20,20
120606,1,1,1992,0,0,0,0,0,0,0,0,0,0
120607,0,1,1992,0,0,0,0,0,0,0,0,0,0
120607,1,1,1992,0,17,0,0,0,0,17,19,9,0
120608,0,1,1992,0,0,0,0,0,0,0,0,0,0
120608,1,1,1992,0,0,0,0,0,0,0,7,0,0
120609,1,1,1992,0,0,0,0,0,0,0,0,0,0
120609,2,1,1992,0,0,0,0,0,0,0,0,0,0
120610,0,1,1992,0,0,0,0,0,0,0,0,0,0
120610,1,1,1992,0,0,0,0,0,0,0,0,0,5
120611,1,1,1992,0,0,0,0,0,0,0,0,0,0
120612,1,1,1992,17,17,17,17,17,17,17,17,17,17
120612,2,1,1992,0,0,0,0,0,0,0,0,0,0
120613,1,1,1992,18,18,18,18,18,18,18,18,18,18
120614,0,1,1992,9,9,9,9,9,9,9,9,9,9
120614,1,1,1992,0,0,0,0,0,0,0,0,0,22
120615,1,1,1992,18,18,18,18,18,18,18,18,18,18
120616,1,1,1992,20,20,20,20,20,20,20,20,20,20
120616,2,1,1992,0,0,0,0,0,0,0,0,0,0
120617,1,1,1992,15,15,15,15,15,15,15,15,15,15
120617,2,1,1992,0,0,0,0,0,0,0,0,0,0
120618,1,1,1992,0,0,0,11,0,0,0,0,0,0
120618,2,1,1992,0,0,0,0,0,0,0,0,0,0
120618,3,1,1992,14,0,0,14,0,27,0,0,0,7
120618,4,1,1992,0,0,10,0,0,0,0,0,22,0
120619,1,1,1992,0,0,0,0,0,5,0,6,0,0
120619,2,1,1992,0,0,0,0,0,0,0,0,0,0
120620,1,1,1992,0,0,0,0,0,0,0,0,0,0
120620,2,1,1992,0,0,0,0,0,0,0,0,0,0
120620,3,1,1992,0,0,0,0,0,0,0,0,0,0
120621,0,1,1992,0,0,0,0,0,0,0,0,0,0
120621,1,1,1992,0,0,0,0,0,0,0,0,0,0
120622,1,1,1992,0,0,0,0,0,0,0,0,0,0
120622,2,1,1992,0,0,0,0,0,0,0,0,0,0
120623,0,1,1992,0,0,0,0,0,0,0,0,0,0
120623,1,1,1992,0,0,0,0,0,0,0,0,0,0
120624,1,1,1992,0,0,0,0,0,0,0,0,0,0
120624,2,1,1992,0,0,0,0,0,0,0,0,0,0
120625,1,1,1992,0,0,0,0,0,0,0,0,0,0
120625,2,1,1992,0,0,0,0,0,0,0,0,0,0
120626,1,1,1992,0,0,0,0,0,0,0,0,0,0
120626,2,1,1992,7,0,0,0,0,0,0,10,0,0
120627,1,1,1992,0,0,0,22,5,18,0,0,19,20
120628,0,1,1992,34,34,34,34,34,34,34,34,34,34
120628,1,1,1992,0,0,0,0,0,0,0,0,0,0
120629,1,1,1992,0,0,0,0,0,0,0,0,0,0
120629,2,1,1992,0,0,0,0,0,0,0,0,0,0
120630,1,1,1992,0,0,0,0,0,0,0,0,0,0
120630,2,1,1992,15,15,15,15,15,15,15,15,15,15
120631,0,1,1992,0,0,0,19,0,0,8,0,0,0
120631,1,1,1992,0,0,0,0,0,14,0,0,0,0
120632,0,1,1992,0,0,0,0,0,0,0,0,0,0
120632,1,1,1992,0,0,12,0,0,0,0,0,0,0
120633,1,1,1992,0,0,0,0,0,0,0,0,0,0
120633,2,1,1992,0,0,0,0,0,0,0,0,0,0
120634,0,1,1992,0,0,0,0,0,0,0,0,0,0
120634,1,1,1992,0,0,0,0,0,0,0,0,0,0
120635,1,1,1992,9,9,9,9,9,9,9,9,9,9
120636,1,1,1992,0,0,0,0,0,0,0,0,0,0
120636,2,1,1992,0,0,0,0,0,0,0,0,0,0
120637,1,1,1992,0,0,0,0,0,0,0,0,0,0
120637,2,1,1992,0,0,0,0,0,0,0,0,0,0
120638,1,1,1992,0,21,10,16,0,16,20,17,6,7
120638,2,1,1992,24,0,0,0,36,23,24,0,16,15
120639,1,1,1992,0,0,0,0,0,0,0,0,0,0
120639,2,1,1992,0,0,0,0,0,0,0,0,0,0
120640,1,1,1992,0,0,0,0,0,0,0,0,0,0
120640,2,1,1992,0,0,0,0,0,0,0,0,0,0
120641,1,1,1992,0,0,0,0,7,0,3,0,24,0
120642,1,1,1992,15,15,15,15,15,15,15,15,15,15
120643,1,1,1992,0,0,0,0,0,0,0,0,0,23
120643,2,1,1992,0,0,0,10,0,0,0,0,0,0
120644,1,1,1992,10,10,10,10,10,10,10,10,10,10
120645,1,1,1992,19,19,19,19,19,19,19,19,19,19
120646,1,1,1992,11,11,11,11,11,11,11,11,11,11
120646,2,1,1992,0,0,0,0,0,0,0,0,0,0
120647,1,1,1992,0,11,0,0,0,0,0,21,0,0
120647,2,1,1992,11,0,0,0,0,0,0,0,0,0
120649,1,1,1992,0,0,0,0,0,0,0,0,0,0
120649,2,1,1992,0,0,0,0,0,0,0,0,0,0
120651,1,1,1992,0,0,0,0,0,0,0,0,0,0
120651,2,1,1992,0,0,14,0,0,0,0,0,0,0
120652,0,1,1992,4,0,0,0,0,0,0,0,0,0
120652,0,2,1992,0,34,0,12,0,0,0,8,7,0
120652,1,1,1992,0,0,0,0,0,0,0,0,0,0
120653,1,1,1992,20,10,4,15,8,0,10,15,12,15
120653,2,1,1992,0,0,0,0,0,0,0,0,0,0
120654,0,1,1992,0,0,0,0,0,0,0,0,0,0
120654,1,1,1992,0,0,0,0,0,0,0,0,0,0
120656,0,1,1992,0,3,0,0,0,0,0,0,20,0
120656,1,1,1992,0,0,0,0,0,0,0,3,0,0
120657,1,1,1992,10,10,10,10,10,10,10,10,10,10
120657,2,1,1992,11,11,11,11,11,11,11,11,11,11
120657,3,1,1992,11,11,11,11,11,11,11,11,11,11
120658,0,1,1992,28,28,28,28,28,28,28,28,28,28
120658,1,1,1992,0,0,0,0,0,0,0,0,0,0
120659,0,1,1992,0,29,16,0,0,0,0,0,0,0
120659,1,1,1992,0,0,0,0,0,0,0,0,15,0
120660,1,1,1992,0,0,0,0,0,0,0,0,0,0
120660,2,1,1992,6,0,0,7,0,0,0,0,5,0
120661,1,1,1992,0,0,0,23,0,0,0,17,0,7
120661,2,1,1992,0,0,13,0,0,6,6,0,0,4
120662,1,1,1992,0,0,0,0,0,0,0,0,0,0
120663,1,1,1992,0,0,0,0,0,0,0,0,0,0
120663,2,1,1992,0,0,0,0,0,0,0,0,0,0
120664,0,1,1992,29,29,29,29,29,29,29,29,29,29
120664,0,2,1992,26,26,26,26,26,26,26,26,26,26
120664,1,1,1992,0,0,0,0,0,0,0,0,0,0
120665,1,1,1992,0,0,0,0,0,0,0,0,0,0
120665,2,1,1992,0,0,0,0,0,0,0,0,0,0
120667,1,1,1992,0,0,0,0,0,0,0,0,0,0
120667,2,1,1992,0,0,0,0,0,0,0,0,0,0
120668,0,1,1992,29,29,29,29,29,29,29,29,29,29
120668,1,1,1992,14,0,0,0,0,0,0,0,0,0
120668,2,1,1992,8,0,0,0,0,0,0,15,0,0
120669,1,1,1992,18,18,18,18,18,18,18,18,18,18
120670,1,1,1992,28,28,28,28,28,28,28,28,28,28
120670,2,1,1992,0,0,0,0,0,0,0,0,0,0
120671,0,1,1992,0,0,0,11,0,23,0,0,23,0
120671,1,1,1992,0,0,0,0,0,0,7,0,0,0
120672,0,1,1992,17,0,17,15,30,0,0,0,18,29
120672,1,1,1992,0,0,15,19,45,0,6,0,9,0
120673,1,1,1992,21,21,21,21,21,21,21,21,21,21
120674,1,1,1992,0,0,0,0,0,0,0,0,0,0
120674,2,1,1992,0,0,0,0,0,0,0,0,0,0
120674,3,1,1992,0,0,0,0,0,0,0,0,0,0
120675,0,1,1992,0,0,0,0,0,0,0,0,0,0
120675,1,1,1992,0,0,0,0,0,0,0,0,0,0
120676,1,1,1992,10,10,10,10,10,10,10,10,10,10
120677,1,1,1992,22,22,22,22,22,22,22,22,22,22
120678,0,1,1992,37,37,37,37,37,37,37,37,37,37
120678,1,1,1992,14,0,0,0,0,0,0,0,0,0
120679,1,1,1992,0,0,0,0,0,0,0,0,0,0
120679,2,1,1992,0,0,0,0,0,0,0,0,0,0
120680,1,1,1992,20,0,0,0,0,0,0,0,0,0
120681,1,1,1992,0,0,0,0,0,0,14,0,0,0
120681,2,1,1992,0,0,0,0,0,0,0,0,0,0
120682,0,1,1992,0,0,0,0,0,0,0,0,0,0
120682,1,1,1992,0,0,0,0,0,0,0,0,0,0
120683,1,1,1992,1,0,0,0,0,0,0,0,0,0
120683,2,1,1992,18,0,0,0,0,0,9,0,0,0
120684,1,1,1992,21,14,0,0,15,0,13,19,39,0
120685,0,1,1992,0,0,0,0,0,0,0,0,0,0
120685,1,1,1992,0,0,0,0,0,0,0,0,0,0
120687,1,1,1992,9,9,9,9,9,9,9,9,9,9
120688,1,1,1992,0,0,0,0,0,0,0,0,0,0
120688,2,1,1992,0,0,0,0,0,0,0,0,0,0
120689,1,1,1992,0,0,0,0,0,0,0,0,0,0
120690,0,1,1992,0,0,0,0,0,0,0,0,0,0
120690,1,1,1992,0,0,0,0,0,0,0,0,0,0
120691,1,1,1992,14,14,14,14,14,14,14,14,14,14
120692,0,1,1992,0,0,0,0,0,0,0,0,0,0
120692,1,1,1992,0,0,0,6,0,0,0,0,0,0
120693,1,1,1992,2,2,2,2,2,2,2,2,2,2
120693,2,1,1992,0,0,0,0,0,0,0,0,0,0
120694,0,1,1992,0,0,0,0,0,0,0,0,0,0
120694,1,1,1992,0,0,0,0,0,0,0,0,0,0
120695,1,1,1992,15,0,0,0,0,0,0,0,0,0
120696,0,1,1992,0,0,0,0,0,0,0,0,0,0
120696,1,1,1992,0,0,8,0,0,0,0,19,11,0
120697,1,1,1992,0,0,0,0,0,0,0,0,0,0
120697,2,1,1992,0,0,0,0,0,0,0,0,0,0
120698,1,1,1992,0,0,0,0,0,0,0,0,0,0
120699,1,1,1992,20,20,20,20,20,20,20,20,20,20
120700,1,1,1992,0,0,0,0,0,28,0,0,0,0
120700,2,1,1992,0,0,0,0,0,0,0,0,0,0
120701,0,1,1992,0,0,0,0,0,19,0,0,0,0
120701,1,1,1992,0,0,0,10,0,0,0,0,0,0
120701,2,1,1992,0,0,0,0,0,0,0,0,0,0
120702,1,1,1992,26,26,26,26,26,26,26,26,26,26
120702,2,1,1992,0,0,0,0,0,0,0,0,0,0
120702,3,1,1992,0,0,0,0,0,0,0,0,0,0
120702,4,1,1992,0,0,0,0,0,0,0,0,0,0
120703,0,1,1992,0,0,0,0,0,14,0,0,0,0
120703,1,1,1992,0,0,0,0,0,0,0,16,0,0
120704,0,1,1992,0,0,0,0,0,0,0,0,0,0
120704,1,1,1992,0,0,0,0,0,0,0,0,0,0
120705,1,1,1992,0,0,0,0,0,0,0,0,0,0
120705,2,1,1992,0,0,0,0,0,0,0,0,0,0
120705,3,1,1992,0,0,0,0,0,0,0,0,0,0
120705,4,1,1992,0,0,0,0,0,0,0,0,0,0
120706,1,1,1992,0,0,0,9,0,0,0,0,0,0
120707,1,1,1992,0,0,0,0,0,0,0,0,0,0
120708,1,1,1992,0,0,0,0,0,0,0,0,0,0
120709,0,1,1992,0,0,0,0,0,0,0,0,0,0
120709,1,1,1992,0,0,0,0,0,0,0,0,0,0
120710,1,1,1992,21,21,21,21,21,21,21,21,21,21
120711,1,1,1992,0,0,0,0,0,0,0,0,0,0
120711,2,1,1992,0,0,0,0,0,0,0,0,0,0
120712,0,1,1992,15,15,15,15,15,15,15,15,15,15
120712,1,1,1992,23,23,23,23,23,23,23,23,23,23
120714,1,1,1992,18,18,18,18,18,18,18,18,18,18
120714,2,1,1992,0,0,0,0,0,0,0,0,0,0
120715,1,1,1992,14,14,14,14,14,14,14,14,14,14
120715,2,1,1992,0,0,0,0,0,0,0,0,0,0
120716,1,1,1992,0,0,0,0,0,0,0,0,0,0
120716,2,1,1992,0,0,0,0,0,0,0,0,0,0
120717,1,1,1992,22,22,22,22,22,22,22,22,22,22
120717,2,1,1992,0,0,0,0,0,0,0,0,0,0
120718,0,1,1992,41,41,41,41,41,41,41,41,41,41
120718,1,1,1992,0,0,0,0,0,0,0,0,0,0
120719,1,1,1992,0,0,0,0,0,0,0,0,0,0
120719,2,1,1992,0,0,0,0,0,0,0,0,0,0
120719,3,1,1992,8,0,0,11,0,0,0,0,0,0
120720,1,1,1992,12,12,12,12,12,12,12,12,12,12
120720,2,1,1992,0,0,0,0,0,0,0,0,0,6
120721,1,1,1992,0,0,14,0,0,0,0,0,0,0
120721,2,1,1992,0,0,0,0,0,0,0,0,0,0
120722,1,1,1992,0,9,0,14,8,11,10,0,15,30
120723,1,1,1992,12,12,12,12,12,12,12,12,12,12
120724,1,1,1992,13,0,0,0,0,0,0,0,0,0
120724,2,1,1992,0,0,0,0,0,0,0,0,0,0
120725,0,1,1992,0,0,0,7,0,0,0,0,0,0
120725,1,1,1992,5,5,5,5,5,5,5,5,5,5
120726,1,1,1992,0,12,0,0,0,0,0,0,0,0
120727,1,1,1992,0,0,0,0,0,0,0,0,0,0
120727,2,1,1992,0,0,0,0,0,0,0,0,0,0
120730,0,1,1992,0,0,0,0,0,0,0,0,0,0
120730,1,1,1992,0,0,0,7,10,0,0,0,0,0
120731,1,1,1992,0,0,0,0,0,0,0,0,0,0
120731,2,1,1992,0,0,0,0,0,0,0,0,0,0
120731,3,1,1992,0,0,0,0,0,0,0,0,0,0
120733,1,1,1992,13,13,13,13,13,13,13,13,13,13
120733,2,1,1992,0,0,0,0,0,0,0,0,0,0
120734,1,1,1992,0,0,18,0,0,0,0,11,15,15
120734,2,1,1992,9,14,18,0,0,0,0,0,0,0
120735,0,1,1992,0,0,0,0,0,0,0,0,0,0
120735,1,1,1992,0,0,0,0,0,0,0,0,0,0
120736,1,1,1992,28,28,28,28,28,28,28,28,28,28
120737,0,1,1992,20,20,20,20,20,20,20,20,20,20
120737,1,1,1992,0,0,0,6,14,0,0,0,0,0
120738,0,1,1992,16,16,16,16,16,16,16,16,16,16
120738,1,1,1992,5,11,0,0,0,0,0,9,0,0
120739,1,1,1992,0,0,0,0,0,0,8,0,0,0
120740,0,1,1992,0,0,0,0,0,0,0,0,0,0
120740,1,1,1992,0,0,0,0,0,0,0,0,0,0
120741,1,1,1992,0,0,0,0,0,0,0,0,0,0
120742,1,1,1992,1,1,1,1,1,1,1,1,1,1
120743,1,1,1992,0,7,0,0,0,0,18,15,0,20
120743,2,1,1992,0,0,0,0,0,0,0,0,0,0
120744,1,1,1992,0,0,0,0,0,0,0,0,0,0
120744,2,1,1992,11,11,11,11,11,11,11,11,11,11
120745,0,1,1992,0,0,0,0,0,0,0,0,0,0
120745,1,1,1992,0,0,0,0,0,0,0,0,0,0
120746,1,1,1992,0,0,0,0,0,0,0,0,0,0
120746,2,1,1992,0,0,0,0,0,0,0,0,0,0
120747,1,1,1992,12,12,12,12,12,12,12,12,12,12
120748,0,1,1992,29,29,29,29,29,29,29,29,29,29
120749,1,1,1992,0,0,0,0,0,0,0,0,0,0
120749,2,1,1992,0,0,0,0,0,0,0,0,0,0
120750,1,1,1992,0,0,0,0,0,0,0,0,0,0
120750,2,1,1992,0,0,0,0,0,0,0,0,0,0
120751,1,1,1992,17,17,17,17,17,17,17,17,17,17
120752,0,1,1992,16,16,16,16,16,16,16,16,16,16
120752,1,1,1992,0,0,9,0,0,0,37,10,0,0
120753,1,1,1992,12,12,12,12,12,12,12,12,12,12
120753,2,1,1992,0,0,0,0,0,0,0,0,0,0
120754,1,1,1992,0,0,0,0,0,0,0,0,0,0
120754,2,1,1992,0,0,0,0,0,0,0,0,0,0
120755,1,1,1992,19,19,19,19,19,19,19,19,19,19
120755,2,1,1992,0,0,0,0,0,0,0,0,0,0
120755,3,1,1992,0,0,0,0,0,0,0,0,0,0
120756,1,1,1992,0,0,0,0,0,0,0,0,0,0
120756,2,1,1992,0,0,0,0,0,0,0,0,0,0
120757,1,1,1992,18,18,18,18,18,18,18,18,18,18
120758,1,1,1992,0,25,23,21,26,0,15,16,21,6
120759,1,1,1992,0,0,0,0,0,0,0,0,0,0
120760,1,1,1992,0,0,0,0,0,0,0,0,0,0
120760,2,1,1992,0,0,0,0,0,0,0,0,0,0
120761,1,1,1992,0,0,0,0,0,0,0,0,0,0
120761,2,1,1992,0,0,0,0,0,0,0,0,0,0
120762,0,1,1992,20,20,20,20,20,20,20,20,20,20
120762,1,1,1992,0,0,0,0,0,0,0,0,0,0
120763,1,1,1992,0,0,0,0,0,0,0,0,0,0
120764,0,1,1992,0,0,11,0,0,0,0,0,0,0
120764,1,1,1992,0,0,0,0,0,0,0,0,0,0
120765,0,1,1992,28,28,28,28,28,28,28,28,28,28
120765,1,1,1992,0,0,0,0,0,0,0,0,0,0
120766,1,1,1992,0,18,0,0,0,0,0,0,0,0
120766,2,1,1992,18,18,18,18,18,18,18,18,18,18
120769,0,1,1992,12,12,12,12,12,12,12,12,12,12
120769,1,1,1992,0,0,0,0,0,0,3,0,0,0
120770,0,1,1992,20,20,20,20,20,20,20,20,20,20
120770,1,1,1992,0,0,0,0,0,0,0,0,0,0
120771,1,1,1992,37,37,37,37,37,37,37,37,37,37
120771,2,1,1992,0,0,0,0,0,0,0,0,0,0
120772,1,1,1992,0,0,0,0,0,0,0,0,0,0
120772,2,1,1992,0,0,0,0,0,0,0,0,0,0
120773,1,1,1992,0,0,0,0,0,0,0,0,0,0
120773,2,1,1992,0,0,0,0,0,0,0,0,0,8
120774,0,1,1992,0,0,0,0,0,0,0,0,0,0
120774,1,1,1992,0,0,0,0,0,0,0,0,0,0
120775,1,1,1992,20,20,20,20,20,20,20,20,20,20
120776,1,1,1992,0,0,0,0,0,0,0,0,0,6
120776,2,1,1992,6,0,0,0,0,0,0,0,0,0
120777,1,1,1992,31,0,4,0,18,0,0,0,12,16
120777,2,1,1992,0,20,7,12,0,0,5,18,0,11
120779,1,1,1992,0,0,0,0,0,0,0,0,0,0