ST_CASE,VEH_NO,PER_NO,YEAR,P1,P2,P3,P4,P5,P6,P7,P8,P9,P10
120779,2,1,1992,17,17,17,17,17,17,17,17,17,17
120780,1,1,1992,0,0,21,0,3,0,0,0,0,0
120780,2,1,1992,0,0,0,0,0,0,0,0,5,0
120781,1,1,1992,0,0,0,0,0,0,0,0,0,0
120781,2,1,1992,0,0,0,0,0,0,0,0,0,0
120781,3,1,1992,0,0,0,0,0,0,0,0,0,0
120782,1,1,1992,0,0,0,0,0,17,0,0,0,0
120782,2,1,1992,0,0,0,0,0,0,0,0,0,0
120783,0,1,1992,13,0,2,0,30,11,0,0,18,23
120783,0,2,1992,0,9,0,0,15,27,0,32,0,0
120783,1,1,1992,0,0,14,0,0,0,0,0,0,0
120784,0,1,1992,15,15,15,15,15,15,15,15,15,15
120784,1,1,1992,16,16,10,9,0,0,19,0,0,18
120785,0,1,1992,12,12,12,12,12,12,12,12,12,12
120785,1,1,1992,4,4,4,4,4,4,4,4,4,4
120786,1,1,1992,4,4,4,4,4,4,4,4,4,4
120787,0,1,1992,19,19,19,19,19,19,19,19,19,19
120787,1,1,1992,0,0,0,0,0,0,0,0,0,0
120788,1,1,1992,14,14,14,14,14,14,14,14,14,14
120788,2,1,1992,3,3,3,3,3,3,3,3,3,3
120789,1,1,1992,0,0,0,0,0,0,0,0,0,0
120789,2,1,1992,0,0,0,0,0,0,0,0,0,0
120790,1,1,1992,0,0,0,0,0,18,0,15,0,0
120790,2,1,1992,0,0,0,0,0,0,0,0,0,0
120791,1,1,1992,9,9,9,9,9,9,9,9,9,9
120792,1,1,1992,0,0,0,0,0,0,0,0,0,0
120792,2,1,1992,8,8,8,8,8,8,8,8,8,8
120793,1,1,1992,0,0,0,0,0,0,0,0,0,0
120793,2,1,1992,26,26,26,26,26,26,26,26,26,26
120794,0,1,1992,19,19,19,19,19,19,19,19,19,19
120794,1,1,1992,0,0,0,0,0,0,0,0,0,0
120795,1,1,1992,0,0,0,0,0,0,0,0,0,0
120796,0,1,1992,0,0,0,0,0,0,0,0,0,0
120796,1,1,1992,0,0,0,0,0,0,0,0,11,0
120797,1,1,1992,0,0,0,0,0,0,0,0,0,0
120797,2,1,1992,14,0,0,0,0,0,0,0,0,0
120798,1,1,1992,0,0,0,0,0,0,0,0,0,0
120798,2,1,1992,0,0,0,0,0,0,0,0,0,0
120799,1,1,1992,29,29,29,29,29,29,29,29,29,29
120800,1,1,1992,19,19,19,19,19,19,19,19,19,19
120801,0,1,1992,0,0,0,0,0,0,0,0,0,0
120801,1,1,1992,0,0,0,0,0,12,0,0,0,0
120802,1,1,1992,0,0,0,0,0,0,0,0,0,0
120803,1,1,1992,0,0,0,0,0,0,0,0,0,0
120804,1,1,1992,31,31,31,31,31,31,31,31,31,31
120805,1,1,1992,0,0,0,0,0,0,0,0,0,0
120805,2,1,1992,0,0,0,0,0,0,0,0,0,0
120806,1,1,1992,13,13,13,13,13,13,13,13,13,13
120806,2,1,1992,14,14,14,14,14,14,14,14,14,14
120807,1,1,1992,15,15,15,15,15,15,15,15,15,15
120808,1,1,1992,0,0,0,0,0,0,0,0,0,0
120809,1,1,1992,0,0,0,0,0,0,0,0,0,0
120810,0,1,1992,2,2,2,2,2,2,2,2,2,2
120810,1,1,1992,0,0,0,0,0,0,0,0,0,9
120811,1,1,1992,19,19,19,19,19,19,19,19,19,19
120811,2,1,1992,0,0,0,0,0,0,0,0,0,0
120812,0,1,1992,26,26,26,26,26,26,26,26,26,26
120812,1,1,1992,0,0,22,0,0,0,0,0,0,0
120813,1,1,1992,0,0,0,0,0,0,0,0,0,0
120813,2,1,1992,0,0,0,0,0,0,0,0,0,0
120814,1,1,1992,0,0,0,0,0,0,0,0,0,0
120815,1,1,1992,0,0,0,0,0,0,0,0,0,0
120816,1,1,1992,0,0,0,0,0,0,0,0,0,0
120816,2,1,1992,13,13,13,13,13,13,13,13,13,13
120817,1,1,1992,0,0,0,0,0,0,0,0,0,0
120817,2,1,1992,0,0,0,0,0,0,0,0,0,0
120817,3,1,1992,0,0,0,0,0,0,0,0,0,0
120818,0,1,1992,0,0,0,0,0,2,0,0,0,0
120818,1,1,1992,0,0,8,0,0,0,0,0,0,0
120819,1,1,1992,0,0,0,0,0,0,0,0,0,0
120819,2,1,1992,0,0,0,0,0,0,0,0,0,0
120819,3,1,1992,0,0,0,0,0,0,0,0,0,0
120819,4,1,1992,0,0,0,0,0,0,0,16,0,0
120819,5,1,1992,0,0,0,0,0,0,0,0,19,0
120821,1,1,1992,0,0,0,0,0,0,0,0,0,0
120821,2,1,1992,0,0,0,0,0,0,0,0,0,0
120822,1,1,1992,0,0,0,0,0,0,0,0,0,0
120822,2,1,1992,0,0,0,0,0,0,0,0,0,0
120823,1,1,1992,26,26,26,26,26,26,26,26,26,26
120824,1,1,1992,0,0,0,0,0,0,0,0,0,0
120825,1,1,1992,0,0,0,0,0,0,0,0,0,0
120825,2,1,1992,0,0,0,0,0,0,0,0,0,0
120826,1,1,1992,24,0,0,0,16,0,0,0,0,0
120827,0,1,1992,0,0,0,0,0,0,0,0,0,0
120827,1,1,1992,0,0,0,0,0,0,0,0,0,0
120828,1,1,1992,19,19,19,19,19,19,19,19,19,19
120829,1,1,1992,11,19,26,18,4,15,8,7,9,0
120830,1,1,1992,0,0,0,0,0,0,0,0,0,0
120830,2,1,1992,0,0,0,0,0,0,0,0,0,0
120830,3,1,1992,0,0,0,0,0,0,0,0,0,0
120831,1,1,1992,22,22,22,22,22,22,22,22,22,22
120832,0,1,1992,0,0,0,0,0,0,0,0,0,0
120832,1,1,1992,0,0,13,0,0,12,0,0,0,0
120833,0,1,1992,21,21,21,21,21,21,21,21,21,21
120833,1,1,1992,0,0,0,0,0,0,0,0,0,0
120834,1,1,1992,0,0,0,0,0,0,0,0,0,0
120834,2,1,1992,0,0,0,0,0,0,0,0,0,0
120835,1,1,1992,25,25,25,25,25,25,25,25,25,25
120835,2,1,1992,0,0,0,0,0,0,0,0,0,0
120836,1,1,1992,0,0,0,0,0,0,0,0,0,0
120836,2,1,1992,5,22,18,6,0,0,17,0,13,0
120837,1,1,1992,6,6,6,6,6,6,6,6,6,6
120838,1,1,1992,12,0,0,0,0,12,0,0,0,0
120838,2,1,1992,0,0,0,0,0,0,0,0,0,0
120839,1,1,1992,0,0,0,0,0,0,0,9,0,0
120839,2,1,1992,0,0,0,0,0,0,0,0,0,0
120840,1,1,1992,0,0,0,0,0,0,0,0,0,0
120840,2,1,1992,0,0,0,0,0,0,0,0,0,0
120840,3,1,1992,0,0,0,0,0,0,0,0,0,0
120841,1,1,1992,0,0,0,21,0,0,0,0,0,0
120841,2,1,1992,0,0,0,0,0,0,0,0,0,0
120842,1,1,1992,0,0,0,0,0,0,0,0,0,0
120842,2,1,1992,0,0,0,0,0,0,0,0,0,0
120843,1,1,1992,0,0,0,0,0,0,0,0,0,0
120843,2,1,1992,0,0,0,0,0,0,0,0,0,0
120844,1,1,1992,24,28,7,25,15,22,14,31,22,13
120845,1,1,1992,0,0,0,0,0,0,0,0,0,0
120846,0,1,1992,21,21,21,21,21,21,21,21,21,21
120846,1,1,1992,0,0,0,0,0,0,0,0,0,0
120847,1,1,1992,0,0,0,0,0,8,0,0,5,0
120848,1,1,1992,0,0,0,0,0,0,0,0,0,0
120848,2,1,1992,21,21,21,21,21,21,21,21,21,21
120849,0,1,1992,0,0,0,0,0,0,0,0,0,0
120849,1,1,1992,0,0,0,0,0,0,0,0,0,13
120850,1,1,1992,20,20,20,20,20,20,20,20,20,20
120850,2,1,1992,11,11,11,11,11,11,11,11,11,11
120851,1,1,1992,0,0,0,0,0,0,0,0,0,0
120851,2,1,1992,0,0,0,0,0,0,0,0,0,0
120852,0,1,1992,2,2,2,2,2,2,2,2,2,2
120852,1,1,1992,0,0,0,0,0,5,0,0,0,0
120853,1,1,1992,0,0,0,0,0,0,0,0,0,0
120853,2,1,1992,0,0,0,0,0,0,0,0,0,0
120854,1,1,1992,0,0,0,0,0,0,0,0,0,0
120855,1,1,1992,11,11,11,11,11,11,11,11,11,11
120855,2,1,1992,0,0,0,0,0,0,0,0,0,0
120856,1,1,1992,0,0,0,0,0,0,0,0,0,0
120856,2,1,1992,0,16,0,0,0,0,0,0,0,0
120856,3,1,1992,3,3,3,3,3,3,3,3,3,3
120856,4,1,1992,0,0,0,0,0,0,0,0,0,0
120857,1,1,1992,0,0,0,0,0,0,0,0,0,0
120857,2,1,1992,7,7,7,7,7,7,7,7,7,7
120858,1,1,1992,0,0,0,0,0,0,0,0,0,0
120858,2,1,1992,0,0,0,0,0,0,0,0,0,0
120859,1,1,1992,0,0,0,0,0,0,0,0,0,0
120860,1,1,1992,15,15,15,15,15,15,15,15,15,15
120861,1,1,1992,0,0,0,0,0,0,0,0,0,0
120861,2,1,1992,0,0,0,0,0,0,0,0,0,0
120862,1,1,1992,0,0,0,0,0,0,0,0,0,0
120862,2,1,1992,0,0,0,0,0,0,0,0,0,0
120863,0,1,1992,0,0,0,0,0,0,0,0,0,0
120863,1,1,1992,0,0,0,0,0,0,0,0,0,0
120864,0,1,1992,20,20,20,20,20,20,20,20,20,20
120864,1,1,1992,0,0,0,0,0,0,0,0,0,0
120865,1,1,1992,18,18,18,18,18,18,18,18,18,18
120865,2,1,1992,0,0,0,0,0,0,0,0,0,0
120866,1,1,1992,22,22,22,22,22,22,22,22,22,22
120867,1,1,1992,0,0,0,0,0,0,0,0,0,0
120867,2,1,1992,0,12,0,0,0,0,20,0,0,11
120868,0,1,1992,0,0,0,0,0,0,0,0,0,0
120868,1,1,1992,0,0,0,0,0,26,0,0,0,0
120869,1,1,1992,0,0,0,0,0,0,0,0,0,0
120869,2,1,1992,5,5,5,5,5,5,5,5,5,5
120870,1,1,1992,0,0,0,0,0,0,0,0,0,25
120871,1,1,1992,0,0,11,0,0,0,0,0,0,0
120871,2,1,1992,0,0,0,0,0,0,0,0,0,0
120872,1,1,1992,0,0,0,0,0,3,17,0,0,0
120873,1,1,1992,0,0,0,0,0,0,0,0,0,0
120874,1,1,1992,5,5,5,5,5,5,5,5,5,5
120875,1,1,1992,18,18,18,18,18,18,18,18,18,18
120876,1,1,1992,9,0,0,0,0,31,11,25,0,0
120877,1,1,1992,3,3,3,3,3,3,3,3,3,3
120878,0,2,1992,0,0,0,0,0,0,0,0,0,0
120878,0,3,1992,0,20,0,22,0,0,0,0,17,0
120878,0,4,1992,0,0,0,0,0,0,0,0,0,0
120878,0,5,1992,0,0,0,0,0,0,0,0,0,0
120878,0,6,1992,0,0,0,0,17,0,0,0,12,0
120878,0,7,1992,0,21,0,0,0,0,0,0,0,0
120878,0,8,1992,0,14,0,0,17,0,0,0,0,0
120878,0,9,1992,0,0,0,0,9,0,0,22,0,0
120878,1,1,1992,0,0,0,0,0,0,0,0,0,0
120879,1,1,1992,0,0,0,0,0,0,0,0,0,0
120879,2,1,1992,0,0,0,0,0,0,0,0,0,11
120879,3,1,1992,0,0,0,0,0,0,0,0,0,0
120880,0,1,1992,0,38,36,0,0,32,16,11,0,0
120880,1,1,1992,0,8,0,0,29,0,0,0,0,0
120881,0,1,1992,22,22,22,22,22,22,22,22,22,22
120881,0,2,1992,15,15,15,15,15,15,15,15,15,15
120881,1,1,1992,20,20,20,20,20,20,20,20,20,20
120882,0,1,1992,15,0,0,0,0,0,0,0,0,0
120882,1,1,1992,0,0,0,0,0,0,0,0,0,0
120883,1,1,1992,12,12,12,12,12,12,12,12,12,12
120883,2,1,1992,0,0,0,0,0,0,0,0,0,0
120884,0,1,1992,0,0,0,0,0,0,0,0,0,0
120884,1,1,1992,0,3,0,0,0,0,0,0,0,0
120885,1,1,1992,24,24,24,24,24,24,24,24,24,24
120885,2,1,1992,0,0,0,0,0,0,0,0,0,0
120885,3,1,1992,0,0,0,0,0,0,0,0,0,0
120886,1,1,1992,0,0,0,0,0,0,0,0,0,0
120887,1,1,1992,0,0,0,0,0,0,0,0,0,0
120887,2,1,1992,0,0,0,0,0,0,0,0,0,0
120888,1,1,1992,28,28,28,28,28,28,28,28,28,28
120889,1,1,1992,0,0,0,18,0,0,0,0,0,0
120889,2,1,1992,0,0,0,0,0,0,0,0,0,0
120890,0,1,1992,0,0,12,0,0,0,0,0,0,0
120890,1,1,1992,0,0,0,0,0,0,0,0,0,0
120891,1,1,1992,18,18,18,18,18,18,18,18,18,18
120892,0,1,1992,0,0,0,0,0,0,0,0,0,0
120892,1,1,1992,0,0,0,0,0,0,0,0,0,0
120893,1,1,1992,17,13,6,18,19,20,18,26,28,18
120896,0,1,1992,0,0,0,0,0,0,13,0,0,0
120896,1,1,1992,0,0,0,0,0,0,0,0,0,0
120897,0,1,1992,0,0,0,6,0,0,0,0,0,0
120897,1,1,1992,0,0,0,0,0,0,0,0,0,0
120898,1,1,1992,0,0,0,0,0,0,0,0,0,0
120898,2,1,1992,15,15,15,15,15,15,15,15,15,15
120899,1,1,1992,22,22,22,22,22,22,22,22,22,22
120900,1,1,1992,0,0,0,0,0,0,0,0,0,0
120901,1,1,1992,4,0,0,0,0,0,0,0,0,0
120902,0,1,1992,10,10,10,10,10,10,10,10,10,10
120902,1,1,1992,16,7,31,22,11,13,24,7,5,14
120903,1,1,1992,0,0,0,0,0,0,0,0,0,0
120903,2,1,1992,0,0,13,0,0,0,0,0,0,0
120904,1,1,1992,20,20,20,20,20,20,20,20,20,20
120904,2,1,1992,0,0,0,0,0,0,0,0,0,0
120905,1,1,1992,0,0,0,0,0,0,0,0,0,0
120905,2,1,1992,0,0,0,0,0,0,0,0,0,0
120906,1,1,1992,18,18,18,18,18,18,18,18,18,18
120907,1,1,1992,0,0,0,0,0,0,0,0,0,0
120908,1,1,1992,0,0,0,0,0,0,0,0,0,0
120908,2,1,1992,0,0,0,0,0,0,0,0,0,0
120910,0,1,1992,0,0,0,0,0,0,0,0,0,0
120910,1,1,1992,0,0,0,0,0,0,0,0,0,0
120911,0,1,1992,0,0,24,0,13,0,16,21,0,20
120911,1,1,1992,0,0,10,0,0,22,0,0,14,0
120912,1,1,1992,0,0,0,0,0,12,0,0,0,0
120913,1,1,1992,9,0,0,0,0,0,0,0,0,0
120913,2,1,1992,0,0,0,0,0,0,0,0,0,0
120915,1,1,1992,0,0,0,0,0,0,0,0,0,0
120915,2,1,1992,9,9,9,9,9,9,9,9,9,9
120915,3,1,1992,0,0,0,0,0,0,0,0,0,0
120916,1,1,1992,0,0,0,0,0,0,0,0,0,0
120917,1,1,1992,0,0,0,0,0,0,0,0,0,0
120917,2,1,1992,0,0,0,0,0,0,0,0,0,0
120918,1,1,1992,0,0,0,0,0,0,0,0,0,0
120918,2,1,1992,0,0,0,0,0,0,0,0,0,0
120919,1,1,1992,0,0,0,0,0,0,0,0,0,0
120919,2,1,1992,0,0,0,0,0,0,0,0,0,0
120920,0,1,1992,0,0,0,0,0,0,0,0,0,0
120920,1,1,1992,2,2,2,2,2,2,2,2,2,2
120921,1,1,1992,0,0,0,0,0,0,0,0,0,0
120921,2,1,1992,0,0,0,0,0,0,0,0,0,0
120922,1,1,1992,0,0,0,0,0,0,0,0,0,0
120922,2,1,1992,0,0,0,0,0,0,0,0,0,0
120923,1,1,1992,26,26,26,26,26,26,26,26,26,26
120924,1,1,1992,0,25,0,0,18,0,0,0,0,0
120925,1,1,1992,0,0,0,0,0,0,0,0,0,0
120926,1,1,1992,0,0,0,0,0,0,0,0,0,0
120927,1,1,1992,0,0,0,0,0,0,0,0,0,0
120928,1,1,1992,0,0,0,0,0,0,0,0,0,0
120928,2,1,1992,0,0,0,0,0,0,0,0,0,0
120929,0,1,1992,0,0,0,0,0,0,0,0,0,0
120929,1,1,1992,0,0,0,0,0,0,0,0,0,0
120930,1,1,1992,15,15,15,15,15,15,15,15,15,15
120931,0,1,1992,0,0,0,0,0,0,12,0,0,6
120931,1,1,1992,0,0,0,0,0,0,0,0,11,0
120932,1,1,1992,0,0,0,0,0,0,0,0,0,0
120932,2,1,1992,0,0,0,0,0,0,0,0,0,0
120933,0,1,1992,27,0,0,0,0,0,27,0,0,0
120933,0,2,1992,0,29,11,0,6,0,0,22,0,9
120933,1,1,1992,0,0,15,0,0,0,20,0,0,0
120934,0,1,1992,0,0,0,0,0,0,0,0,0,0
120934,1,1,1992,11,11,11,11,11,11,11,11,11,11
120935,1,1,1992,24,24,24,24,24,24,24,24,24,24
120936,1,1,1992,19,0,0,0,0,7,0,0,0,0
120936,2,1,1992,0,0,0,0,0,0,0,0,0,0
120937,0,1,1992,17,17,17,17,17,17,17,17,17,17
120937,1,1,1992,0,0,0,0,0,0,0,0,0,0
120938,1,1,1992,0,0,0,0,0,0,0,0,0,0
120938,2,1,1992,0,0,0,0,0,0,0,0,0,0
120939,1,1,1992,11,11,11,11,11,11,11,11,11,11
120939,2,1,1992,0,0,0,0,0,0,0,0,0,0
120940,1,1,1992,0,0,0,0,0,0,0,0,0,0
120940,2,1,1992,0,0,0,0,0,0,0,0,0,0
120940,3,1,1992,0,0,0,0,0,0,0,0,0,0
120940,4,1,1992,0,0,0,0,0,0,0,0,0,0
120940,5,1,1992,36,36,36,36,36,36,36,36,36,36
120941,1,1,1992,21,21,21,21,21,21,21,21,21,21
120942,1,1,1992,0,0,0,0,0,0,0,0,0,0
120942,2,1,1992,0,0,0,0,0,0,0,0,0,0
120943,1,1,1992,23,23,23,23,23,23,23,23,23,23
120944,1,1,1992,0,0,0,0,0,0,0,0,0,0
120944,2,1,1992,0,0,0,0,0,0,0,0,0,0
120945,1,1,1992,19,0,0,10,0,0,0,0,0,0
120946,1,1,1992,23,23,23,23,23,23,23,23,23,23
120947,1,1,1992,0,0,0,0,0,0,0,0,0,0
120947,2,1,1992,0,0,0,0,0,0,0,0,0,0
120948,0,1,1992,0,0,0,0,0,0,0,0,0,0
120948,1,1,1992,0,0,0,0,0,0,0,0,0,0
120949,1,1,1992,0,0,0,0,0,0,0,0,0,17
120949,2,1,1992,0,0,0,0,0,0,0,0,0,0
120950,1,1,1992,0,0,0,0,0,0,0,0,0,0
120951,1,1,1992,30,30,30,30,30,30,30,30,30,30
120953,1,1,1992,0,0,0,0,0,0,0,0,8,0
120953,2,1,1992,0,0,0,0,0,0,0,0,0,0
120954,1,1,1992,0,0,0,0,0,0,0,0,0,0
120954,2,1,1992,0,0,0,0,0,0,0,0,0,0
120955,0,1,1992,17,17,17,17,17,17,17,17,17,17
120955,1,1,1992,14,14,14,14,14,14,14,14,14,14
120956,1,1,1992,0,0,0,0,0,0,0,0,0,0
120956,2,1,1992,0,0,0,0,0,0,0,0,0,0
120957,0,1,1992,12,12,12,12,12,12,12,12,12,12
120957,1,1,1992,0,6,0,19,0,0,0,0,0,0
120958,1,1,1992,0,11,0,6,13,0,7,12,0,0
120958,2,1,1992,9,12,17,20,0,0,0,0,0,12
120959,1,1,1992,0,0,0,0,0,0,0,0,0,0
120959,2,1,1992,0,0,0,0,0,0,0,0,0,0
120959,3,1,1992,0,0,0,0,0,19,0,0,0,0
120959,4,1,1992,0,0,0,0,0,0,0,0,0,0
120960,1,1,1992,0,0,0,0,0,0,0,0,0,0
120960,2,1,1992,0,0,0,0,0,0,0,0,0,0
120961,1,1,1992,9,9,9,9,9,9,9,9,9,9
120962,0,1,1992,0,0,0,0,0,0,0,0,0,0
120962,1,1,1992,0,0,0,0,0,0,0,0,0,0
120963,1,1,1992,0,0,0,0,0,0,0,0,0,0
120963,2,1,1992,0,0,0,0,0,0,0,0,0,0
120964,0,1,1992,25,36,31,20,0,11,21,30,0,0
120964,1,1,1992,15,15,15,15,15,15,15,15,15,15
120964,2,1,1992,0,0,0,0,0,0,0,0,0,0
120965,0,1,1992,27,27,27,27,27,27,27,27,27,27
120965,1,1,1992,0,0,0,0,0,0,0,0,0,0
120966,1,1,1992,0,0,0,0,0,0,0,0,0,0
120967,1,1,1992,0,0,0,0,0,0,0,0,0,0
120968,1,1,1992,22,22,22,22,22,22,22,22,22,22
120968,2,1,1992,0,0,0,0,0,0,0,0,0,0
120969,1,1,1992,12,12,12,12,12,12,12,12,12,12
120969,2,1,1992,0,0,3,0,0,0,0,0,0,0
120970,1,1,1992,12,12,12,12,12,12,12,12,12,12
120971,1,1,1992,13,13,13,13,13,13,13,13,13,13
120972,0,1,1992,10,10,10,10,10,10,10,10,10,10
120972,1,1,1992,1,1,1,1,1,1,1,1,1,1
120973,1,1,1992,22,22,22,22,22,22,22,22,22,22
120975,0,1,1992,22,22,22,22,22,22,22,22,22,22
120975,1,1,1992,0,0,0,0,0,0,0,0,0,0
120976,1,1,1992,0,0,0,0,0,0,0,0,0,0
120976,2,1,1992,0,0,0,0,0,0,0,0,0,0
120977,0,1,1992,0,0,0,0,0,0,0,0,0,0
120977,1,1,1992,0,0,0,0,0,0,0,0,0,0
120978,1,1,1992,20,20,20,20,20,20,20,20,20,20
120978,2,1,1992,0,0,0,0,0,0,0,0,0,0
120978,3,1,1992,0,0,0,0,0,0,0,0,0,0
120979,0,1,1992,0,0,0,0,0,0,0,0,0,0
120979,1,1,1992,0,0,0,0,0,0,0,0,0,0
120981,1,1,1992,21,21,21,21,21,21,21,21,21,21
120982,1,1,1992,0,0,0,0,0,0,0,0,0,0
120982,2,1,1992,0,0,0,0,0,0,0,0,0,0
120982,3,1,1992,0,0,0,0,0,0,0,0,0,0
120982,4,1,1992,0,0,11,0,0,0,0,0,0,0
120982,5,1,1992,13,7,14,19,0,11,15,9,13,11
120983,1,1,1992,0,0,0,0,0,3,0,0,0,0
120983,2,1,1992,0,0,0,0,0,0,0,0,0,0
120984,1,1,1992,0,0,0,0,0,0,0,0,0,0
120985,0,1,1992,3,3,3,3,3,3,3,3,3,3
120985,1,1,1992,0,0,0,0,0,0,0,0,0,0
120985,2,1,1992,0,0,0,0,0,0,0,0,0,0
120985,3,1,1992,0,0,0,0,7,0,0,0,0,0
120985,4,1,1992,0,5,0,0,7,6,0,0,14,0
120985,5,1,1992,0,0,0,0,0,0,0,0,0,0
120986,1,1,1992,0,0,0,0,0,0,0,0,0,0
120987,0,1,1992,0,0,0,0,0,0,0,0,0,0
120987,1,1,1992,0,0,0,0,14,0,0,0,0,8
120988,1,1,1992,0,0,0,0,0,0,0,0,0,0
120988,2,1,1992,0,0,0,0,0,0,0,0,0,0
120988,3,1,1992,0,0,12,20,0,0,0,0,0,0
120989,1,1,1992,0,24,0,0,0,0,0,0,0,0
120990,1,1,1992,22,22,22,22,22,22,22,22,22,22
120990,2,1,1992,0,0,0,0,0,0,0,0,0,0
120991,1,1,1992,0,0,0,0,0,0,0,0,0,0
120991,2,1,1992,8,0,0,32,9,0,27,0,6,0
120991,3,1,1992,0,21,0,0,0,0,0,0,0,0
120991,4,1,1992,0,0,0,0,0,0,0,0,0,0
120992,0,1,1992,14,14,14,14,14,14,14,14,14,14
120992,1,1,1992,0,0,0,0,0,0,0,0,0,0
120993,1,1,1992,0,0,0,0,0,0,0,0,0,0
120994,1,1,1992,17,17,17,17,17,17,17,17,17,17
120995,1,1,1992,7,7,7,7,7,7,7,7,7,7
120995,2,1,1992,0,0,0,0,0,0,0,0,0,0
120996,1,1,1992,0,0,0,0,0,0,0,0,0,0
120996,2,1,1992,0,0,0,7,0,0,0,0,0,0
120997,0,1,1992,10,0,0,0,17,13,0,0,0,15
120997,1,1,1992,19,19,19,19,19,19,19,19,19,19
120998,0,1,1992,16,16,16,16,16,16,16,16,16,16
120998,1,1,1992,0,0,7,0,0,21,0,0,13,13
120998,2,1,1992,0,25,0,0,0,0,0,0,0,0
120999,1,1,1992,16,16,16,16,16,16,16,16,16,16
121000,1,1,1992,0,0,0,0,0,0,0,0,0,0
121000,2,1,1992,0,0,0,0,0,0,0,0,0,0
121000,3,1,1992,0,0,0,0,0,0,0,0,0,0
121001,1,1,1992,16,16,16,16,16,16,16,16,16,16
121001,2,1,1992,0,0,0,0,0,0,0,0,0,0
121001,3,1,1992,0,0,0,0,0,0,0,0,0,0
121001,4,1,1992,0,0,0,0,0,0,0,0,0,0
121002,1,1,1992,0,0,0,0,0,0,0,0,0,0
121002,2,1,1992,0,0,0,0,0,0,0,0,0,0
121003,1,1,1992,5,5,5,5,5,5,5,5,5,5
121003,2,1,1992,10,10,10,10,10,10,10,10,10,10
121004,1,1,1992,9,9,9,9,9,9,9,9,9,9
121004,2,1,1992,16,16,16,16,16,16,16,16,16,16
121005,1,1,1992,0,0,0,0,0,0,0,0,0,0
121006,0,1,1992,30,30,30,30,30,30,30,30,30,30
121006,1,1,1992,0,0,0,0,0,0,0,0,0,0
121007,1,1,1992,0,0,0,0,0,0,0,0,0,0
121008,1,1,1992,0,0,0,0,0,0,0,0,0,0
121008,2,1,1992,0,0,0,0,0,22,8,0,0,0
121009,0,1,1992,0,0,0,0,0,0,0,0,0,0
121009,1,1,1992,16,16,16,16,16,16,16,16,16,16
121010,1,1,1992,0,0,0,0,0,0,0,0,0,0
121010,2,1,1992,0,0,0,0,0,0,0,0,0,0
121011,1,1,1992,0,0,0,0,0,0,0,0,0,0
121012,0,1,1992,0,0,0,0,0,0,0,0,0,0
121012,0,2,1992,0,7,9,9,13,0,0,27,0,0
121012,1,1,1992,8,20,14,27,12,22,0,10,2,5
121013,1,1,1992,14,14,14,14,14,14,14,14,14,14
121014,1,1,1992,5,5,5,5,5,5,5,5,5,5
121015,1,1,1992,31,31,31,31,31,31,31,31,31,31
121016,1,1,1992,0,0,0,0,0,0,0,0,0,0
121016,2,1,1992,0,0,0,0,0,0,0,0,0,0
121017,1,1,1992,26,26,26,26,26,26,26,26,26,26
121017,2,1,1992,0,0,0,0,5,0,0,0,16,0
121017,3,1,1992,0,0,0,0,0,0,0,0,0,0
121017,4,1,1992,0,0,0,0,0,0,0,0,0,0
121017,5,1,1992,0,0,0,0,0,0,0,0,0,0
121018,1,1,1992,0,0,0,0,0,0,0,0,0,0
121018,2,1,1992,0,0,0,0,0,0,0,0,0,0
121019,1,1,1992,0,0,0,0,0,0,0,0,0,0
121020,1,1,1992,0,0,0,0,0,0,0,0,0,0
121020,2,1,1992,0,0,0,0,0,0,0,0,0,0
121021,1,1,1992,0,0,0,0,0,0,0,0,0,0
121021,2,1,1992,0,0,0,0,0,0,0,0,0,0
121021,3,1,1992,0,0,0,0,0,0,0,0,0,0
121022,1,1,1992,0,0,0,0,0,0,0,0,0,0
121022,2,1,1992,0,0,0,0,0,0,0,0,0,0
121024,1,1,1992,11,11,11,11,11,11,11,11,11,11
121025,1,1,1992,5,25,7,0,34,0,0,0,7,13
121026,1,1,1992,8,8,8,8,8,8,8,8,8,8
121026,2,1,1992,0,0,0,0,11,0,0,0,0,0
121027,0,1,1992,0,0,0,0,0,0,0,0,0,0
121027,1,1,1992,0,26,0,12,0,0,9,0,9,0
121028,0,1,1992,0,0,0,0,0,0,0,0,0,0
121028,1,1,1992,0,0,0,0,0,0,0,0,0,0
121029,0,1,1992,5,5,5,5,5,5,5,5,5,5
121029,0,2,1992,31,15,0,0,11,10,0,19,15,0
121029,1,1,1992,0,0,0,0,0,0,0,0,0,0
121030,1,1,1992,20,20,20,20,20,20,20,20,20,20
121031,1,1,1992,0,0,0,0,0,0,0,0,0,0
121032,1,1,1992,0,0,0,0,0,0,0,0,0,0
121032,2,1,1992,0,0,0,0,0,0,0,0,0,0
121033,1,1,1992,0,0,0,0,0,0,0,0,0,0
121033,2,1,1992,0,0,0,0,0,0,0,0,0,0
121033,3,1,1992,0,0,0,0,0,0,0,0,0,0
121034,1,1,1992,0,0,0,0,0,0,0,0,0,0