ST_CASE,VEH_NO,PER_NO,YEAR,P1,P2,P3,P4,P5,P6,P7,P8,P9,P10
121034,2,1,1992,0,0,0,0,0,0,0,0,0,0
121035,1,1,1992,0,0,0,0,0,0,0,0,0,0
121035,2,1,1992,0,0,0,0,0,0,0,0,0,0
121037,1,1,1992,22,22,22,22,22,22,22,22,22,22
121037,2,1,1992,0,0,0,0,0,0,0,0,0,0
121038,1,1,1992,0,5,0,0,0,0,0,0,0,0
121038,2,1,1992,0,0,0,0,0,0,0,0,0,0
121039,1,1,1992,0,0,0,0,0,0,0,0,0,0
121039,2,1,1992,0,0,0,0,0,0,8,0,0,0
121040,0,2,1992,9,9,9,9,9,9,9,9,9,9
121040,1,1,1992,11,11,11,11,11,11,11,11,11,11
121041,0,1,1992,17,17,17,17,17,17,17,17,17,17
121041,1,1,1992,0,0,0,0,0,0,0,0,0,0
121041,2,1,1992,0,0,0,0,0,0,3,0,0,0
121042,1,1,1992,0,0,0,0,0,0,0,0,0,0
121043,1,1,1992,22,22,22,22,22,22,22,22,22,22
121044,1,1,1992,21,21,21,21,21,21,21,21,21,21
121045,1,1,1992,0,30,0,14,0,18,15,0,15,0
121046,0,1,1992,0,0,0,0,0,0,0,0,0,0
121046,1,1,1992,0,0,0,0,0,0,0,0,0,0
121047,1,1,1992,1,1,1,1,1,1,1,1,1,1
121047,2,1,1992,0,0,0,0,0,0,0,0,0,0
121048,1,1,1992,36,36,36,36,36,36,36,36,36,36
121049,1,1,1992,0,18,12,0,0,0,0,0,0,0
121050,1,1,1992,16,0,0,0,0,0,0,0,0,0
121050,2,1,1992,14,14,14,14,14,14,14,14,14,14
121051,0,1,1992,0,0,0,0,0,0,0,0,0,0
121051,1,1,1992,0,0,0,0,0,0,0,0,0,0
121052,0,1,1992,7,7,7,7,7,7,7,7,7,7
121052,1,1,1992,0,0,0,0,0,0,0,0,0,0
121054,0,1,1992,0,0,0,0,0,0,0,0,0,0
121054,0,2,1992,0,0,0,0,0,0,0,0,0,0
121054,0,3,1992,0,0,0,0,0,0,0,0,0,0
121054,0,4,1992,0,0,0,0,0,0,0,0,0,0
121054,1,1,1992,0,0,6,0,0,0,0,0,0,24
121055,1,1,1992,0,0,0,0,0,0,0,0,0,0
121055,2,1,1992,0,0,0,0,0,0,0,0,0,0
121056,1,1,1992,0,0,0,0,0,0,0,0,0,0
121056,2,1,1992,0,0,0,0,0,0,0,0,0,0
121057,1,1,1992,0,0,0,0,0,0,0,0,0,0
121057,2,1,1992,0,0,0,0,0,0,0,0,0,0
121057,3,1,1992,0,0,0,0,0,0,0,0,0,0
121058,1,1,1992,0,0,0,0,0,0,0,0,0,0
121059,0,1,1992,0,0,0,0,0,0,0,0,0,0
121059,1,1,1992,0,0,0,0,0,0,8,0,0,0
121060,1,1,1992,0,0,0,0,0,0,0,0,0,0
121060,2,1,1992,0,0,0,0,0,0,0,0,0,0
121060,3,1,1992,0,0,0,0,0,0,0,0,0,0
121061,1,1,1992,2,2,2,2,2,2,2,2,2,2
121061,2,1,1992,0,0,0,0,0,0,0,0,0,0
121062,0,1,1992,0,0,0,0,0,0,0,0,0,0
121062,1,1,1992,0,0,0,0,0,0,0,0,0,0
121063,1,1,1992,9,9,9,9,9,9,9,9,9,9
121064,1,1,1992,24,12,11,12,15,22,13,14,6,18
121064,2,1,1992,0,0,0,0,0,0,0,0,0,0
121065,1,1,1992,0,0,0,0,0,0,0,0,0,0
121065,2,1,1992,0,0,0,0,0,0,0,0,0,0
121065,3,1,1992,0,0,0,0,0,0,0,0,0,0
121066,1,1,1992,0,0,0,0,0,3,0,0,0,0
121067,1,1,1992,15,15,15,15,15,15,15,15,15,15
121068,1,1,1992,0,0,0,0,0,0,0,0,0,0
121069,1,1,1992,0,0,0,0,0,0,0,0,0,0
121069,2,1,1992,0,0,0,0,0,0,0,0,0,0
121069,3,1,1992,0,0,0,0,0,0,0,0,0,15
121070,1,1,1992,9,9,9,9,9,9,9,9,9,9
121070,2,1,1992,0,0,0,0,0,0,0,0,0,0
121071,1,1,1992,0,0,0,0,0,0,0,13,0,0
121071,2,1,1992,0,0,0,0,0,0,0,0,0,0
121072,1,1,1992,23,23,23,23,23,23,23,23,23,23
121072,2,1,1992,0,0,0,0,0,0,0,0,0,0
121073,1,1,1992,0,0,0,0,0,0,0,0,0,0
121073,2,1,1992,0,0,0,0,0,0,0,0,0,0
121074,1,1,1992,0,0,0,0,0,0,12,0,0,0
121074,2,1,1992,0,0,0,0,0,0,0,0,0,0
121076,1,1,1992,17,17,17,17,17,17,17,17,17,17
121077,1,1,1992,10,13,0,0,0,17,0,11,0,13
121078,0,1,1992,0,17,0,0,20,0,16,0,34,9
121078,1,1,1992,6,6,6,6,6,6,6,6,6,6
121079,0,1,1992,11,11,11,11,11,11,11,11,11,11
121079,1,1,1992,0,0,0,0,0,0,0,0,0,0
121080,1,1,1992,26,26,26,26,26,26,26,26,26,26
121081,1,1,1992,32,32,32,32,32,32,32,32,32,32
121082,0,1,1992,0,0,0,0,0,0,0,0,0,0
121082,1,1,1992,6,6,6,6,6,6,6,6,6,6
121082,2,1,1992,21,21,21,21,21,21,21,21,21,21
121083,1,1,1992,0,0,0,0,0,0,0,0,0,0
121083,2,1,1992,0,0,0,0,0,0,0,0,0,0
121084,1,1,1992,15,0,0,0,0,0,0,0,0,0
121085,0,1,1992,13,13,13,13,13,13,13,13,13,13
121085,1,1,1992,0,0,0,0,0,0,0,0,0,0
121086,1,1,1992,0,0,0,0,0,0,0,0,0,0
121086,2,1,1992,0,0,0,0,0,0,0,0,0,0
121087,1,1,1992,13,13,13,13,13,13,13,13,13,13
121087,2,1,1992,0,0,0,0,0,0,0,0,0,0
121088,1,1,1992,18,18,18,18,18,18,18,18,18,18
121088,2,1,1992,18,0,17,11,14,19,9,14,6,8
121089,1,1,1992,0,0,0,0,0,0,0,0,0,0
121090,0,1,1992,27,27,27,27,27,27,27,27,27,27
121090,0,2,1992,20,12,18,12,21,0,23,12,0,10
121090,1,1,1992,0,0,8,0,5,0,0,0,10,5
121091,1,1,1992,0,0,0,35,0,0,0,11,0,0
121091,2,1,1992,14,8,19,12,19,19,16,20,24,20
121092,1,1,1992,11,11,11,11,11,11,11,11,11,11
121092,2,1,1992,0,0,0,0,0,0,0,0,0,0
121093,1,1,1992,22,22,22,22,22,22,22,22,22,22
121094,1,1,1992,0,0,0,0,0,0,0,0,0,0
121094,2,1,1992,3,3,3,3,3,3,3,3,3,3
121096,1,1,1992,14,14,14,14,14,14,14,14,14,14
121096,2,1,1992,0,0,0,0,0,0,0,0,0,0
121097,1,1,1992,20,20,20,20,20,20,20,20,20,20
121097,2,1,1992,0,0,0,0,0,0,0,9,3,0
121097,3,1,1992,0,0,0,0,0,16,0,0,0,0
121098,1,1,1992,26,26,26,26,26,26,26,26,26,26
121098,2,1,1992,0,0,0,0,0,0,0,0,0,0
121099,1,1,1992,0,0,0,16,0,0,0,25,0,0
121100,1,1,1992,0,0,0,0,0,0,0,0,0,0
121100,2,1,1992,0,0,0,0,0,0,0,0,0,0
121101,1,1,1992,0,0,0,0,0,0,0,0,0,0
121101,2,1,1992,0,0,0,0,0,0,0,0,0,0
121102,1,1,1992,0,0,0,24,0,0,0,0,0,0
121102,2,1,1992,0,0,0,0,0,22,0,0,0,0
121102,3,1,1992,0,0,0,0,0,0,0,0,0,0
121102,4,1,1992,0,0,0,0,6,0,0,0,0,0
121103,1,1,1992,0,3,0,0,11,0,8,0,18,0
121105,1,1,1992,0,0,0,0,0,0,0,0,0,0
121106,0,1,1992,0,0,0,0,0,0,37,0,27,0
121106,1,1,1992,0,0,0,0,0,0,0,0,0,0
121106,2,1,1992,6,0,0,0,41,10,0,0,0,15
121107,1,1,1992,19,19,19,19,19,19,19,19,19,19
121107,2,1,1992,0,0,0,0,0,0,0,0,0,0
121107,3,1,1992,0,0,0,0,0,0,0,0,0,0
121108,1,1,1992,0,0,0,0,0,0,0,0,0,0
121108,2,1,1992,0,0,0,0,0,0,0,0,0,0
121108,3,1,1992,0,0,7,0,0,0,0,0,0,0
121109,1,1,1992,0,0,0,0,0,0,0,0,0,0
121109,2,1,1992,0,0,0,0,0,0,0,0,0,0
121110,1,1,1992,11,11,11,11,11,11,11,11,11,11
121110,2,1,1992,0,0,0,0,0,0,0,0,0,0
121111,0,1,1992,16,0,0,0,0,0,0,0,0,0
121111,1,1,1992,15,15,15,15,15,15,15,15,15,15
121112,1,1,1992,0,0,0,0,0,0,0,0,0,0
121112,2,1,1992,0,0,0,0,0,0,0,0,0,0
121113,1,1,1992,8,8,8,8,8,8,8,8,8,8
121114,0,1,1992,0,0,0,31,0,0,0,0,0,14
121114,1,1,1992,0,0,0,0,0,0,0,0,0,0
121114,2,1,1992,0,0,0,0,0,0,0,0,0,0
121115,0,1,1992,0,0,0,0,0,0,0,0,0,0
121115,1,1,1992,1,1,1,1,1,1,1,1,1,1
121116,1,1,1992,18,18,18,18,18,18,18,18,18,18
121116,2,1,1992,0,0,0,0,0,0,0,0,0,0
121116,3,1,1992,0,0,0,0,0,0,0,0,0,0
121117,1,1,1992,0,0,0,0,0,0,0,0,0,0
121117,2,1,1992,0,0,0,0,0,0,0,0,0,0
121118,1,1,1992,0,0,0,0,0,0,0,0,0,0
121118,2,1,1992,0,0,0,0,0,0,0,0,0,0
121119,1,1,1992,9,9,9,9,9,9,9,9,9,9
121120,0,1,1992,0,0,0,0,0,0,0,0,0,0
121120,1,1,1992,8,0,0,0,0,0,0,0,0,0
121121,0,1,1992,0,0,0,0,0,0,0,0,0,0
121121,1,1,1992,0,0,0,0,0,0,0,0,0,0
121122,1,1,1992,18,25,11,27,0,22,0,0,0,19
121123,1,1,1992,0,0,0,0,0,0,0,0,0,0
121123,2,1,1992,0,0,0,0,0,0,0,0,0,0
121123,3,1,1992,0,0,0,0,0,0,0,0,0,0
121124,0,1,1992,0,0,0,0,0,0,0,0,0,0
121124,1,1,1992,10,10,10,10,10,10,10,10,10,10
121125,1,1,1992,16,16,16,16,16,16,16,16,16,16
121126,0,1,1992,13,0,0,0,0,36,9,0,0,0
121126,1,1,1992,14,14,14,14,14,14,14,14,14,14
121127,1,1,1992,0,0,0,0,0,0,0,0,0,0
121127,2,1,1992,0,0,0,0,0,0,0,0,0,0
121128,1,1,1992,7,7,7,7,7,7,7,7,7,7
121129,1,1,1992,0,0,0,0,0,0,0,0,0,0
121129,2,1,1992,0,0,0,0,0,0,0,0,0,0
121130,1,1,1992,0,0,0,0,0,0,0,0,0,0
121130,2,1,1992,0,0,0,0,0,0,0,0,0,0
121131,1,1,1992,0,0,0,0,0,0,0,0,0,0
121132,0,1,1992,32,32,32,32,32,32,32,32,32,32
121132,1,1,1992,0,0,0,0,0,0,0,0,0,0
121133,0,1,1992,0,0,0,0,0,0,0,0,0,0
121133,1,1,1992,0,0,0,0,0,0,0,0,0,0
121134,1,1,1992,0,16,0,0,0,0,0,0,0,0
121134,2,1,1992,0,0,0,0,0,0,0,0,0,0
121135,1,1,1992,0,0,0,0,0,0,0,0,0,0
121136,0,1,1992,0,0,13,7,12,9,19,27,0,0
121136,1,1,1992,0,0,0,0,0,0,0,0,0,0
121136,2,1,1992,0,0,0,0,0,0,0,0,0,0
121137,1,1,1992,25,25,25,25,25,25,25,25,25,25
121137,2,1,1992,5,5,5,5,5,5,5,5,5,5
121138,1,1,1992,9,9,9,9,9,9,9,9,9,9
121139,1,1,1992,0,0,0,0,0,0,0,0,0,0
121139,2,1,1992,0,0,0,0,0,0,0,0,0,0
121139,3,1,1992,0,16,0,0,0,0,0,0,0,0
121140,1,1,1992,0,0,0,0,0,0,0,0,0,0
121140,2,1,1992,0,0,0,0,0,0,0,0,0,0
121141,1,1,1992,0,0,0,0,0,0,0,0,0,0
121142,1,1,1992,0,0,0,0,0,0,0,0,0,0
121143,1,1,1992,0,0,0,0,0,0,0,0,0,0
121143,2,1,1992,0,0,0,0,0,0,0,0,0,0
121144,0,1,1992,0,0,0,0,0,0,0,0,0,0
121144,1,1,1992,0,0,0,0,0,0,0,0,0,0
121145,0,1,1992,36,6,19,22,0,5,0,19,0,5
121145,1,1,1992,12,12,12,12,12,12,12,12,12,12
121146,0,1,1992,0,0,0,0,0,0,0,0,0,0
121146,1,1,1992,0,0,0,0,0,0,0,0,0,0
121147,1,1,1992,0,0,0,0,0,0,0,0,0,0
121147,2,1,1992,0,0,0,0,0,0,0,0,0,0
121148,1,1,1992,11,11,11,11,11,11,11,11,11,11
121149,1,1,1992,0,0,0,0,0,0,0,0,0,0
121149,2,1,1992,17,17,17,17,17,17,17,17,17,17
121150,1,1,1992,0,16,10,4,6,0,0,0,0,0
121150,2,1,1992,2,2,2,2,2,2,2,2,2,2
121151,1,1,1992,0,0,25,0,0,0,0,0,0,0
121152,1,1,1992,0,0,0,0,0,12,0,0,0,0
121152,2,1,1992,7,0,0,0,0,0,0,0,0,0
121153,1,1,1992,24,24,24,24,24,24,24,24,24,24
121154,0,1,1992,0,0,0,0,0,0,0,0,0,0
121154,1,1,1992,0,0,0,0,0,0,0,0,0,0
121155,0,1,1992,0,0,0,0,0,0,0,0,0,0
121155,1,1,1992,0,0,0,0,0,24,0,0,0,0
121156,1,1,1992,0,0,0,0,0,0,0,0,0,0
121157,1,1,1992,0,0,0,0,0,0,0,0,0,0
121157,2,1,1992,0,0,0,0,0,0,0,0,0,0
121158,1,1,1992,6,6,6,6,6,6,6,6,6,6
121159,1,1,1992,0,0,0,0,0,0,0,0,0,0
121159,2,1,1992,0,0,0,0,0,0,0,0,0,0
121160,1,1,1992,0,0,0,0,0,0,0,0,0,0
121160,2,1,1992,0,0,0,2,0,0,0,0,0,0
121161,1,1,1992,25,25,25,25,25,25,25,25,25,25
121162,1,1,1992,19,19,19,19,19,19,19,19,19,19
121162,2,1,1992,0,0,0,0,0,0,0,0,0,0
121163,0,1,1992,0,0,0,0,0,0,0,0,0,0
121163,1,1,1992,0,0,0,0,0,0,0,0,0,0
121164,1,1,1992,22,22,22,22,22,22,22,22,22,22
121165,1,1,1992,17,17,17,17,17,17,17,17,17,17
121165,2,1,1992,0,0,0,0,0,0,0,0,0,0
121166,1,1,1992,5,5,5,5,5,5,5,5,5,5
121166,2,1,1992,0,0,0,0,0,0,0,0,0,0
121167,0,1,1992,20,20,20,20,20,20,20,20,20,20
121167,1,1,1992,0,0,0,0,11,0,0,0,0,0
121168,0,1,1992,2,2,2,2,2,2,2,2,2,2
121168,1,1,1992,0,0,0,0,0,0,0,0,0,0
121168,2,1,1992,0,0,0,0,0,0,0,0,5,19
121170,1,1,1992,0,0,0,0,0,0,0,0,0,0
121170,2,1,1992,0,0,0,0,0,0,0,0,0,0
121171,1,1,1992,0,0,0,0,0,0,0,0,0,0
121172,1,1,1992,7,7,7,7,7,7,7,7,7,7
121173,1,1,1992,0,0,0,0,0,0,0,0,0,0
121173,2,1,1992,0,0,0,7,0,0,0,0,0,0
121174,1,1,1992,0,0,0,0,0,0,0,0,3,0
121174,2,1,1992,0,0,0,0,0,0,0,0,0,0
121176,0,1,1992,24,24,24,24,24,24,24,24,24,24
121176,1,1,1992,4,4,4,4,4,4,4,4,4,4
121177,1,1,1992,1,1,1,1,1,1,1,1,1,1
121177,2,1,1992,0,0,0,0,0,0,0,0,0,0
121177,3,1,1992,0,0,17,0,0,0,0,0,0,0
121178,0,1,1992,0,0,0,0,0,0,0,0,0,0
121178,1,1,1992,0,0,0,0,0,0,0,0,0,0
121179,0,1,1992,0,0,0,0,0,0,0,0,0,0
121179,1,1,1992,0,0,0,0,0,0,0,0,0,0
121180,1,1,1992,0,0,0,0,0,0,0,0,0,0
121180,2,1,1992,0,0,0,0,0,0,0,0,0,0
121180,3,1,1992,0,0,0,0,0,0,0,0,0,0
121181,1,1,1992,7,7,7,7,7,7,7,7,7,7
121181,2,1,1992,9,0,15,0,12,13,0,0,14,33
121182,0,1,1992,0,0,0,10,0,0,0,0,0,0
121182,1,1,1992,0,0,0,0,0,0,0,0,0,0
121183,1,1,1992,12,12,12,12,12,12,12,12,12,12
121184,1,1,1992,0,0,0,0,0,0,0,0,0,0
121184,2,1,1992,0,0,0,9,0,0,0,0,0,0
121185,1,1,1992,0,0,0,0,0,0,0,0,0,0
121186,1,1,1992,0,0,0,0,0,0,0,0,0,0
121187,1,1,1992,0,0,0,0,0,0,0,0,0,0
121188,1,1,1992,38,38,38,38,38,38,38,38,38,38
121189,1,1,1992,0,0,0,0,0,0,0,0,0,0
121189,2,1,1992,0,0,0,0,0,0,0,0,0,0
121190,1,1,1992,8,8,8,8,8,8,8,8,8,8
121191,0,1,1992,0,0,0,0,0,0,0,0,0,0
121191,1,1,1992,0,0,0,0,0,0,0,0,0,0
121192,1,1,1992,0,0,0,0,0,0,0,18,0,0
121193,0,1,1992,0,0,0,12,0,0,0,0,0,0
121193,1,1,1992,0,0,0,0,0,0,0,0,0,0
121193,2,1,1992,0,0,0,0,0,0,0,0,0,0
121194,0,1,1992,21,33,0,0,6,15,10,0,9,24
121194,1,1,1992,0,4,0,3,0,0,0,0,4,0
121194,2,1,1992,0,0,0,0,0,0,0,0,0,0
121195,1,1,1992,0,0,0,0,0,0,0,0,0,0
121195,2,1,1992,0,0,0,0,0,0,0,0,0,0
121196,1,1,1992,0,0,0,0,0,0,0,11,0,0
121196,2,1,1992,0,0,0,10,0,0,0,0,0,0
121197,0,1,1992,0,0,0,0,0,0,0,0,0,0
121197,1,1,1992,0,19,11,0,0,0,0,0,0,8
121198,1,1,1992,0,0,0,0,0,0,0,0,0,0
121198,2,1,1992,0,0,0,0,0,0,0,0,0,0
121199,1,1,1992,0,0,0,0,0,0,0,0,0,0
121199,2,1,1992,17,15,0,0,0,0,0,0,0,7
121200,1,1,1992,0,0,0,0,0,0,0,0,0,0
121200,2,1,1992,0,0,0,0,0,0,0,0,0,0
121201,1,1,1992,0,7,37,0,0,0,0,0,0,0
121202,1,1,1992,20,20,20,20,20,20,20,20,20,20
121204,1,1,1992,22,22,22,22,22,22,22,22,22,22
121205,0,1,1992,30,30,30,30,30,30,30,30,30,30
121205,1,1,1992,0,0,0,0,0,0,0,0,0,0
121207,1,1,1992,0,0,0,12,0,0,0,0,0,0
121207,2,1,1992,10,10,10,10,10,10,10,10,10,10
121208,1,1,1992,0,0,0,0,0,0,0,0,0,0
121208,2,1,1992,0,0,0,0,0,0,0,0,0,0
121209,1,1,1992,18,18,18,18,18,18,18,18,18,18
121210,1,1,1992,0,0,0,0,0,0,0,0,0,0
121210,2,1,1992,0,0,0,0,0,0,0,0,0,0
121210,3,1,1992,0,0,0,18,0,0,0,0,0,0
121211,0,1,1992,18,18,18,18,18,18,18,18,18,18
121211,1,1,1992,5,0,0,0,0,0,0,0,0,0
121212,1,1,1992,0,0,0,0,0,0,0,0,0,0
121213,1,1,1992,0,0,0,0,0,0,0,0,0,0
121213,2,1,1992,0,0,0,0,0,0,0,0,0,13
121214,1,1,1992,0,0,0,0,0,0,0,0,0,0
121214,2,1,1992,17,22,8,10,28,8,34,15,2,27
121215,1,1,1992,16,16,16,16,16,16,16,16,16,16
121216,1,1,1992,0,0,0,0,0,0,0,0,0,0
121216,2,1,1992,0,0,24,0,0,0,0,0,0,0
121217,1,1,1992,27,27,27,27,27,27,27,27,27,27
121217,2,1,1992,7,7,7,7,7,7,7,7,7,7
121218,1,1,1992,0,0,0,0,0,0,0,0,0,0
121218,2,1,1992,0,0,0,0,0,0,0,0,0,0
121220,1,1,1992,0,0,0,0,0,0,0,0,0,0
121220,2,1,1992,29,29,29,29,29,29,29,29,29,29
121221,0,1,1992,0,0,0,0,0,0,0,0,0,0
121221,1,1,1992,0,0,0,0,0,0,0,0,0,0
121222,0,1,1992,0,0,0,0,0,0,0,0,18,0
121222,1,1,1992,0,0,0,0,0,0,0,0,0,0
121223,0,1,1992,0,0,0,0,0,0,0,0,0,0
121223,1,1,1992,0,0,0,0,0,0,0,0,0,0
121224,1,1,1992,0,0,0,0,0,0,0,0,0,0
121224,2,1,1992,0,0,0,0,0,18,0,0,0,0
121225,1,1,1992,16,16,16,16,16,16,16,16,16,16
121226,1,1,1992,0,0,0,0,0,0,0,0,0,0
121226,2,1,1992,0,0,0,0,0,0,0,0,0,0
121226,3,1,1992,0,0,0,0,0,0,0,0,0,0
121227,1,1,1992,0,0,0,0,0,0,0,0,0,0
121228,1,1,1992,0,0,0,0,0,0,0,0,0,0
121228,2,1,1992,0,0,0,0,0,0,0,0,0,0
121229,1,1,1992,0,0,0,0,0,0,0,0,0,0
121229,2,1,1992,0,0,0,0,0,0,0,0,0,0
121230,1,1,1992,0,0,0,0,7,0,0,0,0,0
121230,2,1,1992,0,0,0,0,0,0,0,0,0,0
121232,1,1,1992,0,0,0,0,0,0,0,0,0,0
121232,2,1,1992,0,0,24,0,0,0,0,0,0,19
121233,1,1,1992,0,0,0,18,0,0,0,0,0,0
121233,2,1,1992,0,0,0,0,0,0,0,0,0,0
121234,1,1,1992,0,0,0,0,0,0,0,0,0,0
121235,1,1,1992,17,17,17,17,17,17,17,17,17,17
121236,1,1,1992,15,15,15,15,15,15,15,15,15,15
121237,1,1,1992,0,0,0,0,0,0,0,0,0,0
121237,2,1,1992,0,0,0,0,0,0,0,0,0,0
121238,1,1,1992,0,0,0,5,0,0,0,0,0,0
121238,2,1,1992,0,0,0,0,0,0,0,0,0,0
121238,3,1,1992,0,0,0,0,0,0,0,0,0,0
121238,4,1,1992,0,0,0,0,0,0,0,0,0,0
121238,5,1,1992,0,0,0,0,0,0,0,0,0,0
121239,1,1,1992,0,0,0,0,0,0,0,0,0,0
121239,2,1,1992,0,0,0,0,0,0,0,0,0,0
121240,1,1,1992,0,0,0,0,0,0,0,0,0,0
121240,2,1,1992,0,0,0,0,0,0,0,0,0,0
121241,1,1,1992,0,0,0,0,0,0,0,0,0,0
121241,2,1,1992,0,0,0,0,0,0,0,0,0,0
121242,1,1,1992,0,0,0,0,0,0,0,0,0,0
121242,2,1,1992,0,0,0,0,0,0,0,0,0,0
121243,1,1,1992,21,0,0,0,0,6,0,0,16,5
121244,1,1,1992,0,0,0,0,0,0,0,0,0,0
121244,2,1,1992,0,0,0,0,0,0,0,0,0,0
121245,1,1,1992,26,26,26,26,26,26,26,26,26,26
121246,0,1,1992,24,24,24,24,24,24,24,24,24,24
121246,1,1,1992,0,0,17,0,0,0,0,13,0,0
121246,2,1,1992,0,15,8,14,25,5,9,18,11,6
121247,1,1,1992,0,0,0,0,0,0,0,0,0,0
121247,2,1,1992,0,0,0,0,6,0,0,0,0,0
121248,1,1,1992,8,8,8,8,8,8,8,8,8,8
121248,2,1,1992,0,0,0,0,0,0,0,0,0,0
121250,1,1,1992,4,4,4,4,4,4,4,4,4,4
121250,2,1,1992,0,0,0,0,0,0,0,0,0,0
121250,3,1,1992,0,0,0,0,0,0,0,0,0,0
121251,1,1,1992,12,12,12,12,12,12,12,12,12,12
121251,2,1,1992,0,0,0,0,12,0,0,0,0,0
121252,1,1,1992,13,13,13,13,13,13,13,13,13,13
121253,1,1,1992,37,37,37,37,37,37,37,37,37,37
121254,1,1,1992,7,7,7,7,7,7,7,7,7,7
121254,2,1,1992,0,0,0,0,0,0,0,0,0,0
121255,1,1,1992,0,0,0,0,0,0,0,0,0,0
121255,2,1,1992,0,0,18,0,0,0,0,0,0,0
121255,3,1,1992,0,0,0,0,0,0,0,0,0,0
121256,0,1,1992,0,0,0,0,0,0,0,0,0,0
121256,1,1,1992,0,0,0,0,0,0,0,0,0,0
121257,1,1,1992,13,13,13,13,13,13,13,13,13,13
121257,2,1,1992,0,20,38,0,0,0,0,0,0,0
121258,1,1,1992,0,0,0,0,0,0,0,0,0,0
121258,2,1,1992,0,0,0,0,0,0,0,0,0,0
121259,1,1,1992,15,15,15,15,15,15,15,15,15,15
121259,2,1,1992,17,17,17,17,17,17,17,17,17,17
121260,1,1,1992,20,20,20,20,20,20,20,20,20,20
121260,2,1,1992,0,0,0,0,0,0,0,0,0,0
121261,1,1,1992,0,0,0,0,0,0,0,0,0,0
121261,2,1,1992,3,3,3,3,3,3,3,3,3,3
121261,3,1,1992,0,0,0,0,0,0,0,0,0,0
121262,1,1,1992,24,24,24,24,24,24,24,24,24,24
121263,1,1,1992,14,10,6,15,12,11,12,7,2,11
121264,0,1,1992,0,0,0,0,0,0,0,0,0,0
121264,1,1,1992,0,0,0,0,0,17,0,0,0,0
121264,2,1,1992,0,0,0,0,0,0,0,0,0,0
121265,1,1,1992,14,17,10,3,9,0,12,28,16,15
121265,2,1,1992,0,0,0,0,0,0,0,0,0,0
121266,1,1,1992,0,0,0,0,0,0,0,0,0,0
121266,2,1,1992,0,0,24,0,0,0,0,0,0,11
121266,3,1,1992,0,0,0,0,0,0,0,0,0,0
121266,4,1,1992,0,0,0,0,0,0,0,0,0,0
121268,1,1,1992,0,0,0,0,0,0,0,0,0,0
121269,1,1,1992,0,0,0,0,0,0,0,0,0,0
121269,2,1,1992,0,0,0,0,0,0,0,0,0,0
121270,1,1,1992,19,19,19,19,19,19,19,19,19,19
121271,0,1,1992,20,20,20,20,20,20,20,20,20,20
121271,1,1,1992,0,0,0,0,0,0,0,0,0,0
121272,1,1,1992,0,0,0,0,0,0,0,0,0,0
121272,2,1,1992,0,0,0,0,0,0,0,0,0,0
121272,3,1,1992,0,0,0,0,0,0,0,0,0,0
121273,1,1,1992,0,0,0,22,0,0,0,0,0,0
121274,1,1,1992,0,0,0,0,0,0,0,0,0,0
121274,2,1,1992,0,0,0,0,8,0,0,0,0,0
121275,0,1,1992,17,17,17,17,17,17,17,17,17,17
121275,1,1,1992,0,0,0,0,0,0,0,0,0,0
121276,1,1,1992,0,0,0,0,0,0,0,0,0,0
121277,1,1,1992,18,18,18,18,18,18,18,18,18,18
121277,2,1,1992,0,0,0,0,0,0,0,0,0,0
121278,0,1,1992,0,0,0,0,0,0,0,0,0,0
121278,1,1,1992,0,0,0,0,0,0,0,0,0,0
121279,1,1,1992,20,20,20,20,20,20,20,20,20,20
121280,0,1,1992,0,0,0,0,0,0,0,0,0,0
121280,1,1,1992,0,0,0,0,0,0,0,0,0,0
121281,0,1,1992,0,0,0,0,0,0,0,0,0,0
121281,1,2,1992,0,0,9,0,0,0,0,0,11,0
121282,1,1,1992,0,0,0,0,0,0,0,0,0,0
121283,1,1,1992,21,0,0,12,15,0,20,24,37,26
121284,1,1,1992,0,0,0,0,0,0,0,0,0,0
121284,2,1,1992,0,0,0,0,0,0,0,0,0,0
121285,1,1,1992,0,0,0,0,0,0,0,0,0,0
121286,1,1,1992,0,0,0,0,0,0,0,0,0,0
121287,1,1,1992,25,25,25,25,25,25,25,25,25,25
121287,2,1,1992,25,25,25,25,25,25,25,25,25,25
121288,1,1,1992,30,30,30,30,30,30,30,30,30,30
121288,2,1,1992,0,0,0,0,0,0,0,0,0,0
121289,1,1,1992,0,0,0,0,0,0,0,0,0,0
121289,2,1,1992,0,0,0,0,0,0,0,0,0,0
121290,0,1,1992,0,0,8,17,0,9,9,0,0,0
121290,0,2,1992,19,0,20,0,0,0,0,22,0,17
121290,1,1,1992,11,38,10,12,28,21,3,20,37,4
121291,1,1,1992,0,0,0,0,0,0,0,0,0,0
121291,2,1,1992,8,8,8,8,8,8,8,8,8,8
121292,1,1,1992,0,0,0,0,0,0,0,0,0,0
121293,1,1,1992,0,0,0,0,0,0,12,0,0,0
121293,2,1,1992,5,5,5,5,5,5,5,5,5,5
121294,0,1,1992,16,16,16,16,16,16,16,16,16,16
121294,1,1,1992,0,0,0,0,0,0,0,12,15,0
121294,2,1,1992,0,0,18,0,0,0,7,0,0,19