ST_CASE,VEH_NO,PER_NO,YEAR,P1,P2,P3,P4,P5,P6,P7,P8,P9,P10
121295,0,1,1992,0,0,0,0,0,0,0,0,0,0
121295,1,1,1992,0,0,0,0,0,0,0,0,0,0
121296,0,1,1992,0,0,0,0,0,0,0,0,0,0
121296,1,1,1992,0,0,0,0,0,0,0,0,0,0
121297,0,1,1992,0,0,0,0,0,0,0,0,0,0
121297,1,1,1992,0,13,0,0,0,10,0,0,0,0
121298,1,1,1992,24,6,16,15,22,15,38,9,20,15
121299,1,1,1992,18,18,18,18,18,18,18,18,18,18
121300,1,1,1992,16,16,16,16,16,16,16,16,16,16
121301,1,1,1992,0,0,0,0,0,0,0,0,0,0
121302,1,1,1992,0,0,0,0,0,0,0,0,0,0
121302,2,1,1992,0,0,0,0,0,0,0,0,0,0
121303,1,1,1992,0,0,0,0,0,0,0,0,0,0
121303,2,1,1992,0,0,0,0,0,0,0,0,0,0
121304,0,1,1992,32,32,32,32,32,32,32,32,32,32
121304,1,1,1992,12,4,23,12,9,23,11,5,21,0
121305,1,1,1992,25,25,25,25,25,25,25,25,25,25
121306,1,1,1992,0,0,0,0,0,0,0,0,0,0
121306,2,1,1992,0,0,0,0,0,0,0,0,0,0
121307,1,1,1992,0,0,0,0,0,0,0,0,0,0
121307,2,1,1992,0,19,0,0,0,0,0,0,0,0
121308,1,1,1992,0,0,0,0,0,0,0,0,0,0
121308,2,1,1992,0,0,0,0,0,0,0,0,0,0
121308,3,1,1992,0,0,0,0,0,0,0,0,0,0
121309,1,1,1992,19,19,19,19,19,19,19,19,19,19
121310,1,1,1992,17,17,17,17,17,17,17,17,17,17
121310,2,1,1992,3,3,3,3,3,3,3,3,3,3
121312,1,1,1992,0,0,0,0,0,0,0,0,0,0
121313,1,1,1992,0,0,0,0,0,0,0,0,0,0
121313,2,1,1992,0,0,0,0,0,0,0,0,0,0
121314,1,1,1992,32,32,32,32,32,32,32,32,32,32
121315,1,1,1992,0,0,9,14,0,0,21,7,13,14
121316,1,1,1992,13,13,13,13,13,13,13,13,13,13
121316,2,1,1992,10,10,10,10,10,10,10,10,10,10
121317,1,1,1992,0,0,0,0,0,0,0,0,0,0
121318,1,1,1992,0,0,0,0,0,0,0,0,0,0
121318,2,1,1992,0,0,0,0,0,0,0,0,0,0
121319,1,1,1992,0,0,0,0,0,0,0,0,0,0
121319,2,1,1992,0,0,0,0,0,0,0,0,0,0
121320,0,1,1992,0,0,24,18,34,0,0,0,0,0
121320,1,1,1992,0,0,18,7,0,0,0,29,0,0
121321,1,1,1992,0,0,0,0,0,0,0,0,0,0
121322,1,1,1992,29,29,29,29,29,29,29,29,29,29
121323,1,1,1992,0,0,0,0,0,0,0,0,0,16
121323,2,1,1992,0,0,0,0,0,0,0,0,0,0
121324,0,1,1992,0,0,0,0,0,0,0,0,0,0
121324,1,1,1992,0,0,8,0,0,0,0,0,0,0
121325,1,1,1992,0,0,0,0,0,0,0,0,0,0
121325,2,1,1992,0,0,0,0,0,0,0,0,5,0
121326,1,1,1992,14,14,14,14,14,14,14,14,14,14
121327,1,1,1992,0,0,0,0,0,0,0,0,0,0
121327,2,1,1992,0,0,0,0,0,0,0,0,0,0
121328,1,1,1992,19,0,11,7,0,18,0,0,15,0
121329,1,1,1992,0,0,0,0,0,0,0,0,0,0
121329,2,1,1992,9,0,0,12,0,0,0,0,0,0
121330,1,1,1992,0,0,0,0,0,0,0,0,0,0
121330,2,1,1992,0,0,0,0,0,0,0,0,0,0
121331,1,1,1992,25,25,25,25,25,25,25,25,25,25
121331,2,1,1992,0,0,0,0,0,0,0,0,0,0
121331,3,1,1992,0,0,0,0,0,0,0,0,0,0
121332,1,1,1992,0,0,0,0,0,0,0,0,0,0
121332,2,1,1992,0,0,0,0,0,0,0,0,0,0
121332,3,1,1992,0,0,0,0,0,0,0,0,0,0
121333,1,1,1992,7,7,7,7,7,7,7,7,7,7
121333,2,1,1992,0,0,0,0,0,27,0,0,0,0
121334,1,1,1992,15,15,15,15,15,15,15,15,15,15
121334,2,1,1992,3,3,3,3,3,3,3,3,3,3
121335,1,1,1992,0,0,0,0,0,0,0,0,0,0
121336,0,1,1992,14,14,14,14,14,14,14,14,14,14
121336,1,1,1992,0,0,0,0,0,0,0,0,0,0
121337,1,1,1992,0,0,0,0,0,0,0,0,0,0
121337,2,1,1992,0,0,0,0,0,0,0,0,0,0
121338,1,1,1992,0,0,0,0,0,0,0,0,0,0
121339,1,1,1992,0,0,0,0,0,0,0,0,0,0
121339,2,1,1992,0,0,0,0,0,0,0,0,0,0
121340,0,1,1992,23,23,23,23,23,23,23,23,23,23
121340,1,1,1992,0,0,0,0,0,0,0,0,0,0
121340,2,1,1992,0,0,0,0,0,0,11,0,0,0
121341,0,1,1992,0,0,0,0,0,0,0,0,0,0
121341,1,1,1992,0,0,0,0,0,0,0,0,0,0
121342,1,1,1992,29,29,29,29,29,29,29,29,29,29
121342,2,1,1992,13,13,13,13,13,13,13,13,13,13
121343,1,1,1992,33,33,33,33,33,33,33,33,33,33
121345,1,1,1992,0,0,0,0,0,0,0,0,0,0
121346,1,1,1992,0,0,0,0,0,0,0,0,0,0
121346,2,1,1992,0,0,0,0,0,0,0,0,0,0
121347,0,1,1992,0,0,17,0,0,0,0,0,0,0
121347,1,1,1992,0,0,0,0,0,0,0,0,0,0
121348,1,1,1992,0,0,0,0,0,0,0,0,0,0
121348,2,1,1992,0,0,0,0,0,0,0,0,0,0
121349,1,1,1992,26,26,26,26,26,26,26,26,26,26
121350,1,1,1992,0,0,0,0,0,0,0,0,0,0
121350,2,1,1992,0,0,0,0,0,0,0,0,0,0
121350,3,1,1992,0,0,0,0,0,0,0,0,0,0
121351,1,1,1992,30,30,30,30,30,30,30,30,30,30
121352,0,1,1992,29,29,29,29,29,29,29,29,29,29
121352,1,1,1992,0,0,0,0,0,0,0,0,0,0
121353,0,1,1992,18,0,0,0,0,0,12,0,23,0
121353,1,1,1992,0,0,0,0,0,0,0,0,0,0
121354,1,1,1992,0,0,0,0,0,0,3,0,0,0
121354,2,1,1992,0,0,0,0,0,0,0,0,0,0
121355,0,1,1992,13,9,0,0,0,0,0,0,15,0
121355,1,1,1992,20,20,20,20,20,20,20,20,20,20
121356,1,1,1992,0,14,0,0,0,0,0,0,0,0
121356,2,1,1992,0,0,0,0,0,0,0,0,0,0
121357,1,1,1992,24,24,24,24,24,24,24,24,24,24
121357,2,1,1992,0,0,0,0,0,0,0,0,0,0
121358,1,1,1992,0,0,0,0,0,0,0,0,0,0
121358,2,1,1992,0,0,0,0,0,0,0,0,0,0
121358,3,1,1992,0,0,0,0,0,0,0,0,0,0
121359,1,1,1992,0,0,0,0,0,0,0,0,0,0
121359,2,1,1992,0,0,0,0,0,0,0,0,2,0
121360,1,1,1992,23,0,0,0,0,0,0,0,17,10
121360,2,1,1992,0,0,0,0,0,0,0,0,0,0
121360,3,1,1992,0,0,0,0,0,0,0,0,6,0
121361,1,1,1992,0,0,0,0,5,0,0,0,0,13
121361,2,1,1992,0,0,0,0,0,0,0,0,0,0
121362,1,1,1992,14,14,14,14,14,14,14,14,14,14
121362,2,1,1992,0,0,0,0,0,0,9,0,11,0
121363,0,1,1992,0,0,0,0,0,0,0,0,0,0
121363,0,2,1992,0,0,0,0,0,0,0,0,0,0
121363,1,1,1992,0,0,0,0,0,0,0,0,0,0
121364,1,1,1992,16,16,16,16,16,16,16,16,16,16
121365,1,1,1992,0,0,0,0,0,0,0,0,0,0
121365,2,1,1992,0,0,0,0,0,0,0,0,0,0
121366,1,1,1992,0,0,0,0,0,0,0,0,0,0
121366,2,1,1992,0,0,0,0,0,0,0,0,0,0
121367,1,1,1992,0,0,0,0,0,0,0,0,0,0
121367,2,1,1992,0,0,0,0,0,0,0,0,0,0
121368,0,1,1992,0,0,0,0,0,0,18,0,0,0
121368,1,1,1992,0,0,0,0,0,0,0,0,0,0
121369,1,1,1992,0,0,0,0,0,0,0,0,0,0
121369,2,1,1992,0,0,0,0,0,0,0,0,0,0
121370,0,1,1992,15,15,15,15,15,15,15,15,15,15
121370,1,1,1992,0,0,0,0,0,0,0,0,0,0
121370,2,1,1992,0,0,0,0,0,0,0,0,0,0
121371,1,1,1992,0,0,0,0,0,0,0,0,0,0
121371,2,1,1992,0,0,0,0,0,0,0,0,0,0
121371,3,1,1992,0,0,0,0,0,0,0,0,0,0
121372,0,1,1992,0,0,0,0,0,0,0,0,0,0
121372,0,2,1992,0,0,0,0,0,0,0,0,0,0
121372,0,3,1992,0,0,0,0,0,0,0,0,0,0
121372,1,1,1992,0,0,6,0,0,0,0,0,0,0
121373,1,1,1992,22,22,22,22,22,22,22,22,22,22
121374,0,1,1992,0,0,0,19,0,11,0,0,0,0
121374,1,1,1992,0,0,0,0,0,0,0,0,0,0
121375,1,1,1992,2,2,2,2,2,2,2,2,2,2
121375,2,1,1992,0,0,0,0,0,0,0,0,0,0
121376,1,1,1992,11,11,11,11,11,11,11,11,11,11
121376,2,1,1992,0,0,0,0,0,0,0,0,0,0
121377,1,1,1992,13,13,13,13,13,13,13,13,13,13
121378,1,1,1992,17,17,17,17,17,17,17,17,17,17
121378,2,1,1992,20,20,20,20,20,20,20,20,20,20
121379,0,1,1992,0,0,0,0,0,0,0,0,0,0
121379,1,1,1992,0,0,0,0,0,0,0,0,0,0
121380,0,1,1992,0,0,0,0,0,0,0,25,0,0
121380,1,1,1992,22,20,0,5,0,30,0,0,0,0
121381,1,1,1992,34,34,34,34,34,34,34,34,34,34
121381,2,1,1992,0,0,0,0,0,0,0,0,0,0
121382,1,1,1992,10,10,10,10,10,10,10,10,10,10
121384,1,1,1992,19,19,19,19,19,19,19,19,19,19
121385,0,1,1992,0,0,4,16,0,0,0,23,13,0
121385,1,1,1992,0,0,0,0,0,0,15,0,0,0
121385,2,1,1992,0,0,0,0,0,0,0,3,13,0
121386,0,1,1992,0,0,0,0,0,0,0,0,0,0
121386,1,1,1992,0,0,0,0,0,0,0,0,0,0
121387,1,1,1992,0,0,0,0,0,0,0,0,0,0
121387,2,1,1992,0,0,0,0,0,0,0,0,0,0
121388,1,1,1992,0,0,0,0,0,0,0,0,0,0
121388,2,1,1992,0,0,0,0,0,0,0,0,0,0
121389,1,1,1992,0,0,0,0,0,0,0,0,0,0
121389,2,1,1992,0,0,0,0,0,0,0,0,0,0
121390,0,1,1992,17,17,17,17,17,17,17,17,17,17
121390,1,1,1992,12,12,12,12,12,12,12,12,12,12
121391,1,1,1992,0,0,0,0,0,0,0,0,0,0
121392,1,1,1992,0,22,13,0,0,0,0,0,0,0
121392,2,1,1992,8,0,0,0,14,8,9,0,0,0
121392,3,1,1992,0,0,0,10,0,0,0,0,0,0
121393,1,1,1992,0,0,0,0,0,0,0,0,0,0
121393,2,1,1992,0,0,0,0,0,0,0,0,0,0
121394,1,1,1992,7,7,7,7,7,7,7,7,7,7
121394,2,1,1992,0,0,0,0,0,0,0,0,0,0
121395,1,1,1992,19,19,19,19,19,19,19,19,19,19
121395,2,1,1992,15,0,0,0,0,0,0,0,0,0
121395,3,1,1992,0,0,0,0,0,0,0,0,0,0
121395,4,1,1992,0,0,0,0,3,0,22,0,0,0
121396,1,1,1992,0,0,0,0,0,0,0,0,0,0
121397,0,1,1992,38,38,38,38,38,38,38,38,38,38
121397,1,1,1992,0,0,0,0,0,0,0,0,0,0
121398,1,1,1992,0,0,0,0,0,0,0,0,0,0
121398,2,1,1992,0,0,9,4,13,15,0,9,8,10
121399,1,1,1992,0,0,0,0,0,0,0,0,0,0
121399,2,1,1992,0,0,0,0,0,0,0,0,0,0
121400,0,1,1992,0,0,0,0,0,0,0,0,0,0
121400,1,1,1992,0,0,0,0,0,0,0,0,0,0
121401,1,1,1992,0,0,0,0,10,16,6,3,11,0
121401,2,1,1992,16,0,0,9,0,0,0,0,16,22
121402,0,1,1992,0,0,0,11,0,0,12,0,0,16
121402,1,1,1992,0,0,16,0,0,0,0,0,19,0
121403,1,1,1992,0,0,10,0,0,0,0,0,0,0
121403,2,1,1992,0,0,0,0,0,0,0,0,0,0
121404,1,1,1992,1,1,1,1,1,1,1,1,1,1
121405,1,1,1992,0,0,0,0,0,0,0,0,0,0
121405,2,1,1992,0,0,0,0,0,0,0,0,0,0
121406,1,1,1992,0,0,0,0,0,0,0,0,0,0
121407,1,1,1992,19,19,19,19,19,19,19,19,19,19
121407,2,1,1992,0,0,0,0,0,0,0,0,0,0
121408,0,1,1992,19,19,19,19,19,19,19,19,19,19
121408,1,1,1992,10,10,10,10,10,10,10,10,10,10
121409,1,1,1992,0,0,0,0,0,0,0,10,12,7
121410,0,1,1992,33,33,33,33,33,33,33,33,33,33
121410,1,1,1992,0,0,0,0,0,0,0,0,0,0
121411,1,1,1992,0,0,0,0,0,0,0,0,0,0
121411,2,1,1992,0,0,0,0,0,0,0,0,0,0
121412,1,1,1992,13,13,13,13,13,13,13,13,13,13
121412,2,1,1992,15,15,15,15,15,15,15,15,15,15
121414,0,1,1992,19,19,19,19,19,19,19,19,19,19
121414,1,1,1992,0,0,0,0,0,0,0,0,0,0
121415,1,1,1992,21,21,21,21,21,21,21,21,21,21
121415,2,1,1992,0,0,0,0,0,0,0,0,0,0
121416,0,1,1992,23,23,23,23,23,23,23,23,23,23
121416,1,1,1992,9,9,9,9,9,9,9,9,9,9
121417,1,1,1992,24,24,24,24,24,24,24,24,24,24
121417,2,1,1992,0,0,0,0,0,0,0,0,0,0
121417,3,1,1992,0,0,0,0,0,0,0,0,0,0
121418,0,1,1992,0,0,0,0,0,4,0,0,0,0
121418,2,1,1992,0,0,0,0,0,0,0,0,0,0
121419,1,1,1992,18,18,18,18,18,18,18,18,18,18
121419,2,1,1992,0,0,0,0,0,0,0,0,0,0
121419,3,1,1992,0,0,0,0,0,0,0,0,0,0
121420,1,1,1992,0,0,0,0,0,0,0,0,0,0
121420,2,1,1992,16,0,0,0,0,0,0,0,0,0
121421,0,1,1992,0,0,0,0,0,0,0,0,0,0
121421,1,1,1992,20,20,20,20,20,20,20,20,20,20
121422,1,1,1992,0,0,0,0,0,0,0,0,0,0
121422,2,1,1992,0,0,0,0,11,0,0,0,0,0
121423,1,1,1992,18,18,18,18,18,18,18,18,18,18
121424,0,1,1992,0,0,13,0,6,24,0,13,11,12
121424,1,1,1992,0,0,0,0,0,0,0,0,0,0
121424,2,1,1992,0,0,0,0,0,0,0,0,0,0
121424,3,1,1992,0,0,0,0,0,0,0,7,0,0
121425,1,1,1992,0,0,0,0,0,0,0,0,0,0
121425,2,1,1992,0,0,0,0,0,0,14,0,0,0
121426,1,1,1992,23,23,23,23,23,23,23,23,23,23
121426,2,1,1992,0,0,0,0,0,5,0,0,0,0
121427,1,1,1992,0,0,0,0,0,0,0,0,0,0
121427,2,1,1992,0,0,0,0,0,0,8,0,0,0
121428,1,1,1992,0,0,0,0,0,0,0,0,0,0
121429,1,1,1992,20,20,20,20,20,20,20,20,20,20
121430,0,1,1992,0,0,0,0,0,0,0,0,0,0
121430,0,2,1992,18,29,0,0,0,4,34,4,31,5
121430,1,1,1992,0,0,0,0,0,0,0,0,0,0
121431,1,1,1992,25,25,25,25,25,25,25,25,25,25
121431,2,1,1992,0,20,13,0,0,0,0,0,0,0
121431,3,1,1992,0,0,0,0,0,0,0,0,0,0
121432,1,1,1992,0,0,0,0,0,0,0,0,0,0
121432,2,1,1992,0,0,0,0,0,0,0,0,0,0
121432,3,1,1992,0,0,0,0,0,0,0,0,0,0
121433,1,1,1992,0,0,0,0,0,0,0,0,0,0
121433,2,1,1992,11,11,11,11,11,11,11,11,11,11
121434,0,1,1992,0,0,0,0,0,0,0,0,0,0
121434,0,2,1992,0,0,0,0,5,0,0,0,0,0
121434,1,1,1992,0,0,0,0,0,0,0,0,0,0
121435,1,1,1992,0,20,0,14,0,0,0,0,0,0
121435,2,1,1992,0,0,0,0,0,0,0,0,0,0
121436,1,1,1992,0,0,0,0,0,0,0,0,0,0
121436,2,1,1992,0,0,0,0,0,0,0,0,0,0
121437,1,1,1992,0,0,0,4,0,0,0,15,0,0
121438,1,1,1992,19,19,19,19,19,19,19,19,19,19
121439,1,1,1992,0,0,0,13,0,0,0,0,0,0
121439,2,1,1992,0,0,0,0,0,0,0,0,0,0
121440,0,1,1992,0,0,0,0,0,0,0,0,0,0
121440,1,1,1992,0,0,0,0,0,0,0,0,0,0
121441,1,1,1992,0,0,0,0,0,0,0,0,0,0
121441,2,1,1992,0,0,0,0,0,0,0,0,0,0
121442,0,1,1992,0,0,0,0,0,0,0,0,0,0
121442,1,1,1992,0,0,0,0,0,0,0,0,0,0
121443,1,1,1992,0,0,0,0,0,0,0,0,0,0
121444,1,1,1992,0,0,0,0,0,0,0,0,0,0
121444,2,1,1992,0,0,0,11,0,0,0,0,0,0
121445,0,3,1992,0,0,0,0,0,0,0,0,0,0
121445,0,4,1992,0,0,0,0,0,0,0,0,0,0
121445,0,5,1992,0,0,0,0,0,0,0,0,0,0
121445,0,6,1992,0,0,0,0,0,0,0,4,0,18
121445,0,7,1992,0,0,0,0,0,0,0,0,8,0
121445,0,8,1992,0,0,6,9,12,0,0,18,0,0
121445,0,9,1992,0,0,0,0,9,0,0,0,16,0
121445,0,10,1992,14,0,0,0,16,8,0,0,0,0
121445,0,11,1992,0,7,13,14,0,0,0,10,0,9
121445,0,12,1992,0,0,0,0,10,16,10,4,0,0
121445,0,13,1992,24,18,0,29,16,36,21,7,17,15
121445,0,14,1992,0,0,5,8,10,11,26,19,7,4
121445,0,15,1992,0,24,0,5,11,14,0,13,0,31
121445,1,1,1992,20,20,20,20,20,20,20,20,20,20
121446,0,1,1992,10,0,0,4,13,0,0,5,0,0
121446,1,1,1992,6,7,18,14,25,10,8,15,21,11
121447,1,1,1992,24,24,24,24,24,24,24,24,24,24
121447,2,1,1992,19,19,19,19,19,19,19,19,19,19
121448,0,1,1992,0,0,0,0,0,0,11,0,0,0
121448,1,1,1992,41,41,41,41,41,41,41,41,41,41
121449,1,1,1992,0,0,0,0,0,0,7,17,0,0
121450,1,1,1992,0,0,0,0,0,0,0,0,0,0
121450,2,1,1992,0,0,0,0,0,0,0,0,0,0
121451,1,1,1992,32,32,32,32,32,32,32,32,32,32
121452,1,1,1992,0,0,0,0,0,0,0,0,0,0
121452,2,1,1992,0,0,0,0,0,0,0,0,0,0
121453,1,1,1992,11,11,11,11,11,11,11,11,11,11
121453,2,1,1992,0,0,0,0,0,0,0,0,0,0
121454,1,1,1992,12,12,12,12,12,12,12,12,12,12
121455,1,1,1992,30,0,0,0,7,9,0,0,7,0
121455,2,1,1992,0,0,0,0,0,0,0,0,0,0
121455,3,1,1992,17,0,0,0,0,0,16,0,0,15
121456,0,1,1992,38,38,38,38,38,38,38,38,38,38
121456,1,1,1992,0,0,0,0,0,0,0,0,0,0
121457,1,1,1992,15,15,15,15,15,15,15,15,15,15
121457,2,1,1992,12,12,12,12,12,12,12,12,12,12
121458,1,1,1992,14,0,15,0,0,24,14,0,0,6
121458,2,1,1992,21,36,28,0,0,24,7,25,35,20
121459,1,1,1992,20,20,20,20,20,20,20,20,20,20
121460,1,1,1992,22,22,22,22,22,22,22,22,22,22
121461,0,1,1992,13,13,13,13,13,13,13,13,13,13
121461,1,1,1992,0,0,0,0,0,0,0,10,0,0
121462,1,1,1992,0,0,0,0,0,0,0,0,0,0
121462,2,1,1992,0,0,0,0,0,0,0,0,0,0
121463,0,1,1992,0,0,0,0,0,0,0,0,0,0
121463,1,1,1992,0,0,0,0,0,0,0,0,0,0
121464,1,1,1992,16,16,16,16,16,16,16,16,16,16
121464,2,1,1992,0,0,0,0,0,0,0,0,10,4
121465,1,1,1992,11,11,11,11,11,11,11,11,11,11
121466,1,1,1992,0,0,0,0,0,0,0,0,0,0
121466,2,1,1992,20,0,0,0,0,0,0,0,0,0
121467,1,1,1992,0,0,0,0,0,0,0,0,0,0
121467,2,1,1992,0,0,0,0,0,0,0,0,0,0
121467,3,1,1992,0,0,0,0,0,0,0,0,0,0
121468,0,1,1992,0,0,23,7,18,12,0,0,9,14
121468,1,1,1992,0,0,0,0,0,0,0,0,0,0
121468,2,1,1992,0,0,0,0,0,0,0,0,0,0
121469,1,1,1992,14,14,14,14,14,14,14,14,14,14
121470,1,1,1992,0,0,0,0,0,0,0,0,0,0
121470,2,1,1992,0,0,0,0,0,0,0,14,0,0
121471,1,1,1992,0,0,0,0,0,0,0,13,0,0
121472,0,1,1992,0,0,0,0,0,0,0,0,0,0
121472,1,1,1992,0,0,0,0,0,0,0,0,0,0
121473,0,1,1992,0,0,0,0,0,0,0,0,0,0
121473,1,1,1992,0,0,0,0,12,8,0,21,0,0
121474,1,1,1992,0,0,0,0,0,0,0,0,0,0
121474,2,1,1992,0,0,0,0,0,0,0,0,0,0
121475,1,1,1992,0,0,0,0,0,0,0,0,0,0
121475,2,1,1992,0,0,0,0,0,0,0,0,0,0
121475,3,1,1992,0,0,0,0,0,0,0,0,0,0
121476,1,1,1992,0,0,0,0,0,0,0,9,0,0
121477,1,1,1992,37,37,37,37,37,37,37,37,37,37
121479,0,1,1992,0,0,0,0,0,0,0,0,0,0
121479,0,2,1992,0,0,0,0,0,0,0,0,0,0
121479,1,1,1992,0,16,0,4,23,16,0,20,0,0
121480,1,1,1992,15,15,15,15,15,15,15,15,15,15
121480,2,1,1992,0,0,0,0,0,0,0,0,0,0
121481,1,1,1992,0,0,0,0,0,0,0,0,0,0
121481,2,1,1992,0,0,0,0,0,0,0,0,0,0
121482,1,1,1992,0,0,0,0,0,0,0,0,0,0
121482,2,1,1992,0,0,0,0,0,0,0,0,0,0
121483,0,1,1992,13,13,13,13,13,13,13,13,13,13
121483,1,1,1992,0,0,0,0,0,0,0,0,0,0
121484,1,1,1992,0,0,0,0,0,0,0,0,0,0
121484,2,1,1992,0,0,0,0,0,0,0,0,0,0
121484,3,1,1992,0,0,0,0,0,0,0,0,0,0
121485,1,1,1992,12,12,12,12,12,12,12,12,12,12
121485,2,1,1992,0,0,0,0,0,0,0,0,0,0
121486,1,1,1992,0,0,0,0,0,0,0,0,0,0
121486,2,1,1992,0,0,0,0,0,0,0,0,0,0
121486,3,1,1992,0,0,0,0,0,0,0,0,0,0
121487,0,1,1992,24,24,24,24,24,24,24,24,24,24
121487,1,1,1992,17,17,17,17,17,17,17,17,17,17
121488,0,1,1992,8,8,8,8,8,8,8,8,8,8
121488,0,2,1992,0,0,0,0,0,0,0,0,0,0
121488,0,3,1992,0,0,0,0,0,0,0,0,0,0
121488,1,1,1992,0,0,0,0,0,0,0,0,0,0
121488,2,1,1992,0,0,0,7,0,17,18,0,15,14
121489,0,1,1992,0,0,0,0,0,0,0,8,0,0
121489,1,1,1992,0,0,0,0,0,4,0,0,0,0
121489,2,1,1992,0,0,0,0,0,0,0,0,0,0
121490,1,1,1992,9,0,0,0,0,0,0,0,0,0
121490,2,1,1992,0,0,0,0,0,0,9,0,0,0
121490,3,1,1992,0,0,0,0,0,5,0,0,0,0
121491,1,1,1992,0,0,0,0,0,0,0,0,0,0
121491,2,1,1992,0,0,0,0,0,0,0,0,0,0
121492,1,1,1992,0,0,0,0,0,0,0,0,0,0
121492,2,1,1992,0,0,0,0,0,0,0,0,0,0
121493,0,1,1992,24,24,24,24,24,24,24,24,24,24
121493,1,1,1992,0,0,0,0,0,0,0,0,0,0
121494,0,1,1992,0,0,0,0,0,0,0,0,0,0
121494,1,1,1992,25,25,25,25,25,25,25,25,25,25
121495,0,1,1992,29,29,29,29,29,29,29,29,29,29
121495,1,1,1992,0,0,0,0,0,0,0,0,0,0
121496,1,1,1992,0,4,28,5,11,0,18,16,0,0
121497,1,1,1992,0,11,0,15,0,0,0,0,0,0
121497,2,1,1992,0,0,0,0,29,0,0,0,0,23
121498,1,1,1992,0,0,0,0,0,0,0,0,0,0
121498,2,1,1992,0,0,0,0,0,0,0,0,0,0
121498,3,1,1992,0,0,0,0,0,0,0,0,0,0
121499,1,1,1992,0,0,0,0,0,0,9,0,0,0
121500,1,1,1992,0,0,0,0,0,0,0,0,0,0
121500,2,1,1992,0,0,0,0,0,0,0,0,0,0
121501,0,1,1992,9,9,9,9,9,9,9,9,9,9
121501,1,1,1992,0,0,0,0,0,0,0,0,0,0
121501,2,1,1992,0,0,0,0,0,0,0,0,0,0
121501,3,1,1992,0,3,0,0,0,0,18,0,0,0
121502,0,1,1992,0,0,0,0,0,0,0,0,0,0
121502,1,1,1992,0,0,0,0,0,0,0,0,0,0
121503,1,1,1992,0,0,0,0,0,0,0,0,0,0
121503,2,1,1992,0,0,0,0,0,0,0,0,0,0
121504,1,1,1992,18,18,18,18,18,18,18,18,18,18
121505,1,1,1992,0,0,0,0,0,0,0,0,0,0
121505,2,1,1992,0,0,0,0,0,0,0,0,0,0
121506,1,1,1992,0,0,0,0,0,0,0,0,0,0
121506,2,1,1992,0,0,0,0,0,0,13,0,0,0
121507,1,1,1992,0,0,0,0,0,0,0,0,0,0
121507,2,1,1992,0,0,0,0,9,0,0,0,0,0
121508,1,1,1992,0,0,0,0,0,0,0,0,0,0
121508,2,1,1992,0,0,0,0,0,0,0,0,0,0
121509,1,1,1992,0,0,0,0,0,0,0,0,0,0
121509,2,1,1992,0,0,0,0,0,0,0,0,0,0
121511,0,1,1992,0,0,0,0,0,0,0,0,0,0
121511,1,1,1992,0,0,0,0,0,0,0,0,0,0
121512,1,1,1992,0,0,0,0,0,0,0,0,0,0
121512,2,1,1992,0,0,0,0,0,0,0,0,0,0
121513,1,1,1992,0,0,0,0,0,0,0,0,0,0
121513,2,1,1992,6,0,0,0,0,0,0,4,0,0
121514,0,1,1992,16,0,0,34,23,25,0,22,10,23
121514,1,1,1992,0,0,0,0,0,0,0,0,0,0
121515,1,1,1992,0,0,0,0,0,0,0,0,0,0
121515,2,1,1992,0,0,0,0,0,0,0,0,0,0
121515,3,1,1992,0,0,0,0,0,0,0,0,0,0
121516,1,1,1992,0,0,0,0,0,0,0,0,0,0
121516,2,1,1992,0,0,0,0,0,0,0,0,0,0
121517,0,1,1992,0,0,0,0,0,0,0,0,0,0
121517,1,1,1992,0,0,0,0,24,0,0,0,0,0
121518,1,2,1992,3,17,27,0,14,0,19,0,0,0
121519,1,1,1992,27,27,27,27,27,27,27,27,27,27
121520,1,1,1992,0,0,0,0,0,0,0,0,0,0
121520,2,1,1992,0,0,0,0,13,0,0,0,0,13
121521,1,1,1992,23,23,23,23,23,23,23,23,23,23
121522,1,1,1992,0,0,0,0,0,0,0,0,0,0
121522,2,1,1992,0,0,0,0,0,0,0,0,0,0
121523,1,1,1992,0,0,0,0,0,0,0,0,0,0
121523,2,1,1992,7,7,7,7,7,7,7,7,7,7
121524,1,1,1992,0,0,0,0,0,0,0,0,0,0
121524,2,1,1992,0,0,0,0,0,0,0,0,0,0
121526,1,1,1992,0,0,0,0,0,0,0,0,0,0
121526,2,1,1992,0,0,0,0,0,0,0,0,0,0
121527,1,1,1992,2,0,0,0,0,0,0,0,10,0
121527,2,1,1992,0,0,14,0,0,0,0,12,0,13
121528,1,1,1992,18,18,18,18,18,18,18,18,18,18
121528,2,1,1992,0,0,0,0,0,0,0,0,0,0
121529,1,1,1992,0,0,0,0,0,0,0,0,0,0
121530,0,1,1992,28,28,28,28,28,28,28,28,28,28
121530,1,1,1992,0,0,0,0,0,0,0,0,0,0
121530,2,1,1992,0,0,0,0,0,0,0,0,0,0
121531,1,1,1992,25,25,25,25,25,25,25,25,25,25