ST_CASE,VEH_NO,PER_NO,YEAR,P1,P2,P3,P4,P5,P6,P7,P8,P9,P10
121788,1,1,1992,0,0,0,0,0,0,0,0,0,0
121789,1,1,1992,0,0,0,0,0,0,0,0,0,0
121790,1,1,1992,6,6,6,6,6,6,6,6,6,6
121790,2,1,1992,0,0,0,0,0,0,0,0,0,0
121791,1,1,1992,26,26,26,26,26,26,26,26,26,26
121792,1,1,1992,0,0,0,0,0,0,0,0,0,0
121792,2,1,1992,0,0,0,0,0,0,0,0,0,0
121793,1,1,1992,0,0,0,0,0,0,0,0,0,0
121794,1,1,1992,0,0,0,0,0,0,0,0,0,0
121794,2,1,1992,29,0,0,0,0,0,0,0,0,0
121794,3,1,1992,0,0,0,15,0,0,0,0,0,0
121794,4,1,1992,0,0,0,0,0,0,0,0,0,0
121794,5,1,1992,0,0,0,0,0,0,0,0,0,0
121795,0,1,1992,23,17,27,12,3,0,0,13,13,22
121795,1,1,1992,4,0,0,0,11,0,11,0,0,0
121796,1,1,1992,0,0,0,0,0,0,0,0,0,0
121796,2,1,1992,0,0,0,0,0,0,0,0,0,0
121796,3,1,1992,0,0,0,0,0,0,0,0,0,0
121797,0,1,1992,0,0,0,0,0,0,0,0,0,0
121797,1,1,1992,0,0,0,0,0,0,0,0,0,0
121798,0,1,1992,17,17,17,17,17,17,17,17,17,17
121798,1,1,1992,0,0,0,0,0,0,0,0,0,16
121799,0,1,1992,0,0,0,0,28,0,0,0,0,0
121799,1,1,1992,0,0,0,0,0,0,0,0,0,0
121800,1,1,1992,13,13,13,13,13,13,13,13,13,13
121801,1,1,1992,0,0,0,0,0,0,0,0,0,0
121801,2,1,1992,0,0,0,0,0,0,0,0,0,0
121802,0,1,1992,19,19,19,19,19,19,19,19,19,19
121802,1,1,1992,0,0,0,0,0,0,0,0,0,0
121803,1,1,1992,0,0,0,0,0,0,0,0,0,0
121803,2,1,1992,14,14,14,14,14,14,14,14,14,14
121804,1,1,1992,14,14,14,14,14,14,14,14,14,14
121804,2,1,1992,0,0,0,0,0,0,0,0,0,0
121804,3,1,1992,0,0,11,11,0,17,0,0,0,0
121805,0,1,1992,0,0,0,0,0,0,0,0,0,0
121805,1,1,1992,0,0,0,0,0,0,0,0,0,0
121806,1,1,1992,23,23,23,23,23,23,23,23,23,23
121806,2,1,1992,0,0,0,0,0,0,0,0,0,0
121807,1,1,1992,0,0,0,0,0,0,0,0,0,14
121807,2,1,1992,0,0,0,0,0,0,0,0,0,0
121808,0,1,1992,0,0,0,4,0,28,0,0,0,0
121808,1,1,1992,0,0,0,0,0,0,0,0,0,0
121809,0,1,1992,8,8,8,8,8,8,8,8,8,8
121809,1,1,1992,0,0,0,0,0,0,0,0,0,0
121810,1,1,1992,21,21,21,21,21,21,21,21,21,21
121811,0,1,1992,0,0,8,0,0,7,0,0,0,0
121811,1,1,1992,0,0,0,0,0,0,0,0,0,0
121812,1,1,1992,0,0,0,0,0,0,0,0,0,0
121812,2,1,1992,0,0,0,0,0,0,0,0,0,0
121812,3,1,1992,0,0,0,0,0,0,0,0,0,0
121812,4,1,1992,0,0,0,0,0,0,0,0,0,0
121813,1,1,1992,31,31,31,31,31,31,31,31,31,31
121813,2,1,1992,0,0,0,0,0,0,0,0,0,0
121814,1,1,1992,0,0,0,0,0,0,0,0,0,0
121814,2,1,1992,0,0,0,0,0,0,0,0,0,0
121816,0,1,1992,0,0,0,0,0,0,0,0,0,0
121816,1,1,1992,0,0,0,0,0,0,0,0,0,0
121817,0,1,1992,0,0,0,0,0,0,0,0,0,0
121817,1,1,1992,0,0,0,0,0,0,0,0,0,0
121818,1,1,1992,28,28,28,28,28,28,28,28,28,28
121819,0,1,1992,0,0,0,0,0,0,0,0,0,0
121819,1,1,1992,0,0,0,0,0,0,0,0,0,0
121820,1,1,1992,0,0,8,0,0,0,0,0,11,0
121820,2,1,1992,0,0,0,0,0,0,0,0,0,0
121820,3,1,1992,0,10,0,0,0,0,0,0,0,0
121821,1,1,1992,0,0,0,0,0,0,0,0,0,0
121821,2,1,1992,0,0,0,0,0,0,0,0,0,0
121823,1,1,1992,10,0,0,0,0,8,0,0,0,0
121823,2,1,1992,0,0,0,0,0,0,6,0,0,0
121824,1,1,1992,0,0,0,0,0,0,0,0,0,0
121824,2,1,1992,0,0,0,0,0,0,0,0,0,0
121824,3,1,1992,0,0,0,0,0,0,0,0,0,0
121825,0,1,1992,0,0,0,0,0,0,0,0,0,0
121825,1,1,1992,0,14,0,0,0,0,0,0,0,0
121826,1,1,1992,0,0,0,0,0,0,0,0,0,0
121826,2,1,1992,13,13,13,13,13,13,13,13,13,13
121827,1,1,1992,0,0,0,0,0,0,0,0,0,0
121827,2,1,1992,0,0,0,0,0,0,0,0,0,0
121828,1,1,1992,0,0,0,0,0,17,0,0,0,0
121829,1,1,1992,0,0,0,0,0,0,0,13,0,7
121830,1,1,1992,0,0,0,0,0,0,0,0,0,0
121830,2,1,1992,0,0,0,0,0,0,0,0,0,0
121831,0,1,1992,0,0,0,0,0,0,0,0,0,0
121831,1,1,1992,0,0,0,0,0,0,0,0,0,0
121832,0,1,1992,23,23,23,23,23,23,23,23,23,23
121832,1,1,1992,0,0,0,0,0,0,0,0,0,0
121833,1,1,1992,24,24,24,24,24,24,24,24,24,24
121833,2,1,1992,0,0,0,0,0,0,0,0,0,0
121834,1,1,1992,0,0,0,0,14,0,0,0,0,0
121834,2,1,1992,0,0,0,0,0,0,0,0,0,0
121836,0,1,1992,2,2,2,2,2,2,2,2,2,2
121836,1,1,1992,0,0,0,0,0,0,0,0,0,0
121837,1,1,1992,0,0,0,0,0,0,0,0,0,0
121837,2,1,1992,0,0,0,0,0,0,0,0,0,0
121838,1,1,1992,0,0,0,0,0,0,0,0,0,0
121838,2,1,1992,0,0,0,0,0,0,0,0,0,0
121839,1,1,1992,0,0,0,0,0,0,0,0,0,0
121839,2,1,1992,0,0,0,0,0,0,0,0,0,0
121840,1,1,1992,26,26,26,26,26,26,26,26,26,26
121842,0,1,1992,2,2,2,2,2,2,2,2,2,2
121842,1,1,1992,0,0,0,0,0,0,0,0,0,0
121843,1,1,1992,10,10,10,10,10,10,10,10,10,10
121844,1,1,1992,21,21,21,21,21,21,21,21,21,21
121845,1,1,1992,5,5,5,5,5,5,5,5,5,5
121846,0,1,1992,0,0,0,0,0,0,0,0,0,0
121846,0,2,1992,0,0,0,6,0,0,0,0,0,0
121846,1,1,1992,0,0,0,0,0,0,0,0,0,0
121847,1,1,1992,6,6,6,6,6,6,6,6,6,6
121848,1,1,1992,0,0,0,0,0,0,0,0,0,0
121848,2,1,1992,0,0,0,0,0,0,0,0,0,0
121848,3,1,1992,0,0,0,0,0,0,0,12,0,0
121850,1,1,1992,1,1,1,1,1,1,1,1,1,1
121850,2,1,1992,0,0,0,0,0,0,0,0,0,0
121851,1,1,1992,0,0,21,0,0,0,0,0,20,0
121851,2,1,1992,0,0,0,0,0,0,0,0,0,0
121852,1,1,1992,0,0,0,0,0,0,0,0,0,0
121852,2,1,1992,0,0,0,0,0,0,0,0,0,0
121853,0,1,1992,0,0,0,0,0,0,0,0,0,0
121853,1,1,1992,0,0,0,0,0,0,0,0,0,0
121854,1,1,1992,0,0,0,0,0,0,0,0,0,0
121854,2,1,1992,0,0,0,0,0,0,0,0,0,0
121855,0,1,1992,0,0,0,0,0,0,0,0,0,0
121855,0,2,1992,0,0,0,0,22,0,21,0,0,0
121855,1,1,1992,4,4,4,4,4,4,4,4,4,4
121856,1,1,1992,13,13,13,13,13,13,13,13,13,13
121857,1,1,1992,0,0,0,0,0,0,0,0,0,0
121857,2,1,1992,0,5,0,0,0,0,0,0,0,0
121859,1,1,1992,7,7,7,7,7,7,7,7,7,7
121859,2,1,1992,8,8,8,8,8,8,8,8,8,8
121860,0,1,1992,25,19,15,16,20,19,21,29,12,21
121860,0,2,1992,37,0,25,0,17,0,0,24,0,10
121860,1,1,1992,2,2,2,2,2,2,2,2,2,2
121861,1,1,1992,0,0,0,0,0,0,0,0,0,0
121862,0,1,1992,0,0,0,0,0,0,0,0,0,0
121862,0,2,1992,0,0,0,0,0,0,0,0,0,0
121862,0,3,1992,0,0,0,0,13,0,0,0,0,0
121862,1,1,1992,0,0,0,0,0,0,0,0,0,0
121863,0,1,1992,4,4,4,4,4,4,4,4,4,4
121863,1,1,1992,0,0,0,0,0,0,0,0,0,0
121864,0,1,1992,0,0,0,0,0,0,0,0,0,0
121864,1,1,1992,0,0,0,0,0,0,0,0,0,0
121865,1,1,1992,0,0,0,0,0,0,0,0,0,0
121865,2,1,1992,0,0,0,0,0,0,0,0,0,0
121866,1,1,1992,20,20,20,20,20,20,20,20,20,20
121867,0,1,1992,0,0,0,0,0,0,0,0,0,0
121867,1,1,1992,0,0,0,0,0,0,0,0,0,0
121868,1,1,1992,0,0,0,0,0,0,0,0,0,0
121869,1,1,1992,14,14,14,14,14,14,14,14,14,14
121869,2,1,1992,3,3,3,3,3,3,3,3,3,3
121870,0,1,1992,3,3,3,3,3,3,3,3,3,3
121870,1,1,1992,0,0,0,0,0,0,0,0,0,0
121871,1,1,1992,0,0,0,0,0,0,0,0,0,0
121871,2,1,1992,5,5,5,5,5,5,5,5,5,5
121872,1,1,1992,0,10,0,0,0,0,0,0,6,0
121872,2,1,1992,0,0,0,0,0,0,0,0,0,0
121873,1,1,1992,16,0,0,0,0,8,0,0,0,0
121873,2,1,1992,0,0,0,0,0,0,0,0,0,0
121874,0,1,1992,0,0,0,0,0,0,0,0,0,0
121874,1,1,1992,0,0,0,0,0,0,0,0,0,0
121875,1,1,1992,0,0,11,0,0,0,0,0,0,6
121875,2,1,1992,0,0,0,0,0,0,0,0,0,0
121876,1,1,1992,0,0,0,0,0,0,0,0,0,0
121876,2,1,1992,0,0,0,0,0,0,0,0,0,0
121877,1,1,1992,0,0,0,0,0,0,0,0,0,0
121878,1,1,1992,0,0,0,0,0,0,0,0,0,0
121879,0,1,1992,13,13,13,13,13,13,13,13,13,13
121879,1,1,1992,0,0,0,0,0,0,0,0,0,7
121880,1,1,1992,0,0,0,0,0,0,0,0,0,0
121880,2,1,1992,0,0,0,0,0,0,0,0,0,0
121881,1,1,1992,0,0,0,0,0,0,0,0,0,0
121881,2,1,1992,0,0,0,0,0,0,0,0,0,0
121882,0,1,1992,5,5,5,5,5,5,5,5,5,5
121882,1,1,1992,18,18,18,18,18,18,18,18,18,18
121883,0,1,1992,24,24,24,24,24,24,24,24,24,24
121883,1,1,1992,0,31,11,5,12,2,18,11,18,4
121884,1,1,1992,14,14,14,14,14,14,14,14,14,14
121885,0,1,1992,22,22,22,22,22,22,22,22,22,22
121885,1,1,1992,0,0,14,0,0,0,0,21,23,0
121886,0,1,1992,0,26,0,10,0,0,0,0,0,0
121886,1,1,1992,0,19,0,0,0,0,0,0,12,0
121887,0,1,1992,0,0,0,0,0,0,0,0,0,0
121887,1,1,1992,0,0,0,9,0,0,0,0,0,0
121888,1,1,1992,28,28,28,28,28,28,28,28,28,28
121889,0,1,1992,5,5,5,5,5,5,5,5,5,5
121889,1,1,1992,0,0,0,0,0,0,0,0,0,0
121890,0,1,1992,0,0,0,0,0,0,0,0,0,0
121890,1,1,1992,0,0,0,0,0,0,15,10,9,0
121891,1,1,1992,23,23,23,23,23,23,23,23,23,23
121891,2,1,1992,0,0,0,0,0,0,0,0,0,0
121892,1,1,1992,0,0,0,0,0,0,0,0,0,0
121892,2,1,1992,0,0,0,0,0,0,16,0,0,0
121893,1,1,1992,0,0,0,0,0,0,0,0,0,0
121893,2,1,1992,20,20,20,20,20,20,20,20,20,20
121894,1,1,1992,22,22,22,22,22,22,22,22,22,22
121895,1,1,1992,28,28,28,28,28,28,28,28,28,28
121895,2,1,1992,0,0,0,0,0,0,0,0,0,0
121896,1,1,1992,17,17,17,17,17,17,17,17,17,17
121897,0,1,1992,0,0,0,0,0,0,0,0,0,0
121897,1,1,1992,0,0,0,0,0,0,0,0,0,0
121898,0,1,1992,0,0,0,0,0,0,0,0,0,0
121898,1,1,1992,0,0,0,0,0,0,0,0,0,0
121899,1,1,1992,0,0,0,0,0,0,0,0,0,0
121900,0,1,1992,9,9,9,9,9,9,9,9,9,9
121900,1,1,1992,0,0,0,0,0,0,0,0,0,0
121901,1,1,1992,10,10,10,10,10,10,10,10,10,10
121902,1,1,1992,0,0,0,0,0,0,0,0,0,0
121902,2,1,1992,9,9,9,9,9,9,9,9,9,9
121903,0,1,1992,0,0,0,0,0,0,0,0,0,0
121903,1,1,1992,0,0,18,3,0,0,0,0,0,0
121904,1,1,1992,4,4,4,4,4,4,4,4,4,4
121904,2,1,1992,0,0,0,0,0,0,0,0,0,0
121905,1,1,1992,23,23,23,23,23,23,23,23,23,23
121906,1,1,1992,0,0,0,0,0,0,0,0,0,0
121907,0,1,1992,29,29,29,29,29,29,29,29,29,29
121907,1,1,1992,0,0,0,0,0,0,0,0,0,0
121908,0,1,1992,13,0,0,0,7,0,0,0,0,0
121908,1,1,1992,0,0,0,0,0,0,0,0,0,0
121909,1,1,1992,20,20,20,20,20,20,20,20,20,20
121910,1,1,1992,0,0,0,0,0,0,0,0,0,0
121910,2,1,1992,0,0,0,0,0,0,0,0,0,0
121910,3,1,1992,0,0,0,0,0,0,0,0,0,0
121911,1,1,1992,23,23,23,23,23,23,23,23,23,23
121912,1,1,1992,8,8,8,8,8,8,8,8,8,8
121913,1,1,1992,19,19,19,19,19,19,19,19,19,19
121913,2,1,1992,0,11,0,0,0,0,0,0,0,0
121913,3,1,1992,0,0,0,0,0,0,0,0,0,0
121914,1,1,1992,0,0,0,0,0,0,0,0,0,0
121914,2,1,1992,0,0,0,0,0,0,0,0,0,0
121914,3,1,1992,11,0,0,0,0,0,0,0,0,0
121915,1,1,1992,0,0,0,0,0,0,0,0,0,0
121915,2,1,1992,0,0,0,0,0,0,0,0,0,0
121916,0,1,1992,15,15,15,15,15,15,15,15,15,15
121916,1,1,1992,20,14,15,12,6,10,11,16,30,18
121917,1,1,1992,8,8,8,8,8,8,8,8,8,8
121918,1,1,1992,0,0,5,0,0,0,0,0,0,0
121918,2,1,1992,0,0,0,0,0,0,0,0,8,0
121918,3,1,1992,0,0,0,0,0,0,0,0,0,0
121918,4,1,1992,0,0,0,0,0,0,0,0,0,0
121918,5,1,1992,0,0,0,0,0,0,0,0,0,0
121918,6,1,1992,0,0,0,0,0,0,0,0,0,0
121918,7,1,1992,0,0,0,0,0,0,0,0,0,0
121919,1,1,1992,9,9,9,9,9,9,9,9,9,9
121920,1,1,1992,23,23,23,23,23,23,23,23,23,23
121921,1,1,1992,19,19,19,19,19,19,19,19,19,19
121922,1,1,1992,5,5,5,5,5,5,5,5,5,5
121923,1,1,1992,0,0,0,0,0,0,0,0,0,0
121924,0,1,1992,0,25,0,11,0,23,0,0,0,32
121924,1,1,1992,0,0,0,17,0,0,0,0,0,0
121925,0,1,1992,0,0,0,0,0,8,0,0,0,0
121925,1,1,1992,21,21,21,21,21,21,21,21,21,21
121926,1,1,1992,0,0,0,0,0,0,0,0,0,0
121926,2,1,1992,0,0,0,19,0,20,0,0,0,0
121927,0,1,1992,22,0,0,0,0,0,0,0,27,0
121927,1,1,1992,0,0,0,0,0,0,0,0,0,0
121928,1,1,1992,0,0,0,0,0,0,0,0,0,0
121928,2,1,1992,0,0,0,0,0,0,0,0,0,0
121929,0,1,1992,0,0,0,0,0,0,0,0,0,0
121929,1,1,1992,0,0,0,0,0,0,0,0,0,0
121930,0,1,1992,0,0,0,0,0,0,0,0,0,0
121930,1,1,1992,0,0,0,0,0,0,0,0,0,0
121931,0,1,1992,17,17,17,17,17,17,17,17,17,17
121931,1,1,1992,0,0,0,0,0,0,0,0,0,0
121932,1,1,1992,0,0,0,0,9,0,0,0,9,0
121932,2,1,1992,0,0,0,0,0,0,0,0,0,0
121933,1,1,1992,24,17,8,38,29,9,18,25,0,0
121934,0,1,1992,22,22,22,22,22,22,22,22,22,22
121934,1,1,1992,0,13,0,0,0,0,0,0,8,0
121935,0,1,1992,22,22,22,22,22,22,22,22,22,22
121935,1,1,1992,0,0,0,0,0,0,0,0,0,0
121936,1,1,1992,11,11,11,11,11,11,11,11,11,11
121937,0,1,1992,21,39,25,44,17,18,17,22,35,23
121937,1,1,1992,0,0,0,0,0,0,0,0,0,0
121938,1,1,1992,0,0,0,0,0,0,0,0,0,0
121938,2,1,1992,0,0,0,0,0,0,0,0,0,0
121938,3,1,1992,0,0,0,0,0,0,0,0,0,0
121938,4,1,1992,0,0,0,0,0,0,0,0,0,0
121938,5,1,1992,0,0,0,0,0,0,0,0,0,0
121939,1,1,1992,0,0,13,0,0,0,0,0,0,0
121939,2,1,1992,0,0,0,0,0,0,0,0,0,0
121940,1,1,1992,0,0,0,0,0,0,0,0,0,0
121940,2,1,1992,0,0,0,0,0,0,0,0,0,9
121941,1,1,1992,17,21,20,23,15,30,18,0,28,27
121942,1,1,1992,16,16,16,16,16,16,16,16,16,16
121942,2,1,1992,21,21,21,21,21,21,21,21,21,21
121943,1,1,1992,0,0,0,0,0,0,0,0,0,0
121943,2,1,1992,0,0,0,0,0,0,0,0,0,0
121944,1,1,1992,0,0,0,0,0,0,0,0,0,0
121945,1,1,1992,12,0,30,0,9,0,10,0,0,13
121946,1,1,1992,22,22,22,22,22,22,22,22,22,22
121946,2,1,1992,0,0,0,0,0,0,0,0,0,0
121947,0,1,1992,22,22,22,22,22,22,22,22,22,22
121947,1,1,1992,0,0,0,0,0,0,0,0,0,0
121948,1,1,1992,28,28,28,28,28,28,28,28,28,28
121949,1,1,1992,0,0,0,0,0,0,0,0,0,0
121950,0,1,1992,19,19,19,19,19,19,19,19,19,19
121950,1,1,1992,0,0,0,0,0,0,0,0,0,0
121951,0,1,1992,0,0,0,0,0,0,0,0,0,0
121951,1,1,1992,7,7,7,7,7,7,7,7,7,7
121951,2,1,1992,0,0,0,0,0,0,0,0,0,0
121952,1,1,1992,27,27,27,27,27,27,27,27,27,27
121953,0,1,1992,19,12,0,9,0,0,0,53,6,16
121953,1,1,1992,21,0,12,0,0,26,0,0,0,0
121954,0,1,1992,0,0,0,0,0,0,0,0,0,0
121954,1,1,1992,0,0,29,0,0,0,0,0,0,0
121955,0,1,1992,0,0,0,0,0,0,0,0,0,0
121955,1,1,1992,15,15,15,15,15,15,15,15,15,15
121956,0,1,1992,0,13,0,0,0,0,0,10,9,0
121956,1,1,1992,0,0,0,0,0,0,0,0,0,0
121957,1,1,1992,0,0,7,0,0,0,0,0,0,0
121958,1,1,1992,0,0,0,0,0,0,0,0,0,0
121959,1,1,1992,17,17,17,17,17,17,17,17,17,17
121960,1,1,1992,0,0,0,0,0,0,0,0,0,0
121960,2,1,1992,0,0,0,0,0,0,0,0,0,0
121961,1,1,1992,34,12,13,12,0,9,23,13,10,8
121962,0,1,1992,0,0,0,0,0,0,0,0,0,0
121962,1,1,1992,0,0,0,0,0,0,0,0,0,0
121963,0,1,1992,22,22,22,22,22,22,22,22,22,22
121963,1,1,1992,0,0,0,0,0,0,0,0,0,16
121964,1,1,1992,0,0,0,0,0,0,0,0,0,0
121964,2,1,1992,0,0,0,0,0,0,0,0,0,18
121965,1,1,1992,0,0,0,0,0,6,0,0,0,0
121965,2,1,1992,0,0,0,0,0,0,0,0,0,0
121966,1,1,1992,0,0,0,0,0,0,0,20,0,0
121966,2,1,1992,0,0,0,0,0,0,0,0,0,0
121967,1,1,1992,0,0,0,0,0,0,0,0,0,0
121968,1,1,1992,0,0,0,0,0,0,0,0,0,0
121968,2,1,1992,0,0,0,0,0,0,0,0,0,0
121969,1,1,1992,0,0,0,0,0,0,0,0,0,0
121970,1,1,1992,0,0,0,0,0,0,0,0,0,0
121971,1,1,1992,24,24,24,24,24,24,24,24,24,24
121972,1,1,1992,0,0,0,0,0,0,0,0,0,0
121972,2,1,1992,0,0,0,0,0,0,0,0,0,0
121972,3,1,1992,0,0,0,0,0,0,0,0,0,0
121973,1,1,1992,0,0,0,0,0,0,0,0,0,0
121974,1,1,1992,0,0,0,0,0,0,0,0,0,0
121974,2,1,1992,0,0,0,0,0,0,0,0,0,0
121975,0,1,1992,0,0,0,0,0,0,0,0,0,0
121975,1,1,1992,28,0,0,0,0,0,0,0,0,0
121976,0,1,1992,31,31,31,31,31,31,31,31,31,31
121976,1,1,1992,1,1,1,1,1,1,1,1,1,1
121977,1,1,1992,5,5,5,5,5,5,5,5,5,5
121978,1,1,1992,0,0,0,0,0,16,0,0,0,0
121978,2,1,1992,0,0,0,0,0,0,0,0,0,0
121979,0,1,1992,26,26,26,26,26,26,26,26,26,26
121979,1,1,1992,0,12,0,13,0,0,0,0,0,0
121980,1,1,1992,0,0,0,0,0,0,0,0,0,0
121980,2,1,1992,0,0,0,0,0,0,0,0,0,0
121981,0,1,1992,0,0,0,0,0,0,0,0,0,0
121981,1,1,1992,0,0,0,0,0,0,0,0,0,0
121982,1,1,1992,11,10,14,21,11,17,15,20,5,19
121982,2,1,1992,0,0,0,0,0,0,0,0,0,0
121983,1,1,1992,0,0,0,22,0,0,0,0,0,0
121984,0,1,1992,33,0,0,32,25,0,0,27,22,0
121984,1,1,1992,0,0,0,0,0,0,0,0,0,0
121985,1,1,1992,0,0,0,0,0,0,0,0,9,0
121985,2,1,1992,0,0,0,0,0,0,0,0,0,0
121986,0,1,1992,26,26,26,26,26,26,26,26,26,26
121986,1,1,1992,0,0,0,0,0,0,0,0,0,0
121987,1,1,1992,23,23,23,23,23,23,23,23,23,23
121988,0,1,1992,23,23,23,23,23,23,23,23,23,23
121988,1,1,1992,0,0,0,0,0,0,0,0,0,0
121989,1,1,1992,30,30,30,30,30,30,30,30,30,30
121990,0,1,1992,13,17,13,19,0,11,0,14,30,0
121990,1,1,1992,0,0,0,0,0,0,2,22,0,0
121991,1,1,1992,21,21,21,21,21,21,21,21,21,21
121992,1,1,1992,10,0,0,0,0,0,0,0,0,0
121992,2,1,1992,0,0,0,0,0,0,0,0,0,0
121994,1,1,1992,0,0,0,0,0,0,0,0,0,0
121994,2,1,1992,16,0,0,0,0,0,0,0,0,0
121995,1,1,1992,0,0,0,0,0,0,0,0,0,0
121996,1,1,1992,0,0,0,0,0,0,0,0,0,0
121996,2,1,1992,0,0,0,0,0,0,0,0,0,0
121997,0,1,1992,0,0,0,0,0,0,0,0,0,0
121997,1,1,1992,0,0,0,0,0,0,0,0,0,0
121998,1,1,1992,11,0,0,0,0,0,0,0,0,0
121998,2,1,1992,0,0,0,0,0,0,0,0,0,0
121999,0,1,1992,19,19,19,19,19,19,19,19,19,19
121999,1,1,1992,0,0,0,0,0,0,0,0,0,0
122000,0,1,1992,0,0,0,0,0,0,0,0,0,0
122000,1,1,1992,0,0,0,0,0,0,0,0,0,0
122001,1,1,1992,14,14,14,14,14,14,14,14,14,14
122001,2,1,1992,14,14,14,14,14,14,14,14,14,14
122001,3,1,1992,10,4,19,0,0,0,0,14,0,0
122002,1,1,1992,19,19,19,19,19,19,19,19,19,19
122003,0,1,1992,0,0,0,0,0,0,0,0,0,0
122003,0,2,1992,0,33,0,0,0,13,0,19,0,0
122003,1,1,1992,11,11,11,11,11,11,11,11,11,11
122004,1,1,1992,26,26,26,26,26,26,26,26,26,26
122004,2,1,1992,0,0,0,0,0,0,0,0,0,0
122005,1,1,1992,7,7,7,7,7,7,7,7,7,7
122006,1,1,1992,0,0,0,0,0,0,0,0,0,0
122007,0,1,1992,0,0,0,0,0,0,0,0,32,0
122007,1,1,1992,0,25,0,0,0,0,0,0,0,0
122008,1,1,1992,7,7,7,7,7,7,7,7,7,7
122009,1,1,1992,0,0,0,0,0,0,0,0,0,0
122010,1,1,1992,26,26,26,26,26,26,26,26,26,26
122011,0,1,1992,11,22,27,15,7,26,23,17,6,22
122011,1,1,1992,0,0,0,0,0,0,0,0,0,0
122012,1,1,1992,6,6,6,6,6,6,6,6,6,6
122013,0,1,1992,0,0,0,0,0,0,0,0,0,0
122013,1,1,1992,0,0,0,0,0,0,0,0,0,0
122014,0,1,1992,0,0,0,0,0,0,0,0,0,0
122014,1,1,1992,0,0,0,0,0,0,0,0,0,0
122015,0,1,1992,0,0,0,0,0,0,0,0,0,0
122015,1,1,1992,0,0,0,0,0,0,0,0,0,0
122016,0,1,1992,0,0,0,0,0,0,0,0,0,0
122016,1,1,1992,0,0,0,0,0,0,0,0,0,0
122017,1,1,1992,0,0,0,0,0,0,0,0,0,7
122018,0,1,1992,30,30,30,30,30,30,30,30,30,30
122018,1,1,1992,0,0,0,0,0,0,0,0,0,0
122018,2,1,1992,0,0,0,0,0,9,0,0,0,0
122019,1,1,1992,0,0,0,0,0,0,16,0,0,0
122019,2,1,1992,0,0,0,0,0,0,0,0,0,0
122019,3,1,1992,0,0,0,0,0,0,0,0,0,0
122020,1,1,1992,0,0,0,0,0,0,0,0,10,0
122020,2,1,1992,6,6,6,6,6,6,6,6,6,6
122021,1,1,1992,0,0,0,0,0,0,0,0,0,0
122021,2,1,1992,0,0,0,0,0,0,0,0,0,0
122022,1,1,1992,0,0,0,0,0,0,0,0,0,0
122022,2,1,1992,0,0,0,0,0,0,0,0,0,0
122023,1,1,1992,29,29,29,29,29,29,29,29,29,29
122023,2,1,1992,0,0,0,0,0,0,0,0,0,0
122024,1,1,1992,22,22,22,22,22,22,22,22,22,22
122024,2,1,1992,0,0,0,0,0,0,0,0,0,0
122025,1,1,1992,12,12,12,12,12,12,12,12,12,12
122026,1,1,1992,20,20,20,20,20,20,20,20,20,20
122026,2,1,1992,17,17,17,17,17,17,17,17,17,17
122027,1,1,1992,0,0,0,0,0,0,0,0,0,0
122027,2,1,1992,0,0,0,0,0,0,0,0,0,0
122027,3,1,1992,0,0,0,0,0,0,0,0,0,0
122028,1,1,1992,0,0,0,0,0,0,0,0,0,0
122028,2,1,1992,0,0,0,0,0,0,0,0,0,0
122028,3,1,1992,0,0,0,0,0,0,0,0,0,0
122028,4,1,1992,0,0,0,0,0,0,0,0,0,0
122028,5,1,1992,0,0,0,0,0,0,0,0,0,0
122028,6,1,1992,0,0,0,0,0,0,0,0,0,0
122028,7,1,1992,0,0,0,0,0,0,0,0,0,0
122028,8,1,1992,0,0,0,0,0,0,0,0,0,0
122028,9,1,1992,0,0,0,0,0,0,0,0,0,0
122029,0,1,1992,14,14,14,14,14,14,14,14,14,14
122029,1,1,1992,0,0,0,0,0,0,0,0,0,0
122030,1,1,1992,20,20,20,20,20,20,20,20,20,20
122031,1,1,1992,15,15,15,15,15,15,15,15,15,15
122032,0,1,1992,0,0,0,16,0,0,0,0,0,0
122032,1,1,1992,0,0,0,0,0,0,0,0,0,0
122033,1,1,1992,27,27,27,27,27,27,27,27,27,27
122034,1,1,1992,0,0,0,0,0,0,0,0,0,0
122034,2,1,1992,0,0,0,0,0,0,0,0,0,0
122035,1,1,1992,0,0,0,0,0,0,0,0,0,0
122036,1,1,1992,0,0,0,0,0,0,0,0,0,0
122038,1,1,1992,0,0,0,0,0,0,0,0,0,0
122039,1,1,1992,0,0,0,0,0,0,0,0,0,0
122039,2,1,1992,0,2,0,0,0,0,0,10,0,0
122040,0,1,1992,0,0,0,0,9,0,0,0,0,0
122040,0,2,1992,0,0,0,0,0,0,9,0,7,0
122040,1,1,1992,0,0,0,0,0,0,0,0,0,0
122040,2,1,1992,0,0,0,0,0,0,0,0,0,0
122041,1,1,1992,0,0,0,0,0,0,0,0,0,0
122041,2,1,1992,0,0,0,0,0,0,0,0,0,0
122042,1,1,1992,18,18,18,18,18,18,18,18,18,18
122042,2,1,1992,0,0,0,0,0,0,0,15,0,0