ST_CASE,VEH_NO,PER_NO,YEAR,P1,P2,P3,P4,P5,P6,P7,P8,P9,P10
130038,2,1,1992,0,0,0,0,0,0,0,0,0,0
130038,3,1,1992,0,0,0,0,0,0,0,0,0,0
130039,0,1,1992,6,6,6,6,6,6,6,6,6,6
130039,1,1,1992,0,0,0,0,0,0,0,0,0,0
130040,1,1,1992,0,0,0,0,0,0,0,0,0,0
130040,2,1,1992,0,0,0,0,0,0,0,0,0,0
130040,3,1,1992,0,0,0,0,0,0,0,0,0,0
130040,4,1,1992,0,0,0,0,0,0,0,0,0,0
130041,1,1,1992,3,23,0,8,8,19,20,16,0,9
130042,1,1,1992,12,12,12,12,12,12,12,12,12,12
130043,1,1,1992,0,0,0,0,0,0,0,0,0,0
130043,2,1,1992,0,0,0,0,0,0,0,0,0,0
130044,1,1,1992,0,0,0,0,0,0,0,0,0,0
130044,2,1,1992,0,0,0,0,0,0,0,0,0,0
130045,1,1,1992,0,0,0,0,0,0,0,0,0,0
130045,2,1,1992,0,0,0,0,0,0,0,0,0,0
130046,1,1,1992,15,15,15,15,15,15,15,15,15,15
130046,2,1,1992,0,0,0,0,0,0,0,0,0,0
130047,1,1,1992,0,0,0,0,0,0,0,0,0,0
130047,2,1,1992,0,0,0,0,1,0,0,0,0,0
130048,1,1,1992,0,0,0,0,0,0,0,0,0,0
130048,2,1,1992,0,0,0,0,0,0,0,0,0,0
130049,0,1,1992,21,21,21,21,21,21,21,21,21,21
130049,1,1,1992,0,0,0,9,0,0,0,0,0,0
130050,0,1,1992,29,29,29,29,29,29,29,29,29,29
130050,1,1,1992,0,0,0,0,0,0,0,0,0,0
130051,1,1,1992,0,0,0,0,0,0,0,0,0,0
130051,2,1,1992,0,5,0,16,0,0,0,0,0,0
130052,1,1,1992,4,4,4,4,4,4,4,4,4,4
130052,2,1,1992,0,0,0,9,18,0,14,0,0,0
130053,1,1,1992,0,0,0,0,0,0,0,0,0,0
130053,2,1,1992,0,0,0,0,0,0,0,0,0,0
130054,1,1,1992,0,0,0,0,0,0,0,0,0,0
130054,2,1,1992,0,0,0,0,0,0,0,0,0,0
130054,3,1,1992,0,0,0,0,0,0,0,0,0,0
130055,1,1,1992,16,16,16,16,16,16,16,16,16,16
130056,1,1,1992,13,13,13,13,13,13,13,13,13,13
130056,2,1,1992,0,0,0,0,0,0,0,0,0,0
130057,1,1,1992,0,0,0,0,0,0,0,0,0,0
130057,2,1,1992,0,0,0,0,0,0,0,0,0,0
130058,0,1,1992,19,0,10,40,0,19,0,0,29,0
130058,1,1,1992,0,0,16,0,0,29,7,0,0,0
130059,0,1,1992,21,14,0,8,18,21,22,19,0,21
130059,1,1,1992,0,0,0,0,0,0,5,0,0,0
130060,1,1,1992,36,0,0,0,0,0,0,0,0,0
130061,0,1,1992,0,0,0,6,0,8,0,0,0,0
130061,1,1,1992,0,0,0,0,0,0,0,0,0,0
130062,0,1,1992,0,0,0,0,0,0,0,0,0,0
130062,1,1,1992,0,0,0,0,0,0,0,0,0,0
130063,0,1,1992,0,0,0,0,21,27,0,0,17,0
130063,1,1,1992,19,15,0,0,0,7,22,19,0,0
130064,1,1,1992,0,0,0,0,0,0,0,0,0,0
130064,2,1,1992,0,0,0,0,0,0,0,0,0,0
130065,1,1,1992,0,0,0,0,0,0,0,0,0,0
130066,0,1,1992,6,6,6,6,6,6,6,6,6,6
130066,1,1,1992,12,0,0,0,0,0,0,0,0,0
130067,1,1,1992,0,0,0,0,0,0,0,0,0,0
130067,2,1,1992,0,0,0,0,0,0,0,0,0,0
130068,1,1,1992,0,0,0,0,0,0,0,0,0,20
130068,2,1,1992,0,0,0,0,0,0,0,0,0,0
130069,1,1,1992,0,0,0,0,0,0,0,0,0,0
130069,2,1,1992,0,0,0,0,0,0,0,0,0,0
130070,1,1,1992,0,0,0,4,0,0,0,0,0,0
130070,2,1,1992,0,0,0,0,0,0,0,0,0,0
130071,1,1,1992,24,24,24,24,24,24,24,24,24,24
130071,2,1,1992,0,0,0,0,0,0,0,0,0,0
130072,1,1,1992,2,2,2,2,2,2,2,2,2,2
130072,2,1,1992,0,0,0,0,0,0,0,0,0,0
130073,1,1,1992,13,13,13,13,13,13,13,13,13,13
130073,2,1,1992,15,20,18,0,21,0,7,22,0,13
130075,1,1,1992,0,0,0,0,0,0,0,0,0,0
130076,1,1,1992,0,0,0,0,0,0,10,0,7,0
130076,2,1,1992,0,0,0,0,0,0,0,0,0,0
130077,1,1,1992,13,13,13,13,13,13,13,13,13,13
130078,1,1,1992,17,17,17,17,17,17,17,17,17,17
130078,2,1,1992,13,13,13,13,13,13,13,13,13,13
130080,1,1,1992,15,15,15,15,15,15,15,15,15,15
130081,0,1,1992,0,0,0,0,0,0,0,0,0,0
130081,0,2,1992,0,0,0,11,0,0,0,11,0,9
130081,1,1,1992,13,16,0,12,17,23,14,15,9,11
130082,1,1,1992,20,20,20,20,20,20,20,20,20,20
130083,0,1,1992,0,21,8,9,0,16,0,0,0,44
130083,1,1,1992,0,0,0,0,0,0,0,0,0,0
130084,1,1,1992,0,26,17,0,0,0,0,0,3,0
130085,1,1,1992,0,0,0,0,0,0,0,0,0,0
130086,1,1,1992,0,0,0,0,0,0,11,0,0,0
130087,1,1,1992,23,23,23,23,23,23,23,23,23,23
130088,1,1,1992,0,0,0,0,0,0,0,0,0,0
130089,1,1,1992,19,21,17,19,7,22,19,12,0,16
130090,1,1,1992,0,0,0,0,0,0,0,0,0,0
130090,2,1,1992,0,0,0,0,0,0,0,0,0,0
130091,0,1,1992,0,0,0,0,0,0,0,0,0,0
130091,1,1,1992,0,0,16,0,0,0,22,0,0,0
130092,1,1,1992,0,0,0,0,0,0,0,0,0,0
130092,2,1,1992,19,19,19,19,19,19,19,19,19,19
130093,1,1,1992,0,0,18,0,0,24,0,0,16,0
130094,1,1,1992,12,35,29,8,20,29,14,0,18,11
130095,1,1,1992,0,0,0,6,0,0,0,0,0,0
130095,2,1,1992,29,29,29,29,29,29,29,29,29,29
130095,3,1,1992,0,0,0,0,0,0,2,0,0,0
130096,1,1,1992,19,8,20,15,0,0,0,15,0,23
130097,1,1,1992,0,0,0,0,0,0,0,0,0,0
130097,2,1,1992,0,0,0,0,0,0,0,10,7,0
130097,3,1,1992,0,0,0,0,0,0,0,0,0,0
130098,1,1,1992,16,7,0,0,13,0,0,5,0,0
130098,2,1,1992,9,0,16,0,0,13,8,4,13,0
130099,1,1,1992,0,0,0,0,0,0,0,18,0,0
130100,1,1,1992,22,22,22,22,22,22,22,22,22,22
130100,2,1,1992,0,0,0,0,0,0,0,0,0,0
130100,3,1,1992,0,0,0,0,0,20,0,0,0,0
130101,0,1,1992,12,30,14,38,0,0,0,15,11,0
130101,0,2,1992,0,0,0,0,0,0,0,0,0,0
130101,0,3,1992,0,0,0,0,0,0,0,0,0,0
130101,1,1,1992,10,10,10,10,10,10,10,10,10,10
130102,1,1,1992,0,0,0,0,0,0,0,0,0,0
130102,2,1,1992,0,0,0,0,0,0,0,0,0,0
130102,3,1,1992,0,0,0,0,0,0,0,0,0,0
130104,1,1,1992,0,0,0,0,0,0,0,0,0,0
130105,1,1,1992,0,0,0,0,0,0,0,0,0,0
130105,2,1,1992,0,0,0,0,0,0,0,0,0,0
130106,1,1,1992,0,0,0,0,0,0,0,0,0,0
130107,1,1,1992,0,0,0,0,0,0,0,0,0,0
130107,2,1,1992,0,0,0,0,0,0,0,0,0,0
130107,3,1,1992,0,8,0,0,0,0,8,0,0,0
130108,1,1,1992,0,0,0,0,0,0,0,0,0,0
130109,1,1,1992,0,0,0,0,0,0,0,0,0,0
130109,2,1,1992,0,0,0,0,0,0,0,0,0,0
130110,0,1,1992,0,0,0,0,0,0,0,0,0,0
130110,1,1,1992,0,0,0,0,0,0,0,0,0,0
130111,1,1,1992,0,0,0,0,0,0,0,0,0,0
130111,2,1,1992,0,0,0,0,0,0,0,0,0,0
130112,1,1,1992,0,0,0,0,0,0,0,0,0,0
130113,1,1,1992,0,0,0,0,0,0,0,0,0,0
130113,2,1,1992,0,0,0,0,0,0,0,0,0,0
130114,1,1,1992,0,0,0,0,0,0,0,0,0,0
130115,1,1,1992,0,0,0,0,0,0,0,0,0,0
130115,2,1,1992,21,0,0,0,0,0,0,0,0,0
130116,0,1,1992,0,0,13,18,4,0,0,0,0,0
130116,1,1,1992,0,0,0,0,0,0,0,0,0,0
130117,1,1,1992,0,0,0,0,0,0,0,0,0,0
130117,2,1,1992,0,0,0,0,0,4,0,0,0,0
130118,0,1,1992,10,10,10,10,10,10,10,10,10,10
130118,1,1,1992,0,0,0,0,0,0,0,0,0,0
130119,1,1,1992,14,16,12,0,26,14,21,0,0,22
130120,1,1,1992,20,20,20,20,20,20,20,20,20,20
130121,0,1,1992,2,2,2,2,2,2,2,2,2,2
130121,1,1,1992,0,0,0,0,0,0,0,0,0,1
130122,1,1,1992,4,20,23,0,10,22,28,0,28,14
130123,1,1,1992,18,0,18,19,19,24,0,22,0,17
130124,1,1,1992,0,0,0,0,0,0,0,0,0,0
130125,1,1,1992,0,0,0,0,0,0,0,0,0,0
130125,2,1,1992,0,0,0,0,0,0,0,0,0,0
130125,3,1,1992,0,0,0,0,0,0,0,0,0,0
130125,4,1,1992,0,0,0,0,0,0,0,0,0,0
130126,1,1,1992,0,0,0,0,0,0,0,0,0,0
130126,2,1,1992,0,0,0,0,0,0,0,0,0,0
130127,1,1,1992,0,0,0,0,0,0,0,0,0,0
130127,2,1,1992,0,0,0,0,0,0,0,0,0,0
130128,1,1,1992,0,0,0,0,0,0,0,0,0,0
130128,2,1,1992,0,0,0,0,0,0,0,0,0,0
130128,3,1,1992,0,0,0,0,0,0,0,0,0,0
130129,1,1,1992,0,0,0,0,0,0,0,0,0,0
130129,2,1,1992,0,0,0,0,0,0,0,0,0,0
130130,1,1,1992,0,21,19,13,30,6,29,28,14,26
130131,1,1,1992,22,10,9,4,11,9,11,13,13,13
130131,2,1,1992,0,0,0,0,0,0,0,0,0,0
130131,3,1,1992,0,0,0,0,0,0,0,0,0,0
130132,1,1,1992,0,0,0,0,0,0,0,0,0,0
130132,2,1,1992,0,0,0,0,0,0,0,0,0,0
130133,1,1,1992,0,0,0,0,0,0,0,0,0,0
130134,0,1,1992,29,13,0,0,0,42,11,23,8,17
130134,1,1,1992,0,0,0,0,0,0,0,0,0,0
130135,1,1,1992,0,0,0,0,0,0,0,0,0,0
130136,1,1,1992,0,23,0,0,0,23,14,0,0,0
130136,2,1,1992,0,0,0,0,0,0,0,0,0,0
130137,1,1,1992,0,0,0,0,0,0,0,0,0,6
130138,0,1,1992,0,20,7,20,0,0,12,27,0,0
130138,1,1,1992,0,0,0,0,0,0,0,0,0,0
130138,2,1,1992,0,0,0,0,0,0,0,0,0,0
130139,1,1,1992,31,31,31,31,31,31,31,31,31,31
130140,1,1,1992,0,0,0,0,0,0,0,0,0,0
130140,2,1,1992,0,0,0,0,0,0,0,0,0,0
130141,1,1,1992,0,21,0,0,0,0,0,0,0,0
130142,1,1,1992,0,0,0,0,0,0,0,0,0,0
130142,2,1,1992,0,0,0,0,0,0,0,0,0,0
130143,1,1,1992,13,13,13,13,13,13,13,13,13,13
130144,1,1,1992,0,0,0,0,0,0,0,0,0,0
130145,1,1,1992,0,0,0,0,0,0,0,0,0,0
130145,2,1,1992,0,0,0,0,0,0,0,0,0,0
130146,1,1,1992,13,13,13,13,13,13,13,13,13,13
130148,1,1,1992,0,0,0,0,0,0,0,0,0,0
130148,2,1,1992,0,0,0,0,0,0,0,0,0,0
130149,1,1,1992,4,4,4,4,4,4,4,4,4,4
130150,1,1,1992,0,0,0,0,0,0,0,0,0,0
130150,2,1,1992,0,0,0,0,0,0,0,0,0,0
130150,3,1,1992,0,0,0,0,0,0,0,0,0,0
130151,1,1,1992,0,0,0,0,0,0,0,0,0,0
130151,2,1,1992,0,0,0,0,0,0,0,0,0,0
130152,1,1,1992,0,9,8,28,10,12,12,0,14,0
130153,1,1,1992,0,0,0,0,0,0,0,0,0,0
130154,1,1,1992,0,0,0,0,0,0,0,0,0,0
130154,2,1,1992,7,7,7,7,7,7,7,7,7,7
130155,0,1,1992,0,0,0,0,0,0,13,0,0,0
130155,0,2,1992,0,0,0,0,0,0,0,0,0,0
130155,1,1,1992,0,0,0,0,0,0,0,0,0,0
130156,1,1,1992,0,0,0,0,0,0,0,0,0,0
130157,1,1,1992,0,0,0,0,0,0,0,0,0,0
130158,1,1,1992,9,9,9,9,9,9,9,9,9,9
130159,1,1,1992,12,12,12,12,12,12,12,12,12,12
130160,1,1,1992,19,19,19,19,19,19,19,19,19,19
130160,2,1,1992,0,0,0,0,0,0,0,0,0,0
130161,1,1,1992,0,0,0,0,0,0,0,0,0,0
130161,2,1,1992,4,4,4,4,4,4,4,4,4,4
130162,1,1,1992,0,0,0,0,0,0,0,0,0,0
130162,2,1,1992,0,0,0,0,0,0,0,0,0,0
130163,0,1,1992,0,0,0,0,0,0,0,0,0,0
130163,1,1,1992,0,0,0,0,0,0,0,0,0,0
130164,1,1,1992,19,19,19,19,19,19,19,19,19,19
130165,1,1,1992,0,0,0,0,0,0,0,0,0,0
130165,2,1,1992,18,18,18,18,18,18,18,18,18,18
130166,1,1,1992,13,13,13,13,13,13,13,13,13,13
130167,1,1,1992,21,21,21,21,21,21,21,21,21,21
130168,1,1,1992,0,0,0,0,0,0,0,0,0,0
130169,1,1,1992,0,0,0,0,0,0,0,0,0,0
130170,0,1,1992,37,37,37,37,37,37,37,37,37,37
130170,1,1,1992,0,0,0,0,0,0,0,0,0,0
130171,1,1,1992,0,0,0,0,0,0,0,0,0,0
130172,0,1,1992,30,30,30,30,30,30,30,30,30,30
130172,0,2,1992,9,24,0,0,23,0,14,22,29,22
130172,0,3,1992,18,9,5,24,0,20,34,15,16,29
130172,1,1,1992,0,0,0,0,0,0,0,0,0,0
130173,1,1,1992,0,0,0,0,0,0,0,0,0,0
130173,2,1,1992,8,8,8,8,8,8,8,8,8,8
130174,1,1,1992,0,0,0,0,0,0,0,0,0,0
130175,1,1,1992,0,0,0,0,22,0,0,0,0,0
130176,1,1,1992,0,0,0,0,0,0,0,0,0,0
130176,2,1,1992,0,0,0,0,0,0,0,0,0,0
130176,3,1,1992,0,0,0,0,0,0,0,0,0,0
130176,4,1,1992,15,0,0,0,0,0,0,0,0,0
130176,5,1,1992,0,0,0,0,0,0,0,0,0,0
130177,1,1,1992,0,0,0,0,0,0,0,0,0,0
130177,2,1,1992,0,0,0,0,0,0,0,0,0,0
130178,1,1,1992,0,0,0,0,0,0,0,0,0,0
130178,2,1,1992,0,0,0,0,0,0,0,0,0,0
130178,3,1,1992,0,0,0,0,0,0,0,0,0,0
130179,1,1,1992,0,0,0,0,0,0,0,0,0,0
130179,2,1,1992,0,0,0,0,0,0,0,0,0,8
130179,3,1,1992,0,0,0,0,0,0,8,0,0,0
130179,4,1,1992,0,0,0,0,0,0,0,0,0,0
130180,1,1,1992,0,0,0,0,0,0,0,0,0,0
130180,2,1,1992,0,0,0,0,0,0,0,0,0,0
130181,1,1,1992,15,0,0,0,0,0,0,30,0,0
130181,2,1,1992,0,0,0,0,0,0,0,0,0,0
130182,0,1,1992,7,22,44,8,32,4,37,21,15,18
130182,1,1,1992,0,0,0,0,0,0,0,0,0,0
130183,1,1,1992,4,4,4,4,4,4,4,4,4,4
130183,2,1,1992,0,0,0,0,0,0,0,0,0,0
130183,3,1,1992,0,0,0,0,0,0,0,0,0,0
130184,1,1,1992,2,2,2,2,2,2,2,2,2,2
130184,2,1,1992,0,0,0,0,0,0,0,0,0,0
130185,1,1,1992,0,0,0,0,0,0,0,0,0,0
130185,2,1,1992,0,0,0,0,0,0,0,0,0,0
130186,1,1,1992,0,0,0,0,0,0,0,0,0,0
130186,2,1,1992,0,0,0,0,0,0,0,0,0,0
130187,1,1,1992,0,0,0,0,0,0,0,0,0,0
130188,1,1,1992,5,17,16,16,38,27,0,17,27,14
130189,1,1,1992,0,0,0,0,0,0,0,0,0,0
130189,2,1,1992,0,0,0,0,0,0,0,0,0,0
130190,1,1,1992,0,0,0,0,0,0,0,0,0,0
130191,1,1,1992,0,0,0,0,0,0,0,0,0,0
130191,2,1,1992,0,0,0,0,0,0,0,0,0,0
130192,1,1,1992,0,0,0,0,0,0,0,0,0,0
130192,2,1,1992,0,0,0,0,0,0,0,0,0,0
130192,3,1,1992,0,0,0,0,0,0,0,0,0,0
130193,0,1,1992,36,0,0,28,0,13,44,2,18,27
130193,1,1,1992,0,0,0,0,0,0,0,0,0,0
130194,1,1,1992,0,0,0,0,0,0,0,0,0,0
130194,2,1,1992,0,0,0,0,0,0,0,0,0,0
130196,0,1,1992,0,0,0,0,0,0,0,0,0,0
130196,1,1,1992,0,0,0,0,0,0,0,0,0,0
130197,1,1,1992,0,0,0,0,0,0,0,0,0,0
130199,1,1,1992,14,14,14,14,14,14,14,14,14,14
130200,1,1,1992,20,15,10,5,12,17,0,16,19,13
130201,1,1,1992,0,0,0,0,0,0,0,0,0,0
130201,2,1,1992,17,17,17,17,17,17,17,17,17,17
130202,1,1,1992,0,0,0,0,0,0,0,0,0,0
130203,1,1,1992,16,16,16,16,16,16,16,16,16,16
130204,1,1,1992,0,0,0,0,0,0,0,0,0,0
130205,1,1,1992,0,0,0,0,0,0,0,0,0,0
130205,2,1,1992,0,0,0,0,0,0,0,0,0,0
130206,1,1,1992,0,0,0,0,0,0,0,0,0,0
130206,2,1,1992,0,0,0,0,0,0,0,0,0,0
130206,3,1,1992,0,0,0,0,0,0,0,0,0,0
130207,1,1,1992,0,0,0,0,0,0,0,0,0,0
130207,2,1,1992,0,0,0,0,0,0,0,0,0,0
130208,1,1,1992,0,0,0,0,0,0,0,0,0,0
130208,2,1,1992,0,0,0,0,0,0,0,0,0,0
130209,1,1,1992,0,0,0,0,0,0,0,0,0,0
130210,1,1,1992,0,0,0,0,0,0,0,0,0,0
130211,1,1,1992,18,18,18,18,18,18,18,18,18,18
130212,1,1,1992,16,16,16,16,16,16,16,16,16,16
130213,1,1,1992,2,2,2,2,2,2,2,2,2,2
130213,2,1,1992,13,13,13,13,13,13,13,13,13,13
130214,1,1,1992,0,0,0,0,0,0,0,0,0,0
130214,2,1,1992,0,0,0,0,0,0,0,0,0,0
130215,1,1,1992,14,14,14,14,14,14,14,14,14,14
130216,1,1,1992,0,0,0,0,0,0,0,0,0,0
130217,1,1,1992,20,20,20,20,20,20,20,20,20,20
130218,1,1,1992,15,15,15,15,15,15,15,15,15,15
130219,1,1,1992,0,0,0,0,0,0,0,0,0,0
130219,2,1,1992,0,0,0,0,0,0,0,0,0,0
130220,1,1,1992,0,0,0,0,0,0,0,0,0,0
130221,1,1,1992,0,0,0,0,0,0,0,0,0,0
130222,0,1,1992,28,28,28,28,28,28,28,28,28,28
130222,1,1,1992,0,0,0,0,0,0,0,0,0,0
130223,1,1,1992,0,0,0,0,0,0,0,0,0,0
130224,1,1,1992,0,0,0,0,0,0,0,0,0,0
130224,2,1,1992,0,0,0,0,0,0,0,0,0,0
130226,1,1,1992,0,8,19,0,0,0,8,0,10,9
130227,0,1,1992,0,10,0,22,22,0,0,0,24,0
130227,1,1,1992,12,12,12,12,12,12,12,12,12,12
130228,1,1,1992,0,0,0,0,0,0,0,0,0,0
130228,2,1,1992,7,0,0,0,0,0,0,0,29,0
130229,1,1,1992,0,0,0,0,0,0,0,0,0,0
130229,2,1,1992,0,0,0,0,0,0,0,0,0,0
130230,1,1,1992,0,0,0,0,0,0,20,0,0,0
130230,2,1,1992,0,0,0,0,0,0,0,0,0,0
130230,3,1,1992,0,0,0,0,0,0,0,0,0,0
130231,1,1,1992,21,9,21,23,5,12,22,29,18,5
130231,2,1,1992,0,0,0,0,0,0,0,0,0,0
130232,1,1,1992,0,0,0,15,0,18,0,0,0,0
130232,2,1,1992,0,0,0,0,0,0,0,0,0,0
130232,3,1,1992,12,17,10,14,22,11,23,24,22,5
130233,1,1,1992,0,0,0,0,0,0,0,0,0,0
130233,2,1,1992,0,0,0,0,0,15,0,0,0,0
130234,1,1,1992,0,0,0,0,0,0,0,0,12,0
130234,2,1,1992,0,0,0,0,0,0,0,0,0,0
130235,1,1,1992,0,0,0,0,0,0,0,0,0,0
130235,2,1,1992,0,16,0,0,0,0,0,11,0,0
130236,1,1,1992,0,0,0,0,0,0,0,0,0,0
130236,2,1,1992,0,0,0,0,0,0,0,0,0,0
130237,2,1,1992,30,24,16,0,24,6,18,23,9,15
130238,1,1,1992,0,0,16,0,0,0,0,0,0,0
130238,2,1,1992,0,0,0,0,0,0,0,0,0,0
130239,1,1,1992,17,0,0,0,12,0,0,14,0,0
130239,2,1,1992,0,0,0,0,0,0,0,0,0,0
130240,1,1,1992,16,16,16,16,16,16,16,16,16,16
130241,1,1,1992,11,11,11,11,11,11,11,11,11,11
130242,1,1,1992,0,0,0,0,0,0,0,0,0,0
130242,2,1,1992,0,0,0,0,0,0,0,0,0,0
130244,1,1,1992,0,0,0,0,0,0,0,0,0,0
130245,1,1,1992,16,11,22,27,0,14,30,18,21,6
130246,1,1,1992,6,16,10,18,0,0,16,28,23,10
130247,1,1,1992,0,0,0,0,0,0,0,0,0,0
130247,2,1,1992,0,0,0,0,0,0,0,0,0,0
130248,1,1,1992,0,0,0,3,0,0,0,0,0,0
130248,2,1,1992,0,0,0,0,0,0,0,0,0,0
130249,1,1,1992,8,12,10,19,11,17,14,17,22,10
130250,1,1,1992,0,0,0,0,0,0,0,0,0,0
130251,1,1,1992,0,0,0,0,0,0,0,0,0,0
130251,2,1,1992,0,0,0,0,0,0,0,0,0,0
130252,1,1,1992,8,0,0,0,0,0,0,0,0,0
130253,0,1,1992,0,0,0,0,33,0,13,28,0,0
130253,1,1,1992,12,0,0,5,0,0,12,0,0,0
130254,0,1,1992,0,0,0,0,11,0,8,26,8,7
130254,1,1,1992,0,0,0,0,0,10,0,0,0,15
130255,1,1,1992,0,0,0,0,0,0,0,0,0,0
130256,1,1,1992,29,29,29,29,29,29,29,29,29,29
130257,1,1,1992,0,0,0,0,0,0,0,0,0,0
130257,2,1,1992,0,0,0,0,0,0,0,0,0,0
130258,1,1,1992,0,0,0,0,0,0,0,0,0,0
130259,1,1,1992,0,0,0,0,0,0,0,0,0,0
130260,0,1,1992,0,0,0,0,0,0,0,16,0,25
130260,0,2,1992,0,0,32,0,19,0,0,0,0,0
130260,1,1,1992,0,0,0,0,0,0,0,0,0,0
130261,0,1,1992,11,11,11,11,11,11,11,11,11,11
130261,1,1,1992,0,0,0,0,0,0,0,0,0,0
130262,0,1,1992,0,0,0,0,0,0,0,0,0,0
130262,1,1,1992,0,0,0,0,0,0,0,0,0,0
130263,1,1,1992,0,0,0,0,0,0,0,0,0,0
130263,2,1,1992,0,0,0,0,0,0,0,0,0,0
130264,1,1,1992,0,0,0,0,0,0,0,0,0,0
130264,2,1,1992,0,0,0,0,0,0,0,0,0,0
130264,3,1,1992,0,0,0,0,0,0,0,0,0,0
130264,4,1,1992,0,0,0,0,0,0,0,0,0,0
130264,5,1,1992,0,0,0,0,0,0,0,0,0,0
130265,0,1,1992,0,0,0,0,0,0,19,7,0,0
130265,1,1,1992,0,0,0,0,0,0,0,0,0,0
130266,0,1,1992,7,7,7,7,7,7,7,7,7,7
130266,1,1,1992,0,0,0,0,0,0,0,0,0,0
130267,1,1,1992,21,21,21,21,21,21,21,21,21,21
130267,2,1,1992,0,0,0,0,0,0,0,0,0,0
130268,1,1,1992,0,0,0,0,0,0,0,0,0,0
130269,0,1,1992,21,21,21,21,21,21,21,21,21,21
130269,1,1,1992,0,0,0,14,0,0,0,0,0,0
130270,0,1,1992,0,0,0,0,0,0,0,0,0,0
130270,1,1,1992,0,0,0,0,0,0,0,0,0,0
130271,1,1,1992,0,3,0,0,0,0,0,0,0,0
130271,2,1,1992,0,0,0,0,0,0,0,0,0,0
130272,1,1,1992,0,0,0,0,0,0,0,0,0,0
130272,2,1,1992,0,0,0,0,0,0,0,0,0,0
130273,1,1,1992,0,0,0,0,0,0,0,0,0,0
130273,2,1,1992,0,0,0,0,0,0,0,0,0,0
130274,1,1,1992,0,0,0,0,0,0,0,0,0,0
130274,2,1,1992,3,3,3,3,3,3,3,3,3,3
130275,1,1,1992,0,0,0,0,0,0,0,0,0,0
130275,2,1,1992,0,0,0,0,0,0,0,0,0,0
130276,0,1,1992,0,0,0,0,0,0,0,0,0,0
130276,1,1,1992,0,0,0,0,0,0,0,0,0,0
130277,0,1,1992,41,41,41,41,41,41,41,41,41,41
130277,1,1,1992,0,0,0,0,0,0,5,0,0,0
130278,0,1,1992,11,11,11,11,11,11,11,11,11,11
130278,1,1,1992,0,0,0,0,0,0,0,0,0,0
130279,1,1,1992,33,33,33,33,33,33,33,33,33,33
130280,1,1,1992,15,15,15,15,15,15,15,15,15,15
130280,2,1,1992,0,0,0,0,0,0,0,0,0,0
130281,1,1,1992,20,20,20,20,20,20,20,20,20,20
130282,1,1,1992,0,0,0,0,0,0,0,0,0,0
130282,2,1,1992,0,0,0,0,0,0,0,0,0,0
130282,3,1,1992,0,0,0,0,0,0,0,0,0,0
130282,4,1,1992,0,0,0,0,0,0,0,0,0,0
130282,5,1,1992,0,0,0,0,0,0,0,0,13,0
130282,6,1,1992,0,0,0,0,0,0,0,0,0,0
130283,1,1,1992,0,0,13,0,0,0,0,0,0,0
130283,2,1,1992,0,0,0,0,0,0,0,0,0,0
130284,1,1,1992,0,0,0,0,0,0,0,0,0,0
130285,0,1,1992,17,0,0,0,15,15,15,0,0,0
130285,0,2,1992,0,0,0,0,0,0,0,0,0,0
130285,1,1,1992,10,14,28,14,16,9,12,8,4,11
130286,1,1,1992,0,0,0,0,0,0,0,0,0,0
130286,2,1,1992,0,0,0,0,0,0,0,0,0,0
130287,1,1,1992,21,21,21,21,21,21,21,21,21,21
130288,1,1,1992,27,34,26,17,10,10,6,11,17,22
130289,1,1,1992,13,13,13,13,13,13,13,13,13,13
130289,2,1,1992,0,0,0,0,0,0,0,0,0,0
130290,1,1,1992,13,0,0,0,0,0,0,28,0,0
130291,1,1,1992,0,0,0,0,0,0,0,0,0,0
130291,2,1,1992,0,0,0,0,0,0,0,0,0,0
130291,3,1,1992,0,0,0,0,0,0,0,0,0,0
130292,0,1,1992,0,0,0,0,0,0,0,0,0,0
130292,1,1,1992,0,0,0,0,0,0,0,0,0,0
130293,1,1,1992,15,15,15,15,15,15,15,15,15,15
130293,2,1,1992,0,0,0,0,0,0,0,0,0,0
130294,1,1,1992,0,0,0,0,0,0,0,0,0,0
130294,2,1,1992,0,0,0,0,0,0,0,0,0,0
130295,1,1,1992,0,0,0,0,0,0,0,0,0,0
130295,2,1,1992,0,0,0,0,0,0,0,0,0,0
130295,3,1,1992,0,0,0,0,0,0,0,0,0,0
130296,1,1,1992,31,31,31,31,31,31,31,31,31,31
130297,0,1,1992,0,0,0,0,17,0,0,0,0,0
130297,1,1,1992,0,0,0,0,0,0,0,0,0,0
130298,1,1,1992,0,24,0,0,9,0,0,26,0,12
130299,1,1,1992,0,0,0,0,0,0,0,0,0,0
130299,2,1,1992,0,0,0,0,0,0,0,0,23,0
130300,1,1,1992,18,18,18,18,18,18,18,18,18,18
130301,0,1,1992,0,0,0,0,0,0,0,0,0,0
130301,1,1,1992,0,0,0,0,0,0,0,0,0,0
130302,1,1,1992,0,0,0,0,0,0,0,0,0,0
130302,2,1,1992,0,0,0,0,0,0,0,0,0,0
130303,1,1,1992,0,0,0,0,0,0,0,0,0,0
130303,2,1,1992,0,0,0,0,0,0,0,0,0,0
130304,0,1,1992,13,0,0,0,9,24,15,0,0,16
130304,1,1,1992,1,1,1,1,1,1,1,1,1,1
130305,1,1,1992,26,15,19,34,28,16,17,10,27,35