ST_CASE,VEH_NO,PER_NO,YEAR,P1,P2,P3,P4,P5,P6,P7,P8,P9,P10
130306,1,1,1992,0,0,0,0,0,0,11,0,0,0
130306,2,1,1992,6,0,0,0,0,0,0,0,0,0
130307,1,1,1992,8,8,8,8,8,8,8,8,8,8
130307,2,1,1992,0,0,0,0,0,0,0,0,0,0
130308,1,1,1992,0,0,0,0,0,0,0,0,0,0
130309,1,1,1992,20,20,20,20,20,20,20,20,20,20
130310,1,1,1992,22,22,22,22,22,22,22,22,22,22
130311,1,1,1992,9,11,7,21,0,13,0,0,15,15
130312,0,1,1992,0,0,0,28,35,0,0,54,26,0
130312,0,2,1992,0,0,0,0,0,0,0,0,0,0
130312,1,1,1992,0,0,0,0,0,0,0,0,0,0
130313,1,1,1992,0,0,0,0,0,0,0,0,0,0
130313,2,1,1992,0,0,0,0,0,0,0,0,0,0
130313,3,1,1992,0,0,0,0,0,0,0,0,0,0
130314,1,1,1992,0,0,0,4,0,0,9,0,0,0
130315,1,1,1992,11,11,0,0,0,19,0,32,8,0
130316,1,1,1992,0,0,0,0,0,0,11,0,0,0
130316,2,1,1992,0,0,0,18,0,0,0,0,0,0
130316,3,1,1992,0,0,0,0,0,0,0,0,0,0
130317,1,1,1992,0,0,0,0,0,0,0,0,0,0
130318,0,1,1992,14,14,14,14,14,14,14,14,14,14
130318,1,1,1992,0,8,0,0,0,0,0,0,0,21
130319,1,1,1992,0,0,0,0,0,0,0,0,0,0
130319,2,1,1992,0,0,0,0,0,0,0,0,0,0
130320,1,1,1992,0,0,19,0,0,26,18,0,29,0
130321,1,1,1992,23,23,23,23,23,23,23,23,23,23
130321,2,1,1992,0,0,0,0,0,0,0,0,0,0
130322,1,1,1992,0,0,0,0,0,0,0,0,0,0
130323,0,1,1992,0,27,49,20,16,19,24,0,23,28
130323,1,1,1992,0,0,0,0,0,0,0,0,0,0
130324,0,1,1992,20,0,14,14,0,20,8,21,26,8
130324,1,1,1992,0,0,0,0,0,0,0,0,0,0
130325,1,1,1992,25,25,25,25,25,25,25,25,25,25
130326,1,1,1992,0,0,0,0,0,0,0,0,0,0
130327,1,1,1992,0,0,0,0,0,0,0,0,0,0
130328,1,1,1992,19,27,0,25,18,0,23,3,17,10
130329,1,1,1992,0,0,0,0,0,0,0,0,0,0
130329,2,1,1992,0,0,0,0,0,0,0,0,0,0
130330,1,1,1992,0,0,25,0,44,17,34,13,0,25
130331,1,1,1992,0,0,0,0,0,0,0,0,0,0
130331,2,1,1992,0,0,0,0,0,0,0,0,0,0
130332,1,1,1992,21,21,21,21,21,21,21,21,21,21
130334,1,1,1992,0,0,10,0,0,0,0,0,0,0
130334,2,1,1992,0,0,0,0,0,0,0,0,0,0
130335,1,1,1992,0,0,0,0,0,0,0,8,0,0
130335,2,1,1992,0,12,5,17,15,4,13,14,0,13
130336,1,1,1992,31,0,26,19,32,0,12,0,25,0
130337,1,1,1992,0,0,0,0,0,0,0,0,0,0
130337,2,1,1992,0,0,0,0,0,0,0,20,16,0
130338,1,1,1992,6,6,6,6,6,6,6,6,6,6
130339,1,1,1992,15,19,5,18,25,22,28,21,19,12
130340,1,1,1992,24,3,12,8,23,12,28,5,34,29
130341,1,1,1992,16,16,16,16,16,16,16,16,16,16
130342,1,1,1992,23,23,23,23,23,23,23,23,23,23
130343,1,1,1992,7,25,12,18,10,21,20,36,25,13
130344,1,1,1992,18,18,18,18,18,18,18,18,18,18
130345,1,1,1992,16,20,0,0,0,15,0,0,0,0
130345,2,1,1992,0,10,0,0,0,12,12,0,14,0
130346,1,1,1992,0,12,0,0,0,0,0,0,0,10
130346,2,1,1992,0,8,0,0,0,0,0,0,0,0
130347,1,1,1992,20,0,8,0,34,0,0,22,0,0
130347,2,1,1992,0,0,0,0,0,0,0,0,0,0
130348,1,1,1992,0,0,0,0,0,0,0,0,0,0
130348,2,1,1992,0,0,0,0,0,0,0,0,0,0
130349,1,1,1992,0,0,0,0,0,0,0,0,0,0
130350,1,1,1992,0,0,0,0,0,0,0,0,0,0
130350,2,1,1992,0,0,0,0,0,0,0,0,0,0
130351,1,1,1992,0,0,0,0,0,0,0,0,0,0
130352,1,1,1992,0,0,0,18,0,0,0,8,0,0
130352,2,1,1992,0,0,0,0,0,0,0,0,0,0
130353,1,1,1992,0,0,0,0,0,0,0,0,0,0
130354,1,1,1992,0,0,0,0,0,0,0,0,0,0
130354,2,1,1992,0,0,0,0,0,0,0,0,0,0
130355,1,1,1992,0,0,0,0,0,0,0,0,0,0
130355,2,1,1992,0,0,0,0,0,0,0,0,0,0
130356,1,1,1992,11,22,0,9,14,12,19,16,23,24
130357,1,1,1992,14,4,0,0,2,0,19,7,0,7
130358,1,1,1992,0,0,0,0,0,12,0,0,0,0
130358,2,1,1992,0,0,0,0,0,0,0,0,0,15
130359,0,1,1992,0,0,0,0,0,0,0,0,0,0
130359,1,1,1992,0,0,0,0,0,0,0,0,0,0
130360,1,1,1992,0,0,0,0,0,0,0,0,0,0
130362,1,1,1992,0,0,0,8,29,29,21,31,0,0
130363,1,1,1992,0,0,0,0,0,0,0,0,0,0
130364,0,1,1992,0,0,0,0,0,6,0,0,0,0
130364,1,1,1992,0,0,0,0,0,0,0,0,0,0
130365,1,1,1992,4,4,4,4,4,4,4,4,4,4
130365,2,1,1992,0,0,0,0,0,0,0,0,0,0
130366,1,1,1992,0,0,0,0,0,0,0,0,0,0
130366,2,1,1992,0,0,0,0,0,0,0,0,0,0
130367,1,1,1992,0,0,0,0,0,0,0,0,0,0
130368,1,1,1992,0,0,0,14,12,0,0,0,0,0
130369,1,1,1992,17,17,17,17,17,17,17,17,17,17
130370,1,1,1992,0,0,0,0,0,0,0,0,0,0
130371,1,1,1992,16,20,16,16,11,2,26,22,31,20
130372,1,1,1992,4,4,4,4,4,4,4,4,4,4
130372,2,1,1992,12,12,12,12,12,12,12,12,12,12
130373,1,1,1992,27,27,27,27,27,27,27,27,27,27
130374,1,1,1992,12,0,0,9,0,0,0,6,31,0
130375,1,1,1992,0,0,0,0,0,0,0,0,0,0
130376,1,1,1992,11,11,11,11,11,11,11,11,11,11
130377,1,1,1992,0,0,0,0,0,0,0,0,0,0
130377,2,1,1992,0,0,0,0,0,0,0,0,0,0
130377,3,1,1992,0,0,17,0,0,0,0,0,0,0
130378,1,1,1992,0,0,0,0,0,0,0,0,0,0
130378,2,1,1992,0,0,0,0,0,0,0,0,0,0
130379,1,1,1992,22,22,22,22,22,22,22,22,22,22
130380,1,1,1992,29,0,0,0,0,0,0,9,0,0
130380,2,1,1992,0,0,0,0,0,0,0,0,0,0
130381,1,1,1992,25,25,25,25,25,25,25,25,25,25
130382,1,1,1992,0,0,0,0,0,0,0,0,0,0
130382,2,1,1992,0,0,0,0,0,0,0,0,0,0
130384,0,1,1992,19,19,19,19,19,19,19,19,19,19
130384,1,1,1992,2,0,0,0,11,0,0,0,0,0
130385,1,1,1992,0,0,0,0,0,0,0,0,0,0
130385,2,1,1992,0,0,0,0,0,0,0,0,0,0
130385,3,1,1992,0,0,0,0,0,0,0,0,0,0
130386,1,1,1992,29,29,29,29,29,29,29,29,29,29
130386,2,1,1992,0,0,0,0,0,0,0,0,0,0
130386,3,1,1992,5,5,5,5,5,5,5,5,5,5
130387,0,1,1992,0,0,0,0,0,0,0,0,0,0
130387,1,1,1992,0,0,0,0,0,0,0,0,0,0
130388,1,1,1992,0,0,0,0,0,0,0,0,0,0
130389,1,1,1992,0,0,0,0,0,0,0,0,0,0
130389,2,1,1992,0,0,0,0,0,0,0,0,0,0
130390,1,1,1992,25,25,25,25,25,25,25,25,25,25
130391,1,1,1992,0,0,0,0,0,0,0,0,0,0
130392,1,1,1992,0,0,0,0,0,0,0,0,0,0
130392,2,1,1992,0,0,0,0,0,0,0,0,0,0
130393,1,1,1992,0,0,0,0,0,0,0,0,0,0
130393,2,1,1992,0,0,0,0,0,0,0,0,0,0
130394,0,1,1992,19,0,12,23,0,0,18,0,9,22
130394,1,1,1992,0,0,0,0,14,0,0,0,0,0
130395,1,1,1992,0,0,0,0,0,0,0,0,0,0
130395,2,1,1992,0,0,0,0,0,0,0,0,0,0
130396,1,1,1992,0,0,0,0,0,0,0,0,0,0
130397,1,1,1992,30,30,30,30,30,30,30,30,30,30
130398,1,1,1992,8,8,8,8,8,8,8,8,8,8
130398,2,1,1992,14,14,14,14,14,14,14,14,14,14
130399,1,1,1992,0,0,0,0,0,0,0,0,0,0
130399,2,1,1992,0,0,0,0,0,0,0,0,0,0
130401,0,1,1992,0,0,0,18,13,34,0,0,0,0
130401,1,1,1992,0,0,0,0,0,0,0,0,0,0
130402,1,1,1992,14,14,14,14,14,14,14,14,14,14
130403,1,1,1992,0,15,14,0,17,0,0,0,17,0
130403,2,1,1992,0,0,0,0,0,0,0,0,0,0
130405,1,1,1992,11,11,11,11,11,11,11,11,11,11
130406,1,1,1992,20,20,20,20,20,20,20,20,20,20
130407,0,1,1992,25,25,25,25,25,25,25,25,25,25
130407,1,1,1992,8,8,8,8,8,8,8,8,8,8
130408,1,1,1992,21,21,21,21,21,21,21,21,21,21
130409,1,1,1992,18,18,18,18,18,18,18,18,18,18
130409,2,1,1992,0,0,0,0,0,0,0,0,0,0
130410,1,1,1992,0,14,16,0,28,14,18,15,16,12
130411,0,1,1992,0,0,0,0,0,0,0,0,0,0
130411,1,1,1992,6,0,12,0,12,0,0,0,4,0
130412,0,1,1992,0,0,0,0,0,0,0,0,0,0
130412,0,2,1992,0,0,0,0,0,0,0,0,0,0
130412,0,3,1992,0,0,0,0,0,0,0,0,0,0
130412,0,4,1992,0,0,0,0,0,0,0,0,0,0
130412,0,5,1992,0,0,0,0,0,0,0,0,0,0
130412,0,6,1992,0,0,0,0,0,0,0,0,0,0
130412,0,7,1992,0,0,0,0,0,0,0,0,0,0
130412,0,8,1992,0,0,0,0,0,0,0,0,0,0
130412,1,1,1992,0,0,0,0,0,0,0,0,0,0
130413,1,1,1992,6,0,0,0,0,0,0,0,0,33
130413,2,1,1992,14,0,0,0,16,21,10,0,0,14
130414,1,1,1992,19,6,20,13,8,16,0,0,7,12
130415,1,1,1992,0,0,0,0,0,0,0,0,0,0
130415,2,1,1992,0,0,0,0,0,0,0,0,0,0
130415,3,1,1992,0,0,0,0,0,0,0,0,0,0
130416,1,1,1992,0,0,0,0,0,0,0,0,0,0
130416,2,1,1992,0,0,0,0,0,0,0,0,0,0
130417,1,1,1992,0,0,0,0,0,15,0,0,0,0
130418,1,1,1992,0,0,0,0,0,0,0,0,0,0
130418,2,1,1992,0,0,0,0,0,0,0,0,0,0
130419,1,1,1992,20,0,0,23,0,41,0,0,13,3
130420,1,1,1992,31,31,31,31,31,31,31,31,31,31
130420,2,1,1992,0,0,0,0,0,0,0,0,0,0
130421,1,1,1992,15,17,32,27,21,10,20,14,34,8
130423,1,1,1992,22,23,14,24,5,19,50,11,23,15
130424,0,1,1992,0,0,0,0,0,0,0,0,0,0
130424,1,1,1992,0,0,0,0,0,0,0,0,0,0
130425,1,1,1992,30,30,30,30,30,30,30,30,30,30
130426,1,1,1992,11,0,0,0,0,0,0,10,0,7
130426,2,1,1992,0,0,0,0,16,28,11,0,0,0
130427,1,1,1992,0,0,0,19,22,0,5,0,20,0
130428,0,1,1992,0,0,0,0,0,0,0,0,0,0
130428,1,1,1992,0,0,0,0,0,0,0,0,0,0
130429,1,1,1992,28,16,22,0,13,0,17,10,17,27
130430,1,1,1992,0,0,0,0,0,0,0,0,0,0
130431,1,1,1992,0,0,0,0,0,0,21,5,0,0
130433,1,1,1992,5,17,18,25,21,25,24,11,4,9
130434,1,1,1992,0,0,0,0,0,0,0,0,0,0
130434,2,1,1992,0,0,0,0,0,0,0,0,0,0
130435,1,1,1992,18,18,18,18,18,18,18,18,18,18
130436,1,1,1992,0,0,26,0,0,0,0,17,16,0
130437,1,1,1992,0,0,0,0,0,0,0,0,0,0
130437,2,1,1992,0,0,0,0,0,0,0,0,0,0
130438,0,1,1992,14,14,14,14,14,14,14,14,14,14
130438,1,1,1992,0,0,0,0,0,0,0,0,0,0
130439,1,1,1992,0,0,0,0,0,0,0,0,0,0
130439,2,1,1992,0,0,0,0,0,0,0,0,0,0
130440,1,1,1992,13,9,8,14,5,16,10,21,33,3
130440,2,1,1992,0,0,0,0,11,0,0,0,0,0
130441,1,1,1992,0,0,0,0,0,0,0,0,0,0
130442,1,1,1992,20,9,19,19,26,24,17,25,19,23
130443,1,1,1992,0,13,23,27,20,28,21,15,30,16
130444,1,1,1992,0,0,0,0,0,0,0,0,0,0
130445,0,1,1992,0,0,0,0,0,0,0,0,0,0
130445,1,1,1992,10,0,0,0,0,0,0,0,13,0
130446,1,1,1992,10,13,0,0,0,0,0,0,0,0
130446,2,1,1992,0,0,0,0,0,0,0,0,0,0
130447,1,1,1992,0,0,0,0,0,0,0,0,0,0
130447,2,1,1992,0,0,0,0,0,0,0,0,0,0
130448,1,1,1992,0,0,0,0,21,0,0,0,0,0
130448,2,1,1992,0,0,0,0,0,0,0,0,0,0
130449,1,1,1992,0,0,0,0,0,0,0,0,0,0
130449,2,1,1992,0,0,0,0,0,0,0,0,0,0
130450,1,1,1992,0,0,0,0,0,0,0,0,0,0
130450,2,1,1992,6,6,6,6,6,6,6,6,6,6
130451,1,1,1992,0,0,0,0,0,0,0,0,0,0
130451,2,1,1992,0,0,0,0,0,15,0,8,0,0
130452,1,1,1992,0,0,0,0,0,0,0,0,0,0
130452,2,1,1992,0,0,0,0,0,0,0,0,0,0
130453,1,1,1992,0,0,0,0,0,0,0,0,0,0
130453,2,1,1992,11,15,14,11,10,8,17,10,8,11
130454,1,1,1992,0,14,0,0,0,0,0,0,0,0
130454,2,1,1992,0,0,0,0,0,0,0,0,0,0
130455,0,1,1992,24,24,24,24,24,24,24,24,24,24
130455,1,1,1992,0,0,0,0,0,0,0,0,0,0
130456,1,1,1992,17,17,17,17,17,17,17,17,17,17
130457,1,1,1992,0,0,0,0,0,0,0,0,0,0
130457,2,1,1992,0,0,0,0,0,0,0,0,0,0
130458,1,1,1992,15,15,15,15,15,15,15,15,15,15
130459,1,1,1992,17,0,0,0,0,0,0,0,0,0
130459,2,1,1992,0,0,0,0,0,0,0,0,0,0
130460,1,1,1992,0,0,0,0,32,12,0,0,16,0
130461,1,1,1992,0,0,0,0,0,0,0,0,0,12
130461,2,1,1992,0,0,3,0,13,11,0,23,0,12
130462,1,1,1992,0,0,0,0,0,0,0,0,0,0
130462,2,1,1992,0,0,0,0,0,0,0,0,0,0
130463,1,1,1992,0,0,0,0,0,0,0,0,0,0
130463,2,1,1992,0,0,0,0,0,0,0,0,0,0
130464,1,1,1992,0,7,24,0,0,0,0,0,0,0
130464,2,1,1992,0,0,0,0,0,0,0,0,0,0
130465,1,1,1992,0,30,0,17,0,12,26,10,0,18
130466,1,1,1992,0,0,0,0,0,0,0,0,0,0
130466,2,1,1992,0,0,0,0,0,0,0,0,0,0
130466,3,1,1992,0,0,0,0,0,0,0,0,0,0
130467,1,1,1992,0,0,0,0,0,0,0,0,0,0
130467,2,1,1992,0,0,0,0,0,0,0,0,0,0
130468,1,1,1992,0,0,0,0,0,0,0,0,0,0
130468,2,1,1992,0,0,0,0,0,0,0,0,0,0
130469,0,1,1992,0,0,0,0,0,0,0,0,0,0
130469,2,1,1992,0,0,0,0,0,0,0,0,0,0
130470,1,1,1992,10,21,26,16,23,26,22,25,43,26
130470,2,1,1992,0,0,0,0,0,0,0,0,0,0
130471,1,1,1992,25,25,25,25,25,25,25,25,25,25
130473,1,1,1992,0,0,0,0,0,0,0,0,0,0
130473,2,1,1992,8,11,19,11,20,22,20,0,30,14
130474,1,1,1992,12,12,12,12,12,12,12,12,12,12
130475,1,1,1992,0,0,0,3,4,12,0,0,0,0
130475,2,1,1992,0,0,0,0,0,0,0,0,0,0
130476,1,1,1992,32,23,7,10,21,10,29,20,17,30
130477,1,1,1992,0,0,0,0,0,0,0,0,0,0
130477,2,1,1992,0,0,0,0,0,0,0,0,0,0
130478,1,1,1992,41,41,41,41,41,41,41,41,41,41
130479,1,1,1992,0,0,0,0,0,0,0,0,0,0
130479,2,1,1992,0,0,0,0,0,0,0,0,0,0
130480,1,1,1992,0,0,0,0,0,0,0,0,0,0
130480,2,1,1992,0,0,0,0,0,0,0,0,0,0
130481,0,1,1992,0,7,0,0,20,0,0,0,0,0
130481,1,1,1992,0,0,0,0,0,0,0,0,0,0
130482,1,1,1992,0,0,0,0,0,0,0,0,0,0
130482,2,1,1992,20,0,0,0,0,0,0,11,0,7
130483,1,1,1992,0,0,0,0,0,0,0,0,0,0
130483,2,1,1992,0,0,0,0,0,9,0,0,0,0
130484,1,1,1992,0,0,0,0,0,0,0,0,0,0
130484,2,1,1992,0,0,0,0,0,0,0,0,0,0
130485,1,1,1992,0,0,0,0,0,0,0,0,0,0
130485,2,1,1992,0,0,0,0,0,0,0,0,0,0
130486,1,1,1992,24,24,24,24,24,24,24,24,24,24
130487,1,1,1992,0,0,0,0,0,0,0,22,0,0
130487,2,1,1992,0,0,0,0,0,0,0,0,0,0
130488,1,1,1992,0,0,0,0,0,0,0,0,0,0
130489,1,1,1992,0,0,0,0,0,0,0,0,0,0
130489,2,1,1992,0,0,0,0,0,0,0,0,0,0
130490,1,1,1992,0,0,0,0,0,0,0,0,0,0
130490,2,1,1992,0,0,0,0,0,0,0,0,0,0
130490,3,1,1992,0,0,0,0,0,0,0,0,0,0
130491,1,1,1992,20,20,20,20,20,20,20,20,20,20
130492,1,1,1992,8,0,23,35,14,11,14,38,0,29
130493,1,1,1992,22,22,22,22,22,22,22,22,22,22
130494,1,1,1992,1,1,1,1,1,1,1,1,1,1
130495,1,1,1992,17,0,0,0,8,0,0,0,8,0
130496,1,1,1992,0,0,0,0,0,0,0,0,0,0
130496,2,1,1992,0,0,0,0,0,0,0,0,0,0
130497,1,1,1992,10,10,10,10,10,10,10,10,10,10
130497,2,1,1992,9,9,9,9,9,9,9,9,9,9
130498,1,1,1992,0,0,0,0,0,0,0,0,0,0
130498,2,1,1992,0,0,0,0,0,0,0,0,0,0
130499,1,1,1992,0,0,0,0,0,0,0,0,0,0
130499,2,1,1992,20,20,20,20,20,20,20,20,20,20
130500,1,1,1992,0,0,0,0,0,3,0,0,0,0
130501,1,1,1992,0,0,0,0,0,0,0,0,0,0
130502,0,1,1992,0,0,0,0,0,0,0,0,0,0
130502,0,2,1992,0,28,42,0,0,18,17,17,29,0
130502,1,1,1992,0,0,0,0,20,0,0,0,0,0
130503,1,1,1992,0,0,0,0,0,0,0,0,0,0
130504,1,1,1992,19,19,19,19,19,19,19,19,19,19
130504,2,1,1992,0,0,0,0,0,0,0,0,0,0
130504,3,1,1992,10,18,0,9,0,0,0,26,14,6
130505,0,1,1992,0,7,0,13,18,8,0,9,0,25
130505,1,1,1992,0,0,30,0,0,0,12,13,0,0
130506,1,1,1992,0,0,22,0,11,0,12,0,0,16
130506,2,1,1992,0,0,0,0,0,0,4,0,0,0
130507,1,1,1992,18,18,18,18,18,18,18,18,18,18
130508,1,1,1992,0,0,0,0,0,0,0,0,0,0
130508,2,1,1992,0,0,0,0,0,0,0,0,16,0
130509,1,1,1992,0,0,0,0,0,0,0,0,0,0
130509,2,1,1992,0,0,0,0,0,0,0,0,0,0
130511,0,1,1992,0,0,0,0,0,0,0,0,0,0
130511,1,1,1992,0,0,0,0,0,0,0,0,0,0
130512,1,1,1992,0,0,0,0,0,0,0,0,0,0
130512,2,1,1992,9,9,9,9,9,9,9,9,9,9
130513,0,1,1992,0,0,16,0,0,0,0,0,0,17
130513,1,1,1992,0,0,0,0,0,0,0,0,0,9
130514,1,1,1992,0,0,0,0,0,0,0,0,0,0
130514,2,1,1992,0,0,0,0,0,0,0,0,0,0
130515,1,1,1992,0,0,0,0,0,0,0,0,0,0
130515,2,1,1992,0,0,0,0,0,0,0,0,0,0
130516,1,1,1992,0,0,0,0,0,0,0,0,0,0
130516,2,1,1992,0,0,0,0,0,0,0,0,0,0
130517,1,1,1992,18,18,18,18,18,18,18,18,18,18
130518,1,1,1992,0,0,0,0,0,0,0,0,0,0
130519,0,1,1992,18,0,16,0,26,13,24,0,0,21
130519,1,1,1992,0,0,34,0,0,0,0,19,0,0
130520,1,1,1992,0,0,0,0,0,0,0,0,0,0
130520,2,1,1992,0,0,0,0,0,0,0,0,0,0
130521,1,1,1992,0,0,0,0,0,0,0,0,0,0
130522,1,1,1992,0,0,0,0,0,0,0,0,0,0
130523,0,1,1992,10,10,10,10,10,10,10,10,10,10
130523,1,1,1992,0,0,0,0,0,0,0,0,0,0
130524,1,1,1992,0,0,0,0,0,0,0,0,0,0
130525,1,1,1992,0,0,0,0,0,0,0,0,0,0
130525,2,1,1992,0,0,0,0,0,0,9,0,0,0
130526,1,1,1992,22,12,0,18,17,16,11,19,10,0
130528,1,1,1992,12,13,22,22,15,42,9,14,9,8
130529,1,1,1992,0,0,0,0,0,0,0,0,0,0
130529,2,1,1992,0,0,0,0,0,0,10,0,0,0
130530,1,1,1992,30,30,30,30,30,30,30,30,30,30
130530,2,1,1992,0,0,0,0,0,0,0,0,0,0
130531,1,1,1992,22,16,0,0,0,0,0,0,0,24
130532,1,1,1992,0,10,17,0,0,0,0,0,0,0
130532,2,1,1992,0,0,0,0,0,0,0,0,0,0
130533,1,1,1992,0,0,0,0,0,0,0,0,0,0
130533,2,1,1992,0,0,0,0,0,0,0,0,0,0
130534,1,1,1992,23,19,17,2,0,0,8,43,22,30
130535,0,1,1992,0,16,9,17,29,0,0,26,0,24
130535,1,1,1992,0,0,0,0,0,0,0,0,0,0
130536,1,1,1992,0,0,0,0,0,0,0,0,0,0
130537,1,1,1992,0,0,0,0,0,0,0,0,0,0
130537,2,1,1992,0,0,0,0,0,0,0,0,0,0
130538,1,1,1992,34,0,0,8,0,0,0,0,0,0
130539,1,1,1992,19,19,19,19,19,19,19,19,19,19
130540,0,1,1992,0,0,0,0,0,13,0,0,0,0
130540,1,1,1992,0,0,0,0,0,0,0,0,0,0
130541,1,1,1992,0,0,0,0,0,0,0,0,19,13
130541,2,1,1992,0,0,0,0,0,0,0,0,0,0
130541,3,1,1992,0,0,0,0,0,0,0,0,0,0
130541,4,1,1992,0,0,0,0,0,0,0,0,0,0
130542,1,1,1992,0,0,0,0,0,0,0,12,0,0
130542,2,1,1992,0,0,0,0,0,0,0,0,0,0
130543,1,1,1992,8,8,8,8,8,8,8,8,8,8
130544,1,1,1992,12,10,15,37,46,0,20,10,0,25
130545,1,1,1992,0,0,9,0,13,0,2,10,11,0
130545,2,1,1992,5,0,0,8,0,0,0,14,0,0
130546,1,1,1992,19,19,19,19,19,19,19,19,19,19
130547,1,1,1992,0,0,0,0,0,0,0,0,0,0
130548,1,1,1992,33,26,17,19,14,27,11,15,32,11
130549,1,1,1992,0,0,0,0,0,0,0,0,0,0
130550,1,1,1992,13,0,0,3,0,27,14,0,0,27
130551,1,1,1992,0,6,48,5,0,19,19,0,20,11
130552,1,1,1992,0,0,0,0,0,0,0,0,0,0
130552,2,1,1992,10,0,0,0,0,0,0,0,0,0
130552,3,1,1992,0,0,0,0,0,0,0,0,0,0
130553,1,1,1992,6,6,6,6,6,6,6,6,6,6
130553,2,1,1992,0,0,0,0,0,0,0,0,0,0
130554,1,1,1992,0,0,0,0,0,0,0,0,0,0
130555,1,1,1992,0,0,0,0,0,0,0,0,0,0
130555,2,1,1992,0,0,0,0,0,0,0,0,0,0
130556,1,1,1992,0,0,0,0,0,0,0,0,0,0
130556,2,1,1992,0,0,0,0,0,0,0,0,0,0
130556,3,1,1992,0,0,0,0,0,0,0,0,0,0
130557,1,1,1992,0,0,0,0,0,0,0,0,0,0
130559,1,1,1992,0,0,0,0,0,0,0,0,0,0
130559,2,1,1992,0,0,0,0,0,0,0,0,0,0
130560,1,1,1992,30,30,30,30,30,30,30,30,30,30
130561,1,1,1992,0,0,0,0,0,0,0,0,0,0
130562,1,1,1992,23,23,23,23,23,23,23,23,23,23
130563,0,1,1992,0,0,0,0,0,0,0,0,0,0
130563,1,1,1992,12,12,12,12,12,12,12,12,12,12
130564,1,1,1992,22,22,22,22,22,22,22,22,22,22
130565,1,1,1992,24,24,24,24,24,24,24,24,24,24
130566,1,1,1992,11,11,11,11,11,11,11,11,11,11
130567,0,1,1992,22,22,22,22,22,22,22,22,22,22
130567,1,1,1992,24,0,11,0,0,0,0,0,0,0
130568,1,1,1992,24,24,24,24,24,24,24,24,24,24
130569,1,1,1992,0,0,0,0,0,0,0,0,0,0
130570,0,1,1992,8,8,8,8,8,8,8,8,8,8
130570,1,1,1992,0,0,0,0,0,0,0,0,0,0
130571,1,1,1992,20,20,20,20,20,20,20,20,20,20
130572,1,1,1992,0,0,0,29,0,0,0,19,0,0
130573,1,1,1992,0,0,0,0,0,0,0,0,0,0
130573,2,1,1992,0,0,0,0,0,0,0,0,0,0
130574,1,1,1992,25,25,25,25,25,25,25,25,25,25
130575,1,1,1992,19,19,19,19,19,19,19,19,19,19
130576,1,1,1992,0,0,0,0,0,0,0,0,0,0
130576,2,1,1992,0,0,0,0,0,0,0,0,0,0
130577,1,1,1992,0,0,0,0,0,0,0,0,0,0
130577,2,1,1992,0,0,0,0,0,0,0,0,0,0
130578,0,1,1992,0,0,0,0,0,0,0,0,0,0
130578,1,1,1992,0,8,0,9,0,18,20,0,0,15
130579,0,1,1992,0,0,0,0,0,0,0,0,0,0
130579,1,1,1992,0,0,0,0,0,0,0,0,3,0
130580,1,1,1992,0,0,0,0,0,0,0,0,0,0
130581,0,1,1992,20,20,20,20,20,20,20,20,20,20
130581,1,1,1992,15,0,0,0,0,9,12,0,0,0
130582,1,1,1992,0,0,0,0,0,0,0,0,0,0
130582,2,1,1992,0,0,0,0,0,0,0,0,0,0
130583,1,1,1992,0,18,16,0,0,0,0,0,0,0
130583,2,1,1992,0,0,0,0,0,9,14,14,0,0
130584,1,1,1992,32,32,32,32,32,32,32,32,32,32
130585,1,1,1992,0,0,0,0,0,0,0,0,0,0
130585,2,1,1992,0,0,0,0,0,0,0,0,0,0
130586,0,1,1992,0,0,0,0,0,0,0,0,0,0
130586,1,1,1992,0,0,0,0,0,0,0,0,0,0
130587,1,1,1992,27,27,27,27,27,27,27,27,27,27
130588,0,1,1992,0,0,0,0,0,0,0,0,0,0
130588,1,1,1992,0,0,0,0,0,0,0,0,0,0
130589,1,1,1992,0,0,0,0,0,0,0,0,0,0
130590,1,1,1992,29,20,0,0,0,0,22,0,35,21
130590,2,1,1992,41,41,41,41,41,41,41,41,41,41
130591,1,1,1992,22,22,22,22,22,22,22,22,22,22
130592,1,1,1992,0,0,0,0,0,0,0,0,0,0
130592,2,1,1992,0,0,0,0,0,0,0,0,0,0
130593,1,1,1992,0,0,0,0,0,0,0,0,0,0
130593,2,1,1992,0,0,0,0,0,0,0,0,0,0
130594,1,1,1992,0,0,0,0,0,0,0,0,0,0
130594,2,1,1992,0,0,0,0,0,0,0,0,0,0
130594,3,1,1992,0,0,0,0,0,0,0,0,0,0
130595,1,1,1992,16,16,16,16,16,16,16,16,16,16
130596,1,1,1992,5,5,5,5,5,5,5,5,5,5
130597,1,1,1992,3,3,3,3,3,3,3,3,3,3
130597,2,1,1992,0,0,0,25,0,0,0,0,22,0
130598,1,1,1992,8,27,33,0,0,0,17,0,0,18
130599,1,1,1992,26,26,26,26,26,26,26,26,26,26