ST_CASE,VEH_NO,PER_NO,YEAR,P1,P2,P3,P4,P5,P6,P7,P8,P9,P10
130600,1,1,1992,0,0,0,0,0,0,0,0,6,0
130600,2,1,1992,0,0,0,0,0,0,0,0,0,0
130600,3,1,1992,0,0,0,0,0,0,0,0,0,0
130601,1,1,1992,0,0,0,0,0,0,0,0,0,0
130601,2,1,1992,0,0,0,0,0,0,0,0,0,0
130602,1,1,1992,0,0,0,0,0,0,0,0,0,0
130602,2,1,1992,0,0,0,0,0,0,0,0,0,0
130603,1,1,1992,0,0,0,0,0,25,0,0,11,0
130603,2,1,1992,0,0,0,0,0,0,0,0,0,0
130604,1,1,1992,0,0,0,0,0,0,0,0,0,0
130604,2,1,1992,0,0,0,0,0,0,0,0,0,0
130605,1,1,1992,0,0,0,0,0,0,0,0,0,0
130605,2,1,1992,0,0,0,0,0,0,0,0,0,0
130606,1,1,1992,0,0,0,0,0,0,0,0,0,0
130606,2,1,1992,13,13,13,13,13,13,13,13,13,13
130607,0,1,1992,0,0,0,0,0,0,0,0,0,18
130607,1,1,1992,0,0,0,0,0,0,0,0,0,0
130608,1,1,1992,0,0,0,0,0,0,0,0,0,0
130608,2,1,1992,0,0,0,0,0,0,0,0,0,0
130609,0,1,1992,0,0,0,0,0,0,0,0,0,0
130609,1,1,1992,0,0,0,0,0,0,0,0,0,0
130610,1,1,1992,0,0,0,0,0,0,0,0,0,0
130611,1,1,1992,23,23,23,23,23,23,23,23,23,23
130613,0,1,1992,10,20,18,0,0,11,0,21,25,0
130613,1,1,1992,0,0,0,0,0,0,0,0,0,0
130614,1,1,1992,10,10,10,10,10,10,10,10,10,10
130615,1,1,1992,0,0,0,0,0,0,0,0,0,0
130616,0,1,1992,0,0,0,0,0,0,0,0,0,0
130616,1,1,1992,0,0,0,0,0,0,0,0,0,0
130617,1,1,1992,28,28,28,28,28,28,28,28,28,28
130618,0,1,1992,24,24,24,24,24,24,24,24,24,24
130618,1,1,1992,0,0,3,2,0,0,0,0,0,10
130619,1,1,1992,0,0,0,0,0,0,0,0,0,0
130619,2,1,1992,0,0,0,0,0,0,0,0,0,0
130620,1,1,1992,0,0,0,0,0,0,0,0,0,0
130622,1,1,1992,21,36,15,7,32,28,24,42,30,26
130623,1,1,1992,0,0,0,0,0,0,0,0,0,0
130623,2,1,1992,0,0,0,0,0,0,0,0,0,0
130626,1,1,1992,0,36,0,6,28,0,18,0,13,12
130627,1,1,1992,0,0,0,0,0,0,0,0,0,0
130627,2,1,1992,0,0,0,0,0,0,0,0,0,0
130627,3,1,1992,0,0,0,0,0,0,0,0,0,0
130627,4,1,1992,0,0,0,0,0,0,0,0,0,0
130627,5,1,1992,0,0,0,0,0,0,0,0,13,0
130627,6,1,1992,0,0,0,0,0,0,0,0,0,0
130627,7,1,1992,0,0,0,0,0,0,0,0,0,0
130627,8,1,1992,0,8,0,0,0,0,0,0,0,0
130628,1,1,1992,0,0,0,0,0,0,0,0,0,0
130628,2,1,1992,0,0,0,0,0,0,0,0,0,0
130628,3,1,1992,0,0,0,0,0,0,0,0,0,0
130629,1,1,1992,12,12,12,12,12,12,12,12,12,12
130630,1,1,1992,0,0,0,0,0,0,0,0,0,0
130630,2,1,1992,15,15,15,15,15,15,15,15,15,15
130631,1,1,1992,0,0,0,0,0,0,0,0,0,0
130632,1,1,1992,0,0,0,0,0,0,0,0,0,0
130634,1,1,1992,0,0,0,0,0,0,0,0,0,0
130635,0,1,1992,0,26,0,20,13,0,7,0,29,17
130635,1,1,1992,0,0,0,0,0,9,0,0,0,0
130636,0,1,1992,56,56,56,56,56,56,56,56,56,56
130636,1,1,1992,0,0,0,0,0,0,0,0,0,0
130637,1,1,1992,0,0,0,0,0,0,0,0,0,0
130638,1,1,1992,0,0,0,0,0,0,0,0,0,0
130639,1,1,1992,0,0,0,0,0,0,0,0,0,0
130639,2,1,1992,0,0,0,0,0,0,0,0,0,0
130640,1,1,1992,0,0,0,0,0,0,0,0,0,0
130640,2,1,1992,8,8,8,8,8,8,8,8,8,8
130641,0,1,1992,18,19,40,19,0,30,0,0,21,0
130641,1,1,1992,0,0,0,0,0,0,0,0,0,0
130642,1,1,1992,20,20,20,20,20,20,20,20,20,20
130643,0,1,1992,0,0,0,0,10,0,0,0,0,51
130643,1,1,1992,0,0,0,0,0,0,0,0,0,0
130644,1,1,1992,13,6,8,10,8,0,9,17,10,10
130645,1,1,1992,0,0,0,0,3,0,0,0,0,0
130645,2,1,1992,0,0,0,0,0,0,0,0,0,0
130646,1,1,1992,5,5,5,5,5,5,5,5,5,5
130647,1,1,1992,0,0,0,0,0,0,0,0,0,0
130647,2,1,1992,0,0,0,0,0,0,0,0,0,0
130648,1,1,1992,0,0,0,0,0,0,0,0,0,0
130650,1,1,1992,0,0,0,0,0,0,0,0,0,0
130650,2,1,1992,0,0,4,14,0,0,0,0,0,0
130651,1,1,1992,0,0,0,0,0,0,0,0,0,0
130651,2,1,1992,0,0,0,0,0,0,0,0,0,0
130652,1,1,1992,23,23,23,23,23,23,23,23,23,23
130654,1,1,1992,0,0,0,0,0,0,0,0,0,0
130654,2,1,1992,21,0,0,26,0,0,0,4,17,30
130655,1,1,1992,0,0,0,0,0,0,0,0,0,0
130655,2,1,1992,0,0,0,0,0,0,0,0,0,0
130656,1,1,1992,0,0,0,0,0,0,0,0,0,0
130657,0,1,1992,0,15,13,34,12,0,12,18,8,0
130657,1,1,1992,14,14,14,14,14,14,14,14,14,14
130658,0,1,1992,0,0,0,0,0,0,0,0,0,0
130658,1,1,1992,0,0,0,0,0,0,0,0,0,0
130659,1,1,1992,0,0,0,0,0,0,0,0,0,0
130659,2,1,1992,0,0,0,20,8,0,0,0,0,0
130660,1,1,1992,24,24,24,24,24,24,24,24,24,24
130660,2,1,1992,0,0,0,0,0,0,0,0,0,0
130661,1,1,1992,0,0,0,0,0,0,0,0,0,0
130661,2,1,1992,0,0,0,0,0,0,0,0,0,0
130662,1,1,1992,21,21,21,21,21,21,21,21,21,21
130663,1,1,1992,16,16,16,16,16,16,16,16,16,16
130663,2,1,1992,0,0,0,0,0,0,0,0,0,0
130664,1,1,1992,23,23,23,23,23,23,23,23,23,23
130664,2,1,1992,0,0,0,0,0,0,0,0,0,0
130665,1,1,1992,4,4,4,4,4,4,4,4,4,4
130666,0,1,1992,0,0,0,0,0,0,0,0,0,0
130666,1,1,1992,0,0,0,0,0,0,0,0,0,0
130667,1,1,1992,0,0,0,0,7,0,0,0,0,0
130668,1,1,1992,0,0,0,0,0,0,0,0,0,0
130669,0,1,1992,0,0,0,0,0,0,0,0,0,0
130669,1,1,1992,0,0,0,0,0,0,0,0,0,0
130670,1,1,1992,0,0,0,0,0,0,0,0,0,0
130672,0,1,1992,0,0,0,0,0,0,0,0,0,0
130672,1,1,1992,0,0,0,0,17,0,0,0,0,0
130673,1,1,1992,0,0,0,0,0,0,0,0,0,13
130674,1,1,1992,28,28,28,28,28,28,28,28,28,28
130675,1,1,1992,0,0,0,0,0,0,0,0,0,0
130676,1,1,1992,5,5,5,5,5,5,5,5,5,5
130676,2,1,1992,0,0,0,0,0,0,0,0,0,0
130677,1,1,1992,0,0,0,0,0,0,0,0,0,0
130677,2,1,1992,5,5,5,5,5,5,5,5,5,5
130678,1,1,1992,13,13,13,13,13,13,13,13,13,13
130678,2,1,1992,0,0,4,0,0,0,0,0,0,0
130679,1,1,1992,0,0,0,0,0,0,0,0,0,0
130679,2,1,1992,0,0,0,0,0,0,0,0,0,0
130680,1,1,1992,17,17,17,17,17,17,17,17,17,17
130682,1,1,1992,17,19,10,19,19,15,18,21,17,21
130682,2,1,1992,0,0,0,0,0,0,0,0,0,0
130683,1,1,1992,0,0,0,0,0,0,0,0,0,0
130683,2,1,1992,0,0,0,0,0,19,0,0,0,0
130684,1,1,1992,0,0,0,0,0,0,0,0,0,0
130684,2,1,1992,0,0,0,0,0,0,0,0,0,0
130685,1,1,1992,0,0,0,0,0,0,0,0,0,0
130685,2,1,1992,0,0,0,0,0,0,0,0,0,0
130686,1,1,1992,28,28,28,28,28,28,28,28,28,28
130687,1,1,1992,0,0,0,0,0,0,0,0,0,0
130687,2,1,1992,0,0,0,0,0,0,0,0,0,0
130687,3,1,1992,0,0,0,0,0,0,0,0,0,0
130688,1,1,1992,0,0,0,22,0,0,0,0,0,0
130688,2,1,1992,0,0,0,0,0,0,0,0,0,0
130689,1,1,1992,0,0,0,0,0,0,0,0,0,0
130690,1,1,1992,0,0,0,0,0,0,0,0,0,0
130690,2,1,1992,0,0,0,0,0,0,0,0,0,0
130690,3,1,1992,0,0,0,0,0,0,0,0,0,0
130691,1,1,1992,0,0,0,8,0,0,0,0,18,0
130692,1,1,1992,21,21,21,21,21,21,21,21,21,21
130693,1,1,1992,0,0,0,0,0,0,0,0,0,0
130693,2,1,1992,0,0,0,0,0,0,0,0,0,0
130694,1,1,1992,0,0,0,0,0,0,0,0,0,0
130694,2,1,1992,0,0,0,0,0,0,0,0,0,0
130695,1,1,1992,24,24,24,24,24,24,24,24,24,24
130695,2,1,1992,0,0,0,0,0,0,0,0,0,0
130696,1,1,1992,0,0,0,0,0,0,0,0,0,0
130696,2,1,1992,0,0,0,0,0,0,0,0,0,0
130697,1,1,1992,0,0,0,0,0,0,0,0,0,0
130697,2,1,1992,0,0,0,0,0,0,0,0,0,0
130698,1,1,1992,6,6,6,6,6,6,6,6,6,6
130700,1,1,1992,0,0,0,0,0,0,0,0,0,29
130701,1,1,1992,0,0,0,0,0,0,0,0,0,0
130702,1,1,1992,0,0,0,0,0,0,0,0,0,0
130703,0,1,1992,0,0,0,0,0,0,0,0,0,0
130703,1,1,1992,0,0,0,0,0,0,0,0,0,0
130704,1,1,1992,0,0,0,0,0,0,0,0,0,0
130704,2,1,1992,0,0,0,0,0,0,0,0,0,0
130705,1,1,1992,0,0,0,0,0,0,0,0,0,0
130706,0,1,1992,0,0,0,0,0,0,0,3,0,0
130706,1,1,1992,0,0,0,0,0,0,0,0,0,0
130707,1,1,1992,0,0,0,0,0,0,0,0,0,0
130707,2,1,1992,0,0,0,0,0,0,0,0,0,0
130708,1,1,1992,9,9,9,9,9,9,9,9,9,9
130709,1,1,1992,16,16,16,16,16,16,16,16,16,16
130710,1,1,1992,11,11,11,11,11,11,11,11,11,11
130711,1,1,1992,2,2,2,2,2,2,2,2,2,2
130712,1,1,1992,0,0,0,0,0,9,0,0,0,0
130713,1,1,1992,0,0,0,0,0,0,0,0,0,0
130713,2,1,1992,0,0,0,7,0,0,0,0,0,0
130714,1,1,1992,0,0,0,0,0,0,0,0,0,0
130715,1,1,1992,0,0,0,0,0,0,0,0,0,0
130715,2,1,1992,0,0,0,0,0,0,0,0,0,0
130716,1,1,1992,0,0,0,0,0,0,0,0,0,0
130716,2,1,1992,0,0,0,0,0,0,0,0,0,0
130718,1,1,1992,0,0,0,0,0,11,0,0,0,0
130718,2,1,1992,0,15,0,0,0,0,0,0,0,0
130719,1,1,1992,0,0,0,0,0,0,0,0,0,0
130719,1,2,1992,0,0,0,0,0,0,0,18,0,0
130719,2,1,1992,0,0,0,0,0,0,0,0,0,0
130720,1,1,1992,0,0,0,0,0,0,0,0,0,0
130721,1,1,1992,0,0,0,0,0,0,0,0,0,0
130721,2,1,1992,0,0,0,0,0,0,0,0,0,0
130722,1,1,1992,21,21,21,21,21,21,21,21,21,21
130723,1,1,1992,0,0,0,0,0,0,0,0,0,0
130724,1,1,1992,0,0,0,0,0,0,0,0,0,0
130725,1,1,1992,0,0,0,0,0,0,0,0,0,0
130726,1,1,1992,22,24,3,29,0,10,0,13,20,20
130727,0,1,1992,52,52,52,52,52,52,52,52,52,52
130727,1,1,1992,0,0,15,3,18,0,13,0,12,0
130728,0,1,1992,15,0,19,16,6,0,0,0,6,22
130728,1,1,1992,0,0,0,0,0,0,11,6,18,0
130729,1,1,1992,0,0,0,0,0,0,0,0,0,0
130730,1,1,1992,0,0,0,0,0,0,0,0,0,0
130731,1,1,1992,0,0,0,0,0,0,0,0,0,0
130731,2,1,1992,0,0,0,0,0,0,0,0,0,0
130732,1,1,1992,0,0,0,0,0,0,0,0,0,0
130732,2,1,1992,0,0,0,0,0,0,0,0,0,0
130733,0,1,1992,23,23,23,23,23,23,23,23,23,23
130733,1,1,1992,0,0,0,0,0,15,0,0,0,0
130734,1,1,1992,0,0,0,0,0,0,0,0,0,0
130734,2,1,1992,0,0,0,0,0,0,0,0,0,0
130735,1,1,1992,0,0,0,0,0,0,0,0,0,0
130735,2,1,1992,0,0,0,0,0,0,0,0,0,0
130736,1,1,1992,0,0,0,0,7,0,0,0,2,0
130737,1,1,1992,0,0,0,0,0,0,0,0,0,0
130737,2,1,1992,0,0,0,0,0,0,0,0,0,0
130737,3,1,1992,0,0,0,0,0,0,0,0,0,0
130738,1,1,1992,29,29,29,29,29,29,29,29,29,29
130739,1,1,1992,0,0,0,0,0,0,0,0,0,0
130739,2,1,1992,0,0,0,0,0,0,0,0,0,0
130740,1,1,1992,2,2,2,2,2,2,2,2,2,2
130741,1,1,1992,15,15,15,15,15,15,15,15,15,15
130742,1,1,1992,0,0,0,0,0,0,0,0,0,0
130742,2,1,1992,4,4,4,4,4,4,4,4,4,4
130743,1,1,1992,8,27,31,14,5,38,19,12,14,16
130744,1,1,1992,0,0,0,0,0,0,0,0,0,0
130744,2,1,1992,0,0,0,0,0,0,0,11,0,0
130745,1,1,1992,0,0,0,0,0,0,0,0,0,0
130746,0,1,1992,0,0,0,0,0,0,0,0,0,0
130746,1,1,1992,0,0,0,0,0,0,0,0,0,0
130747,0,1,1992,0,0,0,0,0,0,0,0,0,0
130747,1,1,1992,0,0,0,0,0,0,0,0,0,0
130748,1,1,1992,12,12,12,12,12,12,12,12,12,12
130750,1,1,1992,18,25,43,30,0,25,4,14,23,8
130751,1,1,1992,0,0,0,0,0,6,0,0,0,0
130752,1,1,1992,0,25,18,0,16,36,0,23,17,18
130752,2,1,1992,0,0,0,0,0,0,0,0,0,0
130753,1,1,1992,15,15,15,15,15,15,15,15,15,15
130754,0,1,1992,32,32,32,32,32,32,32,32,32,32
130754,1,1,1992,0,0,0,0,0,0,0,0,0,0
130756,0,1,1992,16,16,16,16,16,16,16,16,16,16
130756,1,1,1992,0,0,0,0,0,0,0,0,0,0
130757,0,1,1992,15,15,15,15,15,15,15,15,15,15
130757,1,1,1992,0,0,0,0,0,0,0,0,0,0
130758,1,1,1992,0,17,16,14,0,0,0,0,0,0
130759,1,1,1992,0,0,0,0,0,0,0,0,0,0
130759,2,1,1992,0,0,0,0,0,0,0,0,0,0
130760,1,1,1992,0,0,0,0,0,0,0,0,0,0
130761,0,1,1992,20,0,0,0,0,19,0,0,0,0
130761,1,1,1992,0,0,0,0,0,0,0,0,0,0
130762,1,1,1992,2,2,2,2,2,2,2,2,2,2
130762,2,1,1992,0,0,0,0,0,0,0,0,0,0
130763,1,1,1992,0,0,0,0,0,0,0,0,0,0
130763,2,1,1992,0,0,0,0,0,0,0,0,0,0
130764,1,1,1992,0,0,0,0,0,0,0,0,0,0
130764,2,1,1992,0,0,0,0,0,0,0,0,0,0
130765,1,1,1992,8,17,0,14,7,13,7,22,7,16
130765,2,1,1992,0,0,0,0,0,23,0,0,0,21
130766,1,1,1992,22,22,22,22,22,22,22,22,22,22
130767,1,1,1992,5,5,5,5,5,5,5,5,5,5
130767,2,1,1992,0,0,0,0,0,0,0,0,0,0
130768,1,1,1992,2,13,11,14,0,19,14,26,30,16
130768,2,1,1992,10,0,0,0,0,0,0,0,0,0
130769,0,1,1992,0,0,0,0,0,0,0,0,0,0
130769,1,1,1992,0,0,0,0,0,0,0,0,0,0
130770,1,1,1992,36,36,36,36,36,36,36,36,36,36
130771,1,1,1992,0,0,0,0,0,0,0,0,0,0
130773,1,1,1992,0,0,0,0,0,0,0,0,0,0
130773,2,1,1992,0,0,0,0,0,0,0,0,0,0
130774,0,1,1992,18,0,8,0,11,9,0,25,24,32
130774,1,1,1992,0,0,0,0,0,0,0,0,0,0
130774,2,1,1992,0,0,0,0,0,0,0,0,0,7
130775,1,1,1992,0,0,0,0,0,0,0,0,0,0
130775,2,1,1992,0,0,0,0,0,0,0,0,0,0
130776,1,1,1992,26,26,26,26,26,26,26,26,26,26
130776,2,1,1992,0,0,0,0,0,0,0,0,0,0
130776,3,1,1992,0,0,0,0,0,0,0,0,0,0
130777,1,1,1992,0,0,0,0,25,0,0,0,0,0
130777,2,1,1992,0,0,0,0,0,0,0,0,0,0
130778,0,1,1992,52,52,52,52,52,52,52,52,52,52
130778,1,1,1992,0,0,0,0,0,0,0,0,0,0
130779,1,1,1992,0,0,0,0,0,0,0,0,0,0
130779,2,1,1992,0,0,0,0,0,0,0,0,0,0
130780,1,1,1992,0,0,0,0,0,0,0,0,0,0
130781,1,1,1992,0,0,0,0,0,0,0,0,0,0
130782,1,1,1992,0,0,0,0,0,0,0,0,0,0
130782,2,1,1992,0,0,0,0,0,0,0,0,16,0
130783,1,1,1992,16,16,16,16,16,16,16,16,16,16
130784,1,1,1992,6,6,6,6,6,6,6,6,6,6
130785,1,1,1992,0,0,0,0,0,0,0,0,0,0
130786,1,1,1992,0,0,0,0,0,0,0,0,0,0
130786,2,1,1992,0,0,0,0,0,0,0,0,0,0
130787,1,1,1992,0,0,0,0,0,0,0,0,0,0
130787,2,1,1992,0,0,0,0,0,0,0,0,0,0
130788,1,1,1992,30,30,30,30,30,30,30,30,30,30
130789,1,1,1992,0,0,0,0,0,0,0,0,0,0
130790,0,1,1992,23,23,23,23,23,23,23,23,23,23
130790,1,1,1992,0,11,10,0,14,18,0,0,25,0
130791,0,1,1992,31,0,16,0,0,23,18,0,28,0
130791,1,1,1992,0,0,0,0,0,0,0,0,0,0
130792,1,1,1992,0,0,0,0,0,0,0,0,0,0
130792,2,1,1992,0,0,0,0,0,0,0,0,0,0
130793,1,1,1992,14,14,14,14,14,14,14,14,14,14
130794,1,1,1992,0,0,0,0,0,0,0,0,0,0
130794,2,1,1992,0,0,0,0,0,0,0,0,0,0
130795,1,1,1992,0,0,0,0,0,0,0,0,0,0
130796,1,1,1992,0,0,0,12,0,25,0,0,0,0
130796,2,1,1992,0,0,0,0,0,0,0,0,0,0
130797,1,1,1992,26,26,26,26,26,26,26,26,26,26
130798,1,1,1992,5,5,5,5,5,5,5,5,5,5
130799,1,1,1992,0,0,0,0,0,0,0,0,0,0
130799,2,1,1992,0,0,0,0,0,0,0,0,0,0
130800,1,1,1992,5,5,5,5,5,5,5,5,5,5
130801,1,1,1992,15,15,15,15,15,15,15,15,15,15
130802,1,1,1992,0,0,0,0,0,0,0,0,0,0
130803,0,1,1992,0,0,0,0,0,0,0,0,0,0
130803,1,1,1992,0,0,0,0,0,0,0,0,0,0
130804,0,1,1992,0,0,0,0,0,0,0,0,0,0
130804,1,1,1992,11,11,11,11,11,11,11,11,11,11
130805,0,1,1992,0,0,0,0,0,0,0,0,0,0
130805,1,1,1992,0,0,0,0,0,0,0,0,0,0
130806,1,1,1992,0,0,0,0,0,0,0,0,0,0
130806,2,1,1992,0,0,0,0,0,0,0,0,0,0
130807,1,1,1992,0,0,0,0,0,0,0,0,0,0
130807,2,1,1992,0,0,0,0,0,0,0,0,0,0
130808,1,1,1992,0,0,0,0,0,0,0,0,0,0
130809,1,1,1992,0,0,0,0,0,0,0,0,0,0
130809,2,1,1992,0,0,0,0,0,0,0,0,0,0
130810,0,1,1992,0,0,0,0,0,0,0,0,0,0
130810,1,1,1992,0,0,0,0,0,0,0,0,0,0
130811,1,1,1992,0,0,0,0,0,0,0,0,0,0
130811,2,1,1992,0,0,0,0,0,0,0,0,0,0
130812,1,1,1992,28,11,26,14,15,10,0,19,32,0
130813,0,1,1992,0,0,0,0,0,0,0,0,0,0
130813,1,1,1992,0,0,0,0,0,0,0,0,0,0
130814,0,1,1992,0,15,12,9,20,18,12,15,0,26
130814,1,1,1992,23,0,0,4,0,0,0,0,5,0
130815,0,1,1992,0,0,0,0,0,0,0,0,0,0
130815,1,1,1992,0,0,0,0,0,0,0,0,0,0
130816,1,1,1992,12,12,0,0,0,0,10,0,18,0
130817,1,1,1992,18,18,18,18,18,18,18,18,18,18
130818,1,1,1992,0,0,0,0,0,0,0,0,0,0
130819,1,1,1992,0,0,0,0,0,0,0,0,0,0
130819,2,1,1992,0,0,0,0,0,0,0,0,0,0
130820,1,1,1992,21,21,21,21,21,21,21,21,21,21
130821,0,1,1992,0,0,0,0,0,0,0,0,0,0
130821,1,1,1992,0,0,0,0,0,0,0,0,0,0
130822,1,1,1992,0,0,0,0,0,0,0,0,0,0
130823,1,1,1992,0,0,0,0,0,0,0,0,0,0
130823,2,1,1992,0,0,0,0,0,0,0,0,0,0
130824,0,1,1992,0,0,0,23,0,0,9,37,13,0
130824,1,1,1992,0,0,0,0,0,0,0,0,0,0
130825,1,1,1992,0,0,0,25,10,0,0,23,0,12
130825,2,1,1992,13,14,14,13,21,0,10,6,17,0
130826,1,1,1992,0,0,0,0,0,0,0,0,0,0
130826,2,1,1992,0,0,0,0,0,0,0,0,0,0
130827,1,1,1992,0,0,0,0,0,0,0,0,0,0
130827,2,1,1992,0,0,0,0,0,0,0,0,0,0
130828,1,1,1992,0,0,0,0,0,0,0,0,0,0
130828,2,1,1992,0,0,0,0,0,0,0,0,0,0
130829,1,1,1992,19,19,19,19,19,19,19,19,19,19
130830,1,1,1992,16,16,16,16,16,16,16,16,16,16
130830,2,1,1992,0,0,0,0,0,0,0,0,0,0
130831,0,1,1992,0,0,33,20,0,20,0,0,0,0
130831,1,1,1992,0,0,0,0,0,0,0,0,0,0
130832,1,1,1992,0,0,0,0,0,0,0,0,0,0
130833,1,1,1992,21,21,21,21,21,21,21,21,21,21
130834,1,1,1992,3,3,3,3,3,3,3,3,3,3
130834,2,1,1992,0,0,0,0,0,0,0,0,0,0
130835,0,1,1992,0,0,0,0,0,0,0,0,0,0
130835,1,1,1992,0,0,0,0,0,0,0,0,0,0
130836,1,1,1992,0,0,0,0,0,0,0,0,0,0
130836,2,1,1992,1,1,1,1,1,1,1,1,1,1
130837,1,1,1992,0,0,0,0,0,0,0,0,0,0
130837,2,1,1992,0,0,0,0,0,0,0,0,0,0
130838,0,1,1992,0,0,0,0,0,0,0,0,0,0
130838,1,1,1992,4,4,4,4,4,4,4,4,4,4
130839,1,1,1992,0,0,0,0,0,0,0,0,0,0
130839,2,1,1992,12,12,12,12,12,12,12,12,12,12
130840,1,1,1992,4,0,20,0,23,17,9,25,15,21
130842,1,1,1992,0,0,0,0,0,0,0,0,0,0
130842,2,1,1992,0,0,0,0,0,0,0,0,0,0
130843,0,1,1992,27,27,27,27,27,27,27,27,27,27
130843,1,1,1992,0,0,0,0,0,0,0,0,0,0
130844,1,1,1992,23,23,23,23,23,23,23,23,23,23
130845,1,1,1992,15,15,15,15,15,15,15,15,15,15
130846,1,1,1992,0,0,0,0,0,0,0,0,0,0
130847,0,1,1992,0,0,0,0,0,0,0,0,0,0
130847,1,1,1992,0,0,0,0,0,0,0,0,0,0
130849,1,1,1992,0,0,0,0,0,0,0,10,0,0
130849,2,1,1992,8,0,0,0,0,0,0,0,0,0
130850,1,1,1992,19,19,19,19,19,19,19,19,19,19
130851,1,1,1992,0,0,0,0,0,0,0,0,0,0
130851,2,1,1992,0,0,0,0,0,0,0,0,0,0
130852,0,1,1992,21,21,21,21,21,21,21,21,21,21
130852,1,1,1992,0,0,0,0,0,0,0,0,0,0
130853,0,1,1992,0,0,0,0,0,0,0,0,0,0
130853,1,1,1992,0,13,0,0,0,0,0,0,0,0
130854,1,1,1992,0,0,0,0,0,0,0,0,0,0
130855,1,1,1992,18,18,18,18,18,18,18,18,18,18
130856,1,1,1992,0,0,0,0,0,0,0,0,0,0
130856,2,1,1992,0,0,0,0,0,0,0,0,0,0
130857,1,1,1992,0,0,0,0,0,0,0,0,0,0
130857,2,1,1992,0,0,0,0,0,0,0,0,0,0
130858,1,1,1992,0,0,0,0,0,0,0,0,0,0
130859,1,1,1992,0,0,10,0,0,0,0,0,0,0
130859,2,1,1992,0,0,0,0,0,0,0,0,0,0
130860,1,1,1992,7,7,7,7,7,7,7,7,7,7
130860,2,1,1992,0,0,0,0,0,0,0,0,0,0
130861,1,1,1992,0,0,0,0,0,0,0,0,0,0
130861,2,1,1992,0,0,0,0,0,0,0,0,0,0
130861,3,1,1992,0,0,0,0,0,0,0,0,0,0
130862,0,1,1992,0,0,0,0,0,0,0,0,0,0
130862,1,1,1992,0,0,0,0,0,0,0,0,0,0
130863,1,1,1992,0,0,0,0,0,0,0,0,0,0
130863,2,1,1992,0,0,0,0,0,0,0,0,0,0
130864,1,1,1992,0,0,0,0,0,0,0,0,0,0
130864,2,1,1992,0,0,0,0,0,0,0,0,0,0
130865,1,1,1992,0,0,0,0,0,0,0,0,0,0
130865,2,1,1992,0,0,0,0,0,0,0,0,0,0
130865,3,1,1992,0,0,0,0,0,0,0,0,0,0
130866,1,1,1992,0,0,0,0,0,0,0,0,0,0
130866,2,1,1992,0,0,0,0,0,0,0,0,0,0
130867,0,1,1992,0,0,0,0,0,0,0,0,0,0
130867,1,1,1992,0,0,0,0,0,0,0,0,0,0
130868,1,1,1992,0,0,0,0,0,0,0,0,0,0
130868,2,1,1992,0,0,0,0,0,0,0,0,0,0
130869,1,1,1992,0,0,0,0,0,0,0,0,0,0
130869,2,1,1992,0,0,0,0,0,0,0,0,0,0
130870,1,1,1992,0,0,0,0,0,0,0,0,0,0
130871,1,1,1992,0,0,0,0,0,0,0,0,0,0
130872,1,1,1992,15,15,15,15,15,15,15,15,15,15
130873,1,1,1992,0,0,0,0,0,0,0,0,0,0
130873,2,1,1992,0,0,0,0,0,0,0,0,0,0
130874,1,1,1992,0,0,0,14,0,0,0,0,0,0
130875,0,1,1992,24,24,24,24,24,24,24,24,24,24
130875,1,1,1992,0,4,2,0,0,0,7,0,0,0
130876,1,1,1992,0,0,0,0,0,0,0,0,0,0
130876,2,1,1992,0,0,0,0,0,0,0,0,0,0
130877,1,1,1992,0,0,0,0,0,0,0,0,0,0
130877,2,1,1992,0,0,0,0,0,0,0,0,0,0
130878,1,1,1992,0,0,0,0,0,0,0,0,0,0
130879,1,1,1992,0,0,0,0,0,0,0,0,0,0
130879,2,1,1992,0,0,0,0,0,0,0,0,0,0
130879,3,1,1992,0,0,0,0,0,0,0,0,0,0
130880,1,1,1992,0,0,0,0,0,0,0,0,0,0
130881,1,1,1992,0,0,0,0,0,0,0,0,0,0
130881,2,1,1992,0,0,0,0,0,0,0,0,0,0
130882,1,1,1992,0,0,0,0,0,0,0,0,0,0
130882,2,1,1992,0,0,0,0,0,0,0,0,0,0
130883,1,1,1992,0,0,0,0,0,0,0,0,0,0
130883,2,1,1992,0,0,0,0,0,0,0,0,0,0
130884,1,1,1992,0,0,0,0,0,0,0,0,0,0
130886,1,1,1992,0,0,0,0,0,0,0,0,0,0
130886,2,1,1992,0,0,0,0,0,0,0,0,0,0
130887,1,1,1992,0,0,0,0,0,0,0,0,0,0
130887,2,1,1992,0,0,0,0,0,0,0,0,0,0
130888,1,1,1992,15,15,15,15,15,15,15,15,15,15
130889,1,1,1992,27,27,27,27,27,27,27,27,27,27
130890,1,1,1992,33,6,0,0,0,7,20,0,18,15
130891,0,1,1992,0,19,0,24,0,0,37,32,0,0
130891,1,1,1992,0,0,0,0,0,0,0,0,0,0
130892,1,1,1992,0,0,0,0,0,0,0,0,0,0
130892,2,1,1992,0,0,0,0,0,0,0,0,0,0
130893,1,1,1992,32,32,32,32,32,32,32,32,32,32
130894,0,1,1992,0,0,0,0,0,0,0,0,0,0
130895,1,1,1992,8,8,8,8,8,8,8,8,8,8
130895,2,1,1992,0,0,0,0,0,0,0,0,0,0
130896,1,1,1992,0,0,0,0,0,0,0,0,0,0
130897,1,1,1992,0,0,0,0,0,0,0,0,0,0