ST_CASE,VEH_NO,PER_NO,YEAR,P1,P2,P3,P4,P5,P6,P7,P8,P9,P10
130898,1,1,1992,0,0,0,0,0,0,0,0,0,0
130898,2,1,1992,0,0,0,0,0,0,0,0,0,0
130899,1,1,1992,1,1,1,1,1,1,1,1,1,1
130899,2,1,1992,24,24,24,24,24,24,24,24,24,24
130900,1,1,1992,15,15,15,15,15,15,15,15,15,15
130900,2,1,1992,6,0,9,9,0,6,5,0,14,12
130900,3,1,1992,0,5,11,25,0,9,7,0,0,0
130900,4,1,1992,0,0,0,0,0,0,23,0,0,10
130900,5,1,1992,0,21,0,0,0,0,15,0,0,0
130901,1,1,1992,0,19,13,0,0,0,0,0,7,24
130902,0,1,1992,19,8,0,0,0,0,0,0,36,18
130902,1,1,1992,0,0,0,0,0,0,0,0,0,0
130903,1,1,1992,28,6,20,0,22,26,0,25,35,23
130904,1,1,1992,0,0,0,0,0,0,0,0,0,0
130905,1,1,1992,23,0,0,0,0,0,0,0,0,0
130905,2,1,1992,0,0,0,0,0,0,0,0,0,0
130906,1,1,1992,0,0,0,0,0,0,0,0,0,0
130906,2,1,1992,11,0,0,0,0,0,0,0,0,0
130906,3,1,1992,0,0,0,0,0,0,0,0,0,0
130906,4,1,1992,0,0,0,0,0,0,0,0,0,0
130907,0,1,1992,0,0,0,0,0,24,0,0,0,0
130907,1,1,1992,0,0,0,0,0,0,0,0,0,0
130908,1,1,1992,0,0,0,0,0,0,0,0,0,0
130908,2,1,1992,0,0,0,0,0,0,0,0,0,0
130909,0,1,1992,3,3,3,3,3,3,3,3,3,3
130909,1,1,1992,0,14,0,0,0,0,0,3,12,0
130909,2,1,1992,0,0,0,0,0,0,0,0,0,0
130910,1,1,1992,0,0,0,0,0,0,0,0,0,0
130910,2,1,1992,0,0,0,0,0,0,0,13,0,0
130910,3,1,1992,0,0,0,0,0,0,0,0,0,0
130910,4,1,1992,0,0,0,0,0,0,0,0,0,0
130911,1,1,1992,0,0,0,0,0,0,0,0,0,0
130911,1,2,1992,0,0,0,0,0,0,0,0,0,0
130911,2,1,1992,0,0,0,0,0,0,0,0,0,0
130912,0,1,1992,15,15,15,15,15,15,15,15,15,15
130912,1,1,1992,0,10,0,0,0,0,0,0,0,0
130913,1,1,1992,17,17,17,17,17,17,17,17,17,17
130914,1,1,1992,0,0,0,0,0,0,0,0,0,0
130914,2,1,1992,0,0,0,0,0,0,0,0,0,0
130915,1,1,1992,0,0,0,0,0,0,0,0,0,0
130915,2,1,1992,0,0,0,0,0,0,0,0,0,0
130915,3,1,1992,0,0,0,0,0,0,0,0,0,0
130916,0,1,1992,0,0,0,0,0,0,0,0,0,0
130916,1,1,1992,0,0,0,0,0,0,0,0,0,0
130917,1,1,1992,0,0,0,0,0,0,0,0,0,0
130917,2,1,1992,0,7,0,0,0,0,0,0,0,0
130918,1,1,1992,0,0,0,0,0,0,0,0,0,0
130918,2,1,1992,0,0,0,0,0,0,0,0,0,0
130919,1,1,1992,0,0,0,0,0,0,0,0,0,0
130919,2,1,1992,0,0,0,0,0,0,0,0,0,0
130919,3,1,1992,0,0,0,0,0,0,0,0,0,0
130919,4,1,1992,0,0,0,0,0,0,0,0,0,0
130920,1,1,1992,0,0,0,0,0,0,0,0,0,0
130920,2,1,1992,0,0,0,0,0,0,0,0,0,0
130921,1,1,1992,0,0,0,0,0,0,0,0,0,0
130921,2,1,1992,0,0,0,0,0,0,0,0,0,0
130922,1,1,1992,21,11,31,10,22,0,15,46,27,6
130923,1,1,1992,37,37,37,37,37,37,37,37,37,37
130924,1,1,1992,0,0,0,0,0,0,0,0,0,0
130925,1,1,1992,17,17,17,17,17,17,17,17,17,17
130926,1,1,1992,0,0,0,0,0,0,0,0,0,0
130926,2,1,1992,0,0,0,0,0,0,0,0,0,0
130927,1,1,1992,16,16,16,16,16,16,16,16,16,16
130927,2,1,1992,0,0,0,0,0,0,0,0,0,0
130928,0,1,1992,0,0,0,33,0,0,0,15,0,0
130928,1,1,1992,0,0,0,0,0,0,0,0,0,0
130929,1,1,1992,0,0,0,0,0,0,0,0,0,0
130929,2,1,1992,0,0,0,0,0,0,0,0,0,0
130931,1,1,1992,0,0,0,0,0,0,0,0,0,0
130931,2,1,1992,0,0,0,0,0,0,0,0,0,0
130931,3,1,1992,0,0,0,0,0,0,0,0,0,0
130932,1,1,1992,0,0,0,0,0,0,0,0,0,0
130933,1,1,1992,9,0,0,0,0,0,0,0,32,0
130933,2,1,1992,0,0,0,0,0,0,0,0,0,0
130934,1,1,1992,3,9,0,0,5,21,0,9,0,0
130935,1,1,1992,0,0,0,0,0,0,0,0,0,0
130935,2,1,1992,0,0,0,0,0,0,0,0,0,0
130936,0,1,1992,0,0,0,0,0,0,0,0,0,0
130936,1,1,1992,0,0,0,0,0,0,0,10,0,0
130937,1,1,1992,0,0,0,0,0,0,0,0,0,0
130938,1,1,1992,0,0,0,0,0,0,0,0,0,0
130938,2,1,1992,0,0,0,0,0,0,0,0,0,0
130939,1,1,1992,10,10,10,10,10,10,10,10,10,10
130939,2,1,1992,0,0,0,0,0,0,0,0,0,0
130940,1,1,1992,0,0,0,0,0,0,0,0,0,0
130941,1,1,1992,0,0,0,14,16,22,0,0,0,0
130942,1,1,1992,0,0,0,0,0,0,0,0,0,0
130942,2,1,1992,0,0,0,0,0,0,0,0,0,0
130943,1,1,1992,24,24,24,24,24,24,24,24,24,24
130944,1,1,1992,0,0,0,0,0,0,0,0,0,0
130945,1,1,1992,25,25,25,25,25,25,25,25,25,25
130946,0,1,1992,0,0,0,0,0,0,0,0,0,0
130946,1,1,1992,0,0,0,0,0,0,0,0,0,0
130947,1,1,1992,0,0,0,0,0,0,0,0,0,0
130947,2,1,1992,0,0,0,0,0,0,0,0,0,0
130948,1,1,1992,0,0,0,0,0,0,0,0,0,0
130949,1,1,1992,22,22,22,22,22,22,22,22,22,22
130950,0,1,1992,28,28,28,28,28,28,28,28,28,28
130950,1,1,1992,0,0,0,0,0,0,0,0,0,0
130951,0,1,1992,0,0,0,0,0,0,0,0,0,0
130951,0,2,1992,0,0,0,0,0,0,0,0,0,0
130951,1,1,1992,0,0,0,0,0,0,0,0,0,0
130952,1,1,1992,0,0,0,0,0,0,0,0,0,0
130953,1,1,1992,21,21,21,21,21,21,21,21,21,21
130953,2,1,1992,0,0,0,0,0,0,0,0,0,0
130954,1,1,1992,11,0,0,0,0,0,0,0,18,0
130955,1,1,1992,18,17,23,0,26,16,0,0,24,32
130956,1,1,1992,7,16,10,22,10,19,0,27,34,20
130957,1,1,1992,0,0,0,0,0,0,0,0,0,0
130957,2,1,1992,0,0,0,0,0,0,0,0,0,0
130958,1,1,1992,22,22,22,22,22,22,22,22,22,22
130960,1,1,1992,0,0,0,0,0,0,0,0,0,0
130960,2,1,1992,0,0,0,0,0,0,0,0,0,0
130961,1,1,1992,0,0,0,0,0,0,0,0,0,0
130961,2,1,1992,0,0,0,0,0,0,0,0,0,0
130961,3,1,1992,0,0,0,0,0,0,0,0,0,0
130961,4,1,1992,0,0,0,0,0,0,0,0,0,0
130962,1,1,1992,10,0,7,0,0,0,0,0,0,0
130962,2,1,1992,0,0,0,0,0,0,0,0,0,0
130963,1,1,1992,0,0,0,0,0,0,0,0,0,0
130963,2,1,1992,0,0,0,0,0,0,0,0,0,0
130964,1,1,1992,0,0,0,0,0,0,0,0,0,0
130964,2,1,1992,0,0,0,0,0,0,0,0,0,0
130965,1,1,1992,0,0,0,0,0,0,0,0,0,0
130965,2,1,1992,0,0,0,0,0,0,0,0,0,0
130966,1,1,1992,0,0,0,0,0,0,0,0,0,0
130966,2,1,1992,0,0,0,0,0,0,0,0,0,0
130966,3,1,1992,0,0,0,0,0,0,0,0,0,0
130967,1,1,1992,0,0,0,0,0,0,0,0,0,0
130967,2,1,1992,0,0,0,0,0,0,0,0,0,0
130967,3,1,1992,0,0,0,0,0,0,0,0,0,0
130968,0,1,1992,41,41,41,41,41,41,41,41,41,41
130968,1,1,1992,0,0,0,0,0,0,12,0,0,0
130969,0,1,1992,0,8,14,0,0,0,0,8,0,0
130969,1,1,1992,0,0,0,0,0,0,0,0,0,0
130970,1,1,1992,11,11,11,11,11,11,11,11,11,11
130971,1,1,1992,0,0,0,0,0,0,0,0,0,0
130971,2,1,1992,0,0,0,0,0,0,0,0,0,0
130972,1,1,1992,7,7,7,7,7,7,7,7,7,7
130973,1,1,1992,0,0,0,0,0,0,0,0,0,0
130974,0,1,1992,2,2,2,2,2,2,2,2,2,2
130974,1,1,1992,0,0,0,0,0,0,0,0,0,0
130975,1,1,1992,0,0,0,0,0,0,0,0,0,0
130976,1,1,1992,0,0,0,0,0,0,0,0,0,0
130976,2,1,1992,0,0,0,0,0,0,0,0,0,0
130977,1,1,1992,22,22,22,22,22,22,22,22,22,22
130977,2,1,1992,0,0,0,0,0,0,0,0,0,0
130978,1,1,1992,0,0,0,0,0,0,0,0,0,0
130978,2,1,1992,0,0,0,0,0,0,0,0,0,0
130979,1,1,1992,0,0,0,0,0,0,0,0,0,0
130979,2,1,1992,0,0,0,0,0,0,0,0,0,0
130980,1,1,1992,0,0,0,0,0,0,0,0,0,0
130981,1,1,1992,0,0,0,0,0,0,0,0,0,0
130981,2,1,1992,0,0,0,0,0,0,0,0,0,0
130982,1,1,1992,0,0,0,0,0,0,0,0,0,0
130983,0,1,1992,14,14,14,14,14,14,14,14,14,14
130983,1,1,1992,2,2,2,2,2,2,2,2,2,2
130984,1,1,1992,0,0,0,0,0,0,0,4,0,0
130984,2,1,1992,0,0,0,0,0,0,0,0,0,0
130985,1,1,1992,0,0,0,0,0,19,0,18,0,0
130987,1,1,1992,0,5,0,0,0,16,0,8,0,0
130987,2,1,1992,0,0,0,25,0,0,0,0,0,0
130988,1,1,1992,0,0,0,0,0,0,0,0,0,0
130989,1,1,1992,0,0,0,0,0,0,0,0,0,0
130989,2,1,1992,0,0,0,0,0,0,0,0,0,0
130990,1,1,1992,0,0,0,0,0,0,0,0,0,0
130990,2,1,1992,0,0,0,0,0,0,0,0,0,0
130991,1,1,1992,0,0,0,0,0,0,0,0,0,0
130992,1,1,1992,0,0,0,0,0,0,24,0,0,0
130993,1,1,1992,0,0,0,0,0,0,0,0,0,0
130993,2,1,1992,0,0,0,11,0,0,0,0,0,0
130994,1,1,1992,0,0,0,0,0,0,0,0,0,0
130994,2,1,1992,0,0,0,0,0,0,0,0,0,0
130994,3,1,1992,0,0,0,0,0,0,0,0,0,0
130995,1,1,1992,17,17,17,17,17,17,17,17,17,17
130996,1,1,1992,17,17,17,17,17,17,17,17,17,17
130996,2,1,1992,0,0,0,0,0,0,0,0,0,0
130996,3,1,1992,0,0,0,0,0,0,0,0,0,0
130997,0,1,1992,29,29,29,29,29,29,29,29,29,29
130997,1,1,1992,0,0,0,0,0,0,13,0,0,0
130998,1,1,1992,22,22,22,22,22,22,22,22,22,22
131000,1,1,1992,28,28,28,28,28,28,28,28,28,28
131000,2,1,1992,7,0,0,0,0,0,0,0,0,0
131001,1,1,1992,23,23,23,23,23,23,23,23,23,23
131002,1,1,1992,0,0,0,0,0,0,0,0,0,0
131002,2,1,1992,0,0,0,0,0,0,0,0,0,0
131002,3,1,1992,0,0,0,0,0,0,0,0,0,0
131003,0,1,1992,0,0,0,0,0,0,0,0,0,0
131003,1,1,1992,0,0,0,0,0,0,0,0,0,0
131004,1,1,1992,24,24,24,24,24,24,24,24,24,24
131005,1,1,1992,0,0,0,0,0,0,0,0,0,0
131006,1,1,1992,20,31,18,7,25,17,20,12,24,12
131007,1,1,1992,0,4,0,0,0,0,0,9,0,0
131007,2,1,1992,0,26,12,0,11,13,0,0,0,0
131008,1,1,1992,25,25,25,25,25,25,25,25,25,25
131008,2,1,1992,0,0,0,0,0,0,0,0,0,0
131009,1,1,1992,0,0,0,0,0,0,0,0,0,0
131010,1,1,1992,0,0,0,0,0,0,0,0,0,0
131011,1,1,1992,2,2,2,2,2,2,2,2,2,2
131012,1,1,1992,17,17,17,17,17,17,17,17,17,17
131014,0,1,1992,22,22,22,22,22,22,22,22,22,22
131014,1,1,1992,0,0,13,0,0,0,0,0,0,0
131015,1,1,1992,20,0,0,0,0,7,14,0,12,0
131017,1,1,1992,0,0,0,0,0,0,0,0,0,0
131017,2,1,1992,0,0,0,0,0,0,0,0,0,0
131018,1,1,1992,0,0,0,0,0,0,0,0,0,0
131018,2,1,1992,0,0,0,0,28,0,0,0,0,0
131019,0,1,1992,0,0,0,0,0,0,0,0,0,0
131019,1,1,1992,25,0,0,0,0,0,6,0,0,0
131020,1,1,1992,0,0,0,0,0,0,0,0,0,0
131020,2,1,1992,0,0,0,0,0,0,0,0,0,0
131021,1,1,1992,14,11,11,37,18,23,16,16,12,12
131022,0,1,1992,0,0,0,28,13,25,18,9,17,0
131022,1,1,1992,26,26,26,26,26,26,26,26,26,26
131024,1,1,1992,0,0,0,0,0,0,0,0,0,0
131024,2,1,1992,0,0,0,0,0,0,0,0,0,0
131025,1,1,1992,0,0,0,0,0,0,0,0,0,0
131025,2,1,1992,0,0,0,0,0,0,0,0,0,0
131026,1,1,1992,7,7,7,7,7,7,7,7,7,7
131027,0,1,1992,14,0,0,9,43,0,11,21,28,25
131027,1,1,1992,7,7,7,7,7,7,7,7,7,7
131028,0,1,1992,0,0,0,0,0,0,0,0,0,0
131028,1,1,1992,2,2,2,2,2,2,2,2,2,2
131029,0,1,1992,0,0,0,4,0,0,7,10,0,23
131029,1,1,1992,0,0,0,18,0,0,0,0,0,0
131030,1,1,1992,0,0,0,0,0,0,0,0,0,0
131030,2,1,1992,0,0,0,0,0,0,0,0,0,0
131031,1,1,1992,8,0,15,17,0,0,26,8,14,13
131031,2,1,1992,2,0,21,17,18,18,19,0,5,13
131032,1,1,1992,0,0,0,0,0,0,0,0,0,0
131033,1,1,1992,12,12,12,12,12,12,12,12,12,12
131034,1,1,1992,0,0,0,0,0,0,0,0,0,0
131035,1,1,1992,0,0,0,0,0,0,0,0,0,0
131035,2,1,1992,5,5,5,5,5,5,5,5,5,5
131037,1,1,1992,14,14,14,14,14,14,14,14,14,14
131037,2,1,1992,0,0,0,0,0,0,0,0,0,0
131038,1,1,1992,0,0,0,0,0,0,0,0,0,0
131038,2,1,1992,0,0,0,0,0,0,0,0,0,0
131039,1,1,1992,16,16,16,16,16,16,16,16,16,16
131039,2,1,1992,0,0,0,0,0,0,0,0,0,0
131040,1,1,1992,0,0,0,0,0,0,0,0,0,0
131040,2,1,1992,0,0,0,0,0,0,0,0,0,0
131041,0,1,1992,0,0,0,0,0,0,0,0,0,0
131041,1,1,1992,0,0,0,0,0,0,0,0,5,0
131042,1,1,1992,11,11,11,11,11,11,11,11,11,11
131043,1,1,1992,13,13,13,13,13,13,13,13,13,13
131043,2,1,1992,0,0,0,0,0,0,0,0,0,0
131044,1,1,1992,16,16,16,16,16,16,16,16,16,16
131045,1,1,1992,16,16,16,16,16,16,16,16,16,16
131046,1,1,1992,20,20,20,20,20,20,20,20,20,20
131046,2,1,1992,0,0,0,0,0,0,0,0,0,0
131046,3,1,1992,9,0,0,0,18,0,0,0,0,0
131046,4,1,1992,0,0,0,0,0,0,0,0,0,0
131047,1,1,1992,0,0,0,0,0,0,0,0,0,0
131047,2,1,1992,0,0,0,0,0,0,0,0,0,0
131047,3,1,1992,0,0,0,0,0,0,0,0,0,0
131048,0,1,1992,16,0,26,0,0,7,13,0,30,18
131048,1,1,1992,0,0,0,0,0,0,0,0,0,0
131049,1,1,1992,28,28,28,28,28,28,28,28,28,28
131050,1,1,1992,17,17,17,17,17,17,17,17,17,17
131050,2,1,1992,0,0,0,0,0,0,0,0,0,0
131051,1,1,1992,21,21,21,21,21,21,21,21,21,21
131052,1,1,1992,0,0,0,0,0,0,0,0,0,0
131052,2,1,1992,0,0,0,0,0,0,0,0,0,0
131053,1,1,1992,23,23,23,23,23,23,23,23,23,23
131053,2,1,1992,0,0,0,0,0,0,0,0,0,0
131054,1,1,1992,0,0,0,0,0,0,0,0,0,0
131054,2,1,1992,0,0,0,0,0,0,0,0,0,0
131055,0,1,1992,0,0,0,0,0,0,0,0,0,0
131055,1,1,1992,0,0,0,0,0,0,0,0,0,0
131056,0,1,1992,0,0,0,0,0,0,0,0,0,0
131056,1,1,1992,0,0,5,0,0,0,0,0,0,0
131057,1,1,1992,0,0,0,0,0,0,0,0,0,0
131057,2,1,1992,0,0,0,0,0,0,0,0,0,0
131058,1,1,1992,0,0,0,0,0,0,0,0,0,0
131058,2,1,1992,13,13,13,13,13,13,13,13,13,13
131059,0,1,1992,0,8,0,0,0,0,0,0,0,0
131059,0,2,1992,0,8,0,0,0,0,0,20,0,0
131059,1,1,1992,0,0,0,0,0,0,0,0,0,0
131060,1,1,1992,5,5,5,5,5,5,5,5,5,5
131060,2,1,1992,0,0,0,0,0,0,0,0,0,0
131061,1,1,1992,0,0,0,0,0,0,0,0,0,0
131062,1,1,1992,0,0,0,0,0,0,0,0,0,0
131063,0,1,1992,16,16,16,16,16,16,16,16,16,16
131063,1,1,1992,0,0,0,0,0,0,0,0,0,0
131064,1,1,1992,10,10,10,10,10,10,10,10,10,10
131064,2,1,1992,0,19,0,0,0,0,0,0,8,0
131065,1,1,1992,0,0,0,0,0,0,0,0,0,0
131065,2,1,1992,0,0,0,0,0,0,0,0,8,0
131066,1,1,1992,0,0,0,0,0,0,0,0,0,0
131066,2,1,1992,0,0,0,0,0,0,0,0,0,0
131067,1,1,1992,37,37,37,37,37,37,37,37,37,37
131068,0,1,1992,0,0,0,0,0,0,0,0,0,0
131068,1,1,1992,0,0,0,0,0,0,0,0,0,0
131069,1,1,1992,15,22,19,28,0,0,0,26,33,16
131069,2,1,1992,0,0,0,0,0,0,0,0,0,0
131070,1,1,1992,0,0,0,0,0,0,0,0,0,0
131071,1,1,1992,0,0,0,0,0,0,0,0,0,0
131071,2,1,1992,0,0,0,0,0,0,0,0,0,0
131072,1,1,1992,0,0,0,0,0,0,0,0,0,0
131072,2,1,1992,2,2,2,2,2,2,2,2,2,2
131073,1,1,1992,0,0,0,0,0,0,0,0,0,0
131073,2,1,1992,0,0,0,0,0,0,0,0,0,0
131074,1,1,1992,0,0,0,7,0,0,0,0,0,0
131074,2,1,1992,0,0,0,0,0,0,0,0,0,0
131075,1,1,1992,0,0,10,0,0,0,0,0,0,0
131076,1,1,1992,0,0,0,0,0,0,0,0,0,0
131076,2,1,1992,0,0,0,0,0,0,0,0,0,0
131077,1,1,1992,9,9,9,9,9,9,9,9,9,9
131077,2,1,1992,0,0,0,0,0,0,0,0,0,0
131078,1,1,1992,0,0,0,0,0,0,0,0,0,0
131078,2,1,1992,0,0,0,0,0,0,0,0,0,0
131079,1,1,1992,0,0,0,0,0,0,0,0,0,0
131079,2,1,1992,0,0,0,0,0,0,0,0,0,0
131079,3,1,1992,0,0,0,0,0,0,14,0,0,0
131080,1,1,1992,0,0,0,0,0,0,0,0,0,0
131080,2,1,1992,0,0,0,0,0,0,0,0,0,0
131081,1,1,1992,21,0,14,0,0,8,13,0,0,0
131083,1,1,1992,0,0,0,0,0,0,0,0,0,0
131084,1,1,1992,0,0,0,0,0,0,0,0,0,0
131084,2,1,1992,0,0,0,0,0,0,0,0,0,0
131085,1,1,1992,7,18,0,0,0,7,12,0,0,0
131087,1,1,1992,0,0,0,0,0,0,0,0,0,0
131088,1,1,1992,0,0,0,0,0,13,0,0,0,0
131088,2,1,1992,0,0,0,0,0,0,0,3,0,0
131089,0,1,1992,0,0,0,0,0,0,0,0,0,0
131089,1,1,1992,0,0,0,0,0,0,0,0,0,0
131090,1,1,1992,0,0,0,0,0,0,0,0,0,0
131090,2,1,1992,0,0,0,0,0,0,0,0,0,0
131091,1,1,1992,0,9,0,0,0,0,0,0,0,0
131091,2,1,1992,0,0,25,0,0,0,0,0,0,0
131092,1,1,1992,0,0,11,14,0,0,0,0,0,0
131093,1,1,1992,0,0,0,0,0,0,0,0,0,0
131094,1,1,1992,0,0,0,0,0,0,0,0,0,0
131094,2,1,1992,0,0,0,0,0,0,0,0,0,0
131095,1,1,1992,0,0,0,0,0,0,0,0,0,0
131095,2,1,1992,0,0,0,0,0,0,0,0,0,0
131096,1,1,1992,0,0,0,0,0,0,0,0,0,0
131096,2,1,1992,0,0,0,0,0,0,0,0,0,0
131097,1,1,1992,0,0,14,12,0,0,0,18,15,0
131097,2,1,1992,0,7,0,19,0,0,0,0,9,0
131098,1,1,1992,0,0,0,0,0,0,0,0,0,0
131098,2,1,1992,0,0,0,0,0,0,0,0,0,0
131098,3,1,1992,0,0,0,0,0,0,0,0,16,0
131099,1,1,1992,0,0,0,0,0,0,0,0,0,0
131099,2,1,1992,0,0,0,0,0,0,0,0,0,0
131100,0,1,1992,0,0,0,0,0,0,0,0,0,0
131100,1,1,1992,0,0,0,0,0,0,0,0,0,0
131101,1,1,1992,0,0,0,6,0,0,0,0,0,0
131101,2,1,1992,0,0,0,0,0,0,0,18,0,0
131102,1,1,1992,22,22,22,22,22,22,22,22,22,22
131103,1,1,1992,31,31,31,31,31,31,31,31,31,31
131104,1,1,1992,0,0,0,0,0,0,0,0,0,0
131105,1,1,1992,0,0,0,0,0,0,0,0,0,0
131106,1,1,1992,0,0,0,0,0,0,0,0,0,0
131107,0,1,1992,20,20,20,20,20,20,20,20,20,20
131107,1,1,1992,0,0,0,0,0,0,11,0,0,0
131108,1,1,1992,0,0,0,0,0,0,0,0,0,0
131108,2,1,1992,0,0,0,0,0,0,0,0,0,0
131109,1,1,1992,29,29,29,29,29,29,29,29,29,29
131110,0,1,1992,0,0,19,19,20,0,0,0,9,0
131110,1,1,1992,0,0,0,0,0,0,5,0,0,0
131111,1,1,1992,20,20,20,20,20,20,20,20,20,20
131111,2,1,1992,0,0,0,0,0,0,0,0,0,0
131112,1,1,1992,28,28,28,28,28,28,28,28,28,28
131113,0,1,1992,0,0,0,0,0,0,0,0,0,0
131113,1,1,1992,0,0,0,0,0,0,0,0,0,0
131114,0,1,1992,13,13,13,13,13,13,13,13,13,13
131114,1,1,1992,0,0,0,0,0,12,0,0,0,0
131115,0,1,1992,0,0,0,0,0,0,0,0,0,0
131115,1,1,1992,0,0,0,0,0,0,0,0,0,0
131116,1,1,1992,0,0,0,0,0,0,0,0,0,0
131117,1,1,1992,8,8,8,8,8,8,8,8,8,8
131118,1,1,1992,17,17,17,17,17,17,17,17,17,17
131119,1,1,1992,17,17,17,17,17,17,17,17,17,17
131120,1,1,1992,28,28,28,28,28,28,28,28,28,28
131121,1,1,1992,20,20,20,20,20,20,20,20,20,20
131122,1,1,1992,0,0,0,0,0,0,0,0,0,0
131123,1,1,1992,0,0,0,0,0,0,0,0,0,0
131124,1,1,1992,12,12,12,12,12,12,12,12,12,12
131125,1,1,1992,15,15,15,15,15,15,15,15,15,15
131126,1,1,1992,0,0,0,0,0,0,0,0,0,0
131126,2,1,1992,0,0,0,0,0,0,0,0,0,0
131127,1,1,1992,11,11,11,11,11,11,11,11,11,11
131128,1,1,1992,0,0,0,0,0,0,0,0,0,0
131128,2,1,1992,0,0,0,0,0,0,0,0,0,0
131129,0,1,1992,9,0,0,0,0,0,0,0,0,0
131129,1,1,1992,11,0,0,0,0,0,0,0,0,0
131130,1,1,1992,24,24,24,24,24,24,24,24,24,24
131130,2,1,1992,0,0,0,0,0,0,0,0,0,0
131131,1,1,1992,0,0,0,0,0,0,0,0,0,0
131131,2,1,1992,10,10,10,10,10,10,10,10,10,10
131132,1,1,1992,0,0,0,0,0,0,0,0,0,0
131132,2,1,1992,0,0,0,0,0,0,0,0,0,0
131133,1,1,1992,0,0,0,0,0,0,0,0,0,0
131133,2,1,1992,0,0,0,0,0,0,0,0,0,0
131134,1,1,1992,0,0,0,0,0,0,0,0,0,0
131134,2,1,1992,0,0,0,0,0,0,0,0,0,0
131135,1,1,1992,0,0,0,0,0,0,0,0,0,0
131136,1,1,1992,19,19,19,19,19,19,19,19,19,19
131137,1,1,1992,25,25,25,25,25,25,25,25,25,25
131138,1,1,1992,0,0,0,0,0,0,0,0,0,0
131138,2,1,1992,0,0,0,0,0,0,0,0,0,0
131139,1,1,1992,0,0,0,0,0,0,0,0,0,0
131139,2,1,1992,0,0,0,0,0,0,0,0,0,0
131140,1,1,1992,0,0,0,0,0,0,0,0,0,0
131140,2,1,1992,0,0,0,0,0,0,0,0,0,0
131141,1,1,1992,0,0,0,0,0,0,0,0,0,0
131141,2,1,1992,0,0,0,0,0,0,0,0,0,0
131142,0,1,1992,13,38,37,3,17,10,6,12,9,26
131142,1,1,1992,0,0,0,0,0,0,0,0,0,0
131143,1,1,1992,13,13,13,13,13,13,13,13,13,13
131143,2,1,1992,0,0,0,0,0,0,0,0,0,0
131144,0,1,1992,0,0,0,0,32,0,0,0,0,0
131144,1,1,1992,0,0,0,0,0,0,0,0,0,0
131145,1,1,1992,24,24,24,24,24,24,24,24,24,24
131146,1,1,1992,0,0,0,0,0,0,0,0,0,0
131146,2,1,1992,0,0,0,0,0,0,0,0,0,0
131147,0,1,1992,0,0,0,0,0,0,0,0,0,0
131147,1,1,1992,0,0,0,0,0,0,0,0,0,0
131148,0,1,1992,25,25,25,25,25,25,25,25,25,25
131148,1,1,1992,0,0,0,0,0,0,0,0,0,0
131149,0,1,1992,18,18,18,18,18,18,18,18,18,18
131149,1,1,1992,0,0,0,0,0,0,0,0,11,0
131150,1,1,1992,24,24,24,24,24,24,24,24,24,24
131150,2,1,1992,0,0,0,0,0,0,0,0,0,0
131151,0,1,1992,19,19,19,19,19,19,19,19,19,19
131151,1,1,1992,13,13,13,13,13,13,13,13,13,13
131152,1,1,1992,35,35,35,35,35,35,35,35,35,35
131153,1,1,1992,0,0,0,0,0,0,0,0,0,0
131153,2,1,1992,0,0,0,0,0,0,0,0,0,0
131154,1,1,1992,0,0,0,0,0,0,0,0,0,0
131155,1,1,1992,0,0,0,0,0,0,0,0,0,24
131156,1,1,1992,0,0,0,0,0,0,0,0,0,0
131156,2,1,1992,0,0,0,0,0,0,0,0,0,0
131157,1,1,1992,9,9,9,9,9,9,9,9,9,9
131158,1,1,1992,0,0,0,0,0,0,5,0,0,0
131159,1,1,1992,0,0,0,0,0,0,0,0,0,0
131159,2,1,1992,0,0,9,0,0,0,0,0,0,0
131160,1,1,1992,0,0,0,0,8,0,0,0,0,0
131160,2,1,1992,0,0,0,0,0,0,0,0,0,0
131161,1,1,1992,12,6,18,0,0,0,0,22,0,0
131162,0,1,1992,41,41,41,41,41,41,41,41,41,41
131162,1,1,1992,0,0,0,0,0,0,0,0,0,0
131163,1,1,1992,0,0,0,0,0,0,0,0,0,0
131163,2,1,1992,0,0,0,0,0,0,0,0,0,0
131163,3,1,1992,0,0,0,0,0,0,0,0,0,0
131164,1,1,1992,12,12,12,12,12,12,12,12,12,12
131165,1,1,1992,0,0,0,0,0,0,0,0,0,0
131165,2,1,1992,0,0,0,0,0,0,0,0,0,0
131166,1,1,1992,12,17,0,26,14,9,0,0,17,5
131167,1,1,1992,0,0,0,0,0,0,0,0,0,0
131167,2,1,1992,0,0,0,0,0,0,0,0,0,0
131168,1,1,1992,0,0,0,0,0,0,0,0,0,0
131168,2,1,1992,0,0,0,0,0,0,0,0,0,0
131169,1,1,1992,0,0,0,12,0,0,0,16,0,0
131169,2,1,1992,0,0,0,0,0,0,0,0,0,0
131170,1,1,1992,0,0,0,0,0,0,0,0,0,0
131171,0,1,1992,18,16,0,0,0,21,0,33,0,0
131171,1,1,1992,0,0,5,7,0,0,0,0,0,0
131172,0,1,1992,0,0,0,0,0,0,0,0,0,0
131172,1,1,1992,0,0,0,0,0,0,0,0,0,0
131173,0,1,1992,0,0,0,0,0,0,0,0,0,0