ST_CASE,VEH_NO,PER_NO,YEAR,P1,P2,P3,P4,P5,P6,P7,P8,P9,P10
131173,1,1,1992,0,0,0,0,0,0,0,0,0,0
131174,1,1,1992,0,0,0,0,0,0,0,0,0,0
131174,2,1,1992,0,0,0,0,0,0,0,0,0,0
131175,1,1,1992,0,5,0,13,5,0,29,28,14,13
131176,0,1,1992,0,0,0,0,0,0,0,0,0,0
131176,1,1,1992,0,0,0,0,0,0,0,0,0,0
131177,1,1,1992,31,0,0,0,0,0,0,0,0,0
131177,2,1,1992,0,0,0,0,0,0,0,0,0,0
131177,3,1,1992,0,0,0,0,0,0,0,0,0,0
131178,0,1,1992,0,10,0,0,12,0,0,0,0,18
131178,1,1,1992,0,0,0,0,0,0,0,0,0,0
131179,1,1,1992,0,0,0,0,0,0,0,0,0,0
131179,2,1,1992,0,0,0,0,0,0,0,0,0,0
131180,1,1,1992,23,23,23,23,23,23,23,23,23,23
131181,1,1,1992,22,22,22,22,22,22,22,22,22,22
131181,2,1,1992,0,0,0,0,0,0,0,0,0,0
131182,1,1,1992,20,20,20,20,20,20,20,20,20,20
131183,1,1,1992,14,14,14,14,14,14,14,14,14,14
131184,1,1,1992,0,0,0,0,0,20,0,0,45,0
131187,1,1,1992,0,0,28,0,0,0,0,0,0,0
131187,2,1,1992,0,0,0,0,0,0,0,0,0,0
131187,3,1,1992,0,0,0,0,0,0,0,0,0,0
131188,1,1,1992,0,0,0,0,0,0,0,0,0,0
131188,2,1,1992,0,0,0,0,15,0,0,0,0,0
131189,0,1,1992,0,0,0,0,0,0,0,0,0,0
131189,1,1,1992,0,0,0,0,0,0,0,0,0,0
131190,1,1,1992,3,3,3,3,3,3,3,3,3,3
131191,1,1,1992,0,0,0,0,0,0,0,0,0,0
131191,2,1,1992,0,0,0,0,0,0,0,0,0,0
131192,1,1,1992,19,19,19,19,19,19,19,19,19,19
131192,2,1,1992,0,0,0,0,0,0,0,0,0,0
131193,1,1,1992,0,17,22,0,0,0,19,18,0,0
131194,1,1,1992,0,0,0,0,0,0,0,0,0,0
131194,2,1,1992,0,0,0,0,0,0,0,19,0,0
131195,1,1,1992,0,0,0,0,0,0,0,0,0,0
131196,1,1,1992,0,0,0,0,0,0,0,0,0,0
131197,1,1,1992,29,29,29,29,29,29,29,29,29,29
131198,1,1,1992,0,0,0,0,0,0,0,0,0,0
131198,2,1,1992,0,0,0,0,0,0,0,0,0,0
131198,3,1,1992,0,0,0,0,0,0,0,0,0,0
131198,4,1,1992,0,0,0,0,0,0,0,0,0,0
131199,1,1,1992,19,19,19,19,19,19,19,19,19,19
131200,1,1,1992,0,0,0,0,0,0,0,0,0,0
131200,2,1,1992,0,0,0,0,0,0,0,0,0,0
131201,1,1,1992,14,14,14,14,14,14,14,14,14,14
131201,2,1,1992,0,0,0,0,0,3,0,0,0,0
131202,1,1,1992,27,27,27,27,27,27,27,27,27,27
131202,2,1,1992,0,0,0,0,0,0,0,0,0,0
131203,1,1,1992,13,13,13,13,13,13,13,13,13,13
131203,2,1,1992,0,0,0,0,0,0,0,0,0,0
131204,1,1,1992,0,0,0,0,0,0,0,0,0,0
131205,0,1,1992,0,0,0,0,0,25,0,0,0,0
131206,1,1,1992,0,0,0,0,0,0,0,0,0,0
131207,1,1,1992,13,13,13,13,13,13,13,13,13,13
131207,2,1,1992,0,0,0,0,0,0,0,0,0,0
131208,0,1,1992,33,33,33,33,33,33,33,33,33,33
131208,1,1,1992,0,0,0,0,12,0,0,0,0,0
131209,1,1,1992,4,0,0,0,0,0,0,33,0,0
131210,0,1,1992,26,26,26,26,26,26,26,26,26,26
131210,1,1,1992,0,0,0,0,0,0,0,0,0,0
131211,1,1,1992,3,3,3,3,3,3,3,3,3,3
131212,1,1,1992,0,0,0,0,0,0,0,0,0,0
131213,1,1,1992,0,0,0,0,0,0,0,0,0,0
131214,1,1,1992,0,0,0,0,0,0,0,0,0,0
131215,1,1,1992,15,15,15,15,15,15,15,15,15,15
131216,1,1,1992,23,23,23,23,23,23,23,23,23,23
131216,2,1,1992,0,0,0,0,0,0,0,0,0,0
131217,1,1,1992,0,0,0,0,0,0,0,0,0,0
131217,2,1,1992,0,0,0,0,0,0,0,0,0,0
131218,1,1,1992,0,0,0,0,0,0,0,0,0,0
131218,2,1,1992,0,0,0,0,0,0,0,0,0,0
131220,1,1,1992,29,29,29,29,29,29,29,29,29,29
131221,1,1,1992,0,0,9,0,0,0,0,0,0,0
131222,1,1,1992,0,0,0,0,0,0,0,0,0,0
131222,2,1,1992,0,0,0,0,0,0,0,0,0,0
131223,0,1,1992,8,8,8,8,8,8,8,8,8,8
131223,1,1,1992,0,0,0,0,0,0,0,0,0,18
131224,1,1,1992,19,18,19,19,7,0,13,9,10,6
131225,0,1,1992,0,0,0,0,0,0,0,0,0,0
131225,1,1,1992,0,0,0,0,0,0,0,0,0,0
131226,0,1,1992,28,28,28,28,28,28,28,28,28,28
131226,1,1,1992,0,0,0,0,0,0,0,0,0,0
131226,2,1,1992,0,0,0,0,0,0,0,0,0,0
131226,3,1,1992,0,0,0,0,0,0,0,0,0,0
131226,4,1,1992,0,0,0,0,0,0,0,0,0,0
131226,5,1,1992,0,0,0,0,0,0,0,0,0,0
131226,6,1,1992,0,0,0,0,0,0,0,0,0,0
131226,7,1,1992,0,0,0,0,0,0,0,4,0,0
131227,1,1,1992,0,0,0,0,0,0,0,0,0,0
131227,2,1,1992,24,24,24,24,24,24,24,24,24,24
131228,1,1,1992,0,0,0,0,0,0,21,0,9,0
131228,2,1,1992,0,0,0,0,0,0,0,0,0,0
131229,1,1,1992,34,23,0,0,24,0,0,0,16,8
131230,1,1,1992,0,0,0,0,0,0,0,0,0,0
131230,2,1,1992,0,0,0,0,0,0,0,0,0,0
131231,1,1,1992,26,26,26,26,26,26,26,26,26,26
131232,1,1,1992,13,13,13,13,13,13,13,13,13,13
131233,1,1,1992,17,13,0,23,0,17,17,15,29,7
131236,1,1,1992,29,14,20,10,0,29,0,0,27,0
150001,1,1,1992,14,14,14,14,14,14,14,14,14,14
150002,0,1,1992,0,0,0,0,0,0,0,0,0,0
150002,1,1,1992,0,0,0,0,0,0,0,0,0,0
150002,2,1,1992,0,0,0,0,11,0,0,0,0,0
150003,0,1,1992,0,0,0,0,0,0,0,0,0,0
150003,1,1,1992,0,0,0,0,0,0,0,0,0,0
150004,0,1,1992,0,0,0,0,0,0,0,0,0,0
150004,1,1,1992,0,0,0,0,0,0,0,0,0,0
150005,0,1,1992,0,0,0,0,0,0,0,0,0,0
150005,1,1,1992,0,0,0,0,0,0,0,0,0,0
150006,1,1,1992,12,12,12,12,12,12,12,12,12,12
150007,1,1,1992,13,14,17,24,20,17,11,13,27,18
150008,0,1,1992,0,0,0,0,0,0,0,0,0,0
150008,1,1,1992,15,0,0,0,0,0,0,0,0,0
150009,0,1,1992,0,0,0,0,0,0,0,0,0,0
150009,1,1,1992,0,0,0,0,0,0,0,0,0,0
150010,1,1,1992,31,31,31,31,31,31,31,31,31,31
150011,1,1,1992,4,4,4,4,4,4,4,4,4,4
150012,1,1,1992,8,8,8,8,8,8,8,8,8,8
150012,2,1,1992,0,0,0,0,0,0,0,0,0,0
150013,1,1,1992,17,17,17,17,17,17,17,17,17,17
150014,1,1,1992,0,0,0,0,0,0,0,0,0,0
150014,2,1,1992,0,0,0,0,0,0,0,0,0,0
150015,1,1,1992,13,13,13,13,13,13,13,13,13,13
150016,1,1,1992,23,23,23,23,23,23,23,23,23,23
150017,1,1,1992,10,10,10,10,10,10,10,10,10,10
150017,2,1,1992,0,0,0,0,0,0,0,0,0,0
150018,0,1,1992,0,0,0,0,0,0,0,0,0,0
150018,1,1,1992,0,0,0,0,0,0,0,0,0,0
150019,0,1,1992,0,0,0,0,0,0,0,0,0,0
150019,1,1,1992,0,0,0,0,0,0,0,0,0,0
150020,1,1,1992,11,10,9,16,18,4,9,19,10,14
150021,1,1,1992,0,0,0,0,0,0,0,0,0,0
150021,2,1,1992,0,0,0,0,0,0,0,0,0,0
150022,1,1,1992,23,23,23,23,23,23,23,23,23,23
150023,1,1,1992,16,16,16,16,16,16,16,16,16,16
150023,2,1,1992,0,0,0,0,0,0,0,0,0,0
150024,1,1,1992,7,7,7,7,7,7,7,7,7,7
150024,2,1,1992,10,10,10,10,10,10,10,10,10,10
150025,1,1,1992,0,0,0,0,0,0,0,0,0,0
150027,1,1,1992,0,0,0,0,0,0,0,0,0,0
150027,2,1,1992,0,0,0,0,0,0,0,0,0,0
150027,3,1,1992,0,0,0,0,0,0,0,0,0,0
150028,1,1,1992,21,21,21,21,21,21,21,21,21,21
150029,1,1,1992,0,0,0,0,0,0,0,0,0,0
150029,2,1,1992,0,0,0,0,0,0,0,0,0,0
150030,1,1,1992,0,0,0,0,0,0,0,0,0,0
150030,2,1,1992,0,0,0,0,0,0,0,0,0,0
150031,1,1,1992,17,17,17,17,17,17,17,17,17,17
150031,2,1,1992,4,0,2,0,0,0,0,0,0,0
150031,3,1,1992,0,0,0,0,0,0,0,7,9,0
150032,0,1,1992,0,0,0,0,0,0,0,0,0,0
150032,1,1,1992,0,0,0,0,0,0,0,0,0,0
150033,0,1,1992,13,13,36,7,27,0,8,7,0,0
150033,0,2,1992,0,0,0,0,0,0,0,0,0,0
150033,1,1,1992,0,0,0,0,0,11,0,0,0,0
150034,1,1,1992,8,8,8,8,8,8,8,8,8,8
150035,0,1,1992,0,0,0,0,0,0,0,0,0,0
150035,1,1,1992,0,0,0,0,0,0,0,0,0,0
150036,1,1,1992,20,20,20,20,20,20,20,20,20,20
150037,0,1,1992,0,0,0,0,0,0,0,0,0,0
150037,1,1,1992,0,0,0,13,0,0,0,0,0,0
150038,1,1,1992,0,0,0,0,0,0,0,0,0,0
150039,1,1,1992,6,6,5,3,6,4,23,15,10,14
150040,0,1,1992,0,0,0,0,0,0,0,0,0,0
150040,1,1,1992,0,0,0,0,0,0,0,0,0,0
150040,3,1,1992,0,0,15,0,0,11,0,0,0,0
150041,0,1,1992,0,0,0,0,0,0,0,0,0,0
150041,1,1,1992,14,14,14,14,14,14,14,14,14,14
150042,1,1,1992,0,0,0,0,0,0,0,0,0,0
150042,2,1,1992,0,0,0,0,0,0,0,0,0,0
150043,1,1,1992,0,0,0,14,0,7,0,0,0,0
150043,2,1,1992,0,0,0,0,0,0,0,0,0,0
150044,0,1,1992,0,0,0,0,0,0,0,0,0,0
150044,1,1,1992,0,0,0,0,0,0,0,0,0,0
150045,1,1,1992,0,0,0,0,0,0,0,0,0,0
150046,1,1,1992,0,0,0,0,0,0,0,0,0,0
150047,1,1,1992,0,0,0,0,0,0,15,0,0,0
150047,2,1,1992,0,0,0,0,0,0,0,0,0,0
150048,1,1,1992,24,24,24,24,24,24,24,24,24,24
150048,2,1,1992,14,0,24,0,0,0,0,0,0,0
150049,1,1,1992,0,0,0,0,0,0,0,0,0,0
150050,1,1,1992,0,0,0,0,0,0,0,0,0,0
150051,1,1,1992,0,0,7,5,7,10,0,12,27,12
150051,2,1,1992,0,0,0,10,0,0,0,0,0,0
150052,1,1,1992,19,19,19,19,19,19,19,19,19,19
150053,1,1,1992,0,0,0,0,0,0,0,0,0,0
150054,1,1,1992,0,0,0,0,0,0,0,0,0,0
150055,1,1,1992,8,6,1,11,11,16,3,5,26,15
150056,1,1,1992,27,27,27,27,27,27,27,27,27,27
150056,2,1,1992,16,0,11,0,22,16,27,14,14,0
150057,1,1,1992,0,11,0,0,0,0,0,0,4,0
150058,1,1,1992,0,0,0,0,0,0,0,0,0,0
150059,1,1,1992,10,10,10,10,10,10,10,10,10,10
150060,0,1,1992,0,0,0,0,0,0,0,0,0,0
150061,1,1,1992,15,15,15,15,15,15,15,15,15,15
150062,0,1,1992,0,0,0,0,8,0,0,0,0,0
150062,1,1,1992,22,22,22,22,22,22,22,22,22,22
150063,1,1,1992,1,1,1,1,1,1,1,1,1,1
150064,0,1,1992,20,20,20,20,20,20,20,20,20,20
150064,1,1,1992,25,0,0,7,0,0,0,0,0,0
150065,1,1,1992,16,16,16,16,16,16,16,16,16,16
150065,2,1,1992,0,0,0,0,0,0,0,0,0,0
150066,1,1,1992,14,14,14,14,14,14,14,14,14,14
150066,2,1,1992,0,0,0,0,0,0,0,0,0,0
150067,1,1,1992,29,29,29,29,29,29,29,29,29,29
150068,1,1,1992,13,13,13,13,13,13,13,13,13,13
150068,2,1,1992,0,0,0,0,0,0,0,0,0,0
150068,3,1,1992,0,0,0,0,0,0,0,0,0,6
150069,0,1,1992,0,0,0,0,0,0,0,0,0,0
150069,0,2,1992,14,0,12,9,7,27,10,19,0,0
150069,1,1,1992,0,0,0,0,0,0,0,0,6,0
150070,1,1,1992,20,0,8,21,18,17,16,31,30,23
150071,0,1,1992,0,0,0,0,0,0,0,0,0,0
150071,1,1,1992,0,0,0,0,0,0,0,0,0,0
150072,1,1,1992,0,0,0,0,0,0,0,0,0,0
150073,1,1,1992,20,20,20,20,20,20,20,20,20,20
150073,2,1,1992,0,0,0,0,0,0,0,0,0,0
150074,1,1,1992,17,17,17,17,17,17,17,17,17,17
150075,0,1,1992,18,18,18,18,18,18,18,18,18,18
150075,1,1,1992,21,21,21,21,21,21,21,21,21,21
150076,0,1,1992,0,0,0,0,0,0,0,0,0,0
150076,0,2,1992,0,0,0,0,0,0,0,0,0,0
150076,1,1,1992,0,0,0,0,0,0,0,0,0,22
150077,1,1,1992,0,0,0,0,0,0,0,0,0,0
150077,2,1,1992,0,0,0,0,0,0,0,0,0,0
150078,1,1,1992,25,25,25,25,25,25,25,25,25,25
150078,2,1,1992,0,0,0,0,0,0,0,0,0,0
150079,1,1,1992,20,20,20,20,20,20,20,20,20,20
150080,1,1,1992,16,16,16,16,16,16,16,16,16,16
150080,2,1,1992,0,0,0,0,0,0,0,0,0,0
150081,1,1,1992,0,0,0,0,0,0,0,0,0,0
150081,2,1,1992,0,0,0,0,12,0,0,0,0,0
150081,3,1,1992,0,0,0,6,0,0,0,0,0,0
150082,0,1,1992,24,24,24,24,24,24,24,24,24,24
150082,0,2,1992,8,29,34,0,25,10,15,26,19,28
150082,1,1,1992,0,0,0,25,0,0,0,12,0,0
150083,1,1,1992,0,0,0,0,0,0,0,0,0,0
150084,1,1,1992,0,0,0,0,0,0,0,0,0,0
150085,1,1,1992,0,0,0,0,0,0,0,0,0,0
150086,1,1,1992,15,15,15,15,15,15,15,15,15,15
150087,0,1,1992,19,19,19,19,19,19,19,19,19,19
150087,1,1,1992,0,0,0,0,0,0,0,0,0,0
150088,1,1,1992,0,0,0,0,0,0,0,0,0,0
150088,2,1,1992,0,0,0,0,0,0,0,0,0,0
150089,1,1,1992,0,0,0,0,0,0,0,0,0,0
150089,2,1,1992,0,0,0,0,0,0,0,0,0,0
150090,1,1,1992,9,9,9,9,9,9,9,9,9,9
150091,1,1,1992,14,9,8,21,12,0,0,0,18,25
150092,1,1,1992,0,0,0,0,0,0,0,0,0,0
150092,2,1,1992,0,0,0,0,0,0,0,0,0,0
150093,1,1,1992,22,22,22,22,22,22,22,22,22,22
150093,2,1,1992,0,0,0,0,0,0,0,0,0,11
150094,0,1,1992,0,0,0,0,0,0,0,0,0,0
150094,1,1,1992,0,0,0,0,0,0,0,0,0,0
150095,1,1,1992,20,20,20,20,20,20,20,20,20,20
150096,0,1,1992,0,0,0,0,0,0,0,0,0,0
150096,1,1,1992,0,18,0,0,0,0,0,0,26,0
150097,0,1,1992,19,19,19,19,19,19,19,19,19,19
150097,1,1,1992,0,0,0,0,0,0,0,0,0,0
150098,1,1,1992,20,20,20,20,20,20,20,20,20,20
150099,1,1,1992,21,21,21,21,21,21,21,21,21,21
150100,1,1,1992,0,0,0,0,0,0,0,0,0,0
150100,2,1,1992,0,0,0,0,0,0,0,0,0,0
150101,1,1,1992,0,0,0,0,0,0,0,0,0,0
150101,2,1,1992,2,2,2,2,2,2,2,2,2,2
150102,1,1,1992,11,11,11,11,11,11,11,11,11,11
150103,1,1,1992,0,0,0,0,0,0,0,0,0,0
150103,2,1,1992,0,0,0,0,0,0,0,0,0,0
150104,1,1,1992,0,0,0,0,0,0,0,0,0,0
150104,2,1,1992,0,0,0,0,0,0,0,0,0,0
150105,1,1,1992,30,30,30,30,30,30,30,30,30,30
150106,0,1,1992,0,0,0,0,0,0,0,0,0,0
150106,1,1,1992,0,0,0,0,0,0,0,6,0,0
150107,1,1,1992,7,7,7,7,7,7,7,7,7,7
150108,1,1,1992,0,0,0,0,0,0,0,0,0,0
150109,1,1,1992,0,0,0,0,11,0,0,0,0,0
150110,1,1,1992,22,14,7,0,16,0,0,0,15,14
150110,2,1,1992,0,0,0,0,0,0,0,0,0,0
150111,1,1,1992,21,21,21,21,21,21,21,21,21,21
150112,0,1,1992,21,21,21,21,21,21,21,21,21,21
150112,1,1,1992,20,0,0,0,12,0,0,30,10,18
150113,1,1,1992,12,12,12,12,12,12,12,12,12,12
150114,1,1,1992,0,0,0,0,0,0,0,0,0,0
150115,1,1,1992,0,0,0,0,0,0,0,0,0,0
150115,2,1,1992,0,0,0,0,0,0,0,0,0,0
150115,3,1,1992,0,0,0,0,0,0,0,0,0,8
150115,4,1,1992,0,20,37,15,43,0,0,20,0,0
150116,1,1,1992,14,14,14,14,14,14,14,14,14,14
150116,2,1,1992,0,0,0,0,0,0,0,0,0,0
150117,0,1,1992,24,24,24,24,24,24,24,24,24,24
150117,1,1,1992,0,0,0,0,0,0,0,0,0,0
150118,1,1,1992,0,0,0,0,0,0,0,0,0,0
150118,2,1,1992,0,0,0,0,0,0,0,0,0,0
150118,3,1,1992,0,0,0,0,0,0,0,0,0,0
150119,1,1,1992,0,0,0,0,0,0,0,0,0,0
150119,2,1,1992,0,0,0,0,0,0,0,0,0,0
150120,1,1,1992,9,9,9,9,9,9,9,9,9,9
150121,0,1,1992,0,0,0,0,0,0,0,0,0,0
150121,1,1,1992,0,0,0,0,0,0,0,0,0,0
150122,1,1,1992,10,10,10,10,10,10,10,10,10,10
150122,2,1,1992,0,0,0,0,0,0,0,0,0,0
150123,1,1,1992,0,0,0,0,0,0,0,0,0,0
160001,0,1,1992,0,0,0,0,0,0,0,10,0,0
160001,1,1,1992,0,0,12,0,0,0,0,0,0,0
160002,1,1,1992,14,6,31,22,19,17,19,47,18,19
160003,1,1,1992,0,0,0,0,0,0,0,0,0,0
160003,2,1,1992,0,0,0,0,0,0,0,0,0,0
160004,1,1,1992,0,0,0,0,0,0,0,0,0,0
160005,1,1,1992,26,26,26,26,26,26,26,26,26,26
160006,1,1,1992,0,0,0,0,0,17,0,0,0,0
160006,2,1,1992,0,0,0,0,0,0,0,0,0,0
160007,1,1,1992,0,0,0,0,0,3,16,0,0,0
160007,2,1,1992,0,0,0,0,0,0,0,0,0,0
160008,1,1,1992,0,24,0,0,0,0,0,0,0,0
160009,1,1,1992,0,0,0,0,0,0,0,0,0,0
160010,1,1,1992,0,0,26,11,0,0,0,27,10,18
160011,1,1,1992,0,0,0,0,0,0,0,0,0,0
160012,1,1,1992,32,32,32,32,32,32,32,32,32,32
160013,1,1,1992,0,0,0,0,0,0,0,0,0,0
160014,1,1,1992,18,18,18,18,18,18,18,18,18,18
160015,1,1,1992,10,10,10,10,10,10,10,10,10,10
160016,1,1,1992,17,17,17,17,17,17,17,17,17,17
160016,2,1,1992,0,0,0,0,0,0,0,0,0,0
160016,3,1,1992,0,0,0,0,0,0,0,0,0,0
160017,1,1,1992,0,0,0,0,0,0,0,0,0,11
160017,2,1,1992,0,0,0,0,0,0,0,0,0,0
160018,1,1,1992,0,0,0,0,0,0,0,0,0,0
160018,2,1,1992,0,0,0,0,0,0,0,0,0,0
160019,1,1,1992,21,21,21,21,21,21,21,21,21,21
160020,1,1,1992,22,22,22,22,22,22,22,22,22,22
160021,1,1,1992,1,1,1,1,1,1,1,1,1,1
160022,1,1,1992,0,0,0,0,0,0,0,0,0,0
160023,1,1,1992,0,0,0,0,0,0,0,0,0,0
160024,1,1,1992,0,0,0,0,0,0,0,0,0,0
160024,2,1,1992,0,0,0,0,0,0,0,0,0,0
160025,0,1,1992,0,0,0,0,0,0,0,0,0,0
160025,1,1,1992,0,0,0,0,0,0,0,0,0,0
160026,1,1,1992,8,7,0,0,0,0,0,0,0,0
160026,2,1,1992,0,0,0,0,0,0,0,0,0,0
160027,1,1,1992,0,0,0,0,0,0,0,0,0,0
160028,1,1,1992,0,0,0,0,0,0,0,0,0,0
160029,1,1,1992,18,18,18,18,18,18,18,18,18,18
160030,1,1,1992,13,13,13,13,13,13,13,13,13,13
160030,2,1,1992,0,0,0,0,0,0,0,2,0,0
160031,0,1,1992,0,0,0,0,0,0,0,0,0,0
160031,1,1,1992,0,18,0,0,0,0,0,0,23,17
160032,1,1,1992,0,0,0,0,0,0,0,0,0,0
160033,1,1,1992,27,19,0,0,3,0,14,8,0,22
160034,1,1,1992,0,0,0,0,0,0,0,0,0,0
160034,2,1,1992,0,0,0,0,0,0,0,0,0,0
160035,1,1,1992,0,0,0,0,0,0,0,0,0,0
160035,2,1,1992,0,0,0,0,0,0,10,0,0,0
160036,1,1,1992,28,28,28,28,28,28,28,28,28,28
160037,1,1,1992,30,30,30,30,30,30,30,30,30,30
160038,1,1,1992,23,23,23,23,23,23,23,23,23,23
160039,1,1,1992,46,30,13,26,30,32,9,17,28,27
160040,0,1,1992,0,0,0,0,0,0,0,0,0,0
160040,1,1,1992,0,0,0,0,0,0,0,0,0,0
160041,1,1,1992,0,0,0,0,0,0,0,0,0,0
160042,1,1,1992,0,0,0,0,0,0,0,0,0,0
160042,2,1,1992,0,0,0,0,0,0,0,0,9,0
160043,1,1,1992,0,0,5,0,0,0,0,0,0,0
160044,1,1,1992,0,0,0,0,0,0,0,0,0,0
160044,2,1,1992,0,0,0,0,0,0,0,0,0,0
160045,1,1,1992,18,18,18,18,18,18,18,18,18,18
160046,1,1,1992,0,0,0,0,0,0,0,0,0,0
160046,2,1,1992,0,0,29,0,0,0,0,0,4,0
160047,1,1,1992,0,0,0,0,0,0,0,0,0,0
160047,2,1,1992,0,0,0,0,0,0,0,0,0,0
160048,1,1,1992,17,17,17,17,17,17,17,17,17,17
160049,1,1,1992,0,0,0,11,0,0,0,6,0,21
160049,2,1,1992,0,0,0,0,0,0,0,0,0,0
160049,3,1,1992,0,0,0,0,0,0,0,0,0,0
160050,1,1,1992,0,0,0,4,0,0,0,0,0,0
160051,0,1,1992,32,32,32,32,32,32,32,32,32,32
160051,1,1,1992,20,16,23,9,10,6,10,0,22,18
160052,1,1,1992,0,0,0,0,0,0,0,0,0,0
160052,2,1,1992,18,18,18,18,18,18,18,18,18,18
160053,1,1,1992,0,0,0,5,0,0,0,0,0,0
160053,2,1,1992,0,0,0,0,18,17,0,0,0,0
160054,1,1,1992,0,0,0,0,0,0,0,0,0,0
160055,1,1,1992,0,0,0,0,0,0,0,0,0,0
160055,2,1,1992,0,0,6,9,0,7,0,0,0,0
160056,1,1,1992,0,0,0,0,0,0,0,0,0,0
160056,2,1,1992,0,0,0,0,0,0,0,0,0,0
160057,1,1,1992,7,15,0,1,3,9,36,0,0,0
160058,1,1,1992,2,2,2,2,2,2,2,2,2,2
160059,1,1,1992,0,0,0,0,0,0,20,0,0,0
160060,1,1,1992,21,27,4,2,0,17,11,16,19,16
160060,2,1,1992,0,0,0,0,0,0,0,7,0,0
160060,3,1,1992,0,11,2,18,0,0,0,0,0,0
160062,0,1,1992,1,1,1,1,1,1,1,1,1,1
160062,1,1,1992,5,5,5,5,5,5,5,5,5,5
160062,2,1,1992,0,0,0,0,0,0,0,0,0,0
160063,1,1,1992,20,20,20,20,20,20,20,20,20,20
160064,1,1,1992,21,21,21,21,21,21,21,21,21,21
160065,1,1,1992,31,0,10,0,0,33,0,20,0,0
160066,0,1,1992,0,16,0,0,17,0,0,0,0,0
160066,0,2,1992,0,0,0,0,0,0,0,0,0,0
160066,1,1,1992,0,0,0,0,0,0,0,0,0,0
160067,1,1,1992,21,21,21,21,21,21,21,21,21,21
160067,2,1,1992,0,0,0,0,0,0,0,0,0,0
160068,1,1,1992,0,0,0,0,0,0,0,0,0,0
160069,1,1,1992,0,0,0,0,0,0,0,0,0,0
160069,2,1,1992,0,0,0,0,0,0,0,0,0,0
160069,3,1,1992,0,0,0,0,0,0,0,0,0,0
160070,1,1,1992,0,0,0,0,0,0,0,0,0,0
160071,1,1,1992,0,0,0,11,0,11,0,0,0,0
160072,1,1,1992,0,0,0,0,0,0,0,0,0,0
160073,1,1,1992,0,0,0,0,0,0,0,0,0,0
160074,1,1,1992,33,33,33,33,33,33,33,33,33,33
160075,1,1,1992,13,13,13,13,13,13,13,13,13,13
160076,1,1,1992,0,0,0,0,0,0,0,0,0,0
160077,1,1,1992,14,14,14,14,14,14,14,14,14,14
160078,1,1,1992,0,0,0,0,0,0,0,0,0,0
160079,1,1,1992,0,0,0,0,0,0,0,0,0,0
160079,2,1,1992,0,0,0,0,0,0,0,0,0,11
160080,1,1,1992,8,8,8,8,8,8,8,8,8,8
160081,1,1,1992,0,2,0,0,0,0,0,0,0,0
160081,2,1,1992,0,0,0,0,8,0,0,0,0,0
160082,1,1,1992,0,0,0,0,0,6,0,0,0,0
160082,2,1,1992,14,26,14,30,14,25,3,0,14,27
160083,1,1,1992,0,0,0,0,0,0,0,0,0,0
160083,2,1,1992,0,0,0,0,0,0,0,0,0,0
160084,1,1,1992,16,16,16,16,16,16,16,16,16,16
160084,2,1,1992,0,0,0,0,0,0,0,8,0,0
160085,1,1,1992,0,0,0,0,0,0,0,0,0,0
160086,1,1,1992,25,25,25,25,25,25,25,25,25,25
160087,1,1,1992,18,18,18,18,18,18,18,18,18,18
160088,1,1,1992,0,0,0,0,0,0,0,0,0,0
160089,1,1,1992,10,10,10,10,10,10,10,10,10,10
160090,1,1,1992,0,0,0,0,0,0,0,0,0,0
160091,1,1,1992,11,11,11,11,11,11,11,11,11,11
160092,1,1,1992,0,0,2,0,0,0,0,16,0,0
160093,1,1,1992,0,0,0,0,0,0,0,0,0,0
160093,2,1,1992,0,0,0,0,0,0,0,0,0,0
160094,1,1,1992,0,0,14,0,0,0,0,0,0,0
160094,2,1,1992,0,0,0,0,0,0,0,0,0,0
160095,1,1,1992,0,8,8,0,0,0,0,0,0,0
160095,2,1,1992,18,18,18,18,18,18,18,18,18,18
160096,1,1,1992,0,0,0,0,0,0,0,0,0,0
160096,2,1,1992,0,0,0,0,0,0,0,0,0,0
160097,1,1,1992,0,0,0,0,4,0,0,0,0,0
160097,2,1,1992,0,0,0,0,0,0,0,0,0,0
160098,1,1,1992,20,20,20,20,20,20,20,20,20,20
160098,2,1,1992,0,0,0,0,0,0,0,0,0,0
160099,1,1,1992,0,8,0,12,0,0,0,7,0,0
160100,1,1,1992,0,0,0,0,0,0,0,0,0,0
160100,2,1,1992,0,0,0,0,0,0,0,0,0,0
160101,1,1,1992,0,0,0,0,0,0,0,0,0,0
160102,1,1,1992,0,14,0,0,11,22,0,14,10,15
160103,1,1,1992,0,3,0,0,0,0,0,0,8,0
160103,2,1,1992,0,0,0,0,0,0,0,0,0,0
160103,3,1,1992,0,0,0,0,0,0,0,0,0,0
160104,1,1,1992,0,0,0,0,0,0,0,0,0,0