ST_CASE,VEH_NO,PER_NO,YEAR,P1,P2,P3,P4,P5,P6,P7,P8,P9,P10
170174,1,1,1992,0,0,0,0,0,0,0,0,0,0
170175,1,1,1992,12,12,12,12,12,12,12,12,12,12
170176,1,1,1992,0,0,0,0,18,0,0,0,0,0
170176,2,1,1992,0,0,0,0,0,0,0,0,0,0
170177,1,1,1992,0,0,0,0,0,0,0,0,0,0
170177,2,1,1992,0,0,0,0,0,0,0,0,0,0
170178,1,1,1992,24,0,0,15,20,0,0,0,0,15
170179,1,1,1992,21,14,28,21,13,17,17,31,27,12
170180,1,1,1992,19,19,19,19,19,19,19,19,19,19
170181,1,1,1992,0,0,0,0,0,0,0,0,0,0
170181,2,1,1992,0,0,0,0,0,0,0,0,0,0
170182,1,1,1992,12,0,0,0,0,0,0,0,0,0
170182,2,1,1992,0,0,0,0,0,0,0,0,0,0
170183,1,1,1992,0,0,0,0,0,0,0,0,0,0
170184,0,1,1992,0,0,13,0,18,0,0,0,0,11
170184,1,1,1992,0,0,0,0,0,0,0,0,0,0
170185,0,1,1992,0,0,0,0,0,0,0,0,0,0
170185,1,1,1992,0,0,0,0,0,0,0,0,0,0
170186,1,1,1992,21,21,21,21,21,21,21,21,21,21
170187,1,1,1992,14,14,14,14,14,14,14,14,14,14
170187,2,1,1992,0,0,0,0,0,0,0,0,0,0
170188,1,1,1992,0,0,0,0,0,0,0,0,0,0
170188,2,1,1992,0,6,0,0,0,0,0,0,0,9
170189,1,1,1992,12,12,12,12,12,12,12,12,12,12
170190,1,1,1992,0,0,0,0,0,0,0,0,0,0
170190,2,1,1992,0,0,0,0,0,12,0,0,0,0
170191,1,1,1992,0,0,0,0,0,0,0,0,0,0
170192,1,1,1992,0,0,0,0,0,16,7,17,19,0
170193,0,1,1992,11,11,11,11,11,11,11,11,11,11
170193,1,1,1992,0,0,0,0,0,0,0,0,0,0
170194,1,1,1992,0,0,0,0,0,0,0,22,0,0
170194,2,1,1992,0,0,0,0,0,0,0,0,0,0
170195,1,1,1992,23,23,23,23,23,23,23,23,23,23
170196,1,1,1992,0,0,0,0,0,0,0,0,0,0
170196,2,1,1992,0,0,0,0,0,0,0,0,0,0
170197,1,1,1992,19,0,0,0,0,0,0,0,0,0
170197,2,1,1992,0,0,0,0,0,0,0,0,0,0
170198,1,1,1992,12,8,26,11,22,0,7,24,14,6
170198,2,1,1992,0,0,0,0,0,0,0,0,0,0
170199,1,1,1992,0,0,0,0,0,0,0,0,0,0
170200,1,1,1992,0,0,0,5,0,5,16,0,0,0
170201,1,1,1992,8,8,8,8,8,8,8,8,8,8
170202,1,1,1992,0,0,0,0,0,0,0,0,0,0
170203,0,1,1992,6,6,6,6,6,6,6,6,6,6
170203,1,1,1992,16,16,16,16,16,16,16,16,16,16
170204,1,1,1992,11,11,11,11,11,11,11,11,11,11
170205,1,1,1992,22,22,22,22,22,22,22,22,22,22
170206,1,1,1992,13,13,13,13,13,13,13,13,13,13
170207,1,1,1992,0,0,0,10,7,0,8,10,13,0
170208,1,1,1992,26,26,26,26,26,26,26,26,26,26
170208,2,1,1992,0,0,0,0,0,0,0,0,0,0
170209,1,1,1992,25,25,25,25,25,25,25,25,25,25
170209,2,1,1992,0,0,0,0,0,0,0,0,0,0
170210,1,1,1992,28,28,28,28,28,28,28,28,28,28
170211,1,1,1992,9,0,0,0,19,0,0,0,0,29
170211,2,1,1992,0,0,0,0,0,0,0,13,0,0
170212,0,1,1992,0,0,0,0,0,0,0,0,0,0
170212,1,1,1992,13,0,0,0,0,5,0,0,0,11
170213,0,1,1992,0,0,0,0,0,0,20,0,0,0
170213,1,1,1992,0,0,0,0,0,0,0,0,0,0
170214,1,1,1992,11,22,13,0,13,0,0,12,18,8
170214,2,1,1992,0,0,0,0,0,0,0,0,0,0
170215,1,1,1992,21,21,17,0,19,22,20,4,28,14
170216,1,1,1992,19,19,19,19,19,19,19,19,19,19
170217,1,1,1992,0,7,0,0,0,0,0,0,0,27
170217,2,1,1992,0,6,0,0,0,0,0,0,0,0
170218,1,1,1992,12,12,12,12,12,12,12,12,12,12
170219,1,1,1992,0,0,0,0,0,0,0,0,0,0
170219,2,1,1992,0,0,0,0,0,0,0,0,0,0
170220,1,1,1992,10,0,0,18,0,0,4,0,7,18
170221,1,1,1992,0,0,0,0,0,0,0,0,0,0
170221,2,1,1992,0,0,0,0,0,0,0,0,0,0
170222,0,1,1992,0,0,0,0,0,0,0,0,0,0
170222,2,1,1992,0,0,0,0,0,0,0,0,0,0
170222,3,1,1992,0,0,0,0,0,0,0,0,0,0
170223,1,1,1992,0,0,0,0,0,0,0,0,0,0
170223,2,1,1992,0,0,0,0,0,0,0,0,0,0
170224,0,1,1992,0,0,0,0,0,0,0,0,0,0
170224,1,1,1992,8,8,8,8,8,8,8,8,8,8
170224,2,1,1992,0,0,0,8,10,9,0,0,0,16
170225,0,1,1992,0,0,0,0,0,0,0,0,0,0
170225,1,1,1992,7,7,7,7,7,7,7,7,7,7
170226,1,1,1992,0,0,0,0,0,0,0,0,0,0
170226,2,1,1992,0,0,0,0,0,0,0,0,0,0
170227,0,1,1992,16,16,16,16,16,16,16,16,16,16
170227,1,1,1992,0,0,0,0,0,0,0,0,0,0
170228,1,1,1992,20,20,20,20,20,20,20,20,20,20
170228,2,1,1992,0,4,16,15,0,0,8,13,0,5
170228,3,1,1992,0,12,0,11,0,0,5,0,20,0
170229,1,1,1992,15,15,15,15,15,15,15,15,15,15
170230,1,1,1992,22,22,22,22,22,22,22,22,22,22
170230,2,1,1992,0,13,7,13,14,0,14,0,9,0
170231,1,1,1992,15,15,15,15,15,15,15,15,15,15
170231,2,1,1992,0,18,0,0,0,0,0,0,0,0
170232,1,1,1992,0,0,0,0,0,0,0,0,0,0
170232,2,1,1992,0,0,0,0,0,0,0,0,0,0
170233,1,1,1992,0,0,0,0,0,0,0,0,0,0
170234,1,1,1992,19,19,19,19,19,19,19,19,19,19
170235,1,1,1992,14,14,14,14,14,14,14,14,14,14
170236,1,1,1992,0,0,0,0,0,0,0,0,0,0
170236,2,1,1992,0,0,0,0,0,0,0,0,0,0
170236,3,1,1992,0,0,0,0,0,0,0,0,0,0
170237,1,1,1992,0,0,0,0,0,0,0,0,0,0
170237,2,1,1992,0,0,0,0,0,0,0,0,0,0
170237,3,1,1992,0,17,0,0,0,0,0,0,0,18
170238,1,1,1992,0,0,0,0,0,0,0,0,0,0
170239,1,1,1992,0,0,0,0,0,0,0,0,0,0
170239,2,1,1992,0,0,0,0,0,0,8,0,0,0
170239,3,1,1992,20,20,6,1,0,23,0,0,0,0
170240,1,1,1992,0,0,0,0,0,0,0,0,0,0
170241,1,1,1992,25,25,25,25,25,25,25,25,25,25
170242,1,1,1992,0,0,0,0,0,0,0,0,0,0
170243,1,1,1992,5,5,5,5,5,5,5,5,5,5
170244,1,1,1992,0,0,0,0,0,0,0,0,0,0
170245,1,1,1992,24,24,24,24,24,24,24,24,24,24
170245,2,1,1992,0,0,0,0,0,0,0,0,0,0
170246,1,1,1992,30,30,30,30,30,30,30,30,30,30
170247,1,1,1992,26,26,26,26,26,26,26,26,26,26
170248,1,1,1992,0,0,0,0,20,0,21,0,15,0
170248,2,1,1992,9,0,0,0,0,0,0,0,11,0
170249,1,1,1992,0,0,0,0,0,0,0,0,0,0
170249,2,1,1992,0,0,0,0,0,0,0,0,0,0
170250,1,1,1992,17,36,4,24,14,8,0,0,0,25
170251,1,1,1992,19,19,19,19,19,19,19,19,19,19
170252,1,1,1992,0,0,0,0,0,0,0,0,0,0
170252,2,1,1992,0,0,0,0,0,0,0,0,0,0
170252,3,1,1992,0,0,0,0,0,0,0,0,0,0
170253,0,1,1992,27,27,27,27,27,27,27,27,27,27
170253,1,1,1992,0,0,0,0,0,0,0,0,0,0
170254,1,1,1992,0,0,0,0,0,19,18,0,0,17
170254,2,1,1992,0,0,6,0,6,0,0,17,0,13
170255,1,1,1992,16,16,16,16,16,16,16,16,16,16
170256,1,1,1992,0,22,16,24,11,18,17,13,19,22
170257,1,1,1992,15,15,15,15,15,15,15,15,15,15
170258,1,1,1992,6,17,26,13,15,7,18,0,8,13
170259,1,1,1992,0,0,0,0,0,0,0,0,0,0
170259,2,1,1992,0,0,0,0,0,0,0,0,0,0
170260,1,1,1992,0,0,0,0,0,0,0,0,0,0
170261,1,1,1992,9,3,10,0,18,12,7,12,8,6
170262,0,1,1992,0,0,0,0,0,0,0,0,0,0
170262,1,1,1992,0,0,0,0,0,0,0,0,0,0
170263,1,1,1992,7,0,10,13,17,0,13,7,9,15
170263,2,1,1992,10,10,10,10,10,10,10,10,10,10
170264,1,1,1992,0,0,0,0,0,0,0,0,0,0
170264,2,1,1992,0,0,0,0,0,0,0,0,0,0
170265,1,1,1992,0,0,0,0,0,0,0,0,0,0
170266,1,1,1992,0,0,0,0,0,0,0,0,0,0
170266,2,1,1992,0,0,0,0,0,0,0,0,0,0
170267,1,1,1992,0,0,0,0,0,0,0,0,0,0
170268,1,1,1992,0,0,0,0,0,0,0,0,0,0
170268,2,1,1992,0,0,0,0,0,0,0,0,0,0
170269,1,1,1992,0,0,0,0,0,0,0,0,0,0
170269,2,1,1992,0,0,0,0,0,0,0,0,0,0
170270,1,1,1992,0,0,0,0,0,0,0,0,0,0
170271,0,1,1992,0,0,0,0,0,0,0,0,0,0
170271,1,1,1992,0,0,0,0,0,0,0,0,0,0
170272,1,1,1992,5,0,0,0,0,0,0,0,0,0
170272,2,1,1992,0,0,0,0,0,0,0,0,0,0
170273,1,1,1992,21,21,21,21,21,21,21,21,21,21
170274,1,1,1992,0,0,0,0,0,0,0,0,0,0
170274,2,1,1992,0,0,0,0,0,0,0,0,0,0
170275,1,1,1992,0,0,0,0,0,0,0,0,0,0
170275,2,1,1992,0,0,0,0,0,0,0,0,23,0
170276,0,1,1992,0,0,0,0,0,0,0,0,0,0
170276,1,1,1992,0,0,0,0,0,18,0,0,0,0
170277,0,1,1992,0,0,0,0,0,0,0,0,0,0
170277,0,2,1992,0,0,0,0,0,0,0,0,0,0
170277,1,1,1992,10,30,12,13,16,19,14,10,10,7
170278,1,1,1992,0,0,0,0,0,0,0,0,0,0
170279,1,1,1992,0,0,0,0,0,0,0,0,0,0
170279,2,1,1992,0,0,0,0,0,0,0,0,0,0
170280,1,1,1992,0,0,0,0,0,0,0,0,0,0
170280,2,1,1992,0,0,0,0,0,0,0,0,0,0
170281,1,1,1992,21,21,21,21,21,21,21,21,21,21
170282,1,1,1992,15,15,15,15,15,15,15,15,15,15
170283,1,1,1992,25,25,25,25,25,25,25,25,25,25
170284,1,1,1992,21,21,21,21,21,21,21,21,21,21
170284,2,1,1992,7,7,7,7,7,7,7,7,7,7
170285,1,1,1992,0,0,0,0,0,0,0,0,0,0
170285,2,1,1992,0,0,0,0,0,0,0,0,0,0
170285,3,1,1992,0,0,0,0,9,0,0,0,0,0
170286,1,1,1992,0,0,0,0,0,0,0,0,0,0
170286,2,1,1992,0,0,0,0,0,0,0,0,0,0
170287,1,1,1992,0,0,11,0,0,0,0,0,0,0
170287,2,1,1992,0,8,15,0,16,12,9,22,0,11
170288,1,1,1992,0,0,0,0,0,0,0,0,0,0
170288,2,1,1992,0,0,0,0,0,0,0,0,0,0
170289,0,1,1992,0,0,0,0,0,0,0,0,0,0
170289,1,1,1992,0,0,0,0,0,0,0,0,0,0
170291,1,1,1992,24,24,24,24,24,24,24,24,24,24
170292,1,1,1992,0,0,0,0,0,0,0,0,0,0
170292,2,1,1992,0,0,0,0,0,0,0,0,0,0
170293,1,1,1992,5,5,5,5,5,5,5,5,5,5
170293,2,1,1992,1,1,1,1,1,1,1,1,1,1
170294,1,1,1992,0,0,0,0,0,0,0,0,0,0
170294,2,1,1992,0,0,0,0,0,0,0,0,0,0
170295,1,1,1992,4,4,4,4,4,4,4,4,4,4
170296,1,1,1992,8,8,8,8,8,8,8,8,8,8
170297,1,1,1992,33,33,33,33,33,33,33,33,33,33
170298,1,1,1992,27,27,27,27,27,27,27,27,27,27
170299,1,1,1992,0,0,0,0,0,0,0,0,0,9
170299,2,1,1992,0,0,0,0,0,0,0,0,0,0
170300,1,1,1992,5,5,5,5,5,5,5,5,5,5
170301,1,1,1992,22,22,22,22,22,22,22,22,22,22
170302,1,1,1992,33,33,33,33,33,33,33,33,33,33
170303,1,1,1992,27,27,27,27,27,27,27,27,27,27
170304,1,1,1992,24,24,24,24,24,24,24,24,24,24
170305,1,1,1992,0,0,0,0,0,0,0,0,0,0
170305,2,1,1992,0,0,0,0,0,0,0,0,0,0
170306,1,1,1992,0,0,0,0,0,0,0,0,0,0
170306,2,1,1992,0,0,0,0,0,0,0,0,0,0
170307,1,1,1992,11,11,11,11,11,11,11,11,11,11
170308,1,1,1992,17,17,17,17,17,17,17,17,17,17
170308,2,1,1992,1,1,1,1,1,1,1,1,1,1
170309,1,1,1992,0,0,0,0,0,0,0,0,0,0
170309,2,1,1992,0,0,0,0,0,0,0,0,0,0
170311,1,1,1992,0,0,0,0,0,0,0,0,0,0
170312,1,1,1992,0,0,0,0,0,0,0,0,0,0
170314,1,1,1992,0,0,0,0,0,0,0,0,0,0
170314,2,1,1992,0,0,0,0,0,0,0,0,0,0
170315,1,1,1992,0,0,0,0,0,0,0,0,0,0
170315,2,1,1992,0,0,0,0,0,0,0,0,0,0
170316,1,1,1992,0,0,0,0,0,0,0,0,0,0
170317,1,1,1992,0,0,0,0,0,0,0,0,0,0
170317,2,1,1992,0,0,0,0,0,0,0,0,0,0
170318,1,1,1992,16,16,16,16,16,16,16,16,16,16
170319,1,1,1992,0,0,0,0,0,0,0,0,0,0
170319,2,1,1992,0,0,0,0,0,0,0,0,0,0
170320,1,1,1992,0,0,0,0,0,0,0,0,0,0
170322,1,1,1992,0,0,0,0,0,0,0,0,0,0
170322,2,1,1992,0,0,0,0,0,0,0,0,0,0
170323,1,1,1992,0,0,0,0,0,0,0,0,0,0
170324,0,1,1992,0,0,0,0,0,0,0,0,0,0
170324,1,1,1992,0,0,0,0,0,0,0,0,0,16
170325,1,1,1992,0,22,0,0,0,0,4,11,0,8
170325,2,1,1992,4,4,4,4,4,4,4,4,4,4
170326,1,1,1992,9,9,9,9,9,9,9,9,9,9
170327,1,1,1992,10,10,10,10,10,10,10,10,10,10
170328,0,1,1992,6,6,6,6,6,6,6,6,6,6
170328,1,1,1992,0,0,0,16,0,8,7,0,0,0
170329,1,1,1992,23,23,23,23,23,23,23,23,23,23
170330,1,1,1992,2,2,2,2,2,2,2,2,2,2
170330,2,1,1992,0,0,0,0,0,0,0,0,0,0
170331,0,1,1992,36,21,0,0,0,21,10,29,18,23
170331,0,2,1992,27,35,55,13,16,14,9,4,33,3
170331,1,1,1992,0,0,0,0,0,0,0,0,0,0
170332,1,1,1992,0,0,0,0,0,0,0,0,0,7
170332,2,1,1992,0,0,0,0,0,0,0,0,0,0
170333,1,1,1992,0,0,0,0,0,0,0,0,0,0
170334,1,1,1992,0,0,10,0,0,0,6,0,0,0
170335,1,1,1992,17,17,17,17,17,17,17,17,17,17
170335,2,1,1992,0,0,0,0,22,0,0,0,13,0
170336,1,1,1992,0,0,0,0,0,0,0,0,0,0
170337,1,1,1992,37,47,17,21,31,18,9,30,12,8
170338,1,1,1992,13,13,13,13,13,13,13,13,13,13
170339,1,1,1992,26,26,26,26,26,26,26,26,26,26
170340,1,1,1992,0,0,0,0,0,0,0,0,0,0
170341,0,1,1992,11,11,11,11,11,11,11,11,11,11
170341,1,1,1992,0,0,0,27,0,0,0,0,6,0
170342,1,1,1992,21,21,21,21,21,21,21,21,21,21
170343,1,1,1992,6,6,6,6,6,6,6,6,6,6
170343,2,1,1992,8,8,8,8,8,8,8,8,8,8
170343,3,1,1992,9,9,14,0,0,0,0,10,0,0
170344,1,1,1992,0,0,0,0,0,0,0,0,0,0
170344,2,1,1992,0,0,0,0,0,0,0,0,9,0
170344,3,1,1992,0,0,0,0,0,0,0,0,0,0
170345,1,1,1992,0,0,0,0,0,0,0,0,0,0
170345,2,1,1992,0,0,0,0,0,0,0,0,0,0
170346,1,1,1992,0,0,0,0,0,8,0,0,0,0
170346,2,1,1992,0,0,0,0,0,0,0,0,0,0
170347,0,1,1992,0,0,0,0,0,0,0,0,0,0
170347,1,1,1992,0,0,0,0,0,0,0,0,0,0
170348,0,1,1992,0,0,0,0,0,0,0,0,0,0
170348,1,1,1992,0,0,0,0,0,0,0,0,0,0
170349,1,1,1992,0,0,0,0,14,0,0,0,0,0
170350,1,1,1992,0,0,0,0,0,0,0,0,0,0
170350,2,1,1992,0,0,0,0,0,18,0,0,0,0
170351,1,1,1992,0,0,0,0,0,0,0,0,0,0
170352,1,1,1992,15,15,15,15,15,15,15,15,15,15
170353,1,1,1992,0,0,0,0,0,0,0,0,0,0
170354,1,1,1992,0,0,0,0,0,0,0,0,0,0
170354,2,1,1992,0,0,0,0,0,0,0,0,0,0
170355,1,1,1992,20,20,20,20,20,20,20,20,20,20
170356,1,1,1992,0,0,0,0,0,0,0,0,0,0
170356,2,1,1992,0,0,0,0,0,0,0,0,0,0
170356,3,1,1992,0,0,0,0,0,0,0,0,0,0
170357,0,1,1992,0,0,0,0,0,0,0,0,0,0
170357,0,2,1992,0,0,0,0,0,0,0,0,0,0
170357,0,3,1992,0,0,0,0,0,0,0,0,0,0
170357,0,4,1992,0,0,0,0,0,0,0,0,0,0
170357,0,5,1992,0,0,0,0,0,0,0,0,0,0
170357,0,6,1992,0,0,0,0,0,0,0,0,0,0
170357,0,7,1992,0,0,0,0,0,0,0,0,0,0
170357,0,8,1992,0,0,0,0,0,0,0,0,0,0
170357,0,9,1992,0,0,0,0,0,0,0,0,0,0
170357,0,10,1992,0,0,0,0,0,0,0,0,0,0
170357,0,11,1992,0,0,0,0,0,0,0,0,0,0
170357,0,12,1992,0,0,0,0,0,0,0,0,0,0
170357,0,13,1992,0,0,0,0,0,0,0,0,0,0
170357,0,14,1992,0,0,0,0,0,0,0,0,0,0
170357,0,15,1992,0,0,0,0,0,14,0,0,0,0
170357,0,16,1992,0,0,0,0,0,0,0,0,0,0
170357,0,17,1992,0,0,0,0,0,0,0,0,0,0
170357,0,18,1992,0,0,0,0,0,0,0,0,0,0
170357,0,19,1992,0,0,0,0,0,0,0,0,0,0
170357,0,20,1992,0,0,0,0,0,0,0,0,0,0
170357,0,21,1992,0,0,0,0,0,0,0,0,0,0
170357,0,22,1992,0,0,0,0,0,0,0,0,0,0
170357,0,23,1992,0,0,0,0,0,0,0,0,0,0
170357,0,24,1992,0,0,0,0,0,0,0,0,0,0
170357,0,25,1992,0,0,0,0,0,0,0,0,0,0
170357,0,26,1992,0,0,0,0,0,0,0,0,0,0
170357,0,27,1992,0,0,0,0,0,0,0,0,0,0
170357,0,28,1992,0,0,27,0,0,0,0,0,0,0
170357,0,29,1992,0,0,0,0,0,0,0,0,0,0
170357,0,30,1992,0,0,0,0,0,0,0,0,0,0
170357,0,31,1992,0,0,0,0,0,0,0,0,0,0
170357,0,32,1992,0,0,0,0,0,0,0,0,0,0
170357,0,33,1992,0,0,0,0,0,0,0,0,0,0
170357,0,34,1992,0,0,0,0,0,0,0,0,0,0
170357,0,35,1992,0,0,0,0,0,0,0,0,0,0
170357,0,36,1992,0,0,0,0,0,0,0,0,0,0
170357,0,37,1992,0,0,0,0,2,16,0,0,0,0
170357,0,38,1992,0,0,0,0,0,0,0,0,0,0
170357,0,39,1992,0,0,0,0,0,0,0,0,0,0
170357,0,40,1992,0,0,0,0,0,0,0,0,0,0
170357,0,41,1992,0,0,0,0,0,0,0,0,0,0
170357,0,42,1992,0,0,0,0,0,0,0,0,0,0
170357,0,43,1992,0,0,0,0,0,0,0,0,0,0
170357,0,44,1992,0,0,0,0,0,0,0,0,0,0
170357,0,45,1992,0,0,0,0,0,0,0,0,0,0
170357,0,46,1992,0,0,0,0,0,0,0,0,0,0
170357,0,47,1992,0,0,0,0,0,0,0,0,0,0
170357,0,48,1992,0,0,0,0,0,0,0,0,0,0
170357,0,49,1992,0,0,0,0,0,0,0,0,0,0
170357,0,50,1992,0,0,0,0,0,0,0,0,0,0
170357,0,51,1992,0,0,0,0,0,0,0,0,0,0
170357,0,52,1992,0,0,0,0,0,0,0,0,0,0
170357,0,53,1992,0,0,0,0,0,0,0,0,0,0
170357,0,54,1992,0,0,0,0,0,0,0,0,0,0
170357,0,55,1992,0,0,0,0,0,0,0,0,0,0
170357,0,56,1992,0,0,0,0,0,0,0,0,0,0
170357,0,57,1992,0,0,0,0,0,0,0,0,0,0
170357,0,58,1992,0,0,0,0,0,0,0,0,0,0
170357,0,59,1992,0,0,0,0,0,0,0,0,0,0
170357,0,60,1992,0,0,0,0,0,0,0,0,0,0
170357,0,61,1992,0,0,0,0,0,0,0,0,0,0
170357,0,62,1992,0,0,0,0,0,0,0,0,0,0
170357,0,63,1992,0,0,0,0,0,0,0,0,0,0
170357,0,64,1992,0,0,0,0,0,0,0,0,0,0
170357,0,65,1992,0,0,0,0,0,0,0,0,0,0
170357,0,66,1992,0,0,0,0,0,0,0,0,0,0
170357,0,67,1992,0,0,0,0,0,0,0,0,0,0
170357,0,68,1992,0,0,0,0,0,0,0,0,0,0
170357,0,69,1992,0,0,0,0,0,0,0,0,0,0
170357,0,70,1992,0,0,0,0,0,0,0,0,0,0
170357,0,71,1992,0,0,0,0,0,0,0,0,0,0
170357,0,72,1992,0,0,0,0,0,0,0,0,0,0
170357,0,73,1992,0,0,0,0,0,0,0,0,0,0
170357,0,74,1992,0,0,0,0,0,0,0,0,0,0
170357,0,75,1992,0,0,0,0,0,0,0,0,0,0
170357,0,76,1992,0,0,0,0,0,0,0,0,0,0
170357,0,77,1992,0,0,0,0,0,0,0,0,0,0
170357,0,78,1992,0,0,0,0,0,0,0,0,0,0
170357,0,79,1992,0,0,0,0,0,0,0,0,0,0
170357,1,1,1992,0,0,0,0,0,0,4,0,0,0
170358,1,1,1992,0,0,0,0,0,0,0,0,0,21
170358,2,1,1992,19,0,21,0,0,0,0,0,0,22
170359,0,1,1992,0,0,0,0,0,0,0,0,0,0
170359,1,1,1992,0,0,0,0,0,0,9,0,0,0
170360,1,1,1992,17,17,17,17,17,17,17,17,17,17
170361,1,1,1992,0,0,0,0,0,0,0,0,0,0
170362,1,1,1992,0,0,0,0,0,0,0,0,0,0
170362,2,1,1992,0,0,0,0,0,0,0,0,0,0
170363,1,1,1992,0,0,0,0,0,0,0,0,0,0
170363,2,1,1992,0,0,0,0,0,0,0,0,0,0
170364,0,1,1992,27,27,27,27,27,27,27,27,27,27
170364,1,1,1992,0,0,0,0,0,0,0,0,0,0
170365,1,1,1992,24,24,24,24,24,24,24,24,24,24
170366,1,1,1992,22,13,38,19,20,18,18,26,33,15
170367,1,1,1992,11,11,11,11,11,11,11,11,11,11
170368,1,1,1992,17,17,17,17,17,17,17,17,17,17
170368,2,1,1992,0,0,0,0,0,16,0,0,0,0
170369,0,1,1992,17,17,17,17,17,17,17,17,17,17
170369,1,1,1992,0,0,0,0,0,0,0,0,0,0
170370,1,1,1992,25,25,25,25,25,25,25,25,25,25
170371,1,1,1992,0,0,0,0,0,0,0,0,0,0
170371,2,1,1992,0,4,0,0,0,0,0,0,0,0
170372,1,1,1992,0,0,0,0,0,0,0,0,0,0
170373,0,1,1992,0,0,0,0,0,0,0,0,0,0
170373,1,1,1992,0,0,0,24,0,0,0,0,0,0
170374,1,1,1992,0,0,0,0,0,0,0,0,0,0
170374,2,1,1992,0,0,0,0,0,0,0,0,0,0
170375,1,1,1992,0,0,0,0,0,0,0,0,0,0
170375,2,1,1992,5,5,5,5,5,5,5,5,5,5
170375,3,1,1992,0,0,0,0,17,0,0,0,0,0
170376,1,1,1992,0,0,0,0,0,0,0,0,0,0
170376,2,1,1992,5,5,5,5,5,5,5,5,5,5
170377,1,1,1992,25,25,25,25,25,25,25,25,25,25
170377,2,1,1992,0,0,0,16,0,0,0,0,0,0
170378,1,1,1992,0,0,0,0,0,0,0,0,0,0
170378,2,1,1992,0,0,0,0,0,0,0,0,0,0
170379,1,1,1992,18,18,18,18,18,18,18,18,18,18
170379,2,1,1992,15,15,15,15,15,15,15,15,15,15
170380,1,1,1992,14,36,18,16,13,26,26,24,21,25
170381,1,1,1992,15,15,15,15,15,15,15,15,15,15
170382,1,1,1992,12,12,12,12,12,12,12,12,12,12
170383,1,1,1992,17,17,17,17,17,17,17,17,17,17
170384,0,1,1992,0,13,0,5,0,33,0,10,32,18
170384,1,1,1992,0,2,0,0,0,0,0,0,9,0
170385,1,1,1992,0,0,0,0,0,0,0,0,0,0
170385,2,1,1992,0,0,0,0,0,0,0,0,0,0
170385,3,1,1992,0,0,0,0,0,0,0,0,0,0
170386,1,1,1992,17,17,17,17,17,17,17,17,17,17
170387,1,1,1992,28,28,28,28,28,28,28,28,28,28
170388,1,1,1992,0,0,0,0,0,0,0,0,0,0
170388,2,1,1992,0,0,0,0,0,0,0,0,0,0
170389,1,1,1992,0,0,0,0,0,0,0,0,0,0
170390,1,1,1992,0,0,0,0,0,0,0,0,0,0
170391,1,1,1992,36,36,36,36,36,36,36,36,36,36
170392,1,1,1992,0,0,0,0,0,0,0,0,0,0
170393,1,1,1992,20,20,20,20,20,20,20,20,20,20
170394,1,1,1992,20,20,20,20,20,20,20,20,20,20
170395,1,1,1992,0,0,0,0,0,0,0,0,0,0
170395,2,1,1992,0,0,0,0,0,0,0,0,0,0
170396,1,1,1992,0,0,0,0,0,0,0,0,0,0
170396,2,1,1992,16,0,0,0,0,0,0,0,0,0
170397,1,1,1992,22,9,22,30,0,0,0,14,0,23
170398,0,1,1992,0,0,0,0,0,0,0,0,0,0
170398,2,1,1992,0,0,0,0,0,0,0,0,0,0
170399,1,1,1992,0,0,0,0,0,0,0,0,0,0
170400,1,1,1992,22,22,22,22,22,22,22,22,22,22
170401,1,1,1992,8,8,8,8,8,8,8,8,8,8
170402,1,1,1992,0,0,0,0,0,0,0,0,0,0
170403,1,1,1992,0,0,0,0,0,0,0,0,0,0
170403,2,1,1992,0,0,0,0,0,0,0,0,0,0
170404,1,1,1992,0,0,0,0,0,0,0,0,0,0
170404,2,1,1992,0,0,0,0,0,0,0,0,0,0
170404,3,1,1992,0,0,0,0,0,0,0,0,0,0
170405,1,1,1992,0,0,0,0,0,0,0,0,0,0
170405,2,1,1992,0,0,0,0,0,0,0,0,0,0
170406,1,1,1992,0,0,0,0,0,0,0,0,0,0
170407,0,1,1992,24,24,24,24,24,24,24,24,24,24
170407,1,1,1992,0,0,0,0,0,0,0,0,0,0
170408,1,1,1992,18,18,18,18,18,18,18,18,18,18
170408,2,1,1992,0,0,0,0,14,28,0,0,0,27
170409,1,1,1992,0,0,0,0,0,0,0,0,0,0
170409,2,1,1992,0,0,0,0,0,0,0,0,0,0
170410,1,1,1992,0,0,13,9,16,0,14,0,15,8
170411,0,1,1992,0,0,0,0,0,0,0,0,0,0
170411,1,1,1992,0,0,0,0,0,0,0,0,0,0
170412,1,1,1992,0,0,0,0,0,0,0,0,0,0
170412,2,1,1992,6,0,15,0,20,10,12,19,0,0
170413,1,1,1992,10,20,0,9,7,14,24,0,16,0
170414,1,1,1992,6,20,9,0,0,0,0,0,11,0
170414,2,1,1992,14,0,0,21,0,0,0,3,10,0
170415,0,1,1992,28,0,12,17,36,26,5,23,20,0
170415,1,1,1992,0,17,0,0,0,0,4,0,0,0