ST_CASE,VEH_NO,PER_NO,YEAR,P1,P2,P3,P4,P5,P6,P7,P8,P9,P10
170416,1,1,1992,17,17,17,17,17,17,17,17,17,17
170417,1,1,1992,31,0,0,0,20,0,10,20,0,0
170418,1,1,1992,15,15,15,15,15,15,15,15,15,15
170419,1,1,1992,23,23,23,23,23,23,23,23,23,23
170420,1,1,1992,21,31,7,27,10,0,0,16,0,0
170421,1,1,1992,0,0,0,0,0,0,0,0,0,0
170422,0,1,1992,0,0,10,11,0,0,19,17,20,17
170422,1,1,1992,0,0,0,0,0,0,0,0,20,0
170423,1,1,1992,24,22,35,13,30,27,31,0,20,10
170424,0,1,1992,14,28,45,15,0,0,0,0,0,0
170424,1,1,1992,0,6,0,23,0,0,0,20,10,6
170425,1,1,1992,9,28,23,0,0,20,18,30,24,0
170427,1,1,1992,21,21,21,21,21,21,21,21,21,21
170428,1,1,1992,0,0,0,0,0,0,0,0,0,0
170429,1,1,1992,31,17,14,17,35,26,21,21,14,19
170430,0,1,1992,2,2,2,2,2,2,2,2,2,2
170430,1,1,1992,0,0,0,0,0,0,0,0,0,0
170431,0,1,1992,16,0,0,0,0,0,0,0,0,0
170431,1,1,1992,0,0,0,0,0,0,0,0,0,0
170432,0,1,1992,0,0,0,0,0,0,0,0,0,0
170432,1,1,1992,0,0,0,0,0,0,0,0,0,0
170433,1,1,1992,18,18,18,18,18,18,18,18,18,18
170433,2,1,1992,0,0,0,0,0,0,0,0,0,0
170434,1,1,1992,13,13,13,13,13,13,13,13,13,13
170434,2,1,1992,1,1,1,1,1,1,1,1,1,1
170435,1,1,1992,14,10,11,7,0,12,0,6,0,9
170436,0,1,1992,26,26,26,26,26,26,26,26,26,26
170436,1,1,1992,0,0,0,0,0,0,0,0,0,0
170436,2,1,1992,0,0,0,12,0,0,0,0,0,0
170437,1,1,1992,18,18,18,18,18,18,18,18,18,18
170439,1,1,1992,14,14,14,14,14,14,14,14,14,14
170440,1,1,1992,19,19,19,19,19,19,19,19,19,19
170440,2,1,1992,0,0,0,0,0,0,0,0,0,0
170441,0,1,1992,0,0,0,0,0,0,0,0,0,0
170441,1,1,1992,13,13,13,13,13,13,13,13,13,13
170442,0,1,1992,18,18,18,18,18,18,18,18,18,18
170442,1,1,1992,0,0,0,0,0,0,0,0,0,0
170444,1,1,1992,0,0,0,0,0,0,0,0,0,0
170444,2,1,1992,0,0,0,0,0,0,0,0,0,0
170445,1,1,1992,0,0,0,0,0,0,0,0,0,0
170445,2,1,1992,0,0,0,0,0,0,0,0,0,0
170445,3,1,1992,0,0,0,0,0,0,0,0,0,0
170446,0,1,1992,0,0,0,0,0,0,0,0,0,0
170446,1,1,1992,0,0,0,0,0,0,0,0,0,0
170447,1,1,1992,10,10,10,10,10,10,10,10,10,10
170447,2,1,1992,0,0,0,0,0,0,0,0,0,0
170448,1,1,1992,0,0,0,0,0,0,0,0,0,0
170448,2,1,1992,0,0,0,0,0,0,0,0,0,0
170449,1,1,1992,0,0,0,0,0,0,0,0,0,0
170449,2,1,1992,0,0,0,0,0,0,0,0,0,0
170450,1,1,1992,0,0,0,0,0,0,0,0,0,0
170450,2,1,1992,0,0,0,0,0,0,0,0,0,0
170451,1,1,1992,7,7,7,7,7,7,7,7,7,7
170451,2,1,1992,0,0,0,0,0,0,0,0,16,0
170452,1,1,1992,13,13,13,13,13,13,13,13,13,13
170452,2,1,1992,0,0,0,0,0,0,0,0,0,13
170453,1,1,1992,0,0,0,0,0,0,0,0,0,0
170454,1,1,1992,14,14,14,14,14,14,14,14,14,14
170455,1,1,1992,0,0,0,0,0,0,0,0,0,0
170455,2,1,1992,0,0,0,0,0,0,0,0,0,0
170456,1,1,1992,0,11,25,10,0,8,8,0,12,19
170457,1,1,1992,0,0,0,0,0,0,0,0,0,0
170458,1,1,1992,0,0,0,18,0,0,0,10,13,0
170459,1,1,1992,9,9,9,9,9,9,9,9,9,9
170459,2,1,1992,0,0,0,0,0,0,0,0,0,0
170460,1,1,1992,3,3,3,3,3,3,3,3,3,3
170461,1,1,1992,0,0,0,0,0,0,0,0,0,0
170461,2,1,1992,0,0,0,0,0,0,0,0,0,0
170462,1,1,1992,21,21,21,21,21,21,21,21,21,21
170462,2,1,1992,0,0,0,0,0,0,0,0,0,0
170463,1,1,1992,0,0,0,0,0,0,0,0,0,0
170464,1,1,1992,0,0,0,0,0,0,0,0,0,0
170464,2,1,1992,0,0,0,0,0,0,0,0,0,0
170465,1,1,1992,0,0,0,0,0,0,0,0,0,0
170465,2,1,1992,0,0,0,0,0,0,0,0,0,0
170466,1,1,1992,0,0,8,0,9,0,13,0,0,0
170466,2,1,1992,0,0,0,0,0,0,0,0,0,0
170467,0,1,1992,30,30,30,30,30,30,30,30,30,30
170467,1,1,1992,0,0,0,0,0,0,0,0,0,0
170468,1,1,1992,28,26,39,13,30,24,10,20,10,15
170469,1,1,1992,0,0,0,0,0,0,0,0,0,0
170469,2,1,1992,0,0,0,0,0,0,0,0,0,0
170470,1,1,1992,16,16,16,16,16,16,16,16,16,16
170470,2,1,1992,0,15,0,0,0,0,0,13,0,0
170471,1,1,1992,0,0,0,0,0,0,0,0,0,0
170471,2,1,1992,0,0,0,0,0,0,0,0,0,0
170472,1,1,1992,0,0,0,0,0,0,0,0,0,0
170472,2,1,1992,7,0,0,0,0,0,0,0,0,0
170473,1,1,1992,0,22,0,0,0,12,0,0,13,26
170473,2,1,1992,0,0,0,0,0,0,0,0,0,0
170474,1,1,1992,29,29,29,29,29,29,29,29,29,29
170474,2,1,1992,0,0,0,0,10,0,5,0,0,0
170475,1,1,1992,39,39,39,39,39,39,39,39,39,39
170476,1,1,1992,20,20,20,20,20,20,20,20,20,20
170477,1,1,1992,0,0,0,0,0,0,0,0,0,0
170477,2,1,1992,0,0,0,0,0,0,0,0,0,0
170478,1,1,1992,23,23,23,23,23,23,23,23,23,23
170479,1,1,1992,0,0,0,0,0,0,0,0,0,0
170479,2,1,1992,0,0,0,0,0,0,0,0,0,0
170480,1,1,1992,0,0,0,0,0,0,0,0,0,0
170480,2,1,1992,0,0,0,0,0,0,0,0,0,0
170480,3,1,1992,8,0,0,0,0,3,0,0,0,0
170481,1,1,1992,23,23,23,23,23,23,23,23,23,23
170482,1,1,1992,19,19,19,19,19,19,19,19,19,19
170483,1,1,1992,15,15,15,15,15,15,15,15,15,15
170483,2,1,1992,0,0,0,0,0,0,0,0,0,0
170484,1,1,1992,23,23,23,23,23,23,23,23,23,23
170484,2,1,1992,8,8,5,8,10,32,17,17,16,6
170485,1,1,1992,14,14,14,14,14,14,14,14,14,14
170486,1,1,1992,1,1,1,1,1,1,1,1,1,1
170488,1,1,1992,0,0,0,0,0,0,0,0,0,0
170489,1,1,1992,5,5,5,5,5,5,5,5,5,5
170490,1,1,1992,14,14,14,14,14,14,14,14,14,14
170490,2,1,1992,0,0,0,9,0,0,0,22,0,0
170491,1,1,1992,0,0,0,0,0,0,0,0,0,0
170492,0,1,1992,0,0,0,0,0,0,0,0,0,0
170492,0,2,1992,0,40,0,0,0,0,0,0,0,0
170492,1,1,1992,10,14,16,0,3,0,10,17,25,23
170493,1,1,1992,10,10,10,10,10,10,10,10,10,10
170494,1,1,1992,0,0,0,0,0,0,0,0,0,0
170495,0,1,1992,5,5,5,5,5,5,5,5,5,5
170495,1,1,1992,0,0,0,0,0,0,9,0,0,0
170496,1,1,1992,11,11,11,11,11,11,11,11,11,11
170497,1,1,1992,21,21,21,21,21,21,21,21,21,21
170498,1,1,1992,4,4,4,4,4,4,4,4,4,4
170499,1,1,1992,8,0,10,0,0,0,0,0,16,24
170500,0,1,1992,42,42,42,42,42,42,42,42,42,42
170500,1,1,1992,1,1,1,1,1,1,1,1,1,1
170501,1,1,1992,0,0,0,0,0,0,0,0,0,0
170501,2,1,1992,0,0,0,0,0,0,0,0,0,0
170502,1,1,1992,0,0,0,0,0,0,0,0,0,0
170502,2,1,1992,8,8,8,8,8,8,8,8,8,8
170504,1,1,1992,0,0,0,0,0,0,11,0,7,7
170505,1,1,1992,23,23,23,23,23,23,23,23,23,23
170506,1,1,1992,0,0,0,0,0,0,0,0,0,0
170506,2,1,1992,0,0,9,0,26,0,0,0,0,0
170507,1,1,1992,0,0,0,0,0,0,0,0,0,0
170507,2,1,1992,0,0,0,0,0,0,0,0,0,0
170507,3,1,1992,0,0,0,0,0,0,0,0,0,0
170507,4,1,1992,0,0,0,0,0,0,0,0,0,0
170508,1,1,1992,20,20,20,20,20,20,20,20,20,20
170509,1,1,1992,0,0,0,0,0,0,0,0,0,0
170509,2,1,1992,0,0,0,0,0,0,0,0,0,0
170510,1,1,1992,4,4,4,4,4,4,4,4,4,4
170511,0,1,1992,0,0,0,0,0,0,0,0,0,0
170511,1,1,1992,0,0,0,0,0,0,0,0,0,0
170512,1,1,1992,0,0,0,0,0,0,0,0,0,0
170512,2,1,1992,0,0,0,0,0,0,0,0,0,0
170513,1,1,1992,0,0,0,0,0,0,0,0,0,0
170513,2,1,1992,0,0,0,0,0,0,0,0,0,0
170514,1,1,1992,21,15,0,24,15,9,9,26,14,19
170514,2,1,1992,0,0,0,8,0,0,15,0,0,0
170515,1,1,1992,0,15,7,0,0,0,0,3,0,0
170516,1,1,1992,0,0,0,0,0,0,0,0,0,0
170516,2,1,1992,0,0,0,0,0,0,0,0,0,0
170517,1,1,1992,0,0,0,0,0,0,0,0,0,0
170518,0,1,1992,0,0,0,0,0,0,0,0,0,0
170518,1,1,1992,0,0,0,0,0,0,0,0,0,0
170519,1,1,1992,26,26,26,26,26,26,26,26,26,26
170520,1,1,1992,0,0,0,0,0,0,0,0,0,0
170520,2,1,1992,0,0,13,0,0,0,0,0,0,0
170521,1,1,1992,0,0,0,0,0,0,0,0,0,0
170522,0,1,1992,0,0,0,0,0,0,0,0,0,0
170522,1,1,1992,0,0,0,0,0,0,0,0,0,0
170523,0,1,1992,0,0,0,0,0,0,0,0,0,0
170523,1,1,1992,0,0,0,0,0,0,0,0,0,0
170524,1,1,1992,0,0,7,0,0,0,0,0,0,0
170524,2,1,1992,0,0,0,0,0,0,0,0,11,0
170525,1,1,1992,0,0,0,0,0,0,0,0,0,0
170525,2,1,1992,0,0,0,0,15,0,0,0,0,0
170526,0,1,1992,0,0,0,0,0,11,0,0,12,0
170526,1,1,1992,11,2,19,23,0,0,0,8,13,24
170527,1,1,1992,0,0,0,0,0,0,0,0,0,0
170527,2,1,1992,0,0,0,0,0,0,0,0,0,0
170528,1,1,1992,20,20,20,20,20,20,20,20,20,20
170529,1,1,1992,0,0,0,0,0,0,0,0,0,0
170530,0,1,1992,33,33,33,33,33,33,33,33,33,33
170530,1,1,1992,15,15,15,15,15,15,15,15,15,15
170531,0,1,1992,0,0,0,0,0,0,0,0,0,0
170531,1,1,1992,0,0,0,0,0,0,0,0,0,0
170532,1,1,1992,15,15,15,15,15,15,15,15,15,15
170533,1,1,1992,0,16,0,0,0,16,5,0,2,0
170533,2,1,1992,8,8,8,8,8,8,8,8,8,8
170534,1,1,1992,14,16,24,7,16,14,19,4,16,12
170535,1,1,1992,1,1,1,1,1,1,1,1,1,1
170536,1,1,1992,0,0,0,0,0,0,0,0,0,0
170537,0,1,1992,0,0,0,0,0,0,0,0,0,0
170537,1,1,1992,0,12,0,0,2,0,0,0,0,12
170538,1,1,1992,17,17,17,17,17,17,17,17,17,17
170539,1,1,1992,9,9,9,9,9,9,9,9,9,9
170539,2,1,1992,0,0,0,0,0,0,0,0,0,0
170540,1,1,1992,17,17,17,17,17,17,17,17,17,17
170541,0,1,1992,0,0,0,0,0,0,0,0,0,0
170541,1,1,1992,0,0,0,0,0,0,0,0,0,0
170542,1,1,1992,0,0,0,0,0,0,0,0,0,0
170542,2,1,1992,0,11,0,0,0,0,11,0,0,0
170543,1,1,1992,0,0,0,0,0,0,0,0,0,0
170543,2,1,1992,0,0,0,0,0,0,0,0,0,0
170544,1,1,1992,11,13,20,0,11,0,5,8,8,20
170544,2,1,1992,0,0,0,0,24,0,18,0,0,0
170545,0,1,1992,6,6,6,6,6,6,6,6,6,6
170545,1,1,1992,0,0,0,0,0,0,0,0,0,0
170545,2,1,1992,0,0,0,0,0,0,0,0,0,0
170546,1,1,1992,13,13,13,13,13,13,13,13,13,13
170547,1,1,1992,0,0,0,0,0,0,0,0,0,0
170548,1,1,1992,0,0,0,0,0,0,0,0,0,0
170549,0,1,1992,0,0,0,0,0,0,0,0,0,0
170549,1,1,1992,0,0,0,0,0,0,0,0,0,0
170550,0,1,1992,0,16,0,0,0,0,0,0,0,0
170550,1,1,1992,0,0,0,0,0,0,0,0,0,0
170551,1,1,1992,0,0,0,0,0,0,0,0,0,0
170551,2,1,1992,0,0,0,0,0,0,0,0,0,0
170552,1,1,1992,0,0,0,0,0,0,0,0,0,0
170552,2,1,1992,0,0,0,0,0,0,0,0,0,0
170552,3,1,1992,0,0,0,0,0,0,0,0,0,0
170553,1,1,1992,4,4,4,4,4,4,4,4,4,4
170554,1,1,1992,0,0,0,0,0,0,0,0,0,0
170555,1,1,1992,36,36,36,36,36,36,36,36,36,36
170556,1,1,1992,12,12,12,12,12,12,12,12,12,12
170557,0,1,1992,0,0,0,0,0,0,0,0,0,0
170557,1,1,1992,0,0,0,0,0,0,0,0,0,0
170558,0,1,1992,42,42,42,42,42,42,42,42,42,42
170558,1,1,1992,0,0,0,0,0,0,0,0,0,0
170559,1,1,1992,0,0,0,0,0,0,0,0,0,0
170560,1,1,1992,0,0,0,0,0,0,0,0,0,0
170560,2,1,1992,0,0,0,0,0,0,0,0,0,0
170561,0,1,1992,6,6,6,6,6,6,6,6,6,6
170561,1,1,1992,0,0,0,0,0,0,0,0,0,0
170562,1,1,1992,0,0,0,0,0,0,0,0,0,0
170563,0,1,1992,0,0,0,0,0,0,0,0,0,0
170563,1,1,1992,0,0,0,0,0,0,0,0,0,0
170564,0,1,1992,0,0,0,0,0,0,0,0,0,0
170564,1,1,1992,0,0,15,0,0,0,0,0,0,11
170565,0,1,1992,5,5,5,5,5,5,5,5,5,5
170565,1,1,1992,0,0,0,17,0,0,0,0,0,0
170566,1,1,1992,12,12,12,12,12,12,12,12,12,12
170566,2,1,1992,0,0,6,0,0,0,0,0,0,0
170566,3,1,1992,0,0,0,0,0,0,0,0,0,0
170567,1,1,1992,0,0,0,0,0,0,0,0,0,0
170567,2,1,1992,0,0,0,0,0,0,0,0,19,0
170568,1,1,1992,0,0,0,0,0,0,0,0,0,0
170569,1,1,1992,18,18,18,18,18,18,18,18,18,18
170570,0,1,1992,0,0,0,0,0,0,0,0,0,0
170570,1,1,1992,15,5,20,10,10,6,14,4,14,15
170571,1,1,1992,0,0,0,0,0,0,0,0,0,0
170571,2,1,1992,0,0,0,0,0,0,0,0,0,0
170572,1,1,1992,10,10,10,10,10,10,10,10,10,10
170572,2,1,1992,0,0,0,0,0,0,0,0,0,0
170573,1,1,1992,0,0,0,0,0,0,0,0,0,0
170574,1,1,1992,0,0,0,0,0,0,0,0,0,0
170574,2,1,1992,0,0,0,0,0,0,0,0,2,0
170575,1,1,1992,0,0,0,11,0,0,0,0,0,0
170575,2,1,1992,0,0,0,0,0,0,0,0,0,0
170576,0,1,1992,27,27,27,27,27,27,27,27,27,27
170576,1,1,1992,0,0,0,0,0,0,0,0,0,0
170578,1,1,1992,0,0,0,0,0,0,0,0,0,0
170578,2,1,1992,0,17,0,0,0,12,0,0,0,0
170579,1,1,1992,0,0,0,0,0,0,0,0,0,0
170579,2,1,1992,0,0,0,0,0,0,0,0,0,0
170580,0,1,1992,0,0,0,0,0,0,0,0,0,0
170580,1,1,1992,5,22,15,0,17,21,4,9,0,12
170581,1,1,1992,0,0,0,0,9,0,0,0,0,0
170582,1,1,1992,0,0,0,0,0,0,0,0,0,0
170583,1,1,1992,11,11,11,11,11,11,11,11,11,11
170584,1,1,1992,0,0,0,0,0,0,0,0,0,0
170585,1,1,1992,15,15,15,15,15,15,15,15,15,15
170586,0,1,1992,24,24,24,24,24,24,24,24,24,24
170586,1,1,1992,0,0,0,0,0,0,0,0,0,0
170587,1,1,1992,0,0,0,0,0,0,0,0,0,0
170587,2,1,1992,0,0,0,0,0,0,0,7,0,0
170588,0,1,1992,16,16,16,16,16,16,16,16,16,16
170588,1,1,1992,0,0,0,0,0,0,0,0,0,0
170589,0,1,1992,17,17,17,17,17,17,17,17,17,17
170589,1,1,1992,0,0,0,0,0,0,12,11,13,22
170590,0,1,1992,0,0,0,0,0,0,0,0,0,0
170590,1,1,1992,0,0,0,0,0,0,0,0,0,0
170591,1,1,1992,3,3,3,3,3,3,3,3,3,3
170592,1,1,1992,29,29,29,29,29,29,29,29,29,29
170593,1,1,1992,0,0,0,0,0,0,0,0,0,0
170593,2,1,1992,0,12,0,0,5,0,0,0,10,0
170594,1,1,1992,16,16,16,16,16,16,16,16,16,16
170595,1,1,1992,0,0,0,0,0,0,0,0,0,0
170596,1,1,1992,0,0,0,0,0,0,0,0,0,0
170596,2,1,1992,0,0,0,0,0,0,0,0,0,0
170597,1,1,1992,0,0,0,0,0,0,0,0,0,0
170597,2,1,1992,0,0,0,0,0,0,0,0,0,0
170598,1,1,1992,24,24,24,24,24,24,24,24,24,24
170599,0,1,1992,0,0,0,0,0,0,0,0,0,0
170599,1,1,1992,0,0,0,0,0,0,0,18,0,0
170599,2,1,1992,0,0,0,0,0,0,0,0,0,0
170600,1,1,1992,16,16,16,16,16,16,16,16,16,16
170600,2,1,1992,0,0,0,0,0,0,0,0,0,0
170601,1,1,1992,0,0,0,0,0,0,0,0,0,16
170601,2,1,1992,1,1,1,1,1,1,1,1,1,1
170601,3,1,1992,0,0,0,0,0,0,0,0,0,0
170602,1,1,1992,17,17,17,17,17,17,17,17,17,17
170603,1,1,1992,30,30,30,30,30,30,30,30,30,30
170604,1,1,1992,30,30,30,30,30,30,30,30,30,30
170605,1,1,1992,0,0,0,0,0,0,0,0,0,0
170605,2,1,1992,0,0,0,0,0,0,0,0,0,0
170605,3,1,1992,0,0,0,0,0,0,0,0,0,0
170606,1,1,1992,16,16,16,16,16,16,16,16,16,16
170607,1,1,1992,21,21,21,21,21,21,21,21,21,21
170608,1,1,1992,12,0,7,12,21,12,15,10,14,19
170609,1,1,1992,0,0,0,0,0,13,0,0,0,0
170610,1,1,1992,18,18,18,18,18,18,18,18,18,18
170611,1,1,1992,21,21,21,21,21,21,21,21,21,21
170612,0,1,1992,0,0,0,0,0,0,0,0,0,0
170612,1,1,1992,0,0,0,0,0,0,0,7,0,0
170612,2,1,1992,0,0,0,0,0,0,0,0,0,0
170613,1,1,1992,0,0,0,0,0,0,0,0,0,0
170613,2,1,1992,0,0,0,0,0,0,0,0,0,0
170614,1,1,1992,0,0,0,0,0,0,0,0,0,0
170614,2,1,1992,0,0,0,0,0,0,0,0,0,0
170614,3,1,1992,0,0,0,0,0,0,0,0,0,0
170615,1,1,1992,2,2,2,2,2,2,2,2,2,2
170615,2,1,1992,0,0,0,0,0,0,0,0,0,0
170616,0,1,1992,0,0,0,0,0,6,0,0,17,0
170616,1,1,1992,0,0,0,0,0,0,0,9,0,0
170617,1,1,1992,0,0,0,0,0,0,0,0,0,0
170617,2,1,1992,0,0,0,0,0,0,0,0,0,0
170618,1,1,1992,11,11,11,11,11,11,11,11,11,11
170618,2,1,1992,0,0,0,0,0,0,0,0,0,0
170619,1,1,1992,19,19,19,19,19,19,19,19,19,19
170620,1,1,1992,24,24,24,24,24,24,24,24,24,24
170621,1,1,1992,2,2,2,2,2,2,2,2,2,2
170621,2,1,1992,0,0,0,0,0,0,0,0,0,0
170622,1,1,1992,11,0,0,0,0,6,0,24,27,24
170623,0,1,1992,16,16,16,16,16,16,16,16,16,16
170623,1,1,1992,0,0,10,12,0,0,0,0,0,0
170624,1,1,1992,0,0,0,0,0,0,0,0,0,0
170625,1,1,1992,4,4,4,4,4,4,4,4,4,4
170626,0,1,1992,0,0,0,0,0,0,0,0,0,0
170626,1,1,1992,0,0,0,0,0,0,0,0,0,0
170627,1,1,1992,0,0,0,0,0,0,0,0,0,0
170627,2,1,1992,0,0,0,0,0,0,0,0,0,0
170628,1,1,1992,1,1,1,1,1,1,1,1,1,1
170628,2,1,1992,0,0,0,0,0,0,0,0,0,0
170629,1,1,1992,26,26,26,26,26,26,26,26,26,26
170629,2,1,1992,0,0,14,4,0,0,0,0,0,0
170630,1,1,1992,12,12,12,12,12,12,12,12,12,12
170631,1,1,1992,22,22,22,22,22,22,22,22,22,22
170631,2,1,1992,0,0,0,11,0,0,0,0,0,0
170632,0,1,1992,0,0,0,0,0,0,0,0,0,0
170632,1,1,1992,0,0,0,0,0,0,0,0,0,0
170633,1,1,1992,11,0,0,0,0,0,0,0,0,0
170634,1,1,1992,0,0,0,0,0,0,0,0,0,0
170634,2,1,1992,0,0,0,0,0,0,0,0,0,0
170635,1,1,1992,12,12,12,12,12,12,12,12,12,12
170636,1,1,1992,17,17,17,17,17,17,17,17,17,17
170637,0,1,1992,20,20,20,20,20,20,20,20,20,20
170637,1,1,1992,0,0,0,0,0,0,0,0,0,0
170638,1,1,1992,21,21,21,21,21,21,21,21,21,21
170639,1,1,1992,0,0,0,0,0,0,0,0,0,0
170639,2,1,1992,0,0,0,0,0,0,0,0,0,0
170640,1,1,1992,7,7,7,7,7,7,7,7,7,7
170641,1,1,1992,0,0,0,0,0,0,0,0,0,0
170642,1,1,1992,27,27,27,27,27,27,27,27,27,27
170643,1,1,1992,0,0,0,0,0,0,0,0,0,0
170644,1,1,1992,0,0,0,0,0,0,0,0,0,0
170644,2,1,1992,0,0,0,0,0,0,0,0,0,0
170645,0,1,1992,22,22,22,22,22,22,22,22,22,22
170645,1,1,1992,13,0,20,0,0,15,0,0,0,0
170646,1,1,1992,0,0,0,0,0,17,0,0,22,0
170646,2,1,1992,0,0,0,0,0,0,0,0,0,0
170646,3,1,1992,0,0,11,0,0,0,0,0,0,0
170647,1,1,1992,0,0,0,0,0,0,0,0,0,0
170647,2,1,1992,0,0,0,0,0,0,0,0,0,0
170647,3,1,1992,0,0,0,0,0,0,0,16,0,0
170648,0,1,1992,0,0,0,0,0,0,0,0,0,0
170648,1,1,1992,0,0,0,0,0,0,0,0,6,0
170649,1,1,1992,27,27,27,27,27,27,27,27,27,27
170650,0,1,1992,16,16,16,16,16,16,16,16,16,16
170650,1,1,1992,0,0,0,0,0,0,0,0,0,0
170651,1,1,1992,17,29,18,13,27,16,20,10,0,17
170652,1,1,1992,24,24,24,24,24,24,24,24,24,24
170653,1,1,1992,0,0,0,0,0,0,0,0,0,0
170654,1,1,1992,0,0,0,0,0,0,0,0,0,0
170655,1,1,1992,5,5,5,5,5,5,5,5,5,5
170656,1,1,1992,0,0,0,0,0,0,0,0,0,0
170657,1,1,1992,23,23,23,23,23,23,23,23,23,23
170657,2,1,1992,0,0,0,0,0,0,0,0,0,0
170657,3,1,1992,0,0,0,0,0,0,0,0,0,0
170658,0,1,1992,0,0,0,0,0,0,0,0,0,0
170658,0,2,1992,0,0,0,8,18,0,20,25,29,0
170658,1,1,1992,0,0,0,0,0,0,0,0,0,0
170659,1,1,1992,15,15,15,15,15,15,15,15,15,15
170660,1,1,1992,23,23,23,23,23,23,23,23,23,23
170661,1,1,1992,0,0,0,0,0,0,0,0,0,0
170661,2,1,1992,0,0,0,0,0,0,0,0,0,0
170661,3,1,1992,0,0,0,0,0,0,0,0,0,0
170662,0,1,1992,0,0,0,0,0,0,0,0,0,0
170662,1,1,1992,0,0,0,0,0,0,0,0,0,0
170663,1,1,1992,0,0,0,0,0,0,0,0,0,0
170663,2,1,1992,0,0,0,0,0,0,5,0,0,0
170664,1,1,1992,5,5,5,5,5,5,5,5,5,5
170665,0,1,1992,0,0,0,0,0,0,0,0,0,0
170665,1,1,1992,0,0,0,0,0,0,0,0,0,0
170667,1,1,1992,20,20,20,20,20,20,20,20,20,20
170668,1,1,1992,0,0,0,0,0,0,0,0,0,0
170668,2,1,1992,0,0,0,0,0,0,0,0,0,0
170669,1,1,1992,0,0,0,0,0,0,0,0,0,0
170669,2,1,1992,0,0,0,0,0,0,0,0,0,0
170669,3,1,1992,0,0,0,2,0,0,0,0,0,0
170670,0,1,1992,24,24,24,24,24,24,24,24,24,24
170670,1,1,1992,0,0,0,0,0,0,0,0,0,0
170670,2,1,1992,0,0,0,0,0,0,0,0,0,0
170671,1,1,1992,0,0,0,0,0,0,0,0,0,0
170671,2,1,1992,0,12,9,0,15,0,0,0,0,0
170672,1,1,1992,0,9,0,0,0,0,10,0,26,0
170672,2,1,1992,0,0,0,0,0,0,0,0,0,0
170673,1,1,1992,10,10,10,10,10,10,10,10,10,10
170673,2,1,1992,0,0,0,0,0,0,0,0,0,0
170674,0,1,1992,0,0,0,0,0,0,0,0,0,0
170674,1,1,1992,0,0,0,0,0,0,0,7,0,0
170675,1,1,1992,3,3,3,3,3,3,3,3,3,3
170676,1,1,1992,0,0,0,0,0,0,0,0,0,0
170677,1,1,1992,25,25,25,25,25,25,25,25,25,25
170678,1,1,1992,0,0,0,0,0,0,0,0,0,0
170678,2,1,1992,0,0,0,0,0,0,0,0,0,0
170679,1,1,1992,0,0,0,0,0,0,0,0,0,0
170680,0,1,1992,0,0,0,0,0,0,0,0,0,0
170680,1,1,1992,0,0,0,0,0,0,0,0,0,25
170681,1,1,1992,17,17,17,17,17,17,17,17,17,17
170681,2,1,1992,0,34,0,0,0,0,0,0,0,0
170682,1,1,1992,9,9,9,9,9,9,9,9,9,9
170683,1,1,1992,0,0,0,0,0,0,0,0,0,0
170683,2,1,1992,0,0,0,0,0,0,0,0,0,0
170683,3,1,1992,0,0,0,0,0,0,0,0,0,0
170683,4,1,1992,0,0,0,0,0,0,0,0,0,0
170684,1,1,1992,0,0,0,0,0,0,0,0,0,0
170684,2,1,1992,0,0,0,0,0,0,0,0,0,0
170685,1,1,1992,0,8,20,0,8,0,17,0,0,12
170686,1,1,1992,13,23,21,16,13,20,20,0,0,0
170687,1,1,1992,22,22,22,22,22,22,22,22,22,22
170687,2,1,1992,16,16,16,16,16,16,16,16,16,16
170688,1,1,1992,22,22,22,22,22,22,22,22,22,22
170689,1,1,1992,0,0,0,0,0,0,0,0,0,0
170689,2,1,1992,0,0,0,0,0,0,0,0,0,0
170690,1,1,1992,0,0,0,0,0,0,0,0,0,0
170690,2,1,1992,0,0,0,0,0,0,0,0,0,0
170690,3,1,1992,0,0,0,0,0,0,0,0,0,0
170691,1,1,1992,13,13,14,4,17,15,14,5,20,7
170691,2,1,1992,0,0,0,0,0,0,0,0,0,0
170692,1,1,1992,0,0,0,0,0,0,0,0,0,0
170692,2,1,1992,0,0,0,0,0,0,0,0,0,0
170693,1,1,1992,0,0,0,0,0,0,0,0,0,0
170693,2,1,1992,0,0,0,0,0,0,0,0,0,0
170694,1,1,1992,0,2,12,19,5,0,0,9,0,0
170695,1,1,1992,0,0,0,0,0,0,0,0,0,0
170696,1,1,1992,12,12,12,12,12,12,12,12,12,12
170697,1,1,1992,40,40,40,40,40,40,40,40,40,40
170698,1,1,1992,3,3,3,3,3,3,3,3,3,3
170699,1,1,1992,20,20,20,20,20,20,20,20,20,20
170700,1,1,1992,0,0,0,0,0,0,0,0,0,0
170701,1,1,1992,0,0,0,0,0,0,0,0,0,0