ST_CASE,VEH_NO,PER_NO,YEAR,P1,P2,P3,P4,P5,P6,P7,P8,P9,P10
170701,2,1,1992,0,0,0,0,0,0,0,0,0,0
170702,1,1,1992,8,0,0,0,0,0,0,0,0,0
170702,2,1,1992,0,0,0,0,0,0,0,0,0,0
170703,1,1,1992,0,0,0,13,0,0,0,4,0,0
170704,0,1,1992,0,0,0,0,0,0,0,0,0,0
170704,1,1,1992,0,0,0,0,0,0,0,0,0,0
170705,1,1,1992,0,0,0,0,0,0,0,0,0,0
170706,1,1,1992,0,0,0,0,0,0,0,0,0,0
170706,2,1,1992,0,0,0,0,0,0,0,0,0,0
170707,1,1,1992,11,11,11,11,11,11,11,11,11,11
170708,1,1,1992,15,15,15,15,15,15,15,15,15,15
170709,0,1,1992,0,0,0,0,0,0,0,0,0,0
170709,1,1,1992,20,31,13,3,18,19,27,19,15,15
170710,1,1,1992,0,0,0,0,0,0,0,0,0,0
170710,2,1,1992,0,0,0,0,0,0,0,8,0,0
170711,1,1,1992,7,7,7,7,7,7,7,7,7,7
170712,1,1,1992,6,0,9,12,20,22,10,12,29,19
170713,1,1,1992,6,6,6,6,6,6,6,6,6,6
170714,1,1,1992,0,0,0,0,0,0,0,0,0,0
170714,2,1,1992,7,0,0,0,29,2,45,12,23,0
170715,1,1,1992,29,29,29,29,29,29,29,29,29,29
170716,0,1,1992,13,13,13,13,13,13,13,13,13,13
170716,1,1,1992,0,0,0,0,0,0,0,0,0,0
170717,1,1,1992,0,0,0,0,0,0,0,0,0,0
170717,2,1,1992,0,0,0,10,0,0,0,0,0,0
170718,1,1,1992,0,0,0,0,0,0,0,0,0,0
170718,2,1,1992,0,0,0,0,0,0,0,0,0,0
170719,0,1,1992,2,19,6,12,4,0,20,0,0,12
170719,1,1,1992,0,0,0,0,0,0,0,0,0,0
170720,1,1,1992,0,0,0,0,0,0,0,0,0,0
170720,2,1,1992,0,0,0,0,0,0,0,0,0,0
170721,1,1,1992,17,17,17,17,17,17,17,17,17,17
170722,1,1,1992,18,18,18,18,18,18,18,18,18,18
170723,1,1,1992,15,15,15,15,15,15,15,15,15,15
170724,1,1,1992,0,0,0,0,0,0,0,0,0,0
170724,2,1,1992,0,0,0,0,0,0,0,0,0,0
170725,1,1,1992,0,0,0,0,0,0,0,0,0,0
170725,2,1,1992,0,0,0,0,0,0,0,0,0,0
170725,3,1,1992,0,0,0,0,0,0,0,0,0,0
170726,1,1,1992,0,0,0,0,0,0,0,0,0,0
170726,2,1,1992,0,0,0,0,0,0,0,0,0,0
170727,1,1,1992,12,12,12,14,34,23,25,16,32,13
170727,2,1,1992,14,0,0,0,0,26,0,10,27,0
170728,1,1,1992,26,26,26,26,26,26,26,26,26,26
170729,1,1,1992,12,12,12,12,12,12,12,12,12,12
170730,1,1,1992,0,0,0,0,0,0,0,0,0,0
170730,2,1,1992,0,0,0,0,0,0,0,0,0,0
170730,3,1,1992,0,0,0,0,0,0,0,0,0,0
170731,1,1,1992,0,0,0,0,0,0,0,0,0,0
170731,2,1,1992,0,0,0,0,0,0,0,0,0,0
170732,0,1,1992,13,13,13,13,13,13,13,13,13,13
170732,1,1,1992,0,0,0,0,0,0,0,0,0,0
170733,1,1,1992,0,0,0,0,0,0,0,0,0,0
170733,2,1,1992,0,0,0,0,0,0,0,0,0,0
170734,1,1,1992,0,0,0,0,0,0,0,0,0,0
170735,1,1,1992,0,0,0,0,0,0,0,0,0,0
170736,1,1,1992,0,0,0,0,0,0,0,0,0,0
170736,2,1,1992,0,0,0,0,22,0,0,0,0,0
170737,1,1,1992,0,0,0,0,0,0,0,0,0,0
170737,2,1,1992,0,0,0,0,0,0,0,0,0,0
170738,1,1,1992,25,25,25,25,25,25,25,25,25,25
170739,1,1,1992,6,13,0,0,10,12,0,0,0,7
170739,2,1,1992,6,6,6,6,6,6,6,6,6,6
170740,1,1,1992,0,0,0,0,0,0,0,0,0,0
170740,2,1,1992,0,0,0,0,0,0,0,0,0,0
170740,3,1,1992,0,0,0,0,0,0,0,0,0,0
170741,1,1,1992,23,23,23,23,23,23,23,23,23,23
170741,2,1,1992,0,0,0,0,0,0,0,0,0,16
170741,3,1,1992,0,11,16,0,19,3,0,0,0,0
170742,1,1,1992,0,0,0,4,0,0,0,0,0,0
170742,2,1,1992,0,0,0,0,0,0,0,0,0,0
170743,1,1,1992,0,0,0,0,0,0,0,0,0,0
170744,1,1,1992,14,14,14,14,14,14,14,14,14,14
170744,2,1,1992,0,0,0,0,0,0,0,0,0,0
170745,1,1,1992,15,15,15,15,15,15,15,15,15,15
170745,2,1,1992,0,0,0,0,0,0,0,0,0,12
170746,1,1,1992,19,19,19,19,19,19,19,19,19,19
170747,1,1,1992,0,0,0,0,0,0,0,0,0,0
170747,2,1,1992,0,0,0,0,0,0,0,0,0,0
170748,1,1,1992,9,17,13,18,7,11,10,14,15,28
170748,2,1,1992,0,0,0,0,26,0,0,0,0,0
170749,1,1,1992,0,0,0,0,0,0,0,0,0,0
170749,2,1,1992,0,0,18,0,0,0,0,0,0,0
170749,3,1,1992,0,0,0,0,0,0,0,0,0,0
170750,1,1,1992,0,0,0,0,0,0,0,0,0,0
170751,1,1,1992,0,0,0,0,0,0,0,0,0,0
170752,1,1,1992,0,0,0,0,0,0,0,0,0,0
170752,2,1,1992,0,0,0,0,0,0,0,0,0,0
170752,3,1,1992,0,0,0,0,0,0,0,0,0,0
170753,1,1,1992,0,0,0,0,0,0,0,0,0,0
170754,1,1,1992,0,0,0,0,0,0,0,0,0,0
170755,1,1,1992,19,19,19,19,19,19,19,19,19,19
170756,1,1,1992,16,16,16,16,16,16,16,16,16,16
170757,0,1,1992,0,0,0,0,0,0,0,0,0,0
170757,1,1,1992,0,0,0,0,0,0,0,0,0,0
170758,1,1,1992,0,0,0,0,0,0,0,0,0,0
170759,1,1,1992,21,21,21,21,21,21,21,21,21,21
170760,1,1,1992,0,0,0,0,0,0,0,0,0,0
170761,1,1,1992,30,30,30,30,30,30,30,30,30,30
170762,1,1,1992,25,25,25,25,25,25,25,25,25,25
170763,1,1,1992,24,24,24,24,24,24,24,24,24,24
170763,2,1,1992,0,0,0,0,0,0,0,0,0,0
170764,1,1,1992,0,0,0,0,0,0,0,0,0,0
170764,2,1,1992,0,0,0,0,0,0,0,0,0,0
170765,1,1,1992,0,0,0,0,0,0,0,0,0,0
170766,1,1,1992,0,0,0,0,0,0,0,0,0,0
170766,2,1,1992,0,0,0,0,0,0,0,0,0,0
170767,1,1,1992,27,27,27,27,27,27,27,27,27,27
170767,2,1,1992,0,0,0,14,0,0,0,0,0,0
170767,3,1,1992,0,0,0,0,0,0,0,0,0,0
170768,1,1,1992,0,15,0,12,0,0,0,0,0,0
170769,1,1,1992,14,14,14,14,14,14,14,14,14,14
170770,1,1,1992,19,19,19,19,19,19,19,19,19,19
170771,1,1,1992,0,0,0,0,0,0,0,0,0,0
170771,2,1,1992,0,0,0,0,0,0,0,0,0,0
170772,1,1,1992,18,18,18,18,18,18,18,18,18,18
170772,2,1,1992,0,0,0,8,0,0,0,0,0,0
170773,1,1,1992,0,23,0,24,0,0,0,21,0,8
170774,1,1,1992,3,3,3,3,3,3,3,3,3,3
170775,1,1,1992,11,11,11,11,11,11,11,11,11,11
170776,0,1,1992,0,0,0,0,0,0,0,0,0,0
170776,1,1,1992,0,0,0,0,0,0,0,0,0,0
170777,1,1,1992,0,0,0,16,14,0,0,0,12,0
170777,2,1,1992,0,0,0,0,0,0,0,0,0,0
170778,1,1,1992,48,48,48,48,48,48,48,48,48,48
170779,1,1,1992,19,19,19,19,19,19,19,19,19,19
170780,1,1,1992,0,0,0,0,0,0,0,0,0,19
170780,2,1,1992,0,0,0,0,0,0,0,0,0,0
170781,1,1,1992,0,0,0,0,0,0,25,0,11,0
170782,1,1,1992,0,0,0,0,0,0,0,0,14,0
170782,2,1,1992,0,0,0,0,0,0,0,0,0,0
170783,0,1,1992,30,30,30,30,30,30,30,30,30,30
170783,1,1,1992,0,0,0,0,0,0,0,0,0,0
170784,0,1,1992,0,0,0,0,0,0,0,0,0,0
170784,1,1,1992,0,0,0,0,0,0,0,0,0,0
170785,1,1,1992,0,0,0,0,0,0,0,0,0,0
170786,1,1,1992,16,0,0,0,0,0,0,0,0,0
170786,2,1,1992,19,19,19,19,19,19,19,19,19,19
170787,1,1,1992,0,0,0,0,0,0,0,0,0,0
170787,2,1,1992,1,1,1,1,1,1,1,1,1,1
170788,1,1,1992,0,0,0,0,0,0,0,0,0,0
170789,0,1,1992,0,0,0,0,0,0,0,0,0,0
170789,1,1,1992,0,0,0,0,0,0,0,0,0,0
170790,0,1,1992,0,0,0,0,0,0,0,0,0,0
170790,1,1,1992,0,0,0,0,0,0,0,0,0,0
170791,0,1,1992,0,0,0,0,0,0,0,0,0,0
170791,1,1,1992,0,0,0,0,0,0,0,0,0,0
170792,1,1,1992,13,13,13,13,13,13,13,13,13,13
170793,1,1,1992,0,0,0,0,0,0,0,0,0,0
170794,1,1,1992,0,0,0,0,0,0,0,0,0,0
170794,2,1,1992,0,0,0,0,0,0,0,0,0,0
170794,3,1,1992,0,0,0,0,0,0,0,0,0,0
170795,0,1,1992,0,0,0,0,0,0,0,0,0,0
170795,1,1,1992,0,0,0,0,0,0,0,0,0,0
170796,1,1,1992,0,0,0,0,0,0,0,0,0,0
170797,0,1,1992,13,13,13,13,13,13,13,13,13,13
170797,1,1,1992,32,17,12,18,0,0,9,14,0,12
170798,1,1,1992,18,0,0,0,0,0,0,0,0,0
170798,2,1,1992,0,0,0,0,0,0,0,0,0,0
170799,1,1,1992,0,0,0,0,0,0,0,0,0,3
170800,0,1,1992,5,5,5,5,5,5,5,5,5,5
170800,1,1,1992,0,0,0,10,0,26,0,0,7,0
170801,1,1,1992,0,0,0,0,0,0,0,19,0,0
170801,2,1,1992,0,0,0,0,0,0,0,0,0,0
170802,1,1,1992,0,0,0,0,0,0,0,0,0,0
170802,2,1,1992,0,0,0,0,0,9,0,0,0,0
170803,1,1,1992,0,0,0,0,0,0,0,0,0,0
170804,1,1,1992,0,0,0,0,0,0,0,0,0,0
170805,1,1,1992,0,0,0,0,0,0,0,0,0,0
170806,1,1,1992,44,44,44,44,44,44,44,44,44,44
170806,2,1,1992,24,0,13,10,9,0,0,0,8,17
170806,3,1,1992,0,0,0,0,0,0,0,0,0,0
170807,1,1,1992,0,0,0,0,0,0,0,0,0,0
170808,0,1,1992,12,12,12,12,12,12,12,12,12,12
170808,1,1,1992,10,17,0,0,22,0,5,0,0,0
170809,0,1,1992,7,7,7,7,7,7,7,7,7,7
170809,1,1,1992,0,0,0,0,0,0,0,0,0,0
170810,1,1,1992,0,0,0,0,0,0,0,0,0,0
170811,1,1,1992,19,19,19,19,19,19,19,19,19,19
170812,1,1,1992,0,0,0,0,0,0,0,0,0,0
170812,2,1,1992,0,0,0,0,0,0,0,0,0,0
170813,1,1,1992,8,8,8,8,8,8,8,8,8,8
170813,2,1,1992,0,0,0,0,0,0,0,0,0,0
170814,1,1,1992,0,0,0,0,0,0,0,0,5,0
170814,2,1,1992,0,0,0,0,0,0,0,0,0,0
170816,1,1,1992,0,0,0,0,0,0,0,0,0,0
170817,1,1,1992,0,0,0,0,0,0,0,0,0,0
170817,2,1,1992,0,0,0,0,0,0,0,0,0,0
170818,1,1,1992,22,22,22,22,22,22,22,22,22,22
170819,1,1,1992,5,8,9,14,0,12,7,6,0,15
170819,2,1,1992,0,0,0,0,0,0,0,0,0,0
170820,1,1,1992,0,0,0,0,0,0,0,0,0,0
170821,1,1,1992,7,7,7,7,7,7,7,7,7,7
170821,2,1,1992,0,0,0,0,0,0,0,0,0,0
170821,3,1,1992,0,0,0,0,0,0,0,0,0,0
170822,1,1,1992,27,18,15,13,42,17,19,32,15,19
170822,2,1,1992,0,13,6,0,0,0,0,0,7,0
170823,1,1,1992,15,19,15,11,19,5,16,12,18,16
170823,2,1,1992,0,0,0,0,0,0,0,0,0,0
170824,1,1,1992,0,0,0,0,0,0,0,0,0,0
170824,2,1,1992,0,0,0,0,0,0,0,0,0,0
170824,3,1,1992,0,0,0,0,0,0,0,0,0,0
170825,1,1,1992,12,12,12,12,12,12,12,12,12,12
170826,0,1,1992,10,10,10,10,10,10,10,10,10,10
170826,1,1,1992,0,8,14,17,0,28,8,2,3,10
170827,1,1,1992,17,17,17,17,17,17,17,17,17,17
170828,1,1,1992,0,0,0,0,0,0,0,0,0,0
170829,1,1,1992,0,0,0,0,0,0,0,0,0,0
170829,2,1,1992,0,0,0,0,0,0,0,0,0,0
170830,1,1,1992,1,1,1,1,1,1,1,1,1,1
170830,2,1,1992,0,0,0,0,0,0,0,0,0,0
170830,3,1,1992,0,0,0,0,0,0,0,0,0,0
170830,4,1,1992,0,0,0,0,0,0,0,0,0,0
170831,1,1,1992,0,0,0,0,0,0,0,0,0,0
170831,2,1,1992,0,0,0,0,0,10,36,9,0,0
170832,1,1,1992,6,6,6,6,6,6,6,6,6,6
170832,2,1,1992,0,0,0,0,0,0,0,0,0,0
170833,1,1,1992,0,0,0,0,0,0,0,0,0,0
170833,2,1,1992,0,0,0,0,0,0,0,0,0,0
170833,3,1,1992,0,0,0,0,0,0,0,0,0,0
170833,4,1,1992,0,0,0,0,0,13,8,0,0,9
170834,1,1,1992,0,0,0,0,0,0,0,0,0,0
170834,2,1,1992,4,4,4,4,4,4,4,4,4,4
170835,1,1,1992,0,0,0,7,0,0,0,0,0,0
170835,2,1,1992,0,0,0,0,0,0,0,0,0,0
170835,3,1,1992,0,0,0,0,0,0,0,0,0,0
170835,4,1,1992,0,0,0,25,0,0,0,0,0,0
170836,1,1,1992,0,0,0,0,0,0,0,0,0,0
170836,2,1,1992,14,0,0,0,0,0,0,0,0,0
170837,1,1,1992,0,0,0,0,0,0,0,0,0,0
170838,1,1,1992,0,0,0,0,14,0,0,19,11,7
170838,2,1,1992,0,0,0,0,0,0,0,0,0,0
170838,3,1,1992,0,0,0,0,0,0,0,0,0,0
170839,1,1,1992,0,0,0,0,0,0,0,0,0,0
170840,1,1,1992,0,0,0,0,0,0,0,0,0,0
170840,2,1,1992,0,0,0,0,0,0,0,0,0,0
170841,1,1,1992,0,0,0,0,0,0,0,0,0,0
170842,1,1,1992,13,13,13,13,13,13,13,13,13,13
170843,1,1,1992,8,8,8,8,8,8,8,8,8,8
170844,0,1,1992,0,0,0,0,0,0,0,0,0,0
170844,1,1,1992,23,0,0,22,12,0,13,0,0,0
170845,0,1,1992,27,0,0,0,41,0,23,15,0,34
170845,1,1,1992,15,0,0,19,25,0,9,11,17,22
170846,0,1,1992,0,0,0,0,0,0,0,0,0,0
170846,1,1,1992,0,0,16,0,0,0,0,0,0,25
170847,0,1,1992,0,0,0,0,0,0,0,0,0,0
170847,1,1,1992,0,0,0,0,0,0,0,0,0,0
170848,0,1,1992,0,0,0,0,0,0,0,0,0,0
170848,1,1,1992,0,0,0,0,0,0,0,0,0,0
170849,1,1,1992,16,16,16,16,16,16,16,16,16,16
170849,2,1,1992,0,0,0,0,0,0,0,0,0,0
170850,1,1,1992,0,0,0,0,0,10,0,0,0,4
170851,1,1,1992,0,0,0,0,0,0,0,0,0,0
170851,2,1,1992,0,0,0,0,0,0,0,0,0,0
170851,3,1,1992,0,0,0,0,0,0,0,0,0,0
170852,0,1,1992,17,17,17,17,17,17,17,17,17,17
170852,1,1,1992,0,0,12,0,15,5,0,13,5,15
170853,1,1,1992,0,0,20,0,0,0,0,0,0,0
170853,2,1,1992,0,0,7,0,0,0,0,0,0,0
170854,1,1,1992,10,10,10,10,10,10,10,10,10,10
170855,0,1,1992,4,4,4,4,4,4,4,4,4,4
170856,1,1,1992,1,1,1,1,1,1,1,1,1,1
170856,2,1,1992,0,0,0,0,0,0,0,0,0,0
170856,3,1,1992,0,0,0,0,0,0,0,0,0,0
170857,1,1,1992,0,0,0,0,0,0,0,0,0,0
170857,2,1,1992,0,0,0,0,0,0,0,0,0,0
170858,1,1,1992,20,20,20,20,20,20,20,20,20,20
170858,2,1,1992,0,0,0,0,0,0,0,0,0,0
170859,0,1,1992,0,0,0,0,0,0,0,0,0,0
170859,1,1,1992,0,0,0,0,0,0,0,0,0,0
170860,1,1,1992,0,7,5,14,0,0,21,0,3,0
170861,1,1,1992,0,0,0,0,0,0,0,0,0,0
170861,2,1,1992,0,0,0,0,0,0,0,0,0,0
170862,1,1,1992,0,0,0,0,0,0,0,0,0,0
170862,2,1,1992,0,0,0,0,0,0,0,0,0,0
170863,1,1,1992,0,0,0,0,0,0,0,0,0,0
170864,0,1,1992,17,17,17,17,17,17,17,17,17,17
170864,1,1,1992,0,0,0,0,0,0,0,7,0,0
170865,1,1,1992,0,0,0,0,0,0,7,0,0,19
170866,1,1,1992,15,15,15,15,15,15,15,15,15,15
170866,2,1,1992,0,0,0,0,0,0,0,0,0,0
170867,0,1,1992,11,11,11,11,11,11,11,11,11,11
170867,1,1,1992,0,22,11,0,15,13,0,0,0,0
170868,1,1,1992,0,0,0,0,0,0,0,0,0,0
170868,2,1,1992,0,0,0,0,0,0,0,0,0,0
170869,0,1,1992,13,13,13,13,13,13,13,13,13,13
170869,1,1,1992,12,17,0,17,0,12,0,3,0,0
170870,1,1,1992,16,16,16,16,16,16,16,16,16,16
170870,2,1,1992,0,0,23,0,0,0,0,0,0,0
170871,1,1,1992,31,31,31,31,31,31,31,31,31,31
170871,2,1,1992,0,0,0,0,0,0,0,0,0,4
170872,1,1,1992,23,23,23,23,23,23,23,23,23,23
170872,2,1,1992,0,21,0,0,0,0,0,0,0,7
170872,3,1,1992,0,15,0,0,0,0,0,0,0,0
170873,1,1,1992,0,0,0,0,0,0,0,0,0,0
170873,2,1,1992,0,0,0,0,0,0,0,0,0,0
170874,1,1,1992,0,0,0,0,0,0,0,0,0,0
170874,2,1,1992,0,0,0,0,0,0,0,0,0,0
170874,3,1,1992,0,0,0,0,0,0,0,0,0,0
170874,4,1,1992,0,0,0,0,0,0,0,0,0,0
170874,5,1,1992,0,0,0,0,0,0,0,0,0,0
170875,1,1,1992,0,0,0,0,0,0,0,0,0,0
170875,2,1,1992,0,0,0,0,0,0,0,0,0,0
170876,1,1,1992,0,0,0,0,0,0,0,0,0,0
170876,2,1,1992,0,0,0,0,0,0,0,0,0,0
170877,0,1,1992,21,21,21,21,21,21,21,21,21,21
170877,1,1,1992,0,0,0,0,0,0,0,0,0,0
170878,0,1,1992,9,30,22,15,0,25,13,0,0,13
170878,1,1,1992,19,8,10,12,10,19,25,11,13,2
170879,1,1,1992,21,21,21,21,21,21,21,21,21,21
170880,0,1,1992,10,10,10,10,10,10,10,10,10,10
170880,1,1,1992,0,0,0,0,0,0,0,0,0,0
170881,1,1,1992,43,43,43,43,43,43,43,43,43,43
170883,1,1,1992,0,0,0,0,0,0,0,0,0,0
170883,2,1,1992,0,0,0,0,0,0,0,0,10,0
170884,1,1,1992,13,13,13,13,13,13,13,13,13,13
170885,1,1,1992,0,0,0,0,0,0,0,0,0,0
170885,2,1,1992,15,0,0,0,0,0,0,0,0,0
170886,1,1,1992,0,0,0,0,0,0,0,0,0,0
170887,1,1,1992,0,0,0,0,0,0,0,0,0,0
170888,1,1,1992,0,0,0,0,0,0,0,0,0,0
170888,2,1,1992,0,0,0,0,0,0,0,0,0,0
170889,1,1,1992,5,5,5,5,5,5,5,5,5,5
170890,1,1,1992,13,13,13,13,13,13,13,13,13,13
170891,1,1,1992,0,0,0,0,0,0,0,0,0,0
170891,2,1,1992,0,0,0,0,0,0,0,0,0,0
170891,3,1,1992,0,0,0,0,0,0,0,0,0,0
170892,0,1,1992,0,0,0,0,0,0,0,0,0,0
170892,1,1,1992,0,0,0,0,0,0,0,0,0,0
170893,1,1,1992,15,15,15,15,15,15,15,15,15,15
170894,1,1,1992,2,2,2,2,2,2,2,2,2,2
170894,2,1,1992,0,0,0,0,0,0,0,0,0,0
170895,1,1,1992,0,0,0,0,0,0,0,0,0,0
170895,2,1,1992,0,0,0,0,7,0,0,0,0,0
170896,1,1,1992,2,2,2,2,2,2,2,2,2,2
170896,2,1,1992,0,0,0,0,0,0,0,0,0,0
170896,3,1,1992,0,0,0,0,0,0,0,0,0,0
170897,1,1,1992,0,0,0,0,0,0,0,0,0,0
170897,2,1,1992,0,0,0,0,0,0,0,0,0,0
170898,1,1,1992,19,19,19,19,19,19,19,19,19,19
170898,2,1,1992,0,0,0,0,0,0,0,0,0,0
170898,3,1,1992,0,0,0,0,0,0,0,0,0,0
170899,1,1,1992,0,0,0,0,0,0,0,0,1,0
170899,2,1,1992,0,0,0,0,0,0,0,0,0,0
170900,1,1,1992,29,29,29,29,29,29,29,29,29,29
170901,1,1,1992,7,7,7,7,7,7,7,7,7,7
170901,2,1,1992,21,16,13,15,31,17,21,27,11,22
170901,3,1,1992,0,0,0,0,0,0,0,0,0,0
170902,1,1,1992,0,0,0,0,0,0,0,0,0,0
170903,1,1,1992,17,17,17,17,17,17,17,17,17,17
170903,2,1,1992,0,0,20,0,0,0,0,0,0,0
170903,3,1,1992,0,0,0,0,0,0,13,0,0,0
170904,1,1,1992,0,0,0,0,0,0,0,0,0,0
170904,2,1,1992,11,0,3,0,0,0,0,0,0,0
170905,1,1,1992,0,0,0,0,0,0,0,0,0,0
170905,2,1,1992,0,0,0,0,0,0,0,0,0,0
170906,0,1,1992,21,21,21,21,21,21,21,21,21,21
170906,1,1,1992,0,0,0,0,0,0,0,0,0,0
170907,1,1,1992,0,40,1,19,0,0,9,12,11,8
170907,2,1,1992,0,10,0,0,0,13,0,0,0,0
170908,1,1,1992,1,1,1,1,1,1,1,1,1,1
170909,1,1,1992,0,0,0,0,0,0,0,0,0,0
170909,2,1,1992,0,0,10,0,0,0,0,0,0,0
170909,3,1,1992,0,0,0,17,0,0,7,0,0,0
170910,1,1,1992,0,0,7,16,0,0,0,0,0,0
170910,2,1,1992,0,0,0,0,0,0,0,0,0,0
170911,1,1,1992,1,1,1,1,1,1,1,1,1,1
170912,0,1,1992,0,0,0,0,0,0,0,0,0,0
170912,1,1,1992,0,0,0,0,0,0,0,13,0,0
170912,2,1,1992,0,0,0,0,0,0,0,0,0,0
170913,1,1,1992,20,20,20,20,20,20,20,20,20,20
170914,1,1,1992,10,0,0,22,0,0,0,0,9,0
170914,2,1,1992,0,0,0,0,0,0,0,0,0,0
170915,1,1,1992,0,0,0,0,0,0,0,0,0,0
170915,2,1,1992,0,0,0,0,0,0,0,0,0,0
170916,1,1,1992,0,0,0,0,0,0,0,0,0,0
170916,2,1,1992,0,0,0,0,0,0,0,0,0,0
170917,1,1,1992,0,0,0,16,0,0,0,0,0,9
170917,2,1,1992,0,0,0,0,0,0,0,0,0,6
170918,1,1,1992,0,0,0,0,0,0,0,0,0,0
170918,2,1,1992,0,0,0,0,0,0,0,0,0,0
170919,1,1,1992,0,0,11,0,0,0,0,0,0,0
170920,1,1,1992,0,0,0,0,0,0,0,0,0,0
170921,0,1,1992,0,0,0,0,0,0,0,0,0,0
170921,1,1,1992,0,0,0,0,0,0,0,0,0,0
170922,1,1,1992,44,44,44,44,44,44,44,44,44,44
170923,1,1,1992,9,9,9,9,9,9,9,9,9,9
170923,2,1,1992,0,0,0,0,0,0,0,0,0,0
170924,1,1,1992,16,16,16,16,16,16,16,16,16,16
170925,1,1,1992,22,22,22,22,22,22,22,22,22,22
170927,1,1,1992,21,21,21,21,21,21,21,21,21,21
170928,1,1,1992,0,0,0,0,0,0,0,0,0,0
170929,0,1,1992,0,35,0,16,10,13,22,21,26,3
170929,1,1,1992,0,7,14,29,0,23,21,5,24,14
170929,2,1,1992,0,0,0,0,0,0,0,22,0,0
170930,1,1,1992,48,48,48,48,48,48,48,48,48,48
170931,1,1,1992,11,11,11,11,11,11,11,11,11,11
170932,0,1,1992,0,0,0,0,0,0,0,0,0,0
170932,0,2,1992,5,0,11,19,28,15,38,0,22,29
170932,1,1,1992,19,19,19,19,19,19,19,19,19,19
170933,1,1,1992,0,0,0,0,0,0,0,0,0,0
170933,2,1,1992,0,0,0,0,0,0,0,0,0,0
170934,1,1,1992,0,0,0,0,0,0,0,0,0,0
170935,1,1,1992,0,0,0,0,0,0,0,0,0,0
170935,2,1,1992,0,0,0,0,0,0,0,0,0,0
170936,0,1,1992,0,0,0,20,0,0,0,0,0,0
170936,1,1,1992,0,0,0,0,0,0,0,0,0,0
170937,1,1,1992,0,0,0,0,0,0,0,0,0,0
170938,1,1,1992,8,8,8,8,8,8,8,8,8,8
170939,1,1,1992,26,26,26,26,26,26,26,26,26,26
170940,0,1,1992,28,28,28,28,28,28,28,28,28,28
170940,1,1,1992,0,0,0,0,0,0,0,0,0,0
170941,1,1,1992,18,18,18,18,18,18,18,18,18,18
170942,1,1,1992,4,0,0,0,0,0,0,0,0,0
170942,2,1,1992,0,0,0,0,0,0,0,0,0,0
170943,1,1,1992,0,0,0,0,0,0,0,0,0,0
170943,2,1,1992,0,0,0,0,0,0,0,0,0,0
170944,1,1,1992,0,0,0,0,0,0,0,0,0,0
170944,2,1,1992,0,0,0,0,0,0,0,0,0,0
170945,0,1,1992,34,34,34,34,34,34,34,34,34,34
170945,1,1,1992,0,0,0,0,0,0,0,0,0,0
170946,1,1,1992,0,0,0,0,0,0,0,0,0,0
170946,2,1,1992,0,0,0,0,0,0,0,0,0,0
170947,1,1,1992,0,0,0,0,0,0,0,0,0,0
170948,1,1,1992,0,0,0,0,0,0,0,0,0,0
170949,1,1,1992,0,0,0,0,0,0,0,0,0,0
170950,1,1,1992,13,13,13,13,13,13,13,13,13,13
170950,2,1,1992,0,0,0,0,0,0,0,0,0,2
170950,3,1,1992,0,0,0,0,0,0,0,0,0,0
170951,0,1,1992,0,0,0,0,0,0,0,0,0,0
170951,1,1,1992,0,0,0,0,0,0,0,0,0,0
170952,1,1,1992,39,39,39,39,39,39,39,39,39,39
170952,2,1,1992,0,0,0,13,0,0,0,0,0,0
170953,1,1,1992,15,15,15,15,15,15,15,15,15,15
170953,2,1,1992,0,0,0,0,0,0,0,0,0,0
170953,3,1,1992,0,0,0,0,0,0,0,0,0,0
170953,4,1,1992,0,0,0,0,0,0,0,0,0,0
170954,1,1,1992,0,0,0,0,0,0,0,0,0,0
170954,2,1,1992,0,0,0,0,0,0,0,0,0,0
170955,1,1,1992,0,0,0,0,0,0,0,0,0,4
170956,1,1,1992,0,0,0,0,0,0,0,0,0,0
170957,1,1,1992,15,15,15,15,15,15,15,15,15,15
170958,1,1,1992,0,0,0,0,0,0,0,0,0,0
170958,2,1,1992,0,0,0,0,0,0,0,0,0,0
170959,1,1,1992,0,0,0,0,0,0,0,0,0,0
170959,2,1,1992,0,6,0,0,0,0,0,0,0,0
170960,0,1,1992,0,0,0,0,0,0,0,0,0,0
170960,1,1,1992,0,0,0,0,0,0,0,0,0,0
170961,1,1,1992,0,0,0,0,0,0,0,0,0,6
170961,2,1,1992,0,0,0,0,0,0,0,0,0,0
170961,3,1,1992,0,0,0,0,0,0,0,0,0,0
170962,1,1,1992,0,0,0,0,0,0,0,0,0,0
170963,1,1,1992,24,24,24,24,24,24,24,24,24,24
170964,1,1,1992,0,0,0,0,0,0,0,0,0,0
170965,1,1,1992,0,0,0,0,0,0,0,0,0,0
170966,1,1,1992,0,0,0,0,0,0,0,0,0,0
170966,2,1,1992,0,0,0,0,0,0,0,0,0,0
170966,3,1,1992,0,0,0,0,0,0,0,0,0,0
170967,1,1,1992,8,8,8,8,8,8,8,8,8,8
170967,2,1,1992,0,0,0,0,0,0,0,0,0,0
170968,1,1,1992,0,0,0,0,0,0,0,0,0,0