ST_CASE,VEH_NO,PER_NO,YEAR,P1,P2,P3,P4,P5,P6,P7,P8,P9,P10
171240,1,1,1992,0,0,0,0,0,0,0,0,0,0
171240,2,1,1992,0,0,0,0,0,0,0,0,0,0
171241,1,1,1992,0,0,0,0,0,0,0,0,0,0
171241,2,1,1992,0,0,0,17,0,0,0,0,0,0
171242,0,1,1992,25,18,23,0,0,10,0,0,0,0
171242,1,1,1992,0,0,0,0,0,0,20,0,0,0
171243,0,1,1992,0,0,0,0,0,0,0,0,0,0
171243,1,1,1992,0,0,0,0,0,0,0,0,0,0
171244,1,1,1992,20,20,20,20,20,20,20,20,20,20
171246,0,1,1992,26,26,26,26,26,26,26,26,26,26
171246,0,2,1992,0,24,9,16,0,27,16,19,17,0
171246,1,1,1992,19,38,9,17,14,6,19,18,17,4
171246,2,1,1992,0,0,0,0,17,0,0,0,0,0
171247,1,1,1992,39,39,39,39,39,39,39,39,39,39
171248,1,1,1992,13,13,13,13,13,13,13,13,13,13
171249,0,1,1992,0,0,0,0,0,0,0,0,0,0
171249,1,1,1992,0,7,14,20,17,23,13,18,0,9
171250,1,1,1992,19,19,19,19,19,19,19,19,19,19
171250,2,1,1992,0,0,0,0,0,0,0,0,0,0
171251,0,1,1992,0,0,0,0,0,0,0,0,0,0
171251,1,1,1992,0,0,0,0,0,0,0,0,12,0
171252,1,1,1992,0,0,0,0,0,0,0,0,0,0
171252,2,1,1992,0,2,4,14,0,0,0,0,0,0
171253,1,1,1992,12,12,12,12,12,12,12,12,12,12
171254,1,1,1992,14,13,0,22,26,9,18,18,3,7
171255,1,1,1992,21,21,21,21,21,21,21,21,21,21
171255,2,1,1992,0,0,0,0,0,0,0,0,0,0
171256,0,1,1992,0,0,0,0,0,0,0,0,0,0
171256,1,1,1992,0,17,0,0,7,0,0,13,0,0
171257,1,1,1992,0,0,0,0,0,0,0,0,0,0
171257,2,1,1992,0,0,33,0,0,0,0,0,0,0
171258,1,1,1992,0,0,0,0,0,0,0,0,0,0
171259,1,1,1992,5,5,5,5,5,5,5,5,5,5
171259,2,1,1992,0,0,0,0,0,0,0,0,0,0
171260,1,1,1992,0,0,0,0,0,0,0,0,0,0
171260,2,1,1992,0,7,0,0,0,0,0,0,0,0
171261,1,1,1992,23,23,23,23,23,23,23,23,23,23
171261,2,1,1992,0,0,0,0,0,0,0,0,0,0
171262,1,1,1992,10,9,14,15,16,0,16,0,18,9
171263,1,1,1992,0,18,20,0,0,0,0,10,19,9
171264,0,1,1992,0,5,0,24,13,0,0,0,16,0
171264,1,1,1992,20,20,20,20,20,20,20,20,20,20
171265,1,1,1992,23,23,23,23,23,23,23,23,23,23
171265,2,1,1992,0,0,0,0,0,0,0,0,0,0
171265,3,1,1992,0,0,0,0,0,0,0,0,0,0
171266,0,1,1992,0,25,10,3,21,22,0,0,0,0
171266,1,1,1992,0,0,0,0,0,0,0,0,0,0
171267,0,1,1992,34,34,34,34,34,34,34,34,34,34
171267,1,1,1992,0,0,0,0,0,0,0,0,0,0
171268,1,1,1992,15,15,15,15,15,15,15,15,15,15
171269,0,1,1992,0,0,0,0,0,0,0,0,0,0
171269,1,1,1992,0,0,0,0,0,0,0,0,0,0
171269,2,1,1992,0,0,0,0,0,0,0,0,11,0
171271,1,1,1992,21,21,21,21,21,21,21,21,21,21
171271,2,1,1992,0,0,0,0,0,0,0,0,0,0
171272,1,1,1992,14,14,14,14,14,14,14,14,14,14
171273,1,1,1992,23,23,23,23,23,23,23,23,23,23
171273,2,1,1992,0,0,0,0,0,0,0,0,0,0
171274,1,1,1992,17,11,0,0,19,0,24,0,0,0
171275,1,1,1992,0,0,0,0,0,0,0,0,0,0
171275,2,1,1992,0,0,0,0,0,0,0,0,0,0
180001,1,1,1992,21,21,21,21,21,21,21,21,21,21
180002,1,1,1992,6,0,0,0,18,0,0,0,13,5
180002,2,1,1992,8,8,8,8,8,8,8,8,8,8
180003,1,1,1992,7,7,7,7,7,7,7,7,7,7
180003,2,1,1992,17,17,17,17,17,17,17,17,17,17
180004,1,1,1992,0,0,0,0,0,0,0,0,0,0
180004,2,1,1992,0,0,0,0,0,0,0,0,0,0
180005,1,1,1992,0,0,12,0,0,0,0,11,0,0
180005,2,1,1992,0,0,0,0,0,0,0,0,0,13
180005,3,1,1992,0,0,10,0,0,16,0,0,0,0
180005,4,1,1992,0,0,0,0,0,0,0,0,0,0
180005,5,1,1992,0,0,0,0,0,0,22,0,0,0
180005,6,1,1992,0,0,0,2,0,0,0,0,0,0
180005,7,1,1992,0,0,0,0,0,0,0,0,0,0
180006,1,1,1992,0,0,0,0,0,0,0,0,0,0
180006,2,1,1992,0,0,0,0,0,0,0,0,0,0
180006,3,1,1992,0,0,0,0,0,0,0,0,0,0
180007,1,1,1992,0,0,0,0,0,0,0,0,0,0
180007,2,1,1992,0,0,0,0,0,0,0,0,0,0
180008,1,1,1992,0,0,0,0,0,0,0,0,0,0
180008,2,1,1992,0,0,0,0,0,0,0,0,0,0
180009,1,1,1992,10,0,0,0,0,0,16,0,0,0
180009,2,1,1992,0,0,0,0,0,0,0,0,0,0
180010,0,1,1992,0,0,0,0,0,0,0,0,0,0
180010,1,1,1992,0,12,0,0,0,0,0,0,0,0
180011,1,1,1992,27,27,27,27,27,27,27,27,27,27
180012,1,1,1992,0,0,0,0,0,0,0,0,0,0
180012,2,1,1992,0,0,0,0,0,0,0,0,0,0
180012,3,1,1992,0,0,0,0,0,0,0,0,0,0
180013,1,1,1992,0,0,0,0,0,0,0,0,19,0
180014,1,1,1992,5,5,5,5,5,5,5,5,5,5
180015,1,1,1992,0,50,0,0,0,0,0,0,0,0
180015,2,1,1992,0,17,0,0,0,22,0,0,8,0
180016,1,1,1992,0,0,0,0,0,0,0,0,0,0
180016,2,1,1992,0,0,0,0,0,0,0,0,0,0
180018,0,1,1992,0,0,15,0,0,0,0,0,0,0
180018,1,1,1992,0,0,0,0,0,0,0,0,0,0
180019,0,1,1992,27,0,0,0,0,40,20,0,0,0
180019,1,1,1992,1,1,1,1,1,1,1,1,1,1
180020,0,1,1992,0,0,0,0,0,0,0,0,0,0
180020,1,1,1992,0,0,0,0,0,0,0,0,0,0
180021,1,1,1992,0,0,0,0,0,0,0,0,0,0
180021,2,1,1992,0,0,0,0,0,0,0,0,0,0
180022,1,1,1992,0,0,0,0,0,0,0,0,0,0
180022,2,1,1992,0,0,0,0,0,0,0,0,0,0
180023,1,1,1992,0,0,0,0,0,0,0,0,0,0
180023,2,1,1992,0,5,0,0,0,0,0,0,5,0
180024,1,1,1992,0,9,0,0,0,0,0,0,0,0
180024,2,1,1992,12,0,0,0,0,0,0,0,0,0
180025,1,1,1992,12,13,8,16,24,15,0,27,0,0
180026,1,1,1992,0,0,0,0,0,0,0,0,0,0
180027,0,1,1992,14,14,14,14,14,14,14,14,14,14
180027,1,1,1992,16,0,24,8,0,0,0,6,6,21
180028,1,1,1992,24,24,24,24,24,24,24,24,24,24
180029,1,1,1992,0,0,0,0,0,0,0,0,0,0
180029,2,1,1992,0,0,0,0,0,0,0,0,0,0
180030,1,1,1992,0,0,0,0,0,0,0,0,0,0
180030,2,1,1992,0,0,0,0,0,14,0,0,0,0
180031,1,1,1992,0,0,0,0,0,0,0,0,0,0
180031,2,1,1992,0,0,0,0,0,0,0,0,0,0
180032,1,1,1992,22,22,22,22,22,22,22,22,22,22
180033,1,1,1992,0,0,0,0,0,0,0,0,0,0
180034,1,1,1992,0,0,0,0,0,0,0,0,0,0
180035,0,1,1992,4,4,4,4,4,4,4,4,4,4
180035,1,1,1992,0,0,0,0,0,0,0,0,0,0
180036,1,1,1992,0,0,0,0,0,0,0,0,0,0
180036,2,1,1992,0,0,0,0,0,0,0,0,0,0
180037,1,1,1992,0,0,0,0,0,0,0,0,0,0
180038,1,1,1992,0,0,0,0,0,0,0,0,0,0
180039,1,1,1992,0,15,0,0,0,0,17,0,0,0
180040,1,1,1992,15,15,15,15,15,15,15,15,15,15
180041,1,1,1992,22,22,22,22,22,22,22,22,22,22
180042,1,1,1992,0,0,0,0,0,0,0,0,0,0
180042,2,1,1992,0,0,0,0,0,0,0,0,0,0
180043,0,1,1992,0,0,0,0,0,0,0,0,0,0
180043,1,1,1992,10,15,12,0,0,0,0,0,0,0
180044,1,1,1992,29,29,29,29,29,29,29,29,29,29
180045,1,1,1992,30,30,30,30,30,30,30,30,30,30
180045,2,1,1992,0,0,0,0,0,0,0,0,0,0
180046,1,1,1992,0,0,0,0,0,0,0,0,0,0
180047,1,1,1992,0,0,0,0,0,0,0,0,0,0
180047,2,1,1992,0,0,0,0,0,0,0,0,0,0
180047,3,1,1992,0,0,0,0,0,0,0,0,0,0
180047,4,1,1992,0,0,0,0,0,0,0,0,0,0
180047,5,1,1992,0,0,13,0,0,0,0,0,0,0
180047,6,1,1992,0,0,0,0,0,0,0,0,0,0
180048,1,1,1992,2,2,2,2,2,2,2,2,2,2
180048,2,1,1992,0,0,0,0,0,0,0,0,0,0
180049,1,1,1992,0,0,0,0,0,0,0,0,0,0
180049,2,1,1992,0,0,0,0,0,0,0,0,0,0
180050,1,1,1992,25,25,25,25,25,25,25,25,25,25
180050,2,1,1992,0,0,0,0,0,0,0,0,0,0
180051,1,1,1992,15,15,15,15,15,15,15,15,15,15
180051,2,1,1992,15,15,15,15,15,15,15,15,15,15
180052,1,1,1992,12,12,12,12,12,12,12,12,12,12
180053,1,1,1992,0,0,0,0,0,0,0,0,0,0
180053,2,1,1992,0,0,18,0,0,23,0,0,5,0
180054,1,1,1992,0,0,0,0,0,0,0,0,0,0
180054,2,1,1992,0,27,0,0,0,0,0,0,0,0
180055,0,1,1992,0,0,0,0,0,0,0,0,0,0
180055,1,1,1992,0,0,0,0,0,0,0,0,0,0
180056,1,1,1992,5,5,5,5,5,5,5,5,5,5
180057,1,1,1992,0,0,0,0,0,0,0,0,0,0
180057,2,1,1992,0,0,0,0,0,0,0,0,0,0
180058,1,1,1992,32,0,15,17,14,21,0,14,13,0
180059,1,1,1992,0,0,0,0,0,0,0,0,0,0
180060,1,1,1992,0,0,0,0,0,0,0,0,0,0
180060,2,1,1992,0,0,0,0,0,0,0,0,0,0
180061,1,1,1992,20,20,20,20,20,20,20,20,20,20
180061,2,1,1992,0,0,3,0,0,0,0,0,0,0
180063,1,1,1992,0,0,0,0,0,0,0,0,0,0
180063,2,1,1992,0,0,0,0,0,0,0,0,0,0
180064,1,1,1992,0,0,0,0,0,0,0,0,0,0
180065,1,1,1992,36,36,36,36,36,36,36,36,36,36
180066,1,1,1992,0,0,0,0,0,0,0,0,0,0
180066,2,1,1992,0,0,0,0,0,0,0,0,0,0
180067,1,1,1992,0,0,0,0,0,0,0,0,0,0
180068,1,1,1992,0,0,0,0,0,0,0,0,0,0
180069,1,1,1992,0,0,0,0,0,0,0,0,0,0
180070,1,1,1992,28,28,28,28,28,28,28,28,28,28
180070,2,1,1992,0,0,0,0,0,0,0,0,0,0
180070,3,1,1992,0,14,0,0,0,10,16,0,0,0
180071,1,1,1992,0,0,0,0,0,0,0,0,0,0
180071,2,1,1992,0,0,0,0,0,0,0,0,0,0
180072,1,1,1992,0,0,0,0,0,0,0,0,0,0
180072,2,1,1992,0,0,0,0,0,0,0,0,0,0
180073,1,1,1992,0,0,0,0,0,0,0,0,0,0
180074,1,1,1992,0,0,0,0,0,0,0,0,0,0
180074,2,1,1992,0,0,0,0,0,0,0,0,0,0
180075,1,1,1992,10,10,10,10,10,10,10,10,10,10
180076,1,1,1992,0,0,0,0,0,0,0,0,0,0
180076,2,1,1992,0,0,0,0,0,0,0,0,0,0
180078,1,1,1992,0,0,0,0,0,0,0,0,0,0
180078,2,1,1992,0,0,0,0,0,0,0,0,0,0
180079,1,1,1992,27,27,27,27,27,27,27,27,27,27
180080,1,1,1992,20,20,20,20,20,20,20,20,20,20
180080,2,1,1992,0,0,0,0,0,0,0,0,0,0
180081,1,1,1992,10,10,10,10,10,10,10,10,10,10
180081,2,1,1992,0,0,0,0,0,0,0,0,0,0
180082,1,1,1992,15,15,15,15,15,15,15,15,15,15
180082,2,1,1992,21,0,12,18,18,0,4,0,17,0
180083,1,1,1992,7,7,7,7,7,7,7,7,7,7
180084,1,1,1992,0,0,0,0,0,0,0,0,0,0
180084,2,1,1992,0,0,0,0,0,0,0,0,0,0
180085,1,1,1992,0,0,0,0,0,0,0,0,0,0
180085,2,1,1992,0,0,0,0,0,0,0,0,0,0
180086,1,1,1992,9,9,9,9,9,9,9,9,9,9
180087,1,1,1992,0,0,0,0,0,0,0,0,0,0
180089,1,1,1992,18,0,0,0,0,28,0,0,0,0
180089,2,1,1992,0,0,9,9,0,0,0,0,0,11
180090,1,1,1992,0,0,0,0,0,0,0,0,0,0
180091,0,1,1992,0,0,0,0,0,0,0,0,0,0
180091,1,1,1992,0,0,0,0,0,0,0,0,0,0
180092,1,1,1992,0,0,0,0,0,0,0,0,0,0
180092,2,1,1992,0,0,0,0,0,0,0,0,0,0
180092,3,1,1992,0,0,0,0,0,0,0,0,0,0
180092,4,1,1992,0,0,0,0,0,18,0,0,0,0
180093,1,1,1992,0,0,0,0,0,0,0,0,0,0
180093,2,1,1992,0,0,0,0,0,0,0,0,0,0
180094,1,1,1992,18,18,18,18,18,18,18,18,18,18
180095,0,1,1992,0,0,0,0,0,0,0,0,0,0
180095,0,2,1992,0,0,0,0,0,0,0,0,0,0
180095,1,1,1992,0,0,8,0,0,0,11,0,0,0
180096,1,1,1992,15,15,15,15,15,15,15,15,15,15
180097,1,1,1992,0,0,0,0,0,0,13,0,0,0
180098,1,1,1992,2,2,2,2,2,2,2,2,2,2
180099,1,1,1992,2,2,2,2,2,2,2,2,2,2
180099,2,1,1992,0,0,0,0,0,0,0,0,0,0
180100,1,1,1992,0,0,0,0,0,0,0,0,0,0
180100,2,1,1992,3,3,3,3,3,3,3,3,3,3
180101,1,1,1992,32,32,32,32,32,32,32,32,32,32
180102,1,1,1992,0,0,0,0,0,0,0,0,0,0
180102,2,1,1992,0,0,0,0,0,0,0,0,0,0
180102,3,1,1992,0,0,0,0,0,0,0,0,0,0
180103,1,1,1992,0,0,0,0,0,0,0,0,0,0
180103,2,1,1992,0,0,0,0,0,0,0,0,0,0
180104,1,1,1992,0,0,0,0,0,0,0,0,0,0
180104,2,1,1992,0,0,0,0,0,0,0,0,0,0
180105,1,1,1992,13,13,13,13,13,13,13,13,13,13
180105,2,1,1992,0,0,0,0,0,0,0,0,0,0
180105,3,1,1992,0,0,0,0,0,0,0,0,0,0
180106,1,1,1992,0,0,0,0,0,0,0,0,0,0
180107,1,1,1992,0,0,0,0,0,0,0,0,0,0
180107,2,1,1992,0,0,0,0,0,0,0,0,12,16
180108,1,1,1992,0,0,0,0,0,0,0,0,0,0
180108,2,1,1992,0,0,0,0,0,0,0,0,0,0
180109,1,1,1992,0,0,0,0,0,0,0,0,0,0
180109,2,1,1992,0,0,0,0,0,0,0,0,0,0
180110,1,1,1992,15,15,15,15,15,15,15,15,15,15
180111,1,1,1992,0,0,0,0,14,4,16,0,0,0
180112,0,1,1992,0,0,0,0,0,0,0,0,0,0
180112,0,2,1992,0,0,0,0,13,36,0,0,0,0
180112,1,1,1992,0,0,0,0,0,0,0,9,8,0
180113,1,1,1992,7,7,7,7,7,7,7,7,7,7
180114,0,1,1992,0,0,0,0,0,0,0,0,0,0
180114,1,1,1992,0,8,0,0,22,0,0,0,0,0
180115,1,1,1992,0,0,0,0,0,0,0,0,0,0
180115,2,1,1992,0,0,0,0,0,0,0,0,0,0
180116,1,1,1992,0,0,0,0,0,0,0,0,0,0
180117,1,1,1992,16,16,16,16,16,16,16,16,16,16
180118,1,1,1992,43,43,43,43,43,43,43,43,43,43
180118,2,1,1992,0,0,0,0,0,0,0,0,0,0
180119,1,1,1992,0,0,0,0,0,0,0,0,0,0
180119,2,1,1992,0,0,0,0,0,0,0,0,0,0
180120,1,1,1992,6,0,0,0,0,0,0,0,0,0
180121,1,1,1992,10,10,10,10,10,10,10,10,10,10
180122,1,1,1992,19,19,19,19,19,19,19,19,19,19
180123,1,1,1992,27,27,27,27,27,27,27,27,27,27
180124,1,1,1992,0,0,0,0,0,0,0,0,0,0
180125,1,1,1992,24,24,24,24,24,24,24,24,24,24
180126,1,1,1992,0,0,0,0,0,0,0,0,0,0
180126,2,1,1992,17,17,17,17,17,17,17,17,17,17
180127,0,1,1992,2,2,2,2,2,2,2,2,2,2
180127,1,1,1992,0,0,0,0,0,0,0,0,0,0
180128,1,1,1992,0,0,0,0,0,0,0,0,0,0
180128,2,1,1992,14,14,14,14,14,14,14,14,14,14
180129,1,1,1992,0,0,0,0,0,0,0,0,0,0
180129,2,1,1992,0,0,0,0,0,0,0,0,0,0
180130,1,1,1992,12,12,12,12,12,12,12,12,12,12
180131,1,1,1992,0,0,0,0,0,0,0,0,0,0
180131,2,1,1992,0,0,0,0,0,0,0,0,0,0
180131,3,1,1992,0,0,0,0,0,0,0,0,0,12
180132,1,1,1992,22,7,18,4,25,31,6,13,28,12
180133,1,1,1992,0,0,0,0,0,0,0,0,0,0
180133,2,1,1992,0,0,0,0,0,0,0,0,0,0
180134,0,1,1992,7,7,7,7,7,7,7,7,7,7
180134,0,2,1992,34,8,0,0,27,34,0,9,0,0
180134,1,1,1992,0,14,0,0,19,17,19,13,23,9
180135,1,1,1992,0,0,0,0,0,0,0,0,0,0
180135,2,1,1992,0,0,0,0,0,0,0,0,0,0
180136,1,1,1992,0,0,0,0,0,0,0,0,0,0
180137,1,1,1992,8,0,0,0,0,0,0,0,0,0
180138,1,1,1992,15,15,15,15,15,15,15,15,15,15
180139,1,1,1992,0,0,0,0,0,0,0,0,0,0
180140,1,1,1992,20,20,20,20,20,20,20,20,20,20
180141,1,1,1992,0,0,0,0,0,0,0,0,0,0
180142,1,1,1992,0,0,17,0,0,6,0,0,9,0
180143,1,1,1992,10,10,10,10,10,10,10,10,10,10
180143,2,1,1992,0,0,0,0,0,0,0,0,0,0
180143,3,1,1992,0,0,18,10,0,0,0,21,27,24
180144,1,1,1992,14,14,14,14,14,14,14,14,14,14
180145,0,1,1992,0,0,0,0,0,0,0,0,0,0
180145,0,2,1992,0,0,0,0,0,0,0,0,0,0
180145,1,1,1992,16,16,16,16,16,16,16,16,16,16
180146,1,1,1992,0,0,0,0,0,0,0,0,0,0
180146,2,1,1992,0,0,0,0,0,0,0,0,0,0
180147,1,1,1992,18,18,18,18,18,18,18,18,18,18
180148,1,1,1992,19,48,45,26,27,28,21,23,18,34
180149,1,1,1992,0,0,0,0,0,0,0,0,0,0
180150,1,1,1992,0,0,0,0,0,0,0,0,0,0
180150,2,1,1992,0,0,0,0,0,0,0,0,0,0
180151,1,1,1992,8,8,8,8,8,8,8,8,8,8
180151,2,1,1992,0,0,0,0,0,0,0,0,0,0
180152,1,1,1992,32,32,32,32,32,32,32,32,32,32
180153,1,1,1992,17,17,17,17,17,17,17,17,17,17
180154,1,1,1992,0,0,0,0,0,0,0,0,0,0
180155,1,1,1992,0,0,0,0,0,0,0,0,0,0
180156,1,1,1992,0,0,0,0,0,0,0,0,0,0
180156,2,1,1992,0,0,0,0,0,0,0,0,0,0
180158,1,1,1992,19,13,22,20,7,0,17,6,14,18
180159,1,1,1992,0,0,0,0,0,0,0,0,0,0
180159,2,1,1992,12,12,12,12,12,12,12,12,12,12
180160,1,1,1992,0,0,0,0,0,0,0,0,0,0
180160,2,1,1992,0,0,0,0,0,0,0,0,0,0
180161,1,1,1992,0,0,0,0,0,0,0,0,0,0
180161,2,1,1992,0,0,8,22,0,0,10,18,0,0
180161,3,1,1992,0,0,6,0,0,0,0,0,0,0
180162,1,1,1992,0,0,0,0,0,0,0,0,0,0
180162,2,1,1992,0,0,0,0,0,0,0,0,0,0
180163,1,1,1992,0,0,0,0,0,0,0,0,0,0
180163,2,1,1992,0,0,0,0,0,0,0,0,0,0
180164,1,1,1992,18,18,18,18,18,18,18,18,18,18
180164,2,1,1992,0,0,0,0,0,0,0,0,0,0
180165,0,1,1992,0,0,0,0,0,0,0,0,0,0
180165,1,1,1992,0,0,0,0,0,0,0,0,0,0
180166,1,1,1992,0,0,0,0,0,0,0,0,0,0
180166,2,1,1992,0,0,0,0,0,0,0,0,0,0
180167,1,1,1992,0,0,0,0,0,0,0,0,0,0
180168,1,1,1992,27,0,0,0,0,30,0,11,0,8
180169,1,1,1992,0,0,0,0,0,0,0,0,0,0
180169,2,1,1992,0,0,0,0,0,0,0,0,0,0
180170,0,1,1992,0,0,0,0,0,0,0,0,0,0
180170,1,1,1992,0,0,0,0,0,0,0,0,3,0
180171,1,1,1992,0,0,0,0,0,0,0,0,0,0
180171,2,1,1992,0,0,0,0,0,0,0,0,0,0
180172,1,1,1992,0,0,0,0,0,0,0,36,0,0
180172,2,1,1992,0,0,0,0,0,0,0,0,0,0
180173,1,1,1992,18,18,18,18,18,18,18,18,18,18
180174,1,1,1992,0,0,0,0,0,0,0,0,0,0
180174,2,1,1992,0,0,0,0,0,0,0,0,0,0
180175,1,1,1992,0,0,0,0,0,0,0,0,0,0
180175,2,1,1992,0,0,0,0,0,0,0,0,0,0
180176,1,1,1992,0,0,0,0,0,0,0,0,0,0
180176,2,1,1992,0,0,0,0,0,0,0,0,0,0
180177,1,1,1992,0,0,0,0,0,0,0,0,0,0
180177,2,1,1992,0,0,0,0,0,0,0,0,0,0
180178,1,1,1992,0,0,0,0,0,0,0,0,0,0
180178,2,1,1992,0,0,0,0,0,0,0,0,0,0
180179,1,3,1992,17,18,25,0,19,0,0,24,0,0
180180,1,1,1992,0,0,0,0,0,0,0,0,0,0
180180,2,1,1992,0,0,0,0,0,0,0,0,0,0
180181,1,1,1992,2,2,2,2,2,2,2,2,2,2
180182,1,1,1992,15,15,15,15,15,15,15,15,15,15
180183,1,1,1992,0,0,0,0,0,0,0,0,0,0
180184,1,1,1992,0,0,0,0,0,0,0,0,0,0
180184,2,1,1992,15,15,15,15,15,15,15,15,15,15
180185,1,1,1992,0,0,0,0,0,0,7,0,0,0
180186,0,1,1992,0,0,0,0,0,0,0,0,0,0
180186,1,1,1992,0,17,0,0,0,0,0,0,12,0
180187,1,1,1992,0,0,0,0,0,0,0,0,0,0
180188,1,1,1992,5,5,5,5,5,5,5,5,5,5
180189,1,1,1992,22,22,22,22,22,22,22,22,22,22
180189,2,1,1992,0,0,0,0,0,0,0,0,0,0
180189,3,1,1992,0,0,0,0,0,0,0,0,0,0
180190,1,1,1992,0,0,0,0,0,0,0,0,0,0
180190,2,1,1992,0,0,0,0,0,0,0,0,0,0
180191,1,1,1992,1,1,1,1,1,1,1,1,1,1
180191,2,1,1992,0,0,0,0,0,0,0,0,0,0
180191,3,1,1992,0,0,0,0,0,0,0,0,0,0
180192,0,1,1992,0,0,0,0,0,0,0,0,0,0
180192,1,1,1992,0,0,0,0,0,0,0,0,0,0
180193,1,1,1992,25,25,25,25,25,25,25,25,25,25
180194,1,1,1992,2,2,2,2,2,2,2,2,2,2
180195,1,1,1992,9,9,9,9,9,9,9,9,9,9
180195,2,1,1992,0,0,0,0,0,0,0,0,0,0
180196,1,1,1992,2,11,19,12,16,12,13,18,10,9
180197,1,1,1992,20,20,20,20,20,20,20,20,20,20
180198,0,1,1992,10,10,10,10,10,10,10,10,10,10
180198,0,2,1992,21,0,0,39,19,0,32,10,10,0
180198,1,1,1992,25,25,25,25,25,25,25,25,25,25
180199,1,1,1992,0,0,0,8,0,0,0,0,0,0
180199,2,1,1992,0,0,0,0,0,0,0,0,0,0
180200,0,1,1992,0,0,0,0,0,0,0,0,0,0
180200,1,1,1992,0,0,0,0,0,0,0,0,0,0
180202,1,1,1992,21,21,21,21,21,21,21,21,21,21
180203,1,1,1992,0,0,0,0,0,0,0,0,0,0
180203,2,1,1992,0,0,0,0,0,0,0,0,0,0
180204,1,1,1992,0,0,0,0,0,0,0,0,0,0
180204,2,1,1992,0,0,0,0,0,0,0,0,0,0
180205,1,1,1992,0,0,0,0,0,0,0,0,0,0
180205,2,1,1992,0,0,0,0,0,0,0,0,0,0
180206,1,1,1992,2,2,2,2,2,2,2,2,2,2
180206,2,1,1992,0,0,0,0,0,0,0,0,0,0
180207,1,1,1992,0,0,0,0,0,0,0,0,0,0
180208,1,1,1992,0,0,0,0,0,0,0,0,0,0
180209,1,1,1992,0,0,0,0,0,0,0,0,0,0
180210,1,1,1992,0,0,0,0,0,0,0,0,0,0
180210,2,1,1992,0,0,0,0,0,0,0,0,0,0
180210,3,1,1992,0,0,0,0,0,0,0,0,0,0
180212,1,1,1992,0,12,0,0,0,0,0,0,0,0
180212,2,1,1992,0,0,0,0,0,0,0,0,0,0
180213,1,1,1992,0,0,0,0,0,0,0,0,0,0
180214,0,1,1992,0,0,0,0,0,0,0,0,0,0
180214,1,1,1992,0,0,0,0,0,0,0,0,0,0
180215,1,1,1992,0,0,0,0,0,0,0,0,0,0
180216,1,1,1992,0,0,0,0,0,0,0,0,0,0
180216,2,1,1992,0,0,0,0,0,0,0,0,0,0
180218,1,1,1992,0,0,0,0,0,0,0,0,0,0
180218,2,1,1992,0,0,0,0,0,0,0,0,0,0
180219,1,1,1992,0,0,0,0,0,0,0,0,0,0
180219,2,1,1992,0,0,0,0,0,0,0,0,0,0
180220,1,1,1992,3,3,3,3,3,3,3,3,3,3
180220,2,1,1992,0,0,0,0,0,0,0,0,0,0
180221,0,1,1992,0,0,0,0,0,0,0,0,0,0
180221,1,1,1992,0,0,0,0,0,0,0,0,0,0
180222,1,1,1992,16,16,16,16,16,16,16,16,16,16
180223,1,1,1992,0,0,0,0,0,0,0,0,0,0
180223,2,1,1992,1,1,1,1,1,1,1,1,1,1
180224,1,1,1992,0,0,0,0,0,0,0,0,0,0
180224,2,1,1992,0,0,0,0,0,0,0,0,0,0
180225,1,1,1992,0,0,0,0,0,0,0,0,0,0
180225,2,1,1992,0,0,0,0,0,0,0,0,0,0
180225,3,1,1992,0,0,0,0,0,0,0,0,0,0
180225,4,1,1992,0,0,0,0,0,0,0,0,0,0
180226,0,1,1992,0,0,0,0,0,0,0,0,0,0
180226,1,1,1992,0,0,0,0,0,0,0,0,0,0
180227,1,1,1992,17,17,17,17,17,17,17,17,17,17
180228,1,1,1992,0,0,0,0,10,0,0,10,0,0
180228,2,1,1992,0,0,0,0,0,0,0,0,0,0
180228,3,1,1992,0,0,0,0,0,0,0,0,0,0
180228,4,1,1992,0,0,0,0,0,0,0,0,0,0
180229,1,1,1992,0,0,0,0,0,0,0,0,0,0
180230,0,1,1992,27,27,27,27,27,27,27,27,27,27
180230,1,1,1992,6,6,6,6,6,6,6,6,6,6
180231,1,1,1992,5,5,5,5,5,5,5,5,5,5
180232,1,1,1992,0,0,0,0,0,0,2,0,0,0
180232,2,1,1992,0,0,0,0,27,0,0,0,0,0
180233,1,1,1992,2,2,2,2,2,2,2,2,2,2
180233,2,1,1992,0,0,0,0,0,0,0,0,0,0
180234,1,1,1992,17,17,17,17,17,17,17,17,17,17
180235,1,1,1992,0,0,0,0,0,0,0,0,0,0
180235,2,1,1992,0,0,0,0,0,0,0,0,0,0
180236,1,1,1992,0,0,0,0,0,0,0,0,0,0
180236,2,1,1992,23,23,23,23,23,23,23,23,23,23
180237,1,1,1992,0,0,0,0,0,0,0,0,0,0
180238,1,1,1992,0,0,0,0,0,0,0,0,0,0
180239,1,1,1992,0,0,0,0,0,0,0,0,0,0
180239,2,1,1992,1,1,1,1,1,1,1,1,1,1
180240,1,1,1992,0,0,0,0,0,0,0,0,0,0
180241,0,1,1992,0,11,0,0,0,0,0,19,0,0
180241,1,1,1992,5,5,5,5,5,5,5,5,5,5