ST_CASE,VEH_NO,PER_NO,YEAR,P1,P2,P3,P4,P5,P6,P7,P8,P9,P10
180241,2,1,1992,0,0,0,0,0,0,0,0,0,0
180242,1,1,1992,0,0,0,0,0,0,0,0,0,0
180243,1,1,1992,0,0,0,0,0,0,0,0,0,0
180243,2,1,1992,0,0,0,0,0,0,0,0,0,0
180244,1,1,1992,15,15,15,15,15,15,15,15,15,15
180245,1,1,1992,0,0,0,0,0,0,0,0,0,0
180245,2,1,1992,18,18,18,18,18,18,18,18,18,18
180246,1,1,1992,12,12,12,12,12,12,12,12,12,12
180247,1,1,1992,0,0,15,0,18,18,0,0,0,24
180247,2,1,1992,0,0,0,0,0,0,0,0,0,0
180248,1,1,1992,6,6,6,6,6,6,6,6,6,6
180249,1,1,1992,0,0,0,0,0,0,0,0,0,0
180249,2,1,1992,11,0,0,0,0,0,0,0,0,0
180250,1,1,1992,0,0,0,0,0,0,0,0,0,0
180250,2,1,1992,0,0,0,0,0,0,0,0,0,0
180252,1,1,1992,0,0,0,0,0,0,0,0,0,0
180253,1,1,1992,0,0,0,0,0,0,0,0,0,0
180253,2,1,1992,0,0,0,0,0,0,0,0,0,0
180254,1,1,1992,0,0,0,0,0,0,0,0,0,0
180255,1,1,1992,0,0,0,0,0,0,0,0,0,0
180255,2,1,1992,0,0,0,0,0,0,0,0,0,0
180256,1,1,1992,19,19,19,19,19,19,19,19,19,19
180257,1,1,1992,0,0,0,0,0,0,0,0,0,0
180258,1,1,1992,15,15,15,15,15,15,15,15,15,15
180258,2,1,1992,0,0,0,0,0,0,0,0,0,0
180259,1,1,1992,20,20,20,20,20,20,20,20,20,20
180260,1,1,1992,0,0,0,0,0,0,0,0,0,0
180260,2,1,1992,23,0,0,0,19,19,0,0,0,0
180260,3,1,1992,21,21,21,21,21,21,21,21,21,21
180261,1,1,1992,27,27,27,27,27,27,27,27,27,27
180262,1,1,1992,14,14,14,14,14,14,14,14,14,14
180263,1,1,1992,0,0,0,0,0,0,0,0,0,0
180263,2,1,1992,0,0,0,0,0,0,0,0,0,0
180264,1,1,1992,0,0,0,0,0,0,0,0,0,0
180265,1,1,1992,0,0,0,0,0,0,0,0,0,0
180265,2,1,1992,0,0,0,0,0,0,0,0,0,0
180266,1,1,1992,0,0,0,0,0,0,0,0,0,0
180266,2,1,1992,0,0,0,0,0,0,0,0,0,0
180267,1,1,1992,15,15,15,15,15,15,15,15,15,15
180268,1,1,1992,0,0,0,0,0,0,0,0,0,0
180268,2,1,1992,16,16,16,16,16,16,16,16,16,16
180269,0,1,1992,0,0,0,0,0,0,0,0,0,0
180269,1,1,1992,0,0,0,0,0,0,0,0,0,0
180271,0,1,1992,0,0,0,0,0,0,0,26,0,29
180271,1,1,1992,0,0,0,0,0,0,0,0,0,0
180272,1,1,1992,5,5,5,5,5,5,5,5,5,5
180272,2,1,1992,0,0,0,0,0,0,0,0,0,0
180273,1,1,1992,0,0,0,0,0,0,0,0,0,0
180273,2,1,1992,0,0,0,0,0,0,0,0,0,0
180274,0,1,1992,0,0,0,0,0,0,0,0,0,0
180274,1,1,1992,0,0,0,0,0,0,0,0,0,0
180275,1,1,1992,0,0,0,0,0,0,0,0,0,0
180275,2,1,1992,0,0,0,0,0,0,0,0,0,0
180276,1,1,1992,0,0,0,0,0,7,0,0,0,0
180276,2,1,1992,0,0,0,0,0,0,0,0,0,0
180277,1,1,1992,0,0,0,0,0,0,0,0,0,0
180277,2,1,1992,0,0,5,0,0,0,0,0,0,0
180278,0,1,1992,0,0,0,0,0,0,0,0,0,0
180278,1,1,1992,0,0,0,0,0,0,0,0,0,0
180279,1,1,1992,0,0,0,0,0,0,0,0,0,0
180280,1,1,1992,0,0,0,0,0,0,0,0,0,0
180280,2,1,1992,0,0,9,0,0,10,0,0,0,0
180281,1,1,1992,15,15,15,15,15,15,15,15,15,15
180282,1,1,1992,23,0,0,0,7,0,26,0,9,0
180282,2,1,1992,20,20,20,20,20,20,20,20,20,20
180283,0,1,1992,17,0,0,0,0,0,0,21,0,16
180283,1,1,1992,23,15,0,16,9,0,0,0,0,0
180284,1,1,1992,0,0,0,0,0,0,0,0,0,0
180284,2,1,1992,13,13,13,13,13,13,13,13,13,13
180285,1,1,1992,0,0,0,0,0,0,0,0,0,0
180285,2,1,1992,0,0,0,0,0,0,0,0,0,0
180286,1,1,1992,0,0,0,0,0,0,0,0,0,0
180286,2,1,1992,0,0,0,0,0,0,8,19,0,0
180287,1,1,1992,0,0,0,0,0,0,0,0,0,0
180287,2,1,1992,0,0,9,0,0,18,0,0,0,0
180288,1,1,1992,0,0,0,0,0,0,0,0,0,0
180288,2,1,1992,0,0,0,0,0,0,0,0,0,0
180289,1,1,1992,0,0,0,0,0,0,0,0,0,0
180289,2,1,1992,0,0,0,0,0,0,0,0,0,0
180290,1,1,1992,0,0,0,0,0,0,0,0,0,0
180291,1,1,1992,0,0,0,0,0,0,0,0,0,0
180291,2,1,1992,0,0,0,0,0,0,0,0,0,0
180292,1,1,1992,0,0,0,0,0,0,0,0,0,0
180292,2,1,1992,0,0,0,0,0,0,0,0,0,0
180293,1,1,1992,0,0,0,0,0,0,0,0,0,0
180293,2,1,1992,0,0,0,0,0,0,0,0,0,0
180294,1,1,1992,0,0,0,0,0,0,0,0,0,0
180294,2,1,1992,0,0,0,0,0,0,0,0,0,0
180295,0,1,1992,0,0,0,0,0,0,0,0,0,0
180295,1,1,1992,0,0,0,0,0,0,0,0,0,0
180296,1,1,1992,0,0,0,0,0,0,0,0,0,0
180296,2,1,1992,0,0,0,0,0,0,0,0,0,0
180297,1,1,1992,0,0,0,0,0,0,0,0,0,0
180297,2,1,1992,0,0,0,0,0,0,0,0,0,0
180298,0,1,1992,27,27,27,27,27,27,27,27,27,27
180298,1,1,1992,2,2,2,2,2,2,2,2,2,2
180299,1,1,1992,0,0,0,0,0,0,0,0,0,0
180299,2,1,1992,0,0,0,0,0,0,0,0,0,0
180300,1,1,1992,0,0,0,0,0,0,0,0,0,0
180301,1,1,1992,2,2,2,2,2,2,2,2,2,2
180301,2,1,1992,0,0,0,0,0,0,0,0,0,0
180302,1,1,1992,0,0,0,0,0,0,0,0,0,0
180302,2,1,1992,0,0,0,0,0,0,0,0,0,0
180303,1,1,1992,0,0,0,0,0,0,0,0,0,0
180304,1,1,1992,0,0,0,0,0,0,0,0,0,0
180304,2,1,1992,0,0,0,0,0,0,0,0,0,0
180305,1,1,1992,0,0,0,0,0,0,0,0,0,0
180305,2,1,1992,0,0,0,0,0,0,0,0,0,0
180305,3,1,1992,0,0,0,0,0,0,0,0,0,0
180306,1,1,1992,7,7,7,7,7,7,7,7,7,7
180307,1,1,1992,0,0,0,0,0,0,0,0,0,9
180308,1,1,1992,0,0,0,0,0,0,0,0,0,0
180308,2,1,1992,0,0,0,0,0,0,0,0,0,0
180309,1,1,1992,20,28,31,11,0,11,13,6,0,12
180310,0,1,1992,0,0,28,0,0,0,0,0,0,0
180310,1,1,1992,0,0,0,0,0,0,0,0,0,0
180311,1,1,1992,0,0,0,0,0,0,0,0,0,0
180311,2,1,1992,0,0,0,0,0,0,0,0,0,0
180312,1,1,1992,8,8,8,8,8,8,8,8,8,8
180313,1,1,1992,0,0,0,0,0,0,0,0,0,0
180314,1,1,1992,0,10,0,0,7,0,0,0,0,0
180315,1,1,1992,14,14,14,14,14,14,14,14,14,14
180315,2,1,1992,0,0,0,0,0,0,0,0,0,0
180316,1,1,1992,0,0,0,0,0,0,0,0,0,0
180316,2,1,1992,0,0,0,0,0,0,0,0,0,0
180317,1,1,1992,0,0,0,0,0,0,0,0,0,0
180317,2,1,1992,0,0,0,0,0,0,0,0,0,0
180318,1,1,1992,0,0,0,0,0,0,0,0,0,0
180318,2,1,1992,0,0,0,0,0,0,0,0,0,0
180319,1,1,1992,14,0,0,12,0,0,0,0,3,0
180319,2,1,1992,0,0,0,0,0,0,0,0,0,0
180320,1,1,1992,0,0,0,0,0,0,12,0,0,0
180320,2,1,1992,0,0,0,0,0,0,0,0,0,0
180321,1,1,1992,0,0,11,0,3,0,0,0,0,0
180321,2,1,1992,0,0,0,0,0,0,0,0,0,0
180322,1,1,1992,26,26,26,26,26,26,26,26,26,26
180323,1,1,1992,0,0,0,0,0,0,0,0,0,12
180323,2,1,1992,0,0,0,0,7,0,0,0,0,0
180324,1,1,1992,16,16,16,16,16,16,16,16,16,16
180325,1,1,1992,0,0,0,0,0,0,0,0,0,0
180325,2,1,1992,0,0,0,0,0,0,0,0,0,0
180326,1,1,1992,0,0,0,0,0,0,0,0,0,0
180327,1,1,1992,18,18,18,18,18,18,18,18,18,18
180328,1,1,1992,17,17,17,17,17,17,17,17,17,17
180329,1,1,1992,0,0,0,0,0,0,0,0,0,0
180330,1,1,1992,0,0,0,0,0,0,0,0,0,0
180331,1,1,1992,27,27,27,27,27,27,27,27,27,27
180332,1,1,1992,25,25,25,25,25,25,25,25,25,25
180333,1,1,1992,6,6,6,6,6,6,6,6,6,6
180334,1,1,1992,0,0,0,0,0,0,0,0,0,0
180334,2,1,1992,0,0,0,0,0,0,0,12,0,0
180334,3,1,1992,0,0,0,0,0,0,0,0,0,0
180335,1,1,1992,18,0,0,0,0,0,0,0,0,0
180335,2,1,1992,0,0,0,0,0,0,0,0,0,0
180336,0,1,1992,0,0,0,0,0,0,0,0,0,0
180336,1,1,1992,0,0,0,0,0,0,0,0,0,0
180337,1,1,1992,37,37,37,37,37,37,37,37,37,37
180338,1,1,1992,0,0,0,0,0,0,0,0,0,0
180339,1,1,1992,0,0,0,0,0,0,0,0,0,0
180339,2,1,1992,0,0,0,0,0,0,0,0,0,0
180339,3,1,1992,0,0,0,0,0,0,0,0,0,0
180340,1,1,1992,0,7,0,0,17,12,0,19,0,0
180341,1,1,1992,19,19,19,19,19,19,19,19,19,19
180341,2,1,1992,0,0,0,0,0,0,0,0,0,0
180341,3,1,1992,0,0,0,0,0,0,0,0,0,0
180342,1,1,1992,16,16,16,16,16,16,16,16,16,16
180343,0,1,1992,17,17,17,17,17,17,17,17,17,17
180343,1,1,1992,0,0,0,0,0,0,0,0,0,0
180344,0,1,1992,0,0,0,0,0,0,0,0,0,0
180344,1,1,1992,0,0,0,0,0,0,0,0,0,0
180345,1,1,1992,0,0,0,0,0,0,0,0,0,0
180345,2,1,1992,0,0,0,0,0,0,0,0,0,0
180347,1,1,1992,16,16,16,16,16,16,16,16,16,16
180348,1,1,1992,23,23,23,23,23,23,23,23,23,23
180348,2,1,1992,0,0,0,0,22,0,0,0,0,0
180348,3,1,1992,0,0,0,0,0,0,0,0,29,0
180349,1,1,1992,0,0,0,0,0,0,0,0,0,0
180349,2,1,1992,0,0,0,0,0,0,0,0,0,0
180350,1,1,1992,1,1,1,1,1,1,1,1,1,1
180350,2,1,1992,8,8,8,8,8,8,8,8,8,8
180351,1,1,1992,23,23,23,23,23,23,23,23,23,23
180351,2,1,1992,0,0,0,0,0,0,0,0,0,0
180352,1,1,1992,0,0,0,0,0,0,0,0,0,0
180352,2,1,1992,0,0,0,0,0,0,0,0,0,0
180352,3,1,1992,0,0,0,0,0,0,0,0,0,0
180353,1,1,1992,27,27,27,27,27,27,27,27,27,27
180354,0,1,1992,0,0,0,0,0,0,0,0,0,0
180354,1,1,1992,0,0,0,0,0,0,0,0,0,0
180355,1,1,1992,0,0,0,0,0,0,0,0,0,0
180355,2,1,1992,1,1,1,1,1,1,1,1,1,1
180356,1,1,1992,0,11,0,0,0,0,0,0,9,10
180357,1,1,1992,0,0,0,0,0,0,0,0,0,0
180358,1,1,1992,0,0,0,0,0,0,0,0,0,0
180358,2,1,1992,0,0,0,0,0,0,0,0,0,0
180359,1,1,1992,15,9,0,0,0,0,0,0,0,0
180359,2,1,1992,0,0,0,0,0,0,0,0,0,0
180360,1,1,1992,24,24,24,24,24,24,24,24,24,24
180361,1,1,1992,0,0,0,0,0,0,0,0,0,0
180361,2,1,1992,0,0,0,0,0,0,0,0,0,0
180361,3,1,1992,0,0,0,0,0,0,0,0,0,0
180362,1,1,1992,11,11,11,11,11,11,11,11,11,11
180363,1,1,1992,0,0,0,0,0,0,0,0,0,0
180364,1,1,1992,0,0,0,0,0,0,0,0,0,0
180365,1,1,1992,30,30,30,30,30,30,30,30,30,30
180366,1,1,1992,10,10,10,10,10,10,10,10,10,10
180367,1,1,1992,0,0,0,0,0,0,0,0,0,0
180368,1,1,1992,0,0,0,0,0,0,0,0,0,0
180368,2,1,1992,0,0,0,0,0,0,0,0,0,0
180369,0,1,1992,0,0,0,0,0,0,0,0,0,0
180369,1,1,1992,0,0,0,0,0,0,0,0,0,0
180370,1,1,1992,0,0,0,0,0,0,0,0,0,0
180371,1,1,1992,0,0,0,0,0,0,0,0,0,0
180371,2,1,1992,0,0,0,0,0,0,0,0,0,0
180372,1,1,1992,0,0,0,0,0,0,0,0,0,0
180372,2,1,1992,0,0,0,0,0,0,0,0,0,0
180373,1,1,1992,0,0,0,0,0,0,0,0,0,0
180373,2,1,1992,0,0,0,0,0,0,0,0,0,0
180374,0,1,1992,0,0,0,0,0,0,0,0,0,0
180374,1,1,1992,0,0,0,0,0,0,0,0,0,0
180375,0,1,1992,0,0,0,0,0,0,0,0,0,0
180375,1,1,1992,0,0,0,0,0,0,0,0,0,0
180376,0,1,1992,1,1,1,1,1,1,1,1,1,1
180376,1,1,1992,20,20,20,20,20,20,20,20,20,20
180377,2,1,1992,0,0,0,0,0,0,0,0,0,0
180377,3,1,1992,0,0,0,0,0,0,0,0,0,0
180378,1,1,1992,0,0,0,0,0,0,0,0,0,0
180378,2,1,1992,0,0,0,0,0,0,0,6,0,0
180379,1,1,1992,9,9,9,9,9,9,9,9,9,9
180380,1,1,1992,0,0,0,0,0,0,0,0,0,0
180381,1,1,1992,0,0,0,0,0,0,0,0,0,0
180382,1,1,1992,15,15,15,15,15,15,15,15,15,15
180383,1,1,1992,0,0,0,0,0,0,0,0,0,0
180383,2,1,1992,0,0,0,0,0,0,0,0,0,0
180384,1,1,1992,0,0,0,0,0,0,0,0,0,0
180384,2,1,1992,0,0,0,0,0,0,0,0,0,0
180385,1,1,1992,0,0,0,0,0,0,0,0,0,0
180385,2,1,1992,0,0,0,0,0,0,0,0,0,0
180386,1,1,1992,10,10,10,10,10,10,10,10,10,10
180387,1,1,1992,0,0,0,0,0,0,0,0,0,0
180387,2,1,1992,0,0,0,0,0,0,0,0,0,0
180387,3,1,1992,0,0,0,0,0,0,0,0,0,0
180388,1,1,1992,49,49,49,49,49,49,49,49,49,49
180389,1,1,1992,0,0,0,0,0,0,0,0,0,0
180390,1,1,1992,13,13,13,13,13,13,13,13,13,13
180391,1,1,1992,0,0,0,0,0,0,0,0,0,23
180391,2,1,1992,0,0,0,0,0,0,0,0,0,0
180392,1,1,1992,8,8,8,8,8,8,8,8,8,8
180393,1,1,1992,0,0,0,0,0,0,0,0,0,0
180394,1,1,1992,0,0,0,0,0,0,0,0,0,0
180394,2,1,1992,0,0,0,0,0,0,0,0,0,0
180395,1,1,1992,0,0,0,0,0,0,0,0,0,0
180396,1,1,1992,22,22,22,22,22,22,22,22,22,22
180397,1,1,1992,0,0,0,0,0,0,0,0,0,0
180397,2,1,1992,0,0,0,0,0,0,0,0,0,0
180398,1,1,1992,0,0,0,0,0,0,0,0,0,0
180398,2,1,1992,0,0,0,0,0,0,0,0,0,0
180398,3,1,1992,0,0,0,0,0,0,0,0,0,0
180398,4,1,1992,0,0,0,0,0,0,0,0,0,0
180399,1,1,1992,0,0,0,0,0,0,0,0,0,0
180400,1,1,1992,26,26,26,26,26,26,26,26,26,26
180401,1,1,1992,0,0,0,0,0,0,0,0,0,0
180401,2,1,1992,0,0,0,0,0,0,0,0,0,0
180402,1,1,1992,0,0,0,0,0,0,0,0,0,0
180402,2,1,1992,0,0,0,0,0,0,0,0,0,0
180403,1,1,1992,0,0,0,0,0,0,0,0,0,0
180403,2,1,1992,0,0,0,0,0,0,0,0,19,0
180404,1,1,1992,0,0,0,0,0,0,0,0,0,0
180404,2,1,1992,0,0,0,0,0,0,0,0,0,0
180405,1,1,1992,0,0,0,0,0,0,0,0,0,0
180405,2,1,1992,0,0,0,0,0,0,0,0,0,0
180406,1,1,1992,0,0,0,0,0,0,0,0,0,0
180407,1,1,1992,0,0,0,0,0,0,0,0,0,0
180408,1,1,1992,19,19,19,19,19,19,19,19,19,19
180408,2,1,1992,0,0,0,0,0,0,0,0,0,0
180409,1,1,1992,25,25,25,25,25,25,25,25,25,25
180410,1,1,1992,0,0,0,0,0,0,0,0,0,0
180410,2,1,1992,0,0,0,0,0,0,0,0,0,0
180411,1,1,1992,0,0,0,0,0,0,0,0,0,0
180411,2,1,1992,0,0,0,0,0,0,0,0,0,0
180412,1,1,1992,0,0,0,0,0,0,0,0,0,0
180412,2,1,1992,0,0,0,0,0,0,0,0,0,0
180413,1,1,1992,0,0,0,0,0,0,0,0,0,0
180414,1,1,1992,18,18,18,18,18,18,18,18,18,18
180415,1,1,1992,0,0,0,0,0,0,0,0,0,0
180416,0,1,1992,17,17,17,17,17,17,17,17,17,17
180416,1,1,1992,0,0,0,0,0,0,0,0,0,0
180417,1,1,1992,12,18,24,11,13,29,8,22,17,13
180418,1,1,1992,12,12,12,12,12,12,12,12,12,12
180419,1,1,1992,7,7,7,7,7,7,7,7,7,7
180420,0,1,1992,18,18,18,18,18,18,18,18,18,18
180420,1,1,1992,0,0,0,0,0,0,0,0,0,0
180421,1,1,1992,26,26,26,26,26,26,26,26,26,26
180422,0,1,1992,12,12,12,12,12,12,12,12,12,12
180422,1,1,1992,0,0,0,0,0,0,0,0,0,0
180423,1,1,1992,20,20,20,20,20,20,20,20,20,20
180424,1,1,1992,0,0,0,0,0,0,0,0,0,0
180424,2,1,1992,0,0,0,0,0,0,0,0,0,0
180425,1,1,1992,0,0,0,0,0,0,0,0,0,0
180425,2,1,1992,0,0,0,0,0,0,0,0,0,0
180425,3,1,1992,0,0,0,0,0,0,0,0,0,0
180425,4,1,1992,0,0,0,0,0,0,0,0,0,0
180426,0,1,1992,0,0,0,0,0,0,0,0,0,0
180426,1,1,1992,0,0,0,0,0,0,0,0,0,0
180428,1,1,1992,0,0,0,0,0,0,0,0,0,15
180428,2,1,1992,1,1,1,1,1,1,1,1,1,1
180429,1,1,1992,9,9,9,9,9,9,9,9,9,9
180430,0,1,1992,0,0,0,0,0,0,0,0,0,0
180430,1,1,1992,0,14,0,0,0,0,0,0,0,0
180431,1,1,1992,11,11,11,11,11,11,11,11,11,11
180432,1,1,1992,0,0,0,0,0,0,0,0,0,0
180432,2,1,1992,0,0,0,0,0,0,0,0,0,0
180433,1,1,1992,18,18,18,18,18,18,18,18,18,18
180433,2,1,1992,0,0,0,0,0,0,0,0,0,0
180434,0,1,1992,0,0,0,0,0,0,0,0,0,0
180434,1,1,1992,0,0,0,0,0,0,0,8,0,0
180435,1,1,1992,0,0,0,0,0,0,0,0,0,0
180435,2,1,1992,0,0,0,0,0,0,0,0,0,0
180435,3,1,1992,0,0,0,0,0,0,0,0,0,0
180436,1,1,1992,23,23,23,23,23,23,23,23,23,23
180436,2,1,1992,10,10,10,10,10,10,10,10,10,10
180437,1,1,1992,14,14,14,14,14,14,14,14,14,14
180438,1,1,1992,17,17,17,17,17,17,17,17,17,17
180439,1,1,1992,17,17,17,17,17,17,17,17,17,17
180440,1,1,1992,0,0,0,18,0,0,0,16,0,22
180441,0,1,1992,0,0,55,0,0,0,0,0,0,0
180441,0,2,1992,36,0,0,0,0,0,14,0,0,0
180441,1,1,1992,0,0,0,0,0,0,0,0,0,0
180442,1,1,1992,13,13,13,13,13,13,13,13,13,13
180443,1,1,1992,11,11,11,11,11,11,11,11,11,11
180443,2,1,1992,0,0,0,0,0,0,0,0,0,0
180444,1,1,1992,0,0,0,0,0,0,0,0,0,0
180444,2,1,1992,0,0,0,0,0,0,0,0,0,0
180444,3,1,1992,0,0,0,0,0,0,0,0,0,0
180445,1,1,1992,25,25,25,25,25,25,25,25,25,25
180446,1,1,1992,32,32,32,32,32,32,32,32,32,32
180446,2,1,1992,0,0,0,0,0,0,0,0,0,0
180447,1,1,1992,0,0,0,0,0,0,0,0,0,0
180447,2,1,1992,0,0,0,0,0,0,0,0,0,19
180448,1,1,1992,0,0,0,0,0,0,0,0,0,0
180448,2,1,1992,0,0,0,0,0,0,0,0,0,0
180449,1,1,1992,0,0,0,0,0,0,0,0,0,0
180449,2,1,1992,0,0,10,0,0,0,0,19,22,0
180450,1,1,1992,28,28,28,28,28,28,28,28,28,28
180451,1,1,1992,0,0,0,0,0,0,0,0,0,0
180453,1,1,1992,0,0,0,0,0,0,0,0,0,0
180453,2,1,1992,0,0,0,0,0,0,0,0,0,0
180454,1,1,1992,13,13,13,13,13,13,13,13,13,13
180455,1,1,1992,0,0,0,0,0,0,0,0,0,0
180455,2,1,1992,0,0,0,0,0,26,0,0,0,0
180456,1,1,1992,0,0,0,0,0,0,0,0,0,0
180456,2,1,1992,0,0,0,0,0,15,24,0,0,16
180457,1,1,1992,13,13,13,13,13,13,13,13,13,13
180458,1,1,1992,17,17,17,17,17,17,17,17,17,17
180459,1,1,1992,0,0,0,0,0,5,0,0,0,0
180459,2,1,1992,0,0,0,0,0,0,0,0,0,0
180460,1,1,1992,11,11,11,11,11,11,11,11,11,11
180461,1,1,1992,0,0,0,0,0,0,0,0,0,0
180461,2,1,1992,0,0,0,0,0,0,0,0,0,0
180462,1,1,1992,24,24,24,24,24,24,24,24,24,24
180463,0,1,1992,0,0,0,0,0,0,0,0,0,0
180463,1,1,1992,0,0,0,0,0,0,0,0,0,0
180464,1,1,1992,5,5,5,5,5,5,5,5,5,5
180464,2,1,1992,0,0,0,0,0,0,0,0,0,0
180464,3,1,1992,0,0,0,0,0,0,0,0,0,0
180465,1,1,1992,0,0,0,0,0,0,3,0,0,0
180466,1,1,1992,16,16,16,16,16,16,16,16,16,16
180467,1,1,1992,0,0,39,0,0,0,0,0,0,0
180468,1,1,1992,28,28,28,28,28,28,28,28,28,28
180468,2,1,1992,0,0,0,0,0,0,0,0,0,0
180469,1,1,1992,0,0,0,0,0,0,0,0,0,0
180470,1,1,1992,26,26,26,26,26,26,26,26,26,26
180470,2,1,1992,0,0,0,0,0,0,0,0,0,0
180470,3,1,1992,0,0,0,0,0,0,0,0,0,0
180471,1,1,1992,0,0,0,0,0,0,0,0,0,0
180471,2,1,1992,0,0,0,0,0,0,0,0,0,0
180472,1,1,1992,0,0,0,0,0,0,0,0,0,0
180473,1,1,1992,0,0,0,0,0,0,0,0,0,0
180474,1,1,1992,0,0,0,0,0,0,0,0,0,0
180474,2,1,1992,0,0,0,0,0,0,0,0,0,0
180474,3,1,1992,14,0,0,0,0,0,0,0,0,0
180475,0,1,1992,0,0,0,0,0,0,0,0,0,0
180475,1,1,1992,0,0,0,0,0,0,0,0,0,0
180476,1,1,1992,0,0,0,0,0,0,0,0,0,0
180477,0,1,1992,16,16,16,16,16,16,16,16,16,16
180477,1,1,1992,0,0,0,0,0,0,0,0,0,0
180478,1,1,1992,5,5,5,5,5,5,5,5,5,5
180479,1,1,1992,0,0,0,0,0,0,0,0,0,0
180479,2,1,1992,8,8,8,8,8,8,8,8,8,8
180480,0,1,1992,0,0,0,0,0,0,0,0,0,0
180480,0,2,1992,0,0,0,0,0,0,0,0,0,0
180480,0,3,1992,0,0,0,0,0,0,0,0,0,0
180480,1,1,1992,0,0,0,0,0,0,0,0,0,0
180481,1,1,1992,0,0,0,0,0,0,0,0,0,0
180481,2,1,1992,0,0,0,0,0,0,0,0,0,0
180481,3,1,1992,0,0,0,0,0,0,0,0,0,0
180481,4,1,1992,0,0,0,0,0,0,0,0,0,0
180482,1,1,1992,0,0,0,0,0,0,0,0,0,0
180482,2,1,1992,0,0,0,0,0,0,0,0,0,0
180484,1,1,1992,0,0,0,0,0,0,0,0,0,0
180484,2,1,1992,0,0,0,0,0,0,0,0,0,0
180485,1,1,1992,0,0,0,0,0,0,0,0,0,0
180485,2,1,1992,0,0,0,0,0,0,0,0,0,0
180486,1,1,1992,0,0,0,0,0,0,0,0,0,0
180487,1,1,1992,0,0,0,0,0,0,0,0,0,0
180487,2,1,1992,0,0,0,0,0,0,0,0,0,0
180488,1,1,1992,0,0,0,0,0,0,0,0,0,0
180488,2,1,1992,0,0,0,0,0,0,0,0,0,0
180488,3,1,1992,0,0,0,0,0,0,0,0,0,0
180488,4,1,1992,0,0,0,0,0,0,0,0,3,0
180489,1,1,1992,0,0,0,0,0,0,0,0,0,0
180489,2,1,1992,0,0,0,0,0,0,0,0,0,0
180490,1,1,1992,0,0,0,0,0,0,0,0,0,0
180490,2,1,1992,0,0,0,0,0,0,0,0,0,0
180491,1,1,1992,0,0,0,0,0,0,0,0,0,0
180492,1,1,1992,0,0,0,0,0,0,0,0,0,0
180492,2,1,1992,0,0,0,0,0,0,0,0,0,0
180493,1,1,1992,15,15,15,15,15,15,15,15,15,15
180494,1,1,1992,0,0,0,0,0,0,0,0,0,0
180495,1,1,1992,14,14,14,14,14,14,14,14,14,14
180496,0,1,1992,0,0,0,0,0,0,0,0,0,0
180496,1,1,1992,0,0,0,0,0,21,0,0,0,0
180497,2,1,1992,0,0,0,0,0,0,0,0,0,0
180498,1,1,1992,36,36,36,36,36,36,36,36,36,36
180499,1,1,1992,0,0,0,0,0,0,0,0,0,11
180499,2,1,1992,0,23,0,0,0,0,0,0,16,0
180500,1,1,1992,0,0,0,0,0,0,0,0,0,0
180500,2,1,1992,0,0,0,0,0,0,0,0,0,20
180501,1,1,1992,28,28,28,28,28,28,28,28,28,28
180502,1,1,1992,0,0,0,0,0,0,0,0,0,0
180503,1,1,1992,0,0,0,0,0,0,0,0,0,0
180503,2,1,1992,0,0,0,0,0,0,0,0,0,0
180504,1,1,1992,0,0,0,0,0,0,0,0,0,0
180504,2,1,1992,0,0,0,0,0,0,0,0,0,0
180505,1,1,1992,13,13,13,13,13,13,13,13,13,13
180506,1,1,1992,8,8,8,8,8,8,8,8,8,8
180507,1,1,1992,0,0,0,0,0,0,0,0,0,0
180507,2,1,1992,0,0,0,0,0,0,0,0,0,0
180508,1,1,1992,31,31,31,31,31,31,31,31,31,31
180509,1,1,1992,0,0,0,0,0,0,0,0,0,0
180509,2,1,1992,0,0,0,0,0,0,0,0,0,0
180510,1,1,1992,0,0,0,0,0,0,0,0,0,0
180511,1,1,1992,16,16,16,16,16,16,16,16,16,16
180512,1,1,1992,0,0,0,0,0,0,0,0,0,0
180512,2,1,1992,0,0,0,0,0,0,0,0,0,0
180512,3,1,1992,0,0,0,0,0,0,0,0,0,0
180513,1,1,1992,0,0,0,0,0,0,0,0,0,0
180514,1,1,1992,22,22,22,22,22,22,22,22,22,22
180514,2,1,1992,0,0,0,0,0,0,0,0,0,0
180515,0,1,1992,16,16,16,16,16,16,16,16,16,16
180515,1,1,1992,0,0,0,0,0,9,0,0,0,0
180516,1,1,1992,0,0,0,11,0,0,0,0,0,0
180517,1,1,1992,0,0,0,0,0,0,0,0,0,0
180517,2,1,1992,5,5,5,5,5,5,5,5,5,5
180518,1,1,1992,0,0,0,0,0,0,0,0,0,0
180518,2,1,1992,2,2,2,2,2,2,2,2,2,2
180519,0,1,1992,0,0,0,0,0,0,0,0,0,0
180519,1,1,1992,0,0,0,0,0,0,0,0,0,0
180520,1,1,1992,7,16,0,0,0,0,0,0,0,0
180520,2,1,1992,0,0,0,0,0,0,0,0,0,0
180521,1,1,1992,0,0,0,0,0,0,0,0,0,0
180523,1,1,1992,70,70,70,70,70,70,70,70,70,70
180523,2,1,1992,0,0,0,0,0,0,0,0,0,0
180524,0,1,1992,0,0,0,0,0,0,0,0,0,0
180524,1,1,1992,0,0,0,0,0,0,0,0,0,0