ST_CASE,VEH_NO,PER_NO,YEAR,P1,P2,P3,P4,P5,P6,P7,P8,P9,P10
180807,1,1,1992,6,6,6,6,6,6,6,6,6,6
180808,1,1,1992,0,18,0,0,0,0,0,0,0,0
180809,1,1,1992,0,0,0,0,0,0,0,0,0,0
180810,1,1,1992,24,24,24,24,24,24,24,24,24,24
180810,2,1,1992,0,0,0,0,0,0,0,0,0,0
180811,1,1,1992,0,0,0,0,0,0,0,0,0,0
180811,2,1,1992,0,0,0,9,0,0,0,0,0,0
180812,0,1,1992,0,0,0,0,0,0,0,0,0,0
180812,1,1,1992,0,0,0,0,0,0,0,0,0,0
180813,1,1,1992,0,0,0,0,0,0,0,0,0,0
180813,2,1,1992,0,0,0,0,0,0,0,0,0,0
180814,0,1,1992,0,0,0,9,0,0,0,0,0,0
180814,1,1,1992,0,0,0,0,0,0,0,0,0,0
180815,1,1,1992,12,12,12,12,12,12,12,12,12,12
180816,1,1,1992,25,25,25,25,25,25,25,25,25,25
180817,1,1,1992,13,13,13,13,13,13,13,13,13,13
180820,1,1,1992,0,0,0,0,0,3,0,0,0,0
180820,2,1,1992,0,0,0,0,0,0,0,0,0,0
180821,1,1,1992,5,5,5,5,5,5,5,5,5,5
190001,0,1,1992,0,0,0,0,0,0,0,0,0,0
190001,1,1,1992,0,0,0,0,0,0,0,0,0,0
190002,1,1,1992,0,28,0,0,0,26,0,27,0,0
190002,2,1,1992,0,0,0,0,0,0,0,0,0,0
190003,0,1,1992,0,0,0,0,0,0,0,0,0,0
190003,1,1,1992,0,0,0,0,0,0,0,0,0,0
190004,1,1,1992,0,0,0,0,0,0,0,0,0,0
190004,2,1,1992,0,0,0,0,0,0,0,0,0,0
190005,1,1,1992,13,13,13,13,13,13,13,13,13,13
190005,2,1,1992,12,12,12,12,12,12,12,12,12,12
190006,1,1,1992,11,11,11,11,11,11,11,11,11,11
190006,2,1,1992,32,0,0,0,0,0,0,0,0,0
190007,1,1,1992,19,19,19,19,19,19,19,19,19,19
190008,1,1,1992,20,20,20,20,20,20,20,20,20,20
190009,1,1,1992,0,0,0,0,0,0,0,0,0,0
190009,2,1,1992,0,0,0,0,0,0,0,0,0,0
190010,0,1,1992,26,26,26,26,26,26,26,26,26,26
190010,1,1,1992,0,0,0,0,0,0,0,0,0,0
190011,1,1,1992,0,0,0,0,0,0,0,0,0,0
190012,1,1,1992,27,27,27,27,27,27,27,27,27,27
190013,1,1,1992,23,23,23,23,23,23,23,23,23,23
190013,2,1,1992,2,2,2,2,2,2,2,2,2,2
190013,3,1,1992,0,0,0,0,0,0,0,0,0,0
190014,1,1,1992,0,0,0,0,0,0,0,0,0,0
190015,1,1,1992,0,0,0,0,0,0,0,0,0,0
190015,2,1,1992,0,0,0,0,0,0,0,0,0,0
190016,1,1,1992,12,12,12,12,12,12,12,12,12,12
190017,1,1,1992,0,0,0,0,0,0,0,0,0,0
190018,1,1,1992,0,0,0,0,0,0,0,0,0,0
190018,2,1,1992,0,0,0,0,0,0,0,0,0,0
190019,1,1,1992,16,16,16,16,16,16,16,16,16,16
190020,1,1,1992,0,0,0,0,0,0,0,0,0,0
190020,2,1,1992,0,0,0,0,0,0,0,0,0,0
190021,1,1,1992,24,24,24,24,24,24,24,24,24,24
190022,1,1,1992,7,7,7,7,7,7,7,7,7,7
190023,1,1,1992,0,0,0,0,0,0,0,0,0,0
190023,2,1,1992,0,0,0,0,0,0,0,0,0,0
190024,1,1,1992,0,0,0,0,0,0,0,0,0,0
190025,1,1,1992,0,0,0,15,0,0,0,0,0,0
190025,2,1,1992,0,0,0,0,0,0,0,0,0,0
190026,1,1,1992,0,0,0,0,0,0,0,0,0,0
190026,2,1,1992,0,0,0,0,0,0,0,0,0,0
190027,1,1,1992,0,0,0,0,0,0,0,0,0,0
190027,2,1,1992,0,0,0,0,0,0,0,0,0,0
190028,1,1,1992,0,0,0,11,0,0,0,0,0,0
190029,1,1,1992,0,9,0,0,13,18,8,0,0,0
190029,2,1,1992,0,0,0,0,0,0,0,0,0,0
190030,1,1,1992,13,13,13,13,13,13,13,13,13,13
190031,1,1,1992,9,9,9,9,9,9,9,9,9,9
190032,1,1,1992,24,24,24,24,24,24,24,24,24,24
190032,2,1,1992,18,18,18,18,18,18,18,18,18,18
190033,1,1,1992,29,29,29,29,29,29,29,29,29,29
190034,1,1,1992,0,0,0,0,0,0,0,9,0,0
190034,2,1,1992,0,0,0,0,0,0,0,0,0,0
190035,1,1,1992,7,7,7,7,7,7,7,7,7,7
190036,1,1,1992,0,0,0,8,0,0,0,0,0,0
190036,2,1,1992,0,0,0,0,0,0,0,0,0,0
190037,1,1,1992,24,24,24,24,24,24,24,24,24,24
190037,2,1,1992,0,0,0,0,0,0,0,0,0,0
190038,1,1,1992,0,0,0,0,0,0,0,0,0,0
190039,1,1,1992,4,4,4,4,4,4,4,4,4,4
190040,1,1,1992,10,10,10,10,10,10,10,10,10,10
190041,0,1,1992,19,0,17,0,21,0,18,27,0,22
190041,0,2,1992,0,0,0,0,0,30,0,0,0,0
190041,1,1,1992,0,0,0,0,0,0,0,0,0,0
190042,1,1,1992,0,0,0,0,0,0,0,0,0,0
190042,2,1,1992,0,0,0,0,0,0,0,0,0,0
190043,1,1,1992,0,0,0,0,0,0,0,0,10,0
190043,2,1,1992,0,0,0,0,0,0,7,0,0,0
190044,1,1,1992,0,0,0,0,0,0,0,0,0,0
190045,1,1,1992,0,0,0,0,0,0,0,0,0,0
190045,2,1,1992,0,0,0,0,0,0,0,0,0,0
190046,1,1,1992,0,0,0,0,0,0,0,0,0,0
190046,2,1,1992,0,0,0,0,0,0,0,0,0,0
190047,1,1,1992,0,0,0,0,0,0,0,0,0,0
190047,2,1,1992,0,0,0,0,0,0,0,0,0,0
190048,1,1,1992,0,0,0,0,0,0,0,0,0,0
190048,2,1,1992,0,0,0,0,0,0,0,0,0,0
190049,1,1,1992,25,25,25,25,25,25,25,25,25,25
190049,2,1,1992,0,0,0,0,0,0,0,0,0,0
190050,1,1,1992,0,0,0,0,0,0,0,0,0,0
190050,2,1,1992,0,0,0,0,0,0,0,0,0,0
190051,1,1,1992,0,0,0,0,0,0,0,0,0,0
190053,1,1,1992,0,0,0,0,0,0,0,0,0,0
190053,2,1,1992,0,0,0,0,0,0,0,0,0,0
190053,3,1,1992,0,0,0,0,0,0,0,0,0,0
190054,1,1,1992,8,8,8,8,8,8,8,8,8,8
190055,1,1,1992,22,22,22,22,22,22,22,22,22,22
190055,2,1,1992,6,6,6,6,6,6,6,6,6,6
190056,1,1,1992,6,6,6,6,6,6,6,6,6,6
190057,1,1,1992,23,23,23,23,23,23,23,23,23,23
190058,1,1,1992,0,0,0,0,0,0,0,0,0,0
190058,2,1,1992,17,17,17,17,17,17,17,17,17,17
190059,1,1,1992,0,0,0,0,0,0,0,0,0,0
190059,2,1,1992,0,0,0,0,0,0,0,0,0,0
190060,1,1,1992,23,23,23,23,23,23,23,23,23,23
190061,1,1,1992,27,27,27,27,27,27,27,27,27,27
190062,1,1,1992,20,20,20,20,20,20,20,20,20,20
190063,1,1,1992,39,39,39,39,39,39,39,39,39,39
190064,1,1,1992,0,0,0,0,0,0,0,0,0,0
190064,2,1,1992,14,14,14,14,14,14,14,14,14,14
190065,1,1,1992,15,15,15,15,15,15,15,15,15,15
190066,1,1,1992,0,0,0,0,0,0,0,0,0,0
190067,1,1,1992,0,0,0,0,0,0,0,0,0,0
190067,2,1,1992,0,0,0,0,0,0,0,0,0,0
190068,1,1,1992,0,0,0,0,0,0,0,0,0,0
190068,2,1,1992,0,0,0,0,0,0,0,0,0,0
190069,1,1,1992,0,0,0,0,0,0,0,0,0,0
190069,2,1,1992,0,0,0,0,0,0,0,0,0,0
190070,1,1,1992,0,0,0,0,0,0,0,0,0,0
190071,1,1,1992,0,0,0,0,0,0,0,0,0,0
190071,2,1,1992,4,4,4,4,4,4,4,4,4,4
190072,1,1,1992,22,22,22,22,22,22,22,22,22,22
190073,1,1,1992,0,0,0,0,0,0,0,0,0,0
190073,2,1,1992,0,0,0,0,0,0,0,0,0,0
190074,1,1,1992,12,12,12,12,12,12,12,12,12,12
190075,1,1,1992,0,0,18,10,0,0,10,0,0,0
190076,1,1,1992,13,4,7,0,9,0,12,6,4,16
190077,1,1,1992,0,0,0,0,0,0,0,0,0,0
190077,2,1,1992,0,0,0,0,0,0,0,0,0,0
190078,1,1,1992,0,0,0,0,0,0,0,0,0,0
190078,2,1,1992,21,21,21,21,21,21,21,21,21,21
190079,1,1,1992,0,0,15,0,0,0,0,0,0,0
190079,2,1,1992,0,0,0,0,0,0,0,0,0,0
190080,1,1,1992,22,22,22,22,22,22,22,22,22,22
190081,1,1,1992,1,1,1,1,1,1,1,1,1,1
190081,2,1,1992,0,0,0,0,0,0,0,0,0,0
190082,1,1,1992,0,0,0,0,0,0,0,0,0,0
190083,0,1,1992,9,0,0,0,0,0,0,0,0,0
190084,1,1,1992,0,0,0,0,0,0,0,0,19,0
190084,2,1,1992,0,0,0,0,0,0,0,0,0,0
190085,1,1,1992,4,4,4,4,4,4,4,4,4,4
190085,2,1,1992,0,0,0,0,0,0,0,0,0,0
190086,0,1,1992,20,20,20,20,20,20,20,20,20,20
190086,1,1,1992,0,0,0,0,0,0,0,0,0,0
190087,1,1,1992,6,6,6,6,6,6,6,6,6,6
190088,1,1,1992,19,19,19,19,19,19,19,19,19,19
190089,1,1,1992,0,0,0,0,0,0,0,0,0,0
190089,2,1,1992,0,0,0,0,0,0,0,0,0,0
190090,0,1,1992,0,0,0,0,0,0,0,0,0,0
190090,1,1,1992,0,0,0,0,0,0,0,0,0,0
190091,1,1,1992,10,10,10,10,10,10,10,10,10,10
190092,1,1,1992,0,0,0,0,0,0,0,0,0,0
190092,2,1,1992,0,0,0,0,0,0,0,0,0,0
190093,1,1,1992,24,24,24,24,24,24,24,24,24,24
190093,2,1,1992,0,0,0,0,0,0,0,0,0,0
190094,1,1,1992,0,0,0,0,0,0,0,0,0,0
190094,2,1,1992,0,0,0,0,0,0,0,0,0,0
190096,1,1,1992,0,0,0,0,0,0,0,0,0,0
190096,2,1,1992,0,0,0,0,0,0,0,0,0,0
190097,0,1,1992,0,34,23,0,10,0,0,0,0,35
190097,1,1,1992,0,0,0,0,0,0,0,7,0,0
190098,1,1,1992,0,0,0,0,0,0,0,0,0,0
190098,2,1,1992,0,0,0,0,0,0,0,0,0,0
190099,0,1,1992,23,23,23,23,23,23,23,23,23,23
190099,1,1,1992,0,0,0,0,0,0,0,0,0,0
190100,1,1,1992,21,21,21,21,21,21,21,21,21,21
190101,1,1,1992,0,0,0,0,0,0,0,0,0,0
190101,2,1,1992,0,0,0,0,0,0,0,0,0,0
190102,1,1,1992,0,0,0,0,0,0,0,0,0,0
190102,2,1,1992,0,0,0,0,0,0,0,0,0,0
190103,1,1,1992,22,22,22,22,22,22,22,22,22,22
190104,1,1,1992,0,0,0,0,0,0,0,0,0,0
190106,1,1,1992,19,19,19,19,19,19,19,19,19,19
190106,2,1,1992,11,19,14,16,14,0,18,0,0,0
190107,1,1,1992,0,0,0,0,0,0,0,0,0,0
190107,2,1,1992,0,0,0,0,0,0,0,0,0,0
190108,0,1,1992,0,0,0,0,0,0,0,0,0,0
190108,1,1,1992,0,0,0,0,0,0,0,0,0,0
190109,1,1,1992,5,5,5,5,5,5,5,5,5,5
190110,1,1,1992,0,18,0,0,0,0,18,0,0,0
190111,1,1,1992,0,0,0,0,7,0,0,0,0,0
190111,2,1,1992,0,0,0,0,0,0,0,0,0,0
190112,1,1,1992,22,22,22,22,22,22,22,22,22,22
190112,2,1,1992,22,22,22,22,22,22,22,22,22,22
190113,1,1,1992,22,22,22,22,22,22,22,22,22,22
190113,2,1,1992,0,0,0,0,0,0,0,0,0,0
190114,1,1,1992,0,0,0,0,0,0,0,0,11,0
190114,2,1,1992,0,0,0,0,0,0,0,0,0,0
190115,0,1,1992,35,0,0,0,20,0,0,16,0,23
190115,1,1,1992,0,0,0,0,0,0,0,0,0,0
190116,1,1,1992,0,0,0,0,0,0,0,0,0,0
190117,1,1,1992,22,22,22,22,22,22,22,22,22,22
190117,2,1,1992,0,0,0,0,0,0,0,0,0,0
190118,1,1,1992,0,0,0,0,0,0,0,0,0,0
190119,1,1,1992,0,0,0,0,0,0,0,0,0,0
190120,0,1,1992,0,0,0,0,0,0,0,0,0,0
190120,1,1,1992,17,17,17,17,17,17,17,17,17,17
190121,1,1,1992,0,0,0,0,0,0,0,0,0,0
190121,2,1,1992,0,0,0,0,0,0,0,0,0,0
190122,1,1,1992,0,0,0,0,0,0,0,0,0,0
190122,2,1,1992,0,0,0,0,0,0,0,0,0,0
190123,1,1,1992,12,12,12,12,12,12,12,12,12,12
190124,1,1,1992,4,4,4,4,4,4,4,4,4,4
190124,2,1,1992,0,0,0,0,0,0,0,0,0,0
190125,1,1,1992,0,0,0,0,0,0,0,0,0,0
190125,2,1,1992,0,0,0,0,0,0,0,0,0,13
190125,3,1,1992,0,0,0,0,0,0,0,0,0,0
190126,1,1,1992,18,18,18,18,18,18,18,18,18,18
190127,1,1,1992,0,0,0,0,12,0,0,0,0,0
190127,2,1,1992,0,0,0,0,0,4,0,0,0,0
190128,1,1,1992,0,0,5,0,14,0,0,0,0,0
190129,1,1,1992,8,8,8,8,8,8,8,8,8,8
190130,1,1,1992,13,13,13,13,13,13,13,13,13,13
190131,1,1,1992,0,0,0,0,0,0,0,0,0,0
190131,2,1,1992,0,0,0,0,0,0,0,0,0,0
190132,1,1,1992,20,20,20,20,20,20,20,20,20,20
190133,1,1,1992,26,26,26,26,26,26,26,26,26,26
190134,1,1,1992,14,14,14,14,14,14,14,14,14,14
190135,1,1,1992,0,0,0,0,0,0,0,0,0,0
190135,2,1,1992,0,0,0,0,0,0,0,0,0,0
190136,1,1,1992,7,7,7,7,7,7,7,7,7,7
190137,1,1,1992,0,0,0,0,0,0,0,0,0,0
190137,2,1,1992,0,0,0,0,0,0,0,0,0,0
190138,1,1,1992,0,0,0,0,0,0,18,0,9,6
190139,1,1,1992,23,23,23,23,23,23,23,23,23,23
190140,1,1,1992,0,0,0,0,0,0,0,0,0,0
190140,2,1,1992,0,0,0,0,0,26,0,0,6,4
190141,1,1,1992,0,0,0,0,0,0,0,0,0,0
190141,2,1,1992,0,0,0,31,0,0,0,0,0,0
190142,1,1,1992,0,0,0,0,0,0,0,0,0,0
190143,1,1,1992,20,20,20,20,20,20,20,20,20,20
190144,1,1,1992,0,0,0,0,0,0,0,0,0,0
190145,1,1,1992,23,31,39,23,22,19,15,19,19,15
190146,1,1,1992,16,16,16,16,16,16,16,16,16,16
190146,2,1,1992,15,15,15,15,15,15,15,15,15,15
190147,1,1,1992,0,0,0,0,6,0,0,0,0,0
190147,2,1,1992,0,0,0,0,0,0,0,0,0,0
190148,1,1,1992,0,0,0,0,0,0,0,0,0,0
190148,2,1,1992,4,4,4,4,4,4,4,4,4,4
190149,0,1,1992,40,40,40,40,40,40,40,40,40,40
190149,1,1,1992,0,0,0,14,0,0,0,0,0,0
190150,1,1,1992,0,0,0,0,0,0,0,0,0,0
190150,2,1,1992,0,0,0,0,0,0,0,0,0,0
190151,1,1,1992,0,0,0,15,5,0,0,0,0,30
190152,1,1,1992,19,19,19,19,19,19,19,19,19,19
190153,1,1,1992,27,27,27,27,27,27,27,27,27,27
190154,1,1,1992,0,0,0,17,0,0,0,0,13,0
190155,1,1,1992,18,18,18,18,18,18,18,18,18,18
190156,1,1,1992,6,6,6,6,6,6,6,6,6,6
190157,1,1,1992,0,0,0,0,0,0,0,0,0,0
190158,1,1,1992,0,0,0,0,0,0,0,0,0,0
190158,2,1,1992,0,0,0,0,0,0,0,0,0,0
190158,3,1,1992,0,0,0,0,0,0,0,0,0,0
190158,4,1,1992,0,0,0,0,0,0,0,0,0,0
190159,1,1,1992,0,22,0,14,0,0,0,0,0,0
190159,2,1,1992,0,0,0,0,0,0,0,16,0,0
190159,3,1,1992,0,0,0,0,0,0,0,0,0,0
190160,1,1,1992,0,0,0,0,0,0,0,0,0,0
190160,2,1,1992,0,0,0,0,0,0,0,0,0,0
190161,1,1,1992,16,16,16,16,16,16,16,16,16,16
190161,2,1,1992,6,6,6,6,6,6,6,6,6,6
190162,0,1,1992,0,0,0,0,0,0,0,20,0,0
190162,1,1,1992,0,0,0,0,0,0,0,0,0,0
190163,1,1,1992,0,0,0,0,0,0,0,0,0,0
190163,2,1,1992,0,0,0,13,0,0,0,0,0,0
190164,1,1,1992,0,0,0,0,0,0,0,0,0,0
190164,2,1,1992,0,4,0,0,0,0,0,3,0,0
190165,1,1,1992,29,29,29,29,29,29,29,29,29,29
190166,1,1,1992,8,8,8,8,8,8,8,8,8,8
190167,0,1,1992,0,0,0,0,0,0,0,0,0,0
190167,1,1,1992,0,0,0,0,0,0,0,0,0,0
190168,0,1,1992,0,0,0,0,0,0,0,0,30,0
190168,1,1,1992,0,0,0,9,0,0,0,0,0,0
190169,1,1,1992,0,0,0,0,0,0,0,0,0,0
190170,1,1,1992,0,0,0,0,0,0,0,0,0,0
190170,2,1,1992,0,0,0,0,0,0,0,0,0,0
190171,1,1,1992,0,0,0,0,0,0,0,0,0,0
190171,2,1,1992,0,0,0,0,0,0,0,0,0,0
190171,3,1,1992,0,0,0,0,0,0,0,0,0,0
190172,1,1,1992,0,0,0,0,0,0,0,0,0,0
190172,2,1,1992,2,2,2,2,2,2,2,2,2,2
190173,1,1,1992,13,13,13,13,13,13,13,13,13,13
190174,1,1,1992,0,0,0,0,0,0,0,0,0,0
190175,1,1,1992,0,0,0,0,0,0,0,0,0,0
190176,1,1,1992,17,17,17,17,17,17,17,17,17,17
190177,1,1,1992,0,0,0,0,0,0,0,0,0,0
190177,2,1,1992,0,0,0,0,0,0,0,0,0,0
190178,0,1,1992,7,7,7,7,7,7,7,7,7,7
190178,1,1,1992,6,6,6,6,6,6,6,6,6,6
190179,1,1,1992,0,0,0,0,0,0,0,0,0,0
190179,2,1,1992,0,0,0,0,0,0,0,0,0,0
190180,1,1,1992,8,8,8,8,8,8,8,8,8,8
190181,1,1,1992,0,0,0,0,0,0,0,0,17,0
190182,1,1,1992,0,0,0,0,0,0,0,0,0,0
190182,2,1,1992,0,0,0,0,0,0,0,0,0,0
190182,3,1,1992,0,0,0,0,0,0,0,0,0,0
190183,1,1,1992,0,0,0,0,0,0,0,0,0,0
190183,2,1,1992,0,0,0,0,0,0,0,0,0,0
190184,1,1,1992,0,0,0,0,0,0,0,0,0,0
190184,2,1,1992,0,0,0,0,0,0,0,0,0,0
190184,3,1,1992,0,0,0,0,0,0,0,0,0,0
190184,4,1,1992,0,0,0,0,0,0,0,0,0,0
190184,5,1,1992,0,0,0,0,0,0,0,0,0,0
190184,6,1,1992,0,0,0,0,0,0,0,0,0,0
190184,7,1,1992,0,0,0,0,0,0,0,7,0,0
190185,1,1,1992,17,17,17,17,17,17,17,17,17,17
190186,1,1,1992,0,0,0,0,0,0,0,0,0,0
190186,2,1,1992,0,0,0,0,0,0,0,0,0,0
190187,1,1,1992,8,10,0,4,0,11,8,0,0,0
190187,2,1,1992,0,0,0,0,0,0,0,0,0,0
190188,1,1,1992,0,0,0,0,0,0,0,0,0,0
190189,1,1,1992,0,0,0,0,0,0,0,0,0,0
190189,2,1,1992,0,0,8,0,0,0,9,0,12,0
190190,0,1,1992,0,0,0,0,0,0,0,0,0,0
190190,0,2,1992,0,0,0,0,0,0,0,0,0,0
190190,0,3,1992,0,0,0,0,0,0,0,0,0,0
190190,1,1,1992,0,0,0,0,0,0,0,0,0,0
190191,0,1,1992,0,0,0,0,0,0,0,0,0,0
190191,0,2,1992,0,0,0,0,0,0,0,0,0,0
190191,1,1,1992,0,0,0,0,0,0,0,0,0,0
190192,1,1,1992,0,0,0,0,0,0,0,0,0,0
190192,2,1,1992,0,0,0,0,0,0,0,0,0,0
190193,1,1,1992,0,0,0,0,0,0,0,0,0,0
190193,2,1,1992,0,0,0,0,0,0,0,0,0,0
190194,1,1,1992,0,0,0,0,0,0,0,0,0,0
190194,2,1,1992,0,0,0,0,0,0,0,0,0,0
190195,0,1,1992,0,0,0,0,0,0,0,0,0,0
190195,1,1,1992,0,0,0,0,0,0,0,0,0,0
190196,1,1,1992,0,0,0,0,0,0,0,0,0,0
190196,2,1,1992,0,0,0,0,0,0,0,0,0,0
190197,1,1,1992,0,0,0,0,0,0,0,0,0,0
190198,1,1,1992,0,0,0,0,0,0,0,0,0,0
190199,1,1,1992,0,0,0,0,0,0,0,0,0,0
190199,2,1,1992,0,0,0,0,0,0,0,0,0,0
190200,1,1,1992,18,18,18,18,18,18,18,18,18,18
190201,1,1,1992,19,19,19,19,19,19,19,19,19,19
190201,2,1,1992,0,0,0,0,0,0,0,0,0,0
190202,1,1,1992,0,0,0,0,0,0,0,0,0,0
190202,2,1,1992,0,0,0,0,0,0,0,0,0,0
190203,1,1,1992,0,0,0,13,13,0,0,0,0,0
190204,1,1,1992,0,0,0,0,0,0,0,0,0,0
190204,2,1,1992,0,0,0,0,0,0,0,0,0,0
190205,1,1,1992,0,0,0,0,0,0,0,0,0,0
190205,2,1,1992,0,0,0,0,0,0,0,0,0,0
190206,1,1,1992,0,0,0,0,0,0,0,0,0,0
190206,2,1,1992,0,0,0,0,0,0,0,0,0,0
190207,0,1,1992,0,0,47,0,24,0,0,0,0,0
190207,1,1,1992,4,4,4,4,4,4,4,4,4,4
190208,1,1,1992,0,0,0,0,0,0,0,0,0,0
190208,2,1,1992,0,0,0,0,0,0,0,0,0,0
190209,0,1,1992,4,4,4,4,4,4,4,4,4,4
190209,1,1,1992,0,0,0,0,0,0,0,0,0,0
190210,1,1,1992,13,0,0,0,0,0,0,0,0,0
190210,2,1,1992,0,0,0,0,0,0,0,0,0,0
190211,1,1,1992,22,22,22,22,22,22,22,22,22,22
190213,1,1,1992,0,0,0,0,0,0,0,0,0,0
190213,2,1,1992,0,0,0,0,16,0,0,27,0,0
190214,1,1,1992,0,0,0,0,0,0,0,0,0,0
190214,2,1,1992,0,0,0,0,0,0,0,0,0,0
190215,1,1,1992,2,2,2,2,2,2,2,2,2,2
190215,2,1,1992,0,0,0,0,0,0,0,0,0,0
190216,1,1,1992,0,0,0,0,0,0,0,0,0,0
190216,2,1,1992,0,0,0,0,0,0,0,0,0,0
190217,1,1,1992,0,0,0,0,0,0,0,0,0,0
190218,1,1,1992,0,0,0,0,0,0,0,0,0,0
190218,2,1,1992,0,0,0,0,0,0,0,0,0,0
190219,1,1,1992,0,24,0,0,0,0,0,0,0,0
190222,1,1,1992,0,0,0,0,0,0,0,0,0,0
190222,2,1,1992,0,0,0,0,0,0,0,0,0,0
190223,1,1,1992,0,0,0,0,0,0,0,0,0,0
190224,1,1,1992,0,0,0,0,0,0,0,0,0,0
190224,2,1,1992,7,7,7,7,7,7,7,7,7,7
190225,1,1,1992,0,0,0,0,0,0,0,0,0,0
190225,2,1,1992,0,0,0,0,0,0,0,0,0,0
190226,1,1,1992,0,0,0,0,0,0,0,0,0,0
190226,2,1,1992,0,0,0,0,0,0,0,0,0,0
190227,1,1,1992,0,0,0,0,0,0,0,0,0,0
190227,2,1,1992,0,0,0,0,0,0,0,0,0,0
190228,1,1,1992,0,0,0,0,0,0,0,0,0,0
190228,2,1,1992,0,0,0,0,0,0,0,0,0,0
190229,0,1,1992,0,0,10,0,0,0,0,18,0,0
190229,1,1,1992,0,0,0,0,0,0,0,0,0,0
190230,0,1,1992,18,8,15,0,20,13,18,12,22,24
190230,1,1,1992,20,20,20,20,20,20,20,20,20,20
190231,1,1,1992,23,23,23,23,23,23,23,23,23,23
190232,1,1,1992,14,14,14,14,14,14,14,14,14,14
190233,1,1,1992,0,0,0,0,0,0,0,0,0,0
190233,2,1,1992,6,6,6,6,6,6,6,6,6,6
190234,1,2,1992,0,0,5,13,12,0,14,0,0,0
190235,1,1,1992,30,30,30,30,30,30,30,30,30,30
190236,1,1,1992,0,0,0,0,0,0,0,0,0,0
190237,1,1,1992,12,12,12,12,12,12,12,12,12,12
190238,1,1,1992,4,4,4,4,4,4,4,4,4,4
190238,2,1,1992,0,0,0,0,0,0,0,0,0,0
190239,1,1,1992,19,19,19,19,19,19,19,19,19,19
190240,1,1,1992,0,0,0,0,0,0,0,0,0,0
190241,1,1,1992,0,0,0,0,0,0,0,0,0,0
190242,1,1,1992,0,0,0,0,0,0,0,0,0,0
190242,2,1,1992,0,0,0,0,0,0,0,0,0,0
190243,1,1,1992,0,0,0,0,0,0,0,0,0,21
190244,0,1,1992,0,0,0,0,0,0,0,0,0,0
190244,1,1,1992,18,18,18,18,18,18,18,18,18,18
190245,1,1,1992,0,0,0,0,0,0,0,0,0,0
190245,2,1,1992,0,0,0,0,0,0,0,0,0,0
190246,1,1,1992,0,0,0,0,0,0,0,0,13,0
190247,1,1,1992,0,0,0,0,0,0,0,0,0,0
190247,2,1,1992,0,0,0,0,0,0,0,0,0,0
190248,1,1,1992,0,0,0,0,0,0,0,0,0,0
190248,2,1,1992,0,0,0,0,0,0,0,0,0,0
190249,1,1,1992,0,0,0,0,0,0,0,0,0,0
190249,2,1,1992,0,0,0,0,0,0,0,0,0,0
190250,1,1,1992,4,9,0,0,8,0,0,15,0,0
190251,1,1,1992,0,0,0,0,0,0,0,0,0,0
190252,1,1,1992,23,23,23,23,23,23,23,23,23,23
190252,2,1,1992,18,18,18,18,18,18,18,18,18,18
190253,1,1,1992,13,13,13,13,13,13,13,13,13,13
190253,2,1,1992,0,0,0,0,0,0,0,0,0,0
190254,0,1,1992,0,0,0,0,0,0,0,0,0,0
190254,1,1,1992,0,3,0,0,19,0,0,0,0,0
190255,1,1,1992,5,5,5,5,5,5,5,5,5,5
190256,1,1,1992,17,17,17,17,17,17,17,17,17,17
190257,1,1,1992,0,0,0,0,0,0,0,0,0,0
190258,1,1,1992,0,0,0,0,0,0,0,0,0,0
190259,1,1,1992,0,0,0,0,0,0,0,0,0,0
190260,0,1,1992,0,0,0,0,0,0,0,7,22,0
190260,1,1,1992,0,0,0,0,0,0,0,0,0,0
190261,1,1,1992,0,0,0,0,0,0,0,0,0,0
190261,2,1,1992,0,0,0,0,0,0,0,0,0,0
190262,1,1,1992,0,0,0,0,0,0,0,0,0,0
190263,0,1,1992,7,15,0,0,6,0,0,25,0,0
190263,1,1,1992,0,0,7,0,0,0,0,0,0,0
190264,1,1,1992,7,0,0,0,0,0,0,0,0,0
190265,1,1,1992,0,0,0,0,0,0,0,0,0,0
190265,2,1,1992,0,0,0,0,0,0,0,0,0,0
190266,0,1,1992,16,16,16,16,16,16,16,16,16,16
190266,1,1,1992,0,0,0,0,0,0,0,0,0,0
190267,1,1,1992,5,5,5,5,5,5,5,5,5,5
190267,2,1,1992,3,3,3,3,3,3,3,3,3,3
190268,1,1,1992,0,0,0,0,0,0,0,0,0,0
190268,2,1,1992,0,0,0,0,0,0,0,0,0,0
190269,0,1,1992,8,0,16,0,0,0,0,0,0,0
190269,1,1,1992,17,0,0,0,0,0,0,0,0,0
190270,1,1,1992,13,13,13,13,13,13,13,13,13,13
190270,2,1,1992,0,0,0,0,0,0,0,0,0,0
190270,3,1,1992,0,0,0,0,0,0,0,0,0,0
190271,1,1,1992,22,22,22,22,22,22,22,22,22,22
190272,1,1,1992,11,11,11,11,11,11,11,11,11,11
190272,2,1,1992,0,0,0,0,0,8,11,0,0,0
190273,1,1,1992,0,0,0,0,0,0,0,0,0,0
190273,2,1,1992,13,13,13,13,13,13,13,13,13,13
190274,1,1,1992,0,0,0,0,0,0,0,0,0,0
190274,2,1,1992,0,0,0,0,0,0,0,0,0,0