ST_CASE,VEH_NO,PER_NO,YEAR,P1,P2,P3,P4,P5,P6,P7,P8,P9,P10
190275,1,1,1992,0,0,0,0,0,0,0,0,0,0
190276,1,1,1992,0,0,11,0,0,0,0,0,0,0
190276,2,1,1992,0,0,0,0,0,0,0,0,0,0
190277,1,1,1992,24,24,24,24,24,24,24,24,24,24
190278,1,1,1992,0,0,0,0,0,0,0,0,0,0
190279,0,1,1992,25,0,0,26,0,22,0,0,0,8
190279,1,1,1992,0,0,0,0,0,0,0,0,0,0
190280,1,1,1992,0,0,0,0,0,0,0,0,0,0
190280,2,1,1992,0,0,0,0,0,0,0,0,0,0
190281,1,1,1992,0,0,0,0,0,0,0,0,0,0
190281,2,1,1992,0,0,0,0,0,0,0,0,0,0
190283,1,1,1992,0,0,0,0,0,0,0,0,0,0
190283,2,1,1992,0,0,0,0,0,0,0,0,0,0
190284,1,1,1992,0,0,0,0,0,0,0,0,0,0
190284,2,1,1992,0,0,0,0,0,0,0,0,0,0
190285,1,1,1992,0,3,0,0,27,0,0,0,17,0
190286,1,1,1992,28,28,28,28,28,28,28,28,28,28
190287,1,1,1992,28,28,28,28,28,28,28,28,28,28
190288,0,1,1992,11,0,0,0,0,0,0,0,0,12
190288,1,1,1992,11,0,0,6,19,5,7,7,23,20
190289,1,1,1992,0,0,0,0,0,0,0,0,0,0
190289,2,1,1992,0,0,0,0,0,0,0,0,0,0
190289,3,1,1992,0,0,0,0,0,0,0,0,0,0
190290,1,1,1992,0,0,0,0,0,0,0,0,0,0
190290,2,1,1992,0,0,0,0,0,0,0,0,0,0
190291,1,1,1992,0,0,0,0,0,0,0,0,0,0
190292,1,1,1992,22,22,22,22,22,22,22,22,22,22
190293,1,1,1992,0,0,0,0,0,0,0,0,0,0
190293,2,1,1992,0,0,0,0,0,0,0,0,0,0
190294,1,1,1992,0,16,0,0,0,17,0,0,0,24
190295,1,1,1992,28,28,28,28,28,28,28,28,28,28
190296,1,1,1992,0,0,0,0,0,0,0,0,0,0
190296,2,1,1992,8,0,0,0,0,0,0,0,0,0
190297,1,1,1992,0,0,0,0,0,0,0,0,0,0
190298,1,1,1992,26,26,26,26,26,26,26,26,26,26
190298,2,1,1992,0,0,7,0,14,0,0,0,0,0
190299,1,1,1992,17,17,0,15,18,4,9,11,9,3
190300,1,1,1992,24,24,24,24,24,24,24,24,24,24
190301,1,1,1992,0,0,0,0,0,0,0,0,0,0
190301,2,1,1992,0,0,0,0,0,0,0,0,0,0
190302,1,1,1992,0,0,0,0,0,0,9,0,0,0
190303,1,1,1992,0,0,0,0,0,0,0,0,0,0
190303,2,1,1992,0,0,0,0,0,0,0,0,0,0
190304,1,1,1992,9,9,18,9,0,13,13,21,16,0
190305,1,1,1992,0,0,0,0,0,0,0,0,0,0
190306,1,1,1992,0,0,0,0,0,0,0,0,0,0
190306,2,1,1992,0,0,0,0,31,0,18,0,14,16
190307,1,1,1992,28,28,28,28,28,28,28,28,28,28
190308,0,1,1992,7,7,7,7,7,7,7,7,7,7
190308,1,1,1992,24,24,24,24,24,24,24,24,24,24
190309,1,1,1992,0,0,0,0,0,0,0,0,0,0
190310,1,1,1992,0,0,7,0,16,0,0,0,0,0
190310,2,1,1992,0,0,0,0,0,0,0,0,0,0
190311,1,1,1992,0,0,0,0,0,0,0,0,0,0
190312,1,1,1992,0,0,0,0,0,0,0,0,0,0
190312,2,1,1992,0,0,0,0,26,0,0,0,0,0
190313,1,1,1992,0,0,0,0,0,0,0,0,0,0
190314,1,1,1992,0,0,0,0,0,0,0,0,0,0
190314,2,1,1992,0,0,0,0,0,0,0,0,0,0
190315,0,1,1992,3,3,3,3,3,3,3,3,3,3
190315,1,1,1992,0,0,0,0,0,0,0,0,0,0
190316,1,1,1992,0,0,0,0,0,0,0,0,0,0
190316,2,1,1992,0,0,0,0,0,0,0,0,0,0
190316,3,1,1992,0,0,0,0,0,0,0,0,0,0
190317,1,1,1992,0,0,0,0,0,0,0,0,0,0
190317,2,1,1992,0,0,0,0,0,0,0,0,0,0
190318,1,1,1992,20,20,20,20,20,20,20,20,20,20
190319,0,1,1992,0,0,0,0,0,0,0,0,0,0
190319,1,1,1992,0,0,0,0,0,0,0,0,0,0
190320,1,1,1992,0,0,0,0,0,0,0,0,0,0
190321,1,1,1992,0,0,0,0,0,0,0,0,0,0
190321,2,1,1992,8,8,8,8,8,8,8,8,8,8
190322,1,1,1992,0,0,0,0,0,0,0,0,0,0
190323,1,1,1992,0,0,0,0,0,0,0,0,0,0
190323,2,1,1992,0,0,0,0,0,0,0,0,0,0
190324,1,1,1992,0,14,21,0,0,0,0,0,0,0
190325,1,1,1992,0,0,0,0,0,0,0,0,0,0
190325,2,1,1992,0,0,0,0,0,0,17,0,0,0
190326,1,1,1992,0,0,0,0,0,0,0,0,0,0
190326,2,1,1992,0,0,0,0,0,0,0,0,0,0
190327,0,1,1992,0,0,0,0,0,0,0,0,0,0
190327,1,1,1992,0,0,0,0,0,0,0,0,0,0
190328,1,1,1992,0,0,0,0,0,0,0,0,0,0
190328,2,1,1992,0,0,0,0,0,0,0,0,0,0
190329,1,1,1992,31,31,31,31,31,31,31,31,31,31
190330,0,1,1992,19,19,19,19,19,19,19,19,19,19
190330,1,1,1992,0,0,0,0,0,0,0,0,0,0
190331,1,1,1992,0,0,0,0,0,0,0,0,0,0
190332,1,1,1992,0,0,0,0,0,0,0,0,0,0
190333,1,1,1992,0,0,0,0,0,0,0,0,0,0
190333,2,1,1992,0,0,0,0,0,0,0,0,0,0
190334,1,1,1992,0,0,0,0,0,0,0,0,0,0
190335,1,1,1992,8,8,8,8,8,8,8,8,8,8
190335,2,1,1992,0,0,0,0,0,0,0,0,36,0
190336,1,1,1992,0,0,0,0,0,0,0,0,0,0
190336,2,1,1992,0,0,0,0,0,0,0,0,0,0
190337,0,1,1992,0,0,0,0,0,16,0,0,0,0
190337,1,1,1992,0,0,0,0,0,0,0,0,0,0
190337,2,1,1992,0,0,0,0,0,0,0,0,0,0
190337,3,1,1992,0,0,0,0,0,0,0,0,0,0
190338,1,1,1992,1,1,1,1,1,1,1,1,1,1
190339,1,1,1992,0,0,0,0,0,0,0,0,0,0
190339,2,1,1992,0,0,0,0,0,0,0,0,0,0
190339,3,1,1992,0,0,0,0,0,0,0,0,0,0
190340,1,1,1992,12,12,12,12,12,12,12,12,12,12
190341,1,1,1992,0,0,0,0,0,0,0,0,0,0
190341,2,1,1992,0,0,0,0,0,0,0,0,0,0
190342,1,1,1992,0,0,0,0,0,0,14,0,0,0
190342,2,1,1992,12,12,12,12,12,12,12,12,12,12
190343,1,1,1992,0,0,0,0,0,0,0,0,0,0
190343,2,1,1992,0,0,0,0,0,0,0,0,0,0
190344,1,1,1992,0,0,0,0,0,0,0,0,0,0
190344,2,1,1992,0,0,0,0,0,0,0,0,0,0
190345,1,1,1992,0,0,0,0,0,0,0,0,0,0
190345,2,1,1992,0,0,0,0,0,0,0,0,0,0
190346,1,1,1992,0,0,0,0,0,0,0,0,0,0
190346,2,1,1992,0,0,0,0,0,0,0,0,0,0
190346,3,1,1992,0,0,0,0,0,0,0,0,0,0
190347,1,1,1992,0,0,0,0,0,0,0,0,0,0
190347,2,1,1992,17,17,17,17,17,17,17,17,17,17
190348,1,1,1992,0,0,0,0,0,0,0,0,0,0
190348,2,1,1992,0,0,0,0,0,0,0,0,0,0
190349,1,1,1992,0,0,0,0,0,0,0,0,0,0
190349,2,1,1992,0,0,0,0,0,0,0,0,0,0
190350,1,1,1992,0,0,0,0,0,0,0,0,0,0
190350,2,1,1992,0,0,0,0,0,0,0,0,0,0
190352,1,1,1992,20,20,20,20,20,20,20,20,20,20
190353,1,1,1992,0,0,0,0,0,0,0,0,0,0
190354,1,1,1992,0,0,0,0,14,0,0,0,0,0
190354,2,1,1992,0,0,0,0,0,0,4,0,0,0
190355,1,1,1992,0,0,0,0,0,0,0,0,0,0
190355,2,1,1992,0,0,0,0,0,0,0,0,0,0
190355,3,1,1992,0,0,0,0,0,0,0,0,0,0
190356,1,1,1992,0,0,0,0,0,0,0,0,0,0
190356,2,1,1992,0,0,0,0,0,0,0,0,0,0
190356,3,1,1992,0,0,0,0,0,0,0,0,0,0
190357,1,1,1992,0,0,0,2,0,0,0,0,0,0
190357,2,1,1992,0,0,0,0,0,0,0,0,0,0
190358,1,1,1992,22,22,22,22,22,22,22,22,22,22
190359,0,1,1992,0,0,0,0,0,0,0,0,0,0
190359,2,1,1992,3,3,3,3,3,3,3,3,3,3
190360,0,1,1992,0,0,0,0,0,0,0,0,0,0
190360,1,1,1992,0,0,0,0,0,0,0,0,0,0
190361,1,1,1992,0,0,0,13,0,0,0,0,0,9
190361,2,1,1992,0,0,0,0,0,0,0,0,0,0
190362,1,1,1992,7,7,7,7,7,7,7,7,7,7
190363,1,1,1992,5,0,0,0,0,0,0,0,10,13
190363,2,1,1992,0,0,0,0,0,0,0,0,0,0
190364,1,1,1992,3,3,3,3,3,3,3,3,3,3
190365,1,1,1992,0,0,0,0,0,0,0,0,0,0
190366,1,1,1992,0,0,0,0,0,0,0,0,0,0
190366,2,1,1992,0,0,0,0,0,0,0,0,0,0
190367,1,1,1992,0,0,0,0,0,0,0,0,0,0
190367,2,1,1992,0,0,0,0,0,0,0,0,0,0
190368,1,1,1992,0,0,0,0,0,0,0,0,0,0
190368,2,1,1992,0,0,18,0,0,0,0,0,0,0
190369,1,1,1992,0,0,0,0,0,0,0,0,0,0
190369,2,1,1992,0,0,20,0,0,0,0,0,0,0
190370,1,1,1992,0,0,0,0,0,0,0,0,0,0
190370,2,1,1992,0,0,0,0,0,0,0,0,0,0
190371,1,1,1992,0,0,0,0,0,0,0,0,0,0
190371,2,1,1992,0,0,0,0,0,0,0,0,0,0
190371,3,1,1992,0,0,0,0,0,0,0,0,0,0
190372,1,1,1992,6,6,6,6,6,6,6,6,6,6
190373,1,1,1992,0,27,0,0,5,7,0,0,0,0
190373,2,1,1992,13,13,13,13,13,13,13,13,13,13
190374,1,1,1992,0,0,0,0,0,11,0,0,0,0
190374,2,1,1992,1,1,1,1,1,1,1,1,1,1
190375,1,1,1992,29,29,29,29,29,29,29,29,29,29
190375,2,1,1992,0,0,0,0,0,0,0,0,0,0
190376,0,1,1992,0,20,0,12,0,0,14,0,0,0
190376,1,1,1992,0,0,0,0,0,0,0,0,0,0
190377,1,1,1992,0,0,0,0,0,0,0,0,0,0
190377,2,1,1992,0,0,0,0,0,0,0,0,0,0
190378,1,1,1992,28,28,28,28,28,28,28,28,28,28
190378,2,1,1992,1,1,1,1,1,1,1,1,1,1
190379,1,1,1992,6,6,6,6,6,6,6,6,6,6
190379,2,1,1992,0,0,0,0,0,0,0,0,0,0
190380,1,1,1992,0,0,0,0,0,0,0,0,0,0
190380,2,1,1992,0,0,0,0,0,0,0,0,0,7
190381,1,1,1992,0,0,0,0,0,0,0,0,0,0
190381,2,1,1992,0,0,0,0,0,0,0,0,0,0
190382,1,1,1992,0,0,0,0,0,0,0,0,0,0
190382,2,1,1992,0,0,0,0,0,0,0,0,0,16
190383,1,1,1992,20,20,20,20,20,20,20,20,20,20
190384,1,1,1992,0,0,0,0,0,0,0,0,0,0
190384,2,1,1992,0,0,0,0,0,0,0,0,0,0
190385,1,1,1992,0,0,0,0,0,0,0,0,0,0
190385,2,1,1992,0,0,0,0,0,0,0,0,0,0
190386,1,1,1992,0,0,0,0,0,0,0,0,0,0
190386,2,1,1992,0,0,0,0,0,0,0,0,0,0
190387,1,1,1992,0,0,0,0,0,0,0,0,0,0
190387,2,1,1992,0,0,0,0,0,0,0,0,0,0
190388,1,1,1992,0,0,0,0,0,12,0,0,0,0
190389,1,1,1992,0,0,0,0,0,0,0,0,0,0
190389,2,1,1992,0,0,0,0,0,0,0,0,0,0
190390,1,1,1992,13,13,13,13,13,13,13,13,13,13
190391,1,1,1992,0,0,0,0,11,0,0,0,0,0
190391,2,1,1992,0,0,0,0,0,0,0,0,0,0
190392,1,1,1992,0,0,0,0,0,0,0,0,0,0
190393,1,1,1992,16,16,16,16,16,16,16,16,16,16
190394,1,1,1992,0,0,0,0,0,0,0,0,0,0
190394,2,1,1992,0,0,0,0,0,0,0,0,0,2
190395,1,1,1992,26,26,26,26,26,26,26,26,26,26
190396,1,1,1992,0,0,0,0,2,0,0,0,0,0
200001,1,1,1992,0,0,0,0,0,0,0,0,0,0
200002,1,1,1992,23,23,23,23,23,23,23,23,23,23
200002,2,1,1992,0,0,0,16,0,0,21,16,0,0
200003,0,1,1992,0,0,0,0,0,0,0,0,0,0
200003,1,1,1992,0,0,0,0,0,0,0,0,0,0
200004,1,1,1992,0,0,0,0,0,0,0,0,0,0
200004,2,1,1992,0,0,0,0,0,0,0,0,0,0
200005,1,1,1992,0,0,0,0,0,0,0,0,0,0
200005,2,1,1992,0,0,0,0,0,0,0,0,0,0
200006,1,1,1992,0,0,0,0,0,0,0,0,0,0
200007,1,1,1992,0,0,0,0,0,0,0,0,0,0
200008,1,1,1992,0,0,0,0,0,0,0,0,0,0
200008,2,1,1992,0,0,0,0,0,0,0,0,0,0
200009,1,1,1992,24,24,24,24,24,24,24,24,24,24
200010,1,1,1992,10,10,10,10,10,10,10,10,10,10
200011,1,1,1992,0,0,0,0,0,0,0,0,0,0
200011,2,1,1992,22,22,22,22,22,22,22,22,22,22
200011,3,1,1992,0,0,0,0,0,0,0,0,0,0
200012,1,1,1992,0,0,0,0,0,0,0,0,0,0
200012,2,1,1992,0,0,0,0,0,0,0,0,0,0
200013,1,1,1992,14,14,14,14,14,14,14,14,14,14
200015,1,1,1992,0,0,0,0,0,0,0,0,0,0
200015,2,1,1992,0,0,0,0,0,0,0,0,0,0
200016,1,1,1992,0,0,0,0,20,0,0,0,15,0
200016,2,1,1992,0,0,0,0,0,0,0,0,0,0
200017,0,1,1992,0,0,0,0,0,0,0,0,0,0
200017,1,1,1992,0,0,0,0,0,0,0,0,0,0
200018,1,1,1992,0,0,0,0,0,0,0,0,0,0
200018,2,1,1992,0,0,0,0,0,0,0,0,0,0
200019,0,1,1992,0,0,0,0,0,0,0,0,0,0
200019,1,1,1992,0,0,0,0,0,0,0,0,0,0
200021,1,1,1992,0,26,0,0,0,0,0,6,0,0
200022,0,1,1992,0,0,0,0,0,0,0,0,0,4
200022,1,1,1992,0,0,0,0,0,0,0,0,0,0
200023,1,1,1992,20,20,20,20,20,20,20,20,20,20
200023,2,1,1992,0,0,0,0,0,0,21,0,0,0
200023,3,1,1992,0,0,0,0,0,0,0,0,0,0
200024,1,1,1992,17,17,17,17,17,17,17,17,17,17
200025,1,1,1992,28,28,28,28,28,28,28,28,28,28
200026,1,1,1992,0,0,7,0,0,0,0,0,0,0
200026,2,1,1992,0,0,0,0,0,0,0,0,0,0
200027,1,1,1992,23,23,23,23,23,23,23,23,23,23
200028,1,1,1992,0,0,0,0,0,0,0,0,0,0
200029,1,1,1992,26,26,26,26,26,26,26,26,26,26
200030,1,1,1992,0,0,0,0,0,0,0,0,0,0
200031,1,1,1992,0,0,0,0,0,0,0,0,0,0
200032,1,1,1992,0,0,0,0,21,0,0,0,0,9
200032,2,1,1992,1,1,1,1,1,1,1,1,1,1
200033,1,1,1992,0,0,0,0,0,0,0,0,0,0
200033,2,1,1992,5,0,0,0,0,0,13,0,32,0
200034,1,1,1992,0,0,0,0,0,0,0,0,0,0
200034,2,1,1992,0,0,0,0,0,0,0,0,0,0
200035,1,1,1992,0,0,0,0,0,0,0,0,0,0
200035,2,1,1992,22,18,0,0,5,19,26,10,17,23
200036,1,1,1992,0,0,0,0,0,0,0,0,0,0
200036,2,1,1992,0,0,0,0,0,0,0,0,0,0
200037,1,1,1992,0,0,0,0,0,0,0,0,0,0
200037,2,1,1992,0,0,0,0,0,0,0,0,0,0
200038,0,1,1992,0,0,0,0,0,0,0,0,0,0
200038,1,1,1992,0,0,10,0,18,0,0,0,0,19
200039,1,1,1992,29,29,29,29,29,29,29,29,29,29
200040,1,1,1992,26,23,24,11,23,36,12,3,9,21
200041,1,1,1992,30,30,30,30,30,30,30,30,30,30
200042,1,1,1992,15,15,15,15,15,15,15,15,15,15
200043,1,1,1992,0,0,0,0,0,0,0,0,5,0
200043,2,1,1992,0,0,0,0,0,0,0,0,0,0
200044,1,1,1992,0,0,0,0,0,0,0,0,0,0
200044,2,1,1992,0,0,0,0,0,0,0,0,0,0
200045,1,1,1992,0,0,0,0,0,0,0,0,2,0
200045,2,1,1992,0,0,0,0,0,0,0,0,0,0
200046,1,1,1992,14,14,14,14,14,14,14,14,14,14
200047,1,1,1992,0,0,0,0,0,0,0,0,0,0
200048,1,1,1992,0,0,0,0,0,0,0,0,0,0
200048,2,1,1992,0,0,0,0,0,0,0,0,0,0
200049,1,1,1992,0,0,0,0,0,0,0,0,0,0
200050,1,1,1992,0,0,0,0,0,0,0,0,0,0
200050,2,1,1992,0,0,0,0,0,0,0,0,0,0
200051,1,1,1992,15,15,15,15,15,15,15,15,15,15
200052,1,1,1992,22,22,22,22,22,22,22,22,22,22
200053,0,1,1992,0,0,0,0,0,0,0,0,0,0
200053,1,1,1992,0,0,0,0,0,0,0,0,0,0
200054,1,1,1992,17,17,17,17,17,17,17,17,17,17
200055,1,1,1992,35,35,35,35,35,35,35,35,35,35
200056,1,1,1992,0,0,0,0,0,0,0,0,0,0
200057,1,1,1992,0,0,0,0,0,0,0,0,0,0
200057,2,1,1992,0,0,0,0,0,0,0,0,0,0
200059,1,1,1992,0,0,0,0,0,0,0,0,0,0
200059,2,1,1992,0,0,0,0,0,0,0,0,0,13
200060,1,1,1992,0,0,0,0,0,0,0,0,0,0
200061,1,1,1992,0,0,0,0,0,0,0,0,17,0
200063,1,1,1992,0,0,0,0,0,0,0,0,0,0
200063,2,1,1992,0,0,0,0,0,0,0,0,0,0
200064,1,1,1992,12,12,12,12,12,12,12,12,12,12
200065,1,1,1992,0,0,0,0,0,0,0,0,0,0
200065,2,1,1992,0,0,0,0,0,0,0,0,0,0
200066,1,1,1992,0,0,0,0,0,0,0,0,0,0
200067,1,1,1992,0,0,0,0,0,0,0,0,0,0
200067,2,1,1992,0,0,0,0,0,0,0,0,0,0
200068,1,1,1992,0,0,0,0,0,0,0,0,0,0
200069,1,1,1992,0,0,0,0,0,0,0,0,0,0
200070,1,1,1992,26,26,26,26,26,26,26,26,26,26
200070,2,1,1992,0,0,0,0,0,0,0,0,0,0
200070,3,1,1992,0,0,0,0,0,0,0,0,0,0
200071,1,1,1992,0,0,0,0,0,0,0,0,0,0
200071,2,1,1992,0,0,0,0,0,0,0,0,0,0
200072,1,1,1992,0,0,0,0,0,0,28,0,0,0
200073,1,1,1992,22,22,22,22,22,22,22,22,22,22
200074,1,1,1992,20,20,20,20,20,20,20,20,20,20
200075,1,1,1992,0,0,0,0,0,0,0,0,0,0
200075,2,1,1992,10,10,10,10,10,10,10,10,10,10
200076,1,1,1992,0,0,0,0,0,0,0,0,0,0
200076,2,1,1992,0,0,0,0,0,0,0,0,0,0
200077,1,1,1992,0,23,0,0,0,0,21,0,12,20
200078,1,1,1992,0,14,26,4,18,20,0,0,31,14
200079,1,1,1992,29,29,29,29,29,29,29,29,29,29
200080,1,1,1992,0,0,0,0,0,0,0,0,0,0
200080,2,1,1992,0,0,0,0,0,0,0,0,0,0
200081,0,1,1992,0,0,0,0,0,0,0,0,0,0
200081,1,1,1992,0,0,0,0,0,0,0,11,0,0
200083,1,1,1992,0,0,0,0,0,0,0,0,0,0
200083,2,1,1992,0,0,0,0,0,0,0,0,0,0
200084,1,1,1992,0,0,0,0,0,0,0,0,0,0
200087,1,1,1992,0,0,0,0,0,0,0,0,0,0
200087,2,1,1992,0,0,0,0,0,0,0,0,0,0
200088,1,1,1992,10,10,10,10,10,10,10,10,10,10
200089,1,1,1992,21,21,21,21,21,21,21,21,21,21
200090,1,1,1992,0,0,0,0,0,0,0,0,0,0
200092,1,1,1992,0,0,0,0,0,0,0,0,12,0
200092,2,1,1992,18,18,18,18,18,18,18,18,18,18
200093,1,1,1992,0,0,0,0,0,0,0,0,0,0
200093,2,1,1992,0,0,0,0,0,0,0,0,0,0
200094,1,1,1992,16,16,16,16,16,16,16,16,16,16
200095,1,1,1992,0,2,19,0,0,11,21,0,18,0
200096,1,1,1992,0,0,0,0,0,0,0,0,0,0
200097,1,1,1992,0,0,0,0,0,0,0,0,0,0
200098,1,1,1992,0,0,0,0,0,0,0,0,0,0
200098,2,1,1992,0,0,9,0,0,0,0,0,0,0
200099,1,1,1992,0,0,0,0,0,0,0,0,0,0
200100,1,1,1992,53,53,53,53,53,53,53,53,53,53
200101,0,1,1992,0,0,0,0,0,0,0,0,0,0
200101,1,1,1992,0,0,0,0,0,0,0,0,0,0
200102,1,1,1992,18,18,18,18,18,18,18,18,18,18
200103,1,1,1992,15,15,15,15,15,15,15,15,15,15
200103,2,1,1992,0,0,0,0,0,0,0,0,0,0
200104,0,1,1992,0,0,0,0,0,0,0,0,0,0
200104,1,1,1992,0,0,0,0,0,0,0,0,0,0
200104,2,1,1992,0,0,0,0,0,0,0,0,0,0
200105,1,1,1992,0,0,0,0,0,0,0,11,0,0
200105,2,1,1992,0,0,0,0,0,0,0,0,0,0
200106,1,1,1992,10,14,9,14,13,7,7,13,3,5
200106,2,1,1992,0,0,0,0,0,0,0,0,0,0
200107,1,1,1992,0,0,0,0,0,0,0,0,0,0
200107,2,1,1992,19,20,7,10,14,9,12,30,7,20
200108,1,1,1992,26,26,26,26,26,26,26,26,26,26
200109,1,1,1992,0,0,0,0,0,0,0,0,0,0
200110,1,1,1992,0,0,0,0,0,0,0,0,0,0
200110,2,1,1992,0,0,0,0,0,0,0,0,0,0
200111,1,1,1992,0,0,0,0,0,0,0,0,0,0
200111,2,1,1992,0,0,0,0,0,0,0,0,0,0
200112,1,1,1992,0,6,0,0,0,0,0,0,0,0
200112,2,1,1992,2,2,2,2,2,2,2,2,2,2
200113,1,1,1992,6,6,6,6,6,6,6,6,6,6
200113,2,1,1992,0,0,8,0,0,0,8,0,8,0
200114,1,1,1992,4,4,4,4,4,4,4,4,4,4
200115,1,1,1992,0,0,0,0,0,18,0,0,0,0
200116,1,1,1992,0,0,0,0,0,0,0,0,0,0
200116,2,1,1992,41,41,41,41,41,41,41,41,41,41
200117,1,1,1992,2,2,2,2,2,2,2,2,2,2
200118,1,1,1992,12,12,12,12,12,12,12,12,12,12
200119,1,1,1992,0,0,0,0,0,0,0,0,0,0
200119,2,1,1992,0,0,0,0,0,0,0,0,0,0
200120,1,1,1992,24,24,24,24,24,24,24,24,24,24
200121,1,1,1992,14,14,14,14,14,14,14,14,14,14
200121,2,1,1992,0,0,6,0,0,0,0,0,0,0
200122,1,1,1992,0,0,0,0,0,0,0,0,0,0
200123,0,1,1992,3,17,0,0,22,35,12,29,11,0
200123,0,2,1992,8,32,36,18,4,31,22,18,10,20
200123,1,1,1992,18,19,17,17,0,17,15,11,9,9
200123,2,1,1992,18,18,18,18,18,18,18,18,18,18
200124,1,1,1992,0,0,0,0,0,0,0,0,0,0
200124,2,1,1992,0,0,0,0,0,0,0,0,0,0
200124,3,1,1992,0,0,0,0,0,0,0,0,0,0
200124,4,1,1992,0,0,0,0,0,0,0,0,0,0
200124,5,1,1992,0,0,0,0,0,0,0,0,0,0
200124,6,1,1992,0,0,0,22,0,0,0,0,0,0
200125,1,1,1992,27,10,24,17,16,18,23,28,16,21
200126,1,1,1992,0,0,0,0,0,0,0,0,0,0
200126,2,1,1992,0,0,0,0,0,0,0,0,0,0
200127,1,1,1992,0,0,0,0,0,0,0,0,0,0
200127,2,1,1992,0,0,0,0,0,0,0,0,0,0
200128,0,1,1992,0,0,0,0,0,0,0,0,0,0
200128,1,1,1992,0,0,0,0,0,0,0,0,0,0
200130,1,1,1992,0,0,0,0,0,0,0,0,0,0
200131,1,1,1992,0,0,0,0,0,24,0,0,0,0
200132,1,1,1992,0,0,0,0,0,0,0,0,0,0
200132,2,1,1992,0,0,0,0,0,0,0,0,0,0
200132,3,1,1992,0,0,0,0,0,0,0,21,0,0
200133,1,1,1992,0,0,0,0,0,10,0,0,0,0
200134,1,1,1992,0,0,0,0,0,0,0,0,0,0
200134,2,1,1992,16,16,16,16,16,16,16,16,16,16
200135,1,1,1992,18,18,18,18,18,18,18,18,18,18
200135,2,1,1992,0,3,0,0,0,0,0,0,0,0
200137,1,1,1992,0,0,15,0,0,0,0,0,0,0
200137,2,1,1992,50,50,50,50,50,50,50,50,50,50
200138,1,1,1992,2,2,2,2,2,2,2,2,2,2
200139,1,1,1992,0,0,0,0,0,0,0,0,0,0
200139,2,1,1992,0,0,0,0,0,0,0,0,0,0
200140,1,1,1992,0,0,0,0,7,0,0,0,0,0
200140,2,1,1992,0,0,0,0,0,0,0,0,0,0
200141,1,1,1992,0,0,0,0,0,0,0,0,0,0
200141,2,1,1992,0,11,16,0,0,0,0,0,5,10
200142,1,1,1992,0,0,0,0,0,0,0,0,0,0
200142,2,1,1992,0,0,0,0,0,0,0,0,0,0
200143,1,1,1992,0,0,0,0,0,0,0,0,0,0
200144,1,1,1992,9,12,17,11,18,16,17,7,12,20
200145,1,1,1992,0,0,0,0,0,0,0,0,0,0
200145,2,1,1992,34,34,34,34,34,34,34,34,34,34
200146,1,1,1992,0,0,0,0,0,0,0,0,0,0
200146,2,1,1992,0,0,0,0,0,0,0,0,0,0
200147,1,1,1992,0,0,0,0,0,0,0,0,0,0
200148,1,1,1992,0,0,0,0,28,6,0,0,0,0
200148,2,1,1992,0,0,0,0,0,0,0,0,0,0
200149,1,1,1992,0,0,0,0,0,0,0,0,0,0
200150,1,1,1992,0,0,0,0,0,0,0,0,0,0
200150,2,1,1992,0,0,0,0,0,0,0,0,0,0
200150,3,1,1992,0,0,0,0,0,0,0,0,0,0
200151,1,1,1992,0,0,0,0,0,0,0,0,0,0
200153,1,1,1992,17,17,17,17,17,17,17,17,17,17
200154,1,1,1992,0,0,0,0,0,0,0,0,0,0
200154,2,1,1992,0,0,0,0,0,0,0,0,0,0
200155,1,1,1992,0,0,9,0,0,0,0,0,0,0
200155,2,1,1992,0,0,0,0,0,0,0,0,0,0
200156,1,1,1992,9,0,15,0,17,30,32,14,0,18
200158,1,1,1992,0,0,0,0,0,0,0,0,0,0
200159,1,1,1992,11,11,11,11,11,11,11,11,11,11
200160,1,1,1992,0,0,0,0,0,15,0,0,0,0
200160,2,1,1992,0,26,0,5,0,17,0,0,20,0
200161,0,1,1992,0,0,0,0,0,0,0,0,0,0
200161,1,1,1992,0,0,0,0,0,0,0,0,0,0
200162,1,1,1992,26,26,26,26,26,26,26,26,26,26
200163,1,1,1992,10,10,10,10,10,10,10,10,10,10
200164,1,1,1992,0,0,0,0,0,0,0,0,0,0
200165,1,1,1992,11,11,11,11,11,11,11,11,11,11
200165,2,1,1992,0,0,0,0,0,0,0,0,0,0
200166,0,1,1992,6,6,6,6,6,6,6,6,6,6
200166,1,1,1992,20,20,20,20,20,20,20,20,20,20
200167,1,1,1992,0,0,0,0,0,0,0,0,0,0
200167,2,1,1992,0,0,0,0,0,0,0,0,0,0
200167,3,1,1992,0,0,0,0,0,0,0,0,0,0
200168,1,1,1992,0,27,0,0,0,0,0,0,0,0
200169,1,1,1992,0,0,0,0,25,0,0,0,8,8
200169,2,1,1992,0,0,0,0,0,0,0,0,0,0
200170,1,1,1992,20,20,20,20,20,20,20,20,20,20
200171,1,1,1992,0,0,0,0,0,0,0,0,0,0
200171,2,1,1992,0,0,0,0,0,0,0,0,0,0
200171,3,1,1992,0,0,0,0,0,0,0,0,0,0
200172,1,1,1992,0,0,0,0,0,0,0,0,0,0
200172,2,1,1992,0,0,0,0,0,0,2,0,0,0
200173,1,1,1992,0,0,0,0,0,0,0,0,0,0