ST_CASE,VEH_NO,PER_NO,YEAR,P1,P2,P3,P4,P5,P6,P7,P8,P9,P10
200173,2,1,1992,12,0,0,0,0,15,0,0,0,0
200174,1,1,1992,21,21,21,21,21,21,21,21,21,21
200175,0,1,1992,17,17,17,17,17,17,17,17,17,17
200175,1,1,1992,10,0,0,0,0,0,0,0,0,0
200177,0,1,1992,6,6,6,6,6,6,6,6,6,6
200177,1,1,1992,0,0,0,0,0,0,0,0,0,0
200178,1,1,1992,0,0,0,0,0,0,0,0,0,0
200178,2,1,1992,0,0,0,0,0,0,0,0,0,0
200179,1,1,1992,0,0,0,0,0,0,0,0,0,0
200179,2,1,1992,23,23,23,23,23,23,23,23,23,23
200180,1,1,1992,0,0,0,0,0,0,0,0,0,0
200180,2,1,1992,0,0,0,0,0,0,0,0,0,0
200181,1,1,1992,0,0,0,0,0,0,0,0,0,0
200182,1,1,1992,0,0,0,0,0,0,0,0,0,0
200182,2,1,1992,0,0,0,0,0,0,0,0,4,0
200183,1,1,1992,0,0,0,0,0,0,0,0,0,0
200183,2,1,1992,0,0,0,0,0,0,0,0,0,0
200184,1,1,1992,10,10,10,10,10,10,10,10,10,10
200185,1,1,1992,0,0,0,0,0,0,0,0,0,0
200185,2,1,1992,0,0,0,0,0,0,0,0,0,0
200186,1,1,1992,25,25,25,25,25,25,25,25,25,25
200186,2,1,1992,22,22,22,22,22,22,22,22,22,22
200187,1,1,1992,0,0,0,0,0,0,0,0,0,0
200187,2,1,1992,28,14,15,20,12,18,17,11,9,11
200188,1,1,1992,9,9,9,9,9,9,9,9,9,9
200188,2,1,1992,0,0,0,0,0,0,0,0,0,0
200189,1,1,1992,0,0,0,0,0,0,0,0,0,0
200189,2,1,1992,0,0,0,0,0,0,0,0,0,0
200190,1,1,1992,0,0,0,0,0,0,0,0,0,0
200190,2,1,1992,0,0,0,0,0,0,0,0,0,0
200191,0,1,1992,0,0,0,0,0,0,0,0,0,0
200191,1,1,1992,0,0,0,0,0,0,0,0,0,0
200192,1,1,1992,0,0,0,0,0,0,0,0,0,0
200192,2,1,1992,0,0,0,0,0,0,0,0,0,0
200193,1,1,1992,12,12,12,12,12,12,12,12,12,12
200194,1,1,1992,25,25,25,25,25,25,25,25,25,25
200195,0,1,1992,0,0,0,10,0,11,0,31,0,0
200195,0,2,1992,0,0,16,0,0,10,0,0,13,0
200195,1,1,1992,21,0,0,0,0,0,0,0,0,0
200195,2,1,1992,0,0,0,0,0,0,0,0,0,7
200196,1,1,1992,0,0,0,0,0,0,0,0,0,0
200196,2,1,1992,0,0,0,0,0,0,0,0,0,0
200197,1,1,1992,26,26,26,26,26,26,26,26,26,26
200198,1,1,1992,0,0,0,0,0,0,0,0,0,0
200200,1,1,1992,0,0,0,0,0,0,0,0,0,0
200200,2,1,1992,10,14,0,16,0,13,0,0,0,0
200201,1,1,1992,24,24,24,24,24,24,24,24,24,24
200202,1,1,1992,0,0,0,0,0,0,0,0,0,0
200202,2,1,1992,0,0,0,0,0,0,0,0,0,0
200203,1,1,1992,0,0,0,0,0,0,0,0,0,0
200204,1,1,1992,20,20,20,20,20,20,20,20,20,20
200205,1,1,1992,0,0,0,0,0,0,0,0,0,0
200205,2,1,1992,0,0,0,0,0,0,0,0,0,0
200206,1,1,1992,0,0,0,0,0,0,0,0,0,0
200207,1,1,1992,7,7,7,7,7,7,7,7,7,7
200207,2,1,1992,0,0,0,0,0,0,0,0,0,0
200208,1,1,1992,0,0,0,0,0,0,0,0,0,0
200209,1,1,1992,0,0,0,0,0,0,0,0,0,0
200210,1,1,1992,4,15,0,8,32,18,0,10,26,9
200210,2,1,1992,0,0,0,0,0,0,0,0,0,0
200210,3,1,1992,0,0,0,0,0,0,0,0,0,0
200210,4,1,1992,0,0,0,0,0,0,0,0,0,0
200211,1,2,1992,0,0,15,0,0,0,0,19,6,8
200212,1,1,1992,0,0,0,0,0,0,0,0,0,0
200212,2,1,1992,0,0,0,0,0,0,0,0,0,0
200213,1,1,1992,0,0,0,0,0,0,0,0,14,0
200213,2,1,1992,13,0,0,0,0,0,0,0,0,0
200214,1,1,1992,0,0,0,0,0,0,0,0,0,0
200214,2,1,1992,32,32,32,32,32,32,32,32,32,32
200215,1,1,1992,20,20,20,20,20,20,20,20,20,20
200216,1,1,1992,0,0,0,0,0,0,0,0,11,0
200216,2,1,1992,0,0,0,0,0,0,0,0,0,0
200217,1,1,1992,0,0,0,0,0,0,0,0,0,0
200218,1,1,1992,0,0,0,0,0,0,0,0,0,0
200219,1,1,1992,0,0,0,0,0,0,0,0,0,0
200219,2,1,1992,0,0,0,0,0,0,0,0,0,0
200220,1,1,1992,0,0,0,0,0,0,0,0,0,0
200220,2,1,1992,0,0,0,0,0,0,0,0,0,0
200221,1,1,1992,0,0,0,5,8,0,0,0,0,0
200222,1,1,1992,1,1,1,1,1,1,1,1,1,1
200223,1,1,1992,0,0,26,10,25,6,0,11,13,0
200223,2,1,1992,0,0,0,0,0,0,0,0,0,0
200224,1,1,1992,25,25,25,25,25,25,25,25,25,25
200224,2,1,1992,0,0,0,0,0,0,0,0,0,0
200225,1,1,1992,0,0,0,0,0,0,0,0,0,0
200225,2,1,1992,0,0,0,33,0,0,0,0,0,20
200226,1,1,1992,0,0,0,0,0,0,0,0,0,0
200226,2,1,1992,0,0,0,0,0,0,0,0,0,0
200227,1,1,1992,0,0,0,0,11,0,0,0,0,0
200228,1,1,1992,0,0,0,0,0,0,0,0,0,0
200229,1,1,1992,20,20,20,20,20,20,20,20,20,20
200230,1,1,1992,19,19,19,19,19,19,19,19,19,19
200230,2,1,1992,4,4,4,4,4,4,4,4,4,4
200231,1,1,1992,7,7,7,7,7,7,7,7,7,7
200232,1,1,1992,0,0,0,0,0,0,0,0,0,0
200233,1,1,1992,0,0,0,0,0,0,0,0,0,0
200233,2,1,1992,7,18,3,6,0,17,17,0,15,17
200234,1,1,1992,6,6,6,6,6,6,6,6,6,6
200235,1,1,1992,0,8,0,0,0,14,16,0,0,5
200236,1,1,1992,0,0,0,0,0,0,0,0,0,0
200237,1,1,1992,0,0,0,0,0,0,0,0,0,0
200238,1,1,1992,12,0,0,0,0,0,0,0,0,0
200238,2,1,1992,20,0,0,0,0,0,0,0,0,0
200239,1,1,1992,0,0,0,0,0,0,0,0,0,0
200239,2,1,1992,0,0,0,0,0,0,0,0,0,0
200240,1,1,1992,0,0,0,0,0,0,0,0,0,0
200241,1,1,1992,0,0,0,0,0,0,0,0,0,0
200241,2,1,1992,0,0,0,0,0,0,0,0,0,0
200242,1,1,1992,0,0,0,0,0,0,0,0,0,0
200243,1,1,1992,3,3,3,3,3,3,3,3,3,3
200243,2,1,1992,0,0,0,0,0,0,0,0,0,0
200244,1,1,1992,22,22,22,22,22,22,22,22,22,22
200245,1,1,1992,15,15,15,15,15,15,15,15,15,15
200245,2,1,1992,0,0,0,0,0,0,0,0,0,0
200246,1,1,1992,13,13,13,13,13,13,13,13,13,13
200247,0,1,1992,0,0,22,0,0,0,0,0,11,0
200248,1,1,1992,0,0,0,0,0,0,0,0,0,0
200248,2,1,1992,0,0,0,0,0,0,0,0,0,0
200249,1,1,1992,0,0,0,0,0,0,0,0,0,0
200249,2,1,1992,0,0,0,0,0,0,0,0,0,0
200250,1,1,1992,17,25,8,11,24,13,20,7,12,10
200251,1,1,1992,12,0,0,0,0,0,0,0,0,0
200252,1,1,1992,0,0,0,0,0,0,0,0,0,0
200252,2,1,1992,28,0,0,0,0,0,0,0,0,0
200253,1,1,1992,0,0,0,0,0,0,0,0,0,0
200253,2,1,1992,0,0,0,0,0,0,0,0,0,0
200254,1,1,1992,25,25,25,25,25,25,25,25,25,25
200254,2,1,1992,0,0,0,0,0,0,0,0,0,0
200255,1,1,1992,0,0,0,0,0,0,0,0,0,0
200255,2,1,1992,0,0,0,0,0,0,0,0,20,0
200256,1,1,1992,4,4,4,4,4,4,4,4,4,4
200256,2,1,1992,0,0,0,0,0,0,0,0,0,0
200257,1,1,1992,23,23,23,23,23,23,23,23,23,23
200259,1,1,1992,0,0,0,0,0,0,0,0,0,0
200259,2,1,1992,0,0,0,0,0,0,0,0,0,0
200260,1,1,1992,0,0,0,0,0,0,0,0,0,10
200260,2,1,1992,0,16,16,18,19,10,14,26,12,17
200261,1,1,1992,0,0,0,0,0,0,0,0,0,0
200261,2,1,1992,0,0,0,0,0,0,0,0,0,0
200262,1,1,1992,0,0,0,0,0,0,0,0,0,0
200262,2,1,1992,0,0,0,0,0,0,0,0,0,0
200263,1,1,1992,0,0,0,0,0,0,0,0,0,0
200264,1,1,1992,0,0,0,0,0,0,0,0,0,0
200265,1,1,1992,0,0,0,2,20,0,0,0,0,0
200265,2,1,1992,0,0,0,0,0,0,0,0,0,0
200267,1,1,1992,16,0,0,0,0,0,0,0,0,0
200267,2,1,1992,12,12,12,12,12,12,12,12,12,12
200267,3,1,1992,0,0,0,0,0,0,0,0,0,0
200268,1,1,1992,22,22,22,22,22,22,22,22,22,22
200269,1,1,1992,0,0,0,0,0,0,0,0,0,0
200269,2,1,1992,0,0,0,0,0,0,0,0,0,0
200270,1,1,1992,0,0,0,0,0,0,0,0,0,0
200270,2,1,1992,0,0,0,0,0,0,0,0,0,0
200271,1,1,1992,0,0,20,16,0,0,5,0,0,0
200272,1,1,1992,0,0,0,0,0,0,0,0,0,0
200272,2,1,1992,0,0,0,0,0,0,0,0,0,0
200273,1,1,1992,27,27,27,27,27,27,27,27,27,27
200274,0,1,1992,35,35,35,35,35,35,35,35,35,35
200274,1,1,1992,0,0,0,0,0,0,0,0,0,0
200275,1,1,1992,25,25,25,25,25,25,25,25,25,25
200276,1,1,1992,0,0,0,0,0,0,0,0,0,0
200276,2,1,1992,0,0,0,0,0,0,0,0,0,0
200277,1,1,1992,0,0,0,0,0,0,0,0,0,0
200278,1,1,1992,0,0,0,0,0,0,0,0,0,0
200278,2,1,1992,0,0,0,0,0,0,0,0,0,0
200279,1,1,1992,11,11,11,11,11,11,11,11,11,11
200280,1,1,1992,18,18,18,18,18,18,18,18,18,18
200281,1,1,1992,11,11,11,11,11,11,11,11,11,11
200282,1,1,1992,27,27,27,27,27,27,27,27,27,27
200282,2,1,1992,0,0,0,0,0,0,0,0,0,0
200282,3,1,1992,0,0,0,0,0,0,0,0,0,0
200283,1,1,1992,40,40,40,40,40,40,40,40,40,40
200283,2,1,1992,0,0,0,0,0,0,0,0,0,0
200284,1,1,1992,0,0,0,0,0,0,0,0,0,0
200284,2,1,1992,0,0,0,0,0,0,0,0,0,0
200285,1,1,1992,0,0,0,0,0,0,0,0,0,0
200286,1,1,1992,15,0,2,0,0,9,24,0,0,0
200286,2,1,1992,0,0,0,0,0,0,0,0,0,0
200287,1,1,1992,0,0,0,0,0,0,0,0,0,0
200287,2,1,1992,0,29,0,0,0,0,0,0,0,0
200288,1,1,1992,0,0,0,0,0,0,0,0,0,0
200289,1,1,1992,0,0,0,0,0,0,0,0,0,0
200290,1,1,1992,0,0,0,0,0,0,0,0,0,0
200291,1,1,1992,17,24,24,6,4,25,27,21,7,0
200291,2,1,1992,0,0,0,16,6,0,12,9,6,0
200292,1,1,1992,19,19,19,19,19,19,19,19,19,19
200293,1,1,1992,0,0,0,0,0,0,0,0,0,0
200293,2,1,1992,0,0,0,0,0,0,0,0,0,0
200294,1,1,1992,18,18,18,18,18,18,18,18,18,18
200295,1,1,1992,0,0,0,0,0,0,0,0,0,0
200296,1,1,1992,19,27,2,15,13,9,16,17,25,18
200297,1,1,1992,0,0,0,0,0,0,0,0,0,0
200298,1,1,1992,18,18,18,18,18,18,18,18,18,18
200299,1,1,1992,0,0,0,0,0,0,0,0,0,0
200299,2,1,1992,0,0,0,0,0,0,0,0,0,0
200300,1,1,1992,0,0,0,0,0,0,17,0,0,0
200301,1,1,1992,0,0,0,0,0,0,0,0,0,0
200302,1,1,1992,0,0,0,0,0,0,0,0,0,0
200302,2,1,1992,0,0,0,0,0,0,0,0,0,0
200303,1,1,1992,0,0,0,0,0,0,0,0,0,0
200303,2,1,1992,0,0,0,0,0,0,0,0,0,0
200304,1,1,1992,0,0,0,0,0,0,0,0,0,0
200304,2,1,1992,0,0,0,0,0,0,0,0,0,0
200305,1,1,1992,0,0,0,0,0,0,0,0,0,0
200306,1,1,1992,20,20,20,20,20,20,20,20,20,20
200307,1,1,1992,1,1,1,1,1,1,1,1,1,1
200307,2,1,1992,26,26,26,26,26,26,26,26,26,26
200308,1,1,1992,0,0,0,0,0,0,0,0,0,0
200308,2,1,1992,0,0,0,0,0,0,0,0,0,0
200309,1,1,1992,0,0,0,0,0,0,0,0,0,0
200309,2,1,1992,0,0,0,0,0,0,0,0,0,0
200309,3,1,1992,0,0,0,0,0,0,0,0,0,0
200310,1,1,1992,25,27,25,12,22,17,20,0,10,16
200311,1,1,1992,0,3,0,0,0,0,0,0,0,4
200311,2,1,1992,0,0,0,0,0,0,0,0,0,0
200313,0,1,1992,0,0,0,0,0,0,0,0,0,0
200313,1,1,1992,0,0,0,0,0,0,0,0,0,0
200314,0,1,1992,0,0,0,0,0,0,0,0,0,0
200314,1,1,1992,0,0,0,0,0,0,0,0,0,0
200315,1,1,1992,0,0,0,0,0,0,0,0,0,0
200315,2,1,1992,0,0,0,0,0,0,0,0,0,0
200315,3,1,1992,0,0,0,0,0,0,0,0,0,0
200316,1,1,1992,0,0,0,0,0,0,0,0,0,0
200317,1,1,1992,0,0,0,0,0,0,0,0,0,0
200317,2,1,1992,0,0,0,0,0,0,0,0,0,0
200318,1,1,1992,1,1,1,1,1,1,1,1,1,1
200319,1,1,1992,0,0,0,0,0,0,0,0,0,0
200320,1,1,1992,7,0,0,0,15,0,0,0,0,0
200321,1,1,1992,0,0,0,0,17,0,0,0,0,0
200321,2,1,1992,0,0,0,0,0,0,0,0,0,0
200322,1,1,1992,0,0,0,0,0,0,0,0,0,0
200322,2,1,1992,0,0,0,0,0,0,0,0,0,0
200323,1,1,1992,0,0,0,0,0,0,0,0,0,0
200323,2,1,1992,0,0,0,0,0,0,0,0,0,0
200323,3,1,1992,0,0,0,0,0,0,0,0,0,0
200323,4,1,1992,0,0,0,0,0,0,0,0,0,0
200324,1,1,1992,26,26,26,26,26,26,26,26,26,26
200324,2,1,1992,0,0,0,0,0,0,0,0,0,0
200325,1,1,1992,18,18,18,18,18,18,18,18,18,18
200326,1,1,1992,0,0,0,0,0,0,0,0,0,0
200326,2,1,1992,0,0,0,0,0,0,0,19,0,0
200327,1,1,1992,0,0,0,0,0,0,0,0,0,0
200327,2,1,1992,0,0,0,0,0,0,0,0,0,0
200328,1,1,1992,0,0,0,0,0,0,0,0,0,0
200328,2,1,1992,0,0,23,0,0,0,0,0,0,0
200329,1,1,1992,10,33,17,34,18,14,13,20,28,19
200330,1,1,1992,0,0,0,0,0,0,0,0,0,0
200331,1,1,1992,22,22,22,22,22,22,22,22,22,22
200332,1,1,1992,17,17,17,17,17,17,17,17,17,17
200332,2,1,1992,0,0,0,0,0,0,0,0,0,0
200333,1,1,1992,19,19,19,19,19,19,19,19,19,19
200334,1,1,1992,22,22,22,22,22,22,22,22,22,22
200335,1,1,1992,0,0,0,0,0,0,0,0,0,0
200335,2,1,1992,0,0,0,0,0,0,0,0,0,0
200336,1,1,1992,0,0,0,0,0,0,0,0,0,0
200337,1,1,1992,4,4,4,4,4,4,4,4,4,4
200337,2,1,1992,0,0,0,0,0,0,0,0,0,0
200337,3,1,1992,0,0,0,0,0,0,0,0,0,0
200338,1,1,1992,0,0,0,0,0,0,0,0,0,0
200338,2,1,1992,0,0,0,0,0,0,0,0,0,0
200339,1,1,1992,0,0,0,0,0,0,0,0,16,0
200340,1,1,1992,21,21,21,21,21,21,21,21,21,21
200342,1,1,1992,0,0,0,0,0,0,0,0,0,0
200343,1,1,1992,22,22,22,22,22,22,22,22,22,22
200344,1,1,1992,0,0,0,0,0,0,0,0,0,0
200345,1,1,1992,0,0,0,0,0,0,0,0,0,0
200346,2,1,1992,0,0,0,0,0,0,0,0,0,0
200347,1,1,1992,0,0,0,0,0,0,0,0,0,0
200347,2,1,1992,3,0,17,0,0,0,0,0,0,0
200348,1,1,1992,25,25,25,25,25,25,25,25,25,25
200350,1,1,1992,0,0,0,4,0,7,0,0,0,0
200351,1,1,1992,0,0,26,0,0,0,0,0,0,0
200351,2,1,1992,0,0,0,0,0,0,0,0,0,0
200351,3,1,1992,0,0,0,0,0,0,0,0,0,0
200352,1,1,1992,10,10,10,10,10,10,10,10,10,10
200354,1,1,1992,0,0,0,0,0,0,0,0,0,0
200354,2,1,1992,0,0,0,0,0,0,0,0,0,0
200355,1,1,1992,15,15,15,15,15,15,15,15,15,15
200355,2,1,1992,8,8,8,8,8,8,8,8,8,8
200356,0,1,1992,0,7,0,25,15,15,15,18,31,13
200356,1,1,1992,17,17,17,17,17,17,17,17,17,17
200357,0,1,1992,0,0,0,0,0,0,0,0,0,0
200357,1,1,1992,0,0,0,0,0,0,0,0,0,0
210001,1,1,1992,0,0,0,0,0,0,0,0,0,0
210001,2,1,1992,0,0,0,0,0,0,0,0,0,0
210001,3,1,1992,0,0,0,0,0,0,0,0,0,0
210001,4,1,1992,0,0,0,0,0,0,0,0,0,0
210002,1,1,1992,0,0,0,0,0,0,0,0,0,0
210002,2,1,1992,0,0,0,0,0,0,0,0,0,0
210003,1,1,1992,0,0,0,0,0,0,0,0,0,0
210004,1,1,1992,17,17,17,17,17,17,17,17,17,17
210005,1,1,1992,11,21,26,7,4,10,0,21,20,10
210005,2,1,1992,0,0,0,0,0,0,0,0,0,0
210006,1,1,1992,0,0,0,0,0,0,0,0,0,0
210006,2,1,1992,0,0,0,0,0,0,0,8,0,0
210007,1,1,1992,0,0,0,0,0,0,0,0,0,0
210007,2,1,1992,0,0,0,0,0,0,0,0,0,0
210008,1,1,1992,0,0,0,0,0,0,0,0,0,0
210009,1,1,1992,3,3,3,3,3,3,3,3,3,3
210010,0,1,1992,0,0,0,0,0,0,0,0,0,0
210010,1,1,1992,0,0,0,0,0,0,0,0,0,0
210012,0,1,1992,11,0,0,0,0,0,24,0,0,0
210012,1,1,1992,0,0,0,0,0,0,0,0,0,0
210013,1,1,1992,21,21,21,21,21,21,21,21,21,21
210014,1,1,1992,3,3,3,3,3,3,3,3,3,3
210015,1,1,1992,23,23,23,23,23,23,23,23,23,23
210016,1,1,1992,0,0,0,0,0,0,0,0,0,0
210016,2,1,1992,0,0,0,0,0,0,0,0,0,0
210016,3,1,1992,0,0,0,0,0,0,0,0,0,0
210017,1,1,1992,0,0,0,0,0,0,0,0,0,0
210018,1,1,1992,0,0,0,0,0,0,0,0,0,0
210018,2,1,1992,0,0,0,0,0,0,0,0,0,0
210019,1,1,1992,14,14,14,14,14,14,14,14,14,14
210020,1,1,1992,0,0,0,0,0,0,0,0,0,0
210021,1,1,1992,0,0,0,0,0,0,0,0,0,0
210021,2,1,1992,0,0,0,0,0,0,0,0,0,0
210022,1,1,1992,26,26,26,26,26,26,26,26,26,26
210023,1,1,1992,9,9,9,9,9,9,9,9,9,9
210024,1,1,1992,25,25,25,25,25,25,25,25,25,25
210024,2,1,1992,0,0,4,0,0,0,23,0,0,0
210025,1,1,1992,0,0,0,0,0,0,0,0,0,0
210026,1,1,1992,26,26,26,26,26,26,26,26,26,26
210026,2,1,1992,0,0,0,0,0,0,0,0,0,0
210026,3,1,1992,0,0,0,0,0,0,0,0,0,0
210027,1,1,1992,16,16,16,16,16,16,16,16,16,16
210028,1,1,1992,0,0,0,0,0,0,0,0,0,0
210029,1,1,1992,8,8,8,8,8,8,8,8,8,8
210029,2,1,1992,0,0,0,0,0,0,0,0,0,0
210030,1,1,1992,9,9,9,9,9,9,9,9,9,9
210030,2,1,1992,10,41,15,24,20,20,20,19,15,19
210031,1,1,1992,7,7,7,7,7,7,7,7,7,7
210032,0,1,1992,0,0,0,17,0,0,0,0,0,0
210032,1,1,1992,0,0,0,0,0,0,0,0,0,0
210032,2,1,1992,0,0,0,0,0,0,0,0,0,0
210033,1,1,1992,0,0,0,0,0,0,0,0,0,0
210033,2,1,1992,0,0,0,0,0,0,0,0,0,0
210034,0,1,1992,0,0,0,0,0,0,0,0,0,0
210034,1,1,1992,0,0,0,0,0,0,0,0,0,0
210034,2,1,1992,0,0,0,0,0,0,0,0,0,0
210035,1,1,1992,0,0,0,0,0,0,0,0,0,0
210036,1,1,1992,0,0,0,0,0,0,0,0,0,0
210037,1,1,1992,20,20,20,20,20,20,20,20,20,20
210038,1,1,1992,20,20,20,20,20,20,20,20,20,20
210038,2,1,1992,0,0,0,0,0,0,0,0,0,0
210039,1,1,1992,0,0,0,0,0,0,0,0,0,0
210039,2,1,1992,0,0,0,0,0,0,0,0,0,0
210040,1,1,1992,0,0,0,0,0,0,0,0,0,0
210040,2,1,1992,2,2,2,2,2,2,2,2,2,2
210041,1,1,1992,0,0,0,0,0,0,0,0,0,0
210041,2,1,1992,0,0,0,0,0,0,0,0,0,0
210042,1,1,1992,0,0,0,0,0,0,0,0,0,0
210042,2,1,1992,0,0,0,0,0,0,0,0,0,0
210043,1,1,1992,0,0,0,0,0,0,0,0,0,0
210043,2,1,1992,0,0,0,0,0,0,0,0,0,0
210044,1,1,1992,28,9,23,0,20,17,21,23,16,13
210045,1,1,1992,24,24,24,24,24,24,24,24,24,24
210045,2,1,1992,0,9,0,0,0,0,0,0,0,0
210046,1,1,1992,0,0,0,0,0,0,0,0,0,0
210047,1,1,1992,6,6,6,6,6,6,6,6,6,6
210048,1,1,1992,19,19,19,19,19,19,19,19,19,19
210049,1,1,1992,0,0,0,0,0,0,0,0,0,0
210050,0,1,1992,0,0,6,0,16,12,0,0,0,23
210050,1,1,1992,0,0,0,0,0,0,0,0,0,0
210051,1,1,1992,0,0,0,0,0,0,0,0,0,0
210051,2,1,1992,0,0,0,0,0,0,0,0,0,0
210052,1,1,1992,0,0,0,0,0,0,0,0,0,0
210052,2,1,1992,0,0,0,0,0,0,0,0,0,0
210053,1,1,1992,15,15,15,15,15,15,15,15,15,15
210054,1,1,1992,24,10,24,41,23,20,30,19,21,30
210054,2,1,1992,0,0,0,0,0,0,0,0,0,0
210055,0,1,1992,16,0,0,0,17,0,0,22,0,0
210055,1,1,1992,0,0,0,0,0,0,0,0,0,0
210056,1,1,1992,0,0,0,0,0,0,0,0,0,0
210056,2,1,1992,0,0,0,0,0,0,0,0,0,0
210056,3,1,1992,0,0,0,0,0,0,0,0,0,0
210057,0,1,1992,0,0,0,0,0,0,0,0,0,0
210057,1,1,1992,0,0,15,0,0,0,0,0,0,0
210058,0,1,1992,0,0,0,0,0,0,0,0,0,0
210058,1,1,1992,0,0,0,13,22,0,18,0,0,0
210059,1,1,1992,0,0,0,0,0,0,0,0,0,0
210059,2,1,1992,0,0,0,0,0,0,0,0,16,0
210060,1,1,1992,32,32,32,32,32,32,32,32,32,32
210061,1,1,1992,0,0,0,0,0,0,0,0,0,0
210061,2,1,1992,0,0,0,0,0,0,0,0,0,0
210062,1,1,1992,0,0,0,0,0,0,0,0,0,0
210063,1,1,1992,0,0,11,0,0,0,0,0,0,0
210064,1,1,1992,0,0,0,0,0,0,0,0,0,0
210064,2,1,1992,0,0,0,0,0,0,0,0,0,0
210065,1,1,1992,0,0,0,0,0,0,0,0,0,9
210065,2,1,1992,0,0,0,0,0,0,0,0,0,0
210066,0,1,1992,0,0,0,0,0,0,0,0,0,0
210066,1,1,1992,0,0,0,0,0,0,0,0,0,0
210067,1,1,1992,0,0,0,0,0,0,0,0,0,0
210067,2,1,1992,0,0,0,0,0,0,9,0,0,0
210068,1,1,1992,0,0,0,0,0,0,0,0,0,0
210069,1,1,1992,8,0,0,0,0,0,6,0,0,13
210070,1,1,1992,0,0,0,0,0,0,0,0,0,0
210071,1,1,1992,0,0,0,0,0,0,0,0,0,0
210071,2,1,1992,0,0,0,0,0,0,0,0,0,0
210072,1,1,1992,12,12,12,12,12,12,12,12,12,12
210073,1,1,1992,16,16,16,16,16,16,16,16,16,16
210074,0,1,1992,0,0,0,0,0,0,0,0,0,0
210074,1,1,1992,0,0,0,0,0,0,0,0,0,0
210075,1,1,1992,0,22,22,19,29,31,17,21,21,42
210076,1,1,1992,0,0,0,15,0,0,0,0,6,0
210078,0,1,1992,26,26,26,26,26,26,26,26,26,26
210078,1,1,1992,8,8,8,8,8,8,8,8,8,8
210079,0,1,1992,0,0,0,0,9,36,0,8,13,15
210079,1,1,1992,0,0,0,0,0,0,0,0,0,0
210080,1,1,1992,1,1,1,1,1,1,1,1,1,1
210080,2,1,1992,0,0,0,0,0,0,0,0,27,0
210081,1,1,1992,0,0,0,0,0,0,0,0,0,0
210081,2,1,1992,0,0,0,0,0,0,0,0,0,0
210082,1,1,1992,0,0,0,0,0,0,0,0,0,0
210082,2,1,1992,0,0,0,0,0,0,0,0,0,0
210083,1,1,1992,0,0,0,0,0,0,0,0,0,0
210083,2,1,1992,0,0,0,0,0,0,0,0,0,0
210084,1,1,1992,0,0,0,0,0,0,0,0,0,0
210085,1,1,1992,10,10,10,10,10,10,10,10,10,10
210086,1,1,1992,13,12,26,6,4,10,16,10,27,8
210087,1,1,1992,25,25,25,25,25,25,25,25,25,25
210087,2,1,1992,0,0,0,0,0,0,0,0,0,0
210088,0,1,1992,27,27,27,27,27,27,27,27,27,27
210088,1,1,1992,0,0,0,0,0,0,0,5,0,0
210088,2,1,1992,0,0,0,0,0,0,15,0,21,0
210089,1,1,1992,20,20,20,20,20,20,20,20,20,20
210090,1,1,1992,0,0,0,0,0,0,0,0,0,0
210091,1,1,1992,0,0,0,0,0,0,0,0,0,0
210091,2,1,1992,0,0,0,0,0,0,0,0,0,0
210092,0,1,1992,11,0,16,37,23,8,0,0,0,24
210092,1,1,1992,0,0,0,0,0,0,18,0,0,0
210093,1,1,1992,0,0,0,0,0,0,0,0,0,0
210093,2,1,1992,0,0,0,0,0,0,0,0,0,0
210094,1,1,1992,18,18,18,18,18,18,18,18,18,18
210095,1,1,1992,0,0,0,0,0,0,0,0,0,0
210096,1,1,1992,0,0,0,0,0,0,0,0,0,0
210096,2,1,1992,0,0,0,0,0,0,0,0,0,0
210098,0,1,1992,22,22,22,22,22,22,22,22,22,22
210098,1,1,1992,10,10,10,10,10,10,10,10,10,10
210100,0,1,1992,0,0,0,0,0,0,0,0,0,0
210100,0,2,1992,0,0,0,0,0,0,0,0,0,0
210100,1,1,1992,0,0,0,0,0,0,20,0,0,0
210101,1,1,1992,0,0,0,0,0,0,0,0,0,0
210101,2,1,1992,0,0,0,0,0,0,0,0,0,0
210102,1,1,1992,0,0,0,0,0,0,0,0,0,0
210102,2,1,1992,0,0,0,0,0,0,0,0,0,0
210103,1,1,1992,23,23,23,23,23,23,23,23,23,23
210104,1,1,1992,0,0,0,0,0,0,0,0,0,0
210105,1,1,1992,0,0,0,0,0,0,0,0,0,0
210105,2,1,1992,0,0,0,0,0,0,0,0,0,0
210105,3,1,1992,0,0,0,0,0,0,0,0,0,0
210106,0,1,1992,36,36,36,36,36,36,36,36,36,36
210106,1,1,1992,0,0,0,0,13,0,0,0,4,17
210107,1,1,1992,2,2,2,2,2,2,2,2,2,2
210107,2,1,1992,0,0,0,0,0,0,0,0,0,0
210107,3,1,1992,0,0,0,0,0,0,0,0,0,0
210109,1,1,1992,0,0,0,0,0,0,0,0,0,0
210109,2,1,1992,0,0,0,0,0,0,0,0,0,0
210111,1,1,1992,0,0,0,0,0,0,0,0,0,0
210111,2,1,1992,0,0,0,0,0,0,0,0,0,0
210112,1,1,1992,0,0,0,0,0,0,0,0,0,0
210113,1,1,1992,0,0,0,0,0,0,0,0,0,0