ST_CASE,VEH_NO,PER_NO,YEAR,P1,P2,P3,P4,P5,P6,P7,P8,P9,P10
210114,1,1,1992,14,14,14,14,14,14,14,14,14,14
210115,1,1,1992,10,0,9,18,20,6,8,0,17,0
210115,2,1,1992,0,0,0,0,0,0,0,0,0,0
210116,1,1,1992,0,0,16,0,0,0,0,0,0,8
210117,1,1,1992,0,0,0,0,0,0,0,0,0,0
210117,2,1,1992,0,0,0,0,0,0,0,0,0,0
210118,0,1,1992,0,0,0,0,0,0,0,0,0,0
210118,1,1,1992,0,0,0,0,0,0,0,0,0,0
210119,1,1,1992,0,0,0,0,0,0,0,0,0,0
210120,1,1,1992,9,0,3,14,9,9,10,21,0,10
210121,1,1,1992,0,0,0,0,0,0,0,0,0,0
210121,2,1,1992,0,0,0,0,0,0,0,0,0,0
210122,1,1,1992,0,0,0,0,0,0,0,0,0,0
210123,0,1,1992,0,0,0,0,0,0,0,0,0,0
210123,1,1,1992,0,0,0,0,0,0,0,0,0,0
210124,1,1,1992,0,0,0,0,0,0,0,0,0,0
210125,1,1,1992,21,21,21,21,21,21,21,21,21,21
210126,0,1,1992,0,0,0,0,0,0,0,0,0,0
210126,1,1,1992,0,0,0,0,0,0,0,0,0,0
210127,1,1,1992,19,19,19,19,19,19,19,19,19,19
210128,0,1,1992,7,0,13,7,14,0,34,0,0,0
210128,1,1,1992,7,0,0,0,0,0,0,0,0,0
210129,1,1,1992,16,16,16,16,16,16,16,16,16,16
210130,1,1,1992,0,0,0,0,0,0,0,0,0,0
210132,0,1,1992,0,0,0,0,0,0,0,0,0,0
210132,1,1,1992,0,18,0,0,0,0,0,0,0,0
210133,1,1,1992,0,0,0,0,0,0,0,0,0,0
210134,0,1,1992,0,0,0,0,0,0,0,0,0,0
210134,1,1,1992,0,0,0,0,0,0,0,0,0,0
210135,1,1,1992,13,13,13,13,13,13,13,13,13,13
210136,1,1,1992,0,14,13,15,8,6,0,0,3,14
210137,1,1,1992,0,0,0,0,0,0,0,0,0,0
210138,1,1,1992,0,0,0,0,0,0,0,0,0,0
210138,2,1,1992,0,0,0,0,0,0,0,0,0,0
210139,1,1,1992,5,5,5,5,5,5,5,5,5,5
210139,2,1,1992,0,0,0,0,0,0,0,0,19,0
210140,1,1,1992,0,18,0,0,0,0,0,0,0,0
210142,1,1,1992,9,22,31,0,5,0,0,0,0,0
210143,1,1,1992,0,0,0,0,0,0,0,0,0,0
210145,1,1,1992,0,0,0,0,0,0,0,0,0,0
210152,1,1,1992,15,0,0,0,0,0,17,0,0,0
210153,1,1,1992,18,18,18,18,18,18,18,18,18,18
210154,1,1,1992,24,24,24,24,24,24,24,24,24,24
210155,1,1,1992,32,32,32,32,32,32,32,32,32,32
210156,1,1,1992,0,0,0,0,0,0,0,0,0,0
210159,1,1,1992,38,38,38,38,38,38,38,38,38,38
210160,1,1,1992,0,0,0,0,0,0,0,0,0,0
210160,2,1,1992,0,0,0,0,0,0,0,0,0,0
210160,3,1,1992,0,0,0,0,0,0,0,0,0,0
210161,1,1,1992,0,0,0,0,0,0,0,0,0,16
210161,2,1,1992,0,0,0,0,0,0,0,0,0,0
210162,1,1,1992,0,0,0,0,0,0,0,0,0,0
210162,2,1,1992,0,0,0,0,0,0,0,14,0,0
210163,1,1,1992,0,29,0,0,0,0,18,27,0,0
210163,2,1,1992,0,0,0,0,0,0,0,0,0,0
210164,1,1,1992,0,0,0,0,0,0,0,0,0,0
210164,2,1,1992,0,0,0,0,0,0,0,0,0,0
210165,0,1,1992,22,33,0,0,0,0,48,12,24,0
210165,1,1,1992,0,0,0,0,0,0,0,0,0,0
210166,1,1,1992,0,0,0,0,0,0,0,0,0,0
210166,2,1,1992,5,5,5,5,5,5,5,5,5,5
210167,1,1,1992,0,0,0,0,0,0,0,0,0,0
210167,2,1,1992,0,0,0,0,0,0,0,22,0,0
210168,1,1,1992,0,0,0,0,0,0,0,0,0,0
210168,2,1,1992,0,0,0,0,0,0,0,0,0,0
210169,1,1,1992,0,0,0,0,0,0,0,0,0,0
210169,2,1,1992,14,14,14,14,14,14,14,14,14,14
210169,3,1,1992,0,0,0,0,0,0,0,0,0,0
210170,1,1,1992,16,10,12,9,0,11,12,22,0,15
210171,1,1,1992,0,0,0,0,0,0,0,0,0,0
210172,1,1,1992,29,29,29,29,29,29,29,29,29,29
210172,2,1,1992,0,0,0,0,0,0,0,0,0,0
210173,0,1,1992,0,0,0,0,0,0,0,0,0,0
210173,1,1,1992,0,0,0,0,0,0,0,0,0,0
210174,1,1,1992,0,0,0,0,0,0,0,0,0,0
210174,2,1,1992,0,0,0,0,0,0,0,0,0,0
210175,1,1,1992,6,6,6,6,6,6,6,6,6,6
210176,1,1,1992,15,15,15,15,15,15,15,15,15,15
210177,1,1,1992,0,0,0,0,0,0,0,0,0,0
210177,2,1,1992,0,0,0,0,0,0,0,0,0,0
210177,3,1,1992,0,0,0,0,0,0,0,0,0,0
210178,1,1,1992,0,0,0,0,0,0,0,0,0,0
210179,0,1,1992,0,0,0,0,0,0,0,0,0,0
210179,1,1,1992,0,0,0,0,0,0,0,0,10,0
210180,1,1,1992,0,0,0,0,0,0,0,0,0,0
210181,1,1,1992,0,0,0,0,0,0,0,0,0,0
210181,2,1,1992,0,0,0,0,0,0,0,0,0,0
210181,3,1,1992,0,0,0,0,0,0,0,0,0,0
210182,1,1,1992,0,0,0,0,0,0,0,0,0,8
210183,1,1,1992,0,0,0,0,0,0,0,0,0,0
210183,2,1,1992,0,0,0,0,0,0,0,0,0,0
210184,1,1,1992,23,23,23,23,23,23,23,23,23,23
210185,1,1,1992,15,15,15,15,15,15,15,15,15,15
210186,1,1,1992,0,0,0,0,0,0,0,0,0,0
210187,0,1,1992,29,29,29,29,29,29,29,29,29,29
210187,1,1,1992,15,16,17,5,12,17,7,26,9,13
210188,1,1,1992,9,9,9,9,9,9,9,9,9,9
210189,1,1,1992,39,39,39,39,39,39,39,39,39,39
210190,0,1,1992,0,0,0,0,0,0,0,0,0,0
210190,1,1,1992,0,0,0,0,0,0,0,0,0,0
210191,1,1,1992,30,30,30,30,30,30,30,30,30,30
210191,2,1,1992,0,0,0,0,0,0,0,0,0,0
210192,1,1,1992,0,0,0,0,0,0,0,0,0,0
210193,1,1,1992,32,32,32,32,32,32,32,32,32,32
210194,1,1,1992,0,0,0,0,0,0,0,0,0,0
210195,1,1,1992,23,23,23,23,23,23,23,23,23,23
210196,1,1,1992,0,0,0,0,0,0,0,0,0,0
210196,2,1,1992,0,0,0,32,0,0,0,0,0,0
210197,1,1,1992,26,26,26,26,26,26,26,26,26,26
210197,2,1,1992,10,10,10,10,10,10,10,10,10,10
210198,1,1,1992,0,0,0,0,0,0,0,0,0,0
210198,2,1,1992,0,0,0,0,0,0,0,0,0,0
210199,1,1,1992,17,17,17,17,17,17,17,17,17,17
210199,2,1,1992,0,0,0,0,0,0,0,0,0,0
210200,1,1,1992,0,0,0,0,0,0,0,0,0,0
210200,2,1,1992,0,0,0,0,0,0,0,0,0,0
210201,1,1,1992,18,18,18,18,18,18,18,18,18,18
210202,1,1,1992,15,15,15,15,15,15,15,15,15,15
210202,2,1,1992,0,0,0,0,0,0,0,0,0,0
210203,1,1,1992,24,24,24,24,24,24,24,24,24,24
210204,1,1,1992,21,21,21,21,21,21,21,21,21,21
210205,1,1,1992,15,15,15,15,15,15,15,15,15,15
210206,1,1,1992,21,21,21,21,21,21,21,21,21,21
210207,0,1,1992,0,0,0,0,0,0,0,0,0,0
210207,1,1,1992,0,0,0,0,0,0,0,0,0,0
210209,1,1,1992,0,0,0,0,0,0,0,0,0,0
210210,1,1,1992,0,0,0,0,0,0,0,0,0,0
210210,2,1,1992,0,0,0,0,0,0,0,0,0,6
210211,1,1,1992,0,0,0,0,0,0,0,0,0,0
210211,2,1,1992,0,0,0,0,0,0,0,0,0,0
210212,1,1,1992,0,0,0,0,0,0,0,0,0,0
210212,2,1,1992,0,0,0,0,0,0,0,0,0,0
210213,1,1,1992,0,0,0,0,0,0,0,0,0,0
210213,2,1,1992,0,0,0,0,0,0,0,3,0,0
210213,3,1,1992,0,0,0,0,0,0,12,14,0,0
210214,1,1,1992,0,0,0,0,0,0,0,0,0,0
210214,2,1,1992,0,10,0,0,0,0,0,0,0,0
210214,3,1,1992,0,0,12,0,0,0,0,0,0,0
210215,1,1,1992,0,0,0,0,0,0,0,0,0,0
210215,2,1,1992,0,0,0,0,0,0,0,0,0,0
210216,1,1,1992,22,22,22,22,22,22,22,22,22,22
210217,1,1,1992,25,25,25,25,25,25,25,25,25,25
210218,1,1,1992,0,0,0,0,0,0,0,0,0,0
210218,2,1,1992,0,0,0,0,0,0,0,0,0,0
210220,0,1,1992,22,22,22,22,22,22,22,22,22,22
210220,1,1,1992,0,0,16,0,0,0,0,0,0,0
210221,1,1,1992,17,17,17,17,17,17,17,17,17,17
210222,1,1,1992,0,0,0,0,0,0,0,0,0,0
210223,1,1,1992,0,0,0,0,0,0,0,0,0,0
210223,2,1,1992,0,0,0,0,0,0,0,0,0,0
210223,3,1,1992,0,0,0,0,0,0,0,0,0,0
210224,1,1,1992,0,0,16,0,16,0,0,0,14,37
210224,2,1,1992,2,2,2,2,2,2,2,2,2,2
210225,1,1,1992,0,0,0,0,0,0,0,0,0,0
210225,2,1,1992,0,0,0,0,0,0,0,0,0,0
210225,3,1,1992,0,0,0,0,0,0,0,0,0,0
210226,1,1,1992,8,8,8,8,8,8,8,8,8,8
210227,1,1,1992,0,0,0,0,0,0,0,0,0,0
210227,2,1,1992,0,0,0,0,0,0,0,0,0,0
210228,1,1,1992,11,11,11,11,11,11,11,11,11,11
210228,2,1,1992,21,21,21,21,21,21,21,21,21,21
210228,3,1,1992,0,0,0,0,0,0,0,0,0,0
210229,1,1,1992,0,0,0,0,0,0,0,0,0,0
210229,2,1,1992,0,0,0,0,0,0,0,0,0,0
210229,3,1,1992,0,0,0,0,0,0,0,0,0,0
210230,0,1,1992,0,0,0,0,0,0,0,0,0,0
210230,0,2,1992,0,0,0,0,0,0,0,0,0,0
210230,1,1,1992,0,0,0,0,0,0,0,0,0,0
210231,1,1,1992,0,0,0,0,0,0,0,9,0,0
210232,1,1,1992,0,0,0,0,0,0,0,0,0,0
210232,2,1,1992,0,0,0,0,0,0,0,0,0,0
210233,1,1,1992,0,0,0,0,0,0,0,0,0,0
210234,1,1,1992,0,0,0,0,0,0,0,0,0,0
210234,2,1,1992,9,0,0,0,0,0,0,0,0,0
210235,1,1,1992,0,0,0,0,0,0,0,0,0,0
210236,1,1,1992,0,0,0,0,0,0,0,0,0,0
210236,2,1,1992,0,0,0,0,0,0,0,0,0,0
210236,3,1,1992,0,0,0,0,0,0,0,0,0,0
210236,4,1,1992,0,0,0,0,0,0,0,0,25,0
210236,5,1,1992,0,0,0,0,0,0,0,0,0,0
210236,6,1,1992,0,0,0,0,0,0,0,0,0,0
210236,7,1,1992,0,0,0,0,0,0,0,0,0,0
210236,8,1,1992,0,0,0,0,0,0,0,0,0,0
210236,9,1,1992,0,0,0,0,0,0,0,0,0,0
210237,1,1,1992,11,11,11,11,11,11,11,11,11,11
210238,1,1,1992,0,0,0,0,0,0,0,0,0,0
210239,1,1,1992,31,31,31,31,31,31,31,31,31,31
210240,1,1,1992,20,20,20,20,20,20,20,20,20,20
210241,1,1,1992,0,0,0,0,0,0,0,0,0,0
210241,2,1,1992,0,0,0,0,0,0,0,0,0,0
210242,1,1,1992,1,1,1,1,1,1,1,1,1,1
210243,1,1,1992,33,33,21,15,26,22,12,14,4,17
210244,1,1,1992,0,0,0,0,0,0,0,0,0,0
210245,1,1,1992,0,0,0,0,0,0,0,0,0,0
210246,0,1,1992,0,0,0,19,0,0,0,0,0,0
210246,1,1,1992,0,0,0,0,0,0,0,0,0,0
210247,0,1,1992,0,0,0,0,0,0,0,0,0,0
210247,1,1,1992,19,19,19,19,19,19,19,19,19,19
210248,1,1,1992,0,0,0,0,0,0,0,0,0,0
210248,2,1,1992,0,0,0,0,0,0,0,0,0,0
210249,1,1,1992,15,15,15,15,15,15,15,15,15,15
210249,2,1,1992,0,0,0,0,0,0,0,0,0,0
210250,1,1,1992,28,28,28,28,28,28,28,28,28,28
210250,2,1,1992,0,0,0,0,0,0,0,0,0,0
210251,1,1,1992,16,16,16,16,16,16,16,16,16,16
210251,2,1,1992,0,0,0,0,0,0,0,0,0,0
210252,1,1,1992,0,0,0,0,0,0,0,0,0,0
210252,2,1,1992,0,0,0,0,0,0,0,0,0,0
210254,1,1,1992,0,0,0,0,0,0,0,0,0,0
210255,1,1,1992,0,0,0,0,0,0,0,0,0,0
210255,2,1,1992,0,0,0,0,0,0,0,0,17,0
210257,1,1,1992,0,0,0,0,0,0,0,0,0,0
210257,2,1,1992,0,0,0,0,0,0,0,0,0,0
210257,3,1,1992,0,0,0,0,0,0,0,0,0,0
210257,4,1,1992,0,0,0,0,0,0,0,0,0,0
210258,1,1,1992,0,0,0,0,0,0,0,0,0,0
210258,2,1,1992,0,0,0,0,0,0,0,0,0,0
210259,1,1,1992,18,18,18,18,18,18,18,18,18,18
210260,1,1,1992,15,15,15,15,15,15,15,15,15,15
210261,1,1,1992,0,6,3,17,10,6,10,12,12,15
210262,1,1,1992,17,17,17,17,17,17,17,17,17,17
210263,0,1,1992,10,15,0,0,0,24,28,25,0,11
210263,1,1,1992,0,0,0,0,0,0,0,0,0,0
210264,1,1,1992,8,8,8,8,8,8,8,8,8,8
210265,1,1,1992,0,0,0,0,0,0,0,0,0,0
210266,1,1,1992,0,0,0,0,0,0,0,0,0,0
210267,1,1,1992,0,0,0,0,0,0,0,0,0,0
210267,2,1,1992,0,0,0,0,0,0,0,0,0,0
210268,1,1,1992,0,0,0,0,0,0,0,0,0,0
210268,2,1,1992,0,0,0,0,0,0,0,0,0,0
210269,1,1,1992,10,10,10,10,10,10,10,10,10,10
210270,1,1,1992,19,19,19,19,19,19,19,19,19,19
210271,1,1,1992,13,13,13,13,13,13,13,13,13,13
210272,1,1,1992,15,15,15,15,15,15,15,15,15,15
210273,1,1,1992,0,0,0,0,0,0,0,0,0,0
210274,1,1,1992,0,0,0,0,0,0,0,0,0,0
210274,2,1,1992,0,0,0,0,0,0,0,0,0,0
210274,3,1,1992,8,0,21,11,7,22,10,0,0,19
210274,4,1,1992,0,10,0,0,0,0,12,0,0,0
210275,1,1,1992,0,0,0,0,0,0,0,0,0,0
210276,1,1,1992,23,23,23,23,23,23,23,23,23,23
210277,1,1,1992,0,0,6,17,10,0,0,16,19,0
210278,1,1,1992,10,4,9,21,6,23,17,22,19,17
210279,1,1,1992,17,17,17,17,17,17,17,17,17,17
210279,2,1,1992,0,0,14,0,0,0,0,0,0,0
210280,1,1,1992,0,0,0,0,0,0,0,0,0,0
210280,2,1,1992,0,0,0,0,0,0,0,0,0,0
210281,1,1,1992,13,13,13,13,13,13,13,13,13,13
210282,0,1,1992,0,0,0,0,0,0,0,0,0,0
210282,1,1,1992,0,0,0,0,0,0,0,0,0,0
210283,1,1,1992,0,0,0,0,0,0,0,0,0,0
210283,2,1,1992,0,0,0,0,0,0,0,0,0,0
210284,1,1,1992,17,0,0,0,0,0,0,0,0,0
210284,2,1,1992,0,0,0,0,0,0,9,0,0,0
210286,1,1,1992,0,0,0,0,0,0,0,0,0,0
210286,2,1,1992,0,0,0,0,0,0,0,18,0,0
210287,1,1,1992,0,0,0,0,0,0,0,0,0,0
210287,2,1,1992,0,0,0,0,0,0,0,0,0,0
210288,1,1,1992,8,0,0,0,0,0,11,0,0,0
210289,1,1,1992,0,0,0,0,0,22,0,0,0,28
210290,1,1,1992,0,0,0,0,0,0,0,0,0,0
210291,1,1,1992,31,31,31,31,31,31,31,31,31,31
210292,1,1,1992,0,0,0,0,0,0,0,0,0,0
210292,2,1,1992,19,0,0,2,11,0,0,24,11,0
210293,0,1,1992,0,0,0,0,0,0,0,0,0,0
210293,1,1,1992,0,0,0,0,0,0,0,0,0,0
210294,1,1,1992,9,9,9,9,9,9,9,9,9,9
210294,2,1,1992,0,0,0,0,0,0,0,0,0,0
210295,1,1,1992,28,28,28,28,28,28,28,28,28,28
210296,1,1,1992,30,30,30,30,30,30,30,30,30,30
210297,1,1,1992,0,0,0,0,0,0,0,0,0,0
210298,0,1,1992,0,0,0,0,0,0,0,0,0,0
210298,1,1,1992,11,11,11,11,11,11,11,11,11,11
210299,1,1,1992,22,18,21,35,22,11,14,13,27,18
210300,1,1,1992,0,0,0,0,0,0,0,0,0,0
210300,2,1,1992,0,0,0,0,0,0,0,0,0,0
210301,1,1,1992,0,0,0,0,0,0,0,0,0,0
210301,2,1,1992,0,0,0,0,0,0,0,0,0,2
210301,3,1,1992,0,0,0,0,0,0,0,0,0,0
210301,4,1,1992,0,0,0,0,0,0,0,0,0,0
210302,1,1,1992,0,0,0,0,0,0,0,0,0,0
210303,1,1,1992,10,10,10,10,10,10,10,10,10,10
210304,1,1,1992,0,0,0,0,0,16,0,0,5,0
210305,1,1,1992,0,0,0,0,0,0,0,0,0,0
210306,1,1,1992,12,12,12,12,12,12,12,12,12,12
210306,2,1,1992,0,0,0,0,0,0,0,0,0,0
210307,1,1,1992,22,22,22,22,22,22,22,22,22,22
210308,1,1,1992,0,0,0,0,0,0,0,0,0,0
210309,1,1,1992,0,0,0,0,0,0,0,0,0,0
210309,2,1,1992,0,0,0,0,0,0,0,0,0,0
210310,0,1,1992,1,1,1,1,1,1,1,1,1,1
210310,1,1,1992,0,0,0,0,0,0,0,0,0,0
210311,1,1,1992,0,0,0,0,0,0,0,0,0,0
210311,2,1,1992,0,0,0,0,0,0,0,0,0,0
210312,1,1,1992,12,0,0,0,0,0,0,0,23,0
210312,2,1,1992,2,2,2,2,2,2,2,2,2,2
210313,1,1,1992,8,8,8,8,8,8,8,8,8,8
210313,2,1,1992,0,0,0,0,0,0,0,0,0,0
210314,1,1,1992,0,0,0,0,0,0,0,0,0,0
210315,1,1,1992,12,12,12,12,12,12,12,12,12,12
210315,2,1,1992,0,0,0,0,0,0,0,0,0,0
210316,1,1,1992,16,16,16,16,16,16,16,16,16,16
210317,1,1,1992,0,0,10,7,0,0,0,0,0,0
210317,2,1,1992,0,0,0,0,0,0,0,0,0,0
210318,0,1,1992,16,16,16,16,16,16,16,16,16,16
210318,1,1,1992,0,0,0,0,10,9,27,0,0,20
210319,1,1,1992,0,0,0,0,0,0,0,0,0,0
210319,2,1,1992,16,0,0,12,0,0,0,0,0,0
210320,1,1,1992,0,0,0,0,0,0,0,0,0,0
210321,1,1,1992,14,14,14,14,14,14,14,14,14,14
210322,1,1,1992,0,0,0,0,0,0,0,0,0,0
210322,2,1,1992,0,0,0,0,0,0,0,0,0,0
210323,1,1,1992,16,16,16,16,16,16,16,16,16,16
210323,2,1,1992,0,0,0,0,0,0,0,0,0,0
210324,1,1,1992,10,10,10,10,10,10,10,10,10,10
210325,1,1,1992,0,0,0,0,0,0,0,0,0,0
210325,2,1,1992,0,0,0,0,0,0,0,0,0,0
210326,1,1,1992,0,0,0,0,0,0,0,0,0,0
210327,1,1,1992,17,17,17,17,17,17,17,17,17,17
210329,1,1,1992,27,27,27,27,27,27,27,27,27,27
210330,1,1,1992,0,0,0,0,0,0,0,0,0,0
210330,2,1,1992,0,0,0,0,0,0,0,0,0,0
210331,1,1,1992,16,16,16,16,16,16,16,16,16,16
210331,2,1,1992,0,0,0,0,0,0,0,0,0,0
210332,1,1,1992,0,0,0,0,0,0,0,0,0,0
210332,2,1,1992,0,0,0,0,0,0,0,0,0,0
210333,1,1,1992,0,10,0,0,0,0,0,0,0,0
210336,0,1,1992,0,0,0,0,0,0,0,0,0,0
210336,0,2,1992,0,19,0,0,0,0,25,0,0,0
210336,1,1,1992,0,0,0,0,0,0,0,0,6,0
210337,1,1,1992,30,30,30,30,30,30,30,30,30,30
210337,2,1,1992,0,0,0,0,0,0,0,0,0,0
210338,1,1,1992,0,0,0,0,0,0,0,0,0,0
210339,1,1,1992,16,16,16,16,16,16,16,16,16,16
210340,1,1,1992,33,33,33,33,33,33,33,33,33,33
210341,0,1,1992,27,27,27,27,27,27,27,27,27,27
210341,1,1,1992,0,0,0,0,0,0,0,0,0,0
210341,2,1,1992,16,0,0,0,0,0,0,0,0,0
210342,1,1,1992,0,0,0,0,0,0,0,8,0,0
210342,2,1,1992,0,0,0,0,0,0,0,0,0,0
210343,1,1,1992,18,18,18,18,18,18,18,18,18,18
210344,1,1,1992,0,0,0,0,0,0,0,0,0,0
210344,2,1,1992,0,0,0,0,0,0,0,0,0,0
210345,1,1,1992,19,19,19,19,19,19,19,19,19,19
210346,1,1,1992,0,0,0,0,0,0,0,0,0,0
210346,2,1,1992,0,0,0,0,0,0,0,0,0,0
210347,0,1,1992,20,20,20,20,20,20,20,20,20,20
210347,1,1,1992,0,0,0,0,0,0,0,0,0,0
210348,1,1,1992,0,0,0,0,0,0,0,0,0,0
210349,0,1,1992,0,0,0,0,0,0,0,0,0,0
210349,1,1,1992,0,0,0,0,0,0,0,0,0,0
210350,1,1,1992,0,0,0,0,0,0,0,0,0,0
210351,1,1,1992,0,0,0,0,0,0,0,0,0,0
210351,2,1,1992,0,0,0,0,0,0,0,0,0,0
210353,1,1,1992,12,12,12,12,12,12,12,12,12,12
210354,1,1,1992,27,27,27,27,27,27,27,27,27,27
210355,0,1,1992,0,0,0,0,0,0,0,0,0,0
210355,1,1,1992,0,0,0,0,0,0,0,0,0,0
210356,1,1,1992,0,0,0,0,0,0,0,0,0,0
210356,2,1,1992,0,0,0,0,0,0,0,0,0,0
210357,1,1,1992,9,19,0,0,0,0,0,0,0,0
210357,2,1,1992,0,0,0,0,0,0,0,0,0,0
210358,1,1,1992,14,14,14,14,14,14,14,14,14,14
210360,1,1,1992,7,17,13,11,7,7,10,15,10,22
210361,1,1,1992,0,0,0,0,0,0,0,0,0,0
210361,2,1,1992,0,0,0,4,26,0,0,0,8,0
210362,1,1,1992,0,0,0,0,0,0,0,0,0,0
210363,1,1,1992,0,0,0,0,0,0,0,0,0,0
210363,2,1,1992,0,0,0,0,0,0,0,0,0,0
210365,1,1,1992,14,14,14,14,14,14,14,14,14,14
210366,1,1,1992,0,0,0,0,0,0,0,0,0,0
210366,2,1,1992,0,0,0,0,0,0,0,0,0,0
210367,1,1,1992,21,21,21,21,21,21,21,21,21,21
210368,0,1,1992,0,0,0,0,0,0,20,0,0,0
210368,1,1,1992,7,7,7,7,7,7,7,7,7,7
210370,1,1,1992,0,0,0,0,0,0,0,0,0,0
210371,1,1,1992,0,0,0,0,0,0,0,0,0,0
210371,2,1,1992,0,0,0,0,0,0,0,0,0,5
210372,1,1,1992,27,27,27,27,27,27,27,27,27,27
210373,1,1,1992,0,0,0,0,0,2,0,0,0,0
210374,1,1,1992,19,19,19,19,19,19,19,19,19,19
210375,1,1,1992,0,0,0,0,0,0,0,0,0,0
210376,1,1,1992,0,0,0,0,0,0,0,0,0,0
210376,2,1,1992,6,6,6,6,6,6,6,6,6,6
210377,1,1,1992,0,0,0,5,0,0,0,7,0,0
210377,2,1,1992,0,0,0,0,0,0,0,0,0,0
210377,3,1,1992,0,0,0,0,0,0,0,0,0,0
210378,0,1,1992,0,0,0,22,0,0,0,9,0,0
210378,1,1,1992,0,0,0,0,0,0,0,0,0,0
210379,1,1,1992,0,0,0,0,0,0,0,0,0,0
210379,2,1,1992,0,0,0,0,0,0,0,0,0,0
210380,1,1,1992,0,0,0,0,0,0,0,0,0,0
210380,2,1,1992,0,0,0,0,6,0,0,0,0,0
210381,0,1,1992,0,0,0,0,0,0,0,0,0,0
210381,0,2,1992,0,0,0,22,0,26,0,9,0,0
210381,1,1,1992,0,0,0,0,0,0,0,0,0,0
210382,1,1,1992,0,0,0,0,0,0,0,0,0,0
210382,2,1,1992,0,0,0,0,0,0,0,0,0,0
210382,3,1,1992,0,0,0,0,0,0,0,0,0,0
210382,4,1,1992,0,0,0,0,0,0,0,0,0,0
210383,1,1,1992,6,6,6,6,6,6,6,6,6,6
210384,1,1,1992,30,30,30,30,30,30,30,30,30,30
210385,1,1,1992,0,0,0,0,0,0,0,0,0,0
210385,2,1,1992,0,0,0,0,0,0,0,0,0,0
210386,1,1,1992,32,32,32,32,32,32,32,32,32,32
210386,2,1,1992,0,0,0,0,0,0,0,0,0,0
210387,1,1,1992,5,5,5,5,5,5,5,5,5,5
210388,1,1,1992,18,18,18,18,18,18,18,18,18,18
210389,1,1,1992,0,0,0,0,0,0,0,0,0,0
210389,2,1,1992,0,0,0,0,0,0,0,0,0,0
210390,1,1,1992,0,0,0,0,0,0,0,0,0,0
210390,2,1,1992,0,0,0,0,0,0,0,0,0,0
210391,2,1,1992,0,0,0,0,0,0,0,0,0,0
210392,1,1,1992,0,0,9,0,0,0,0,0,0,0
210392,2,1,1992,29,29,29,29,29,29,29,29,29,29
210393,1,1,1992,0,0,0,0,0,0,0,0,0,0
210393,2,1,1992,0,0,0,0,0,0,0,0,0,0
210394,1,1,1992,0,0,0,0,0,0,0,0,0,15
210394,2,1,1992,0,0,0,0,0,8,0,0,0,0
210395,0,1,1992,18,18,18,18,18,18,18,18,18,18
210395,1,1,1992,0,0,0,0,0,0,23,0,19,0
210396,1,1,1992,0,0,0,0,0,0,0,0,0,0
210397,1,1,1992,0,0,0,0,0,0,0,0,0,0
210397,2,1,1992,0,0,0,0,0,0,0,0,0,0
210397,3,1,1992,0,0,0,0,0,0,0,0,0,0
210398,0,1,1992,0,0,17,33,30,0,0,22,0,26
210398,1,1,1992,0,0,0,0,0,0,0,0,0,2
210399,1,1,1992,0,0,0,0,0,0,0,0,0,0
210399,2,1,1992,0,0,0,0,0,0,0,0,0,0
210400,1,1,1992,0,0,0,0,0,0,0,0,0,0
210401,1,1,1992,0,0,0,15,0,0,15,0,0,0
210402,1,1,1992,0,0,0,0,0,0,0,0,0,0
210403,0,1,1992,0,19,0,0,10,23,0,0,0,0
210403,0,2,1992,0,0,0,0,0,0,0,0,0,0
210403,0,3,1992,0,0,0,0,0,0,0,0,0,0
210403,1,1,1992,0,0,0,0,0,0,0,0,0,0
210404,1,1,1992,14,14,14,14,14,14,14,14,14,14
210405,1,1,1992,0,0,29,0,13,0,0,0,0,0
210406,0,1,1992,0,0,0,0,0,0,0,0,0,0
210406,1,1,1992,0,0,0,0,0,0,0,0,0,0
210407,1,1,1992,19,19,19,19,19,19,19,19,19,19
210408,1,1,1992,0,0,0,0,0,0,0,0,0,0
210409,1,1,1992,0,0,0,0,0,0,0,0,0,0
210409,2,1,1992,0,0,0,0,0,0,0,0,0,0
210411,1,1,1992,25,25,25,25,25,25,25,25,25,25
210412,1,1,1992,0,0,0,0,0,0,0,0,0,0
210413,1,1,1992,0,0,0,0,0,0,0,0,0,0
210414,0,1,1992,21,12,14,0,14,20,14,24,32,20
210414,1,1,1992,10,16,2,5,12,21,12,29,19,21
210415,1,1,1992,0,0,0,0,0,0,0,0,0,0
210416,1,1,1992,0,0,0,0,0,0,0,0,0,0
210416,2,1,1992,0,0,0,0,0,0,0,0,0,0
210416,3,1,1992,0,0,0,0,0,0,0,0,0,0
210416,4,1,1992,0,0,0,0,0,0,0,0,0,0
210417,1,1,1992,0,0,0,0,12,0,0,0,0,0
210417,2,1,1992,0,0,0,0,0,0,0,0,0,0
210418,1,1,1992,0,6,14,0,0,0,0,0,0,0
210419,1,1,1992,22,20,25,14,23,21,40,19,31,25