ST_CASE,VEH_NO,PER_NO,YEAR,P1,P2,P3,P4,P5,P6,P7,P8,P9,P10
210420,1,1,1992,12,12,12,12,12,12,12,12,12,12
210421,1,1,1992,0,0,0,0,0,0,0,0,0,0
210422,0,1,1992,0,0,0,0,0,0,0,0,0,0
210422,1,1,1992,0,0,0,0,0,0,0,0,0,0
210423,1,1,1992,0,0,0,0,0,0,0,0,0,0
210424,1,1,1992,0,0,0,0,0,0,0,0,0,0
210425,0,1,1992,0,0,0,0,0,0,0,0,0,4
210425,1,1,1992,0,0,0,15,0,0,0,0,0,0
210426,0,1,1992,0,0,0,0,0,0,0,0,0,0
210426,1,1,1992,0,0,0,0,0,0,0,0,0,0
210427,1,1,1992,0,0,0,0,0,0,0,0,0,0
210427,2,1,1992,0,0,0,0,0,0,0,0,0,0
210428,1,1,1992,6,6,6,6,6,6,6,6,6,6
210429,1,1,1992,20,20,20,20,20,20,20,20,20,20
210430,0,1,1992,0,0,0,0,0,0,0,0,0,0
210430,1,1,1992,0,0,0,15,0,0,0,0,0,0
210432,1,1,1992,29,29,29,29,29,29,29,29,29,29
210433,1,1,1992,0,0,0,0,0,0,0,0,0,0
210433,2,1,1992,0,0,0,0,17,0,0,0,0,0
210434,1,1,1992,12,12,12,12,12,12,12,12,12,12
210435,1,1,1992,0,0,0,0,0,0,0,0,0,0
210435,2,1,1992,0,0,0,0,0,0,0,0,0,0
210436,1,1,1992,0,0,0,0,0,0,0,0,0,0
210436,2,1,1992,0,0,0,0,0,0,0,0,0,0
210437,1,1,1992,17,17,17,17,17,17,17,17,17,17
210438,1,1,1992,0,0,0,0,0,0,0,0,0,0
210438,2,1,1992,0,0,0,0,0,0,0,0,0,0
210438,3,1,1992,0,0,0,0,0,0,0,0,0,0
210438,4,1,1992,0,0,0,0,0,0,0,0,0,0
210439,1,1,1992,0,0,0,0,0,0,0,0,0,0
210439,2,1,1992,0,0,0,0,0,0,0,0,0,0
210440,0,1,1992,24,24,24,24,24,24,24,24,24,24
210440,1,1,1992,0,0,0,0,0,0,0,0,0,0
210441,1,1,1992,12,12,12,12,12,12,12,12,12,12
210441,2,1,1992,0,0,0,0,0,0,0,0,0,0
210442,1,1,1992,1,1,1,1,1,1,1,1,1,1
210443,1,1,1992,0,0,0,0,0,0,0,0,0,0
210444,0,1,1992,0,0,0,0,0,0,0,0,0,0
210444,1,1,1992,0,0,0,0,0,0,0,0,0,0
210445,1,1,1992,19,19,19,19,19,19,19,19,19,19
210445,2,1,1992,0,0,0,0,0,0,0,0,0,0
210446,1,1,1992,0,0,0,0,0,0,0,0,0,0
210447,1,1,1992,21,17,9,8,18,9,15,25,24,28
210448,1,1,1992,0,0,22,0,0,0,0,0,0,0
210449,1,1,1992,0,0,0,0,0,0,0,0,0,0
210449,2,1,1992,0,0,0,0,0,0,0,0,0,0
210450,1,1,1992,21,21,21,21,21,21,21,21,21,21
210451,0,1,1992,0,0,0,0,0,0,0,0,0,0
210451,1,1,1992,0,0,0,0,0,0,0,0,0,0
210452,1,1,1992,0,0,0,0,0,0,0,0,0,0
210452,2,1,1992,0,0,0,0,0,0,0,0,0,0
210453,1,1,1992,13,16,0,32,21,10,36,13,28,22
210454,1,1,1992,21,21,21,21,21,21,21,21,21,21
210454,2,1,1992,0,0,0,0,0,0,0,0,0,0
210455,1,1,1992,0,0,0,0,0,0,0,0,0,0
210455,2,1,1992,0,0,0,0,0,0,0,0,0,0
210456,1,1,1992,29,29,29,29,29,29,29,29,29,29
210456,2,1,1992,0,0,0,0,0,0,0,0,0,0
210457,0,1,1992,23,23,23,23,23,23,23,23,23,23
210457,1,1,1992,0,0,0,0,0,0,0,0,0,0
210458,1,1,1992,12,12,12,12,12,12,12,12,12,12
210458,2,1,1992,1,1,1,1,1,1,1,1,1,1
210459,1,1,1992,0,0,0,0,0,0,0,0,0,0
210460,1,1,1992,33,33,33,33,33,33,33,33,33,33
210460,2,1,1992,0,0,0,0,0,0,0,0,0,0
210461,1,1,1992,33,33,33,33,33,33,33,33,33,33
210462,1,1,1992,0,0,0,0,0,0,0,0,0,0
210462,2,1,1992,0,0,0,0,0,0,0,0,0,0
210463,1,1,1992,1,1,1,1,1,1,1,1,1,1
210464,1,1,1992,0,0,0,0,0,0,0,0,0,0
210464,2,1,1992,0,0,0,0,0,0,0,0,0,0
210465,1,1,1992,18,18,18,18,18,18,18,18,18,18
210466,1,1,1992,0,0,0,0,0,0,0,0,0,0
210466,2,1,1992,0,0,0,0,0,0,0,0,0,0
210466,3,1,1992,0,0,0,0,0,0,0,0,0,0
210467,1,1,1992,10,0,0,0,0,0,0,0,0,0
210468,1,1,1992,2,2,2,2,2,2,2,2,2,2
210469,1,1,1992,0,0,0,0,0,0,0,0,0,0
210469,2,1,1992,0,0,0,0,0,0,0,0,0,0
210470,1,1,1992,0,0,0,0,0,0,0,0,0,0
210471,1,1,1992,0,0,0,0,0,0,0,0,4,0
210471,2,1,1992,0,15,0,0,0,0,0,0,0,0
210472,1,1,1992,0,0,0,0,0,0,0,0,0,0
210472,2,1,1992,0,0,0,0,0,0,0,0,0,0
210473,1,1,1992,0,0,0,0,0,0,0,0,0,0
210474,1,1,1992,6,10,11,0,10,15,8,14,0,18
210475,1,1,1992,0,0,0,0,0,0,0,0,0,0
210476,1,1,1992,20,18,13,6,17,23,23,13,23,11
210477,1,1,1992,0,0,0,0,0,0,0,0,0,0
210478,1,1,1992,0,0,0,0,0,0,0,0,0,0
210479,0,1,1992,32,0,0,12,0,20,0,0,0,31
210479,1,1,1992,0,0,0,0,0,0,0,0,0,0
210480,1,1,1992,32,32,32,32,32,32,32,32,32,32
210481,0,1,1992,0,0,0,0,0,0,0,0,0,0
210481,1,1,1992,0,0,0,0,0,0,0,0,0,0
210482,1,1,1992,12,12,12,12,12,12,12,12,12,12
210482,2,1,1992,0,0,0,0,0,0,0,0,0,0
210483,1,1,1992,9,9,9,9,9,9,9,9,9,9
210484,1,1,1992,0,0,0,0,0,0,0,0,0,0
210484,2,1,1992,1,1,1,1,1,1,1,1,1,1
210485,1,1,1992,0,0,15,0,0,0,0,0,0,0
210485,2,1,1992,0,0,0,0,0,0,0,0,0,0
210486,1,1,1992,5,0,0,0,0,23,0,0,0,0
210487,1,1,1992,1,1,1,1,1,1,1,1,1,1
210487,2,1,1992,0,0,0,0,0,0,0,0,0,0
210488,1,1,1992,0,0,0,0,0,0,0,21,0,0
210488,2,1,1992,0,0,15,0,0,0,0,0,0,0
210490,1,1,1992,0,0,0,0,0,0,0,19,0,0
210491,1,1,1992,8,8,8,8,8,8,8,8,8,8
210491,2,1,1992,3,3,3,3,3,3,3,3,3,3
210492,1,1,1992,23,23,23,23,23,23,23,23,23,23
210493,1,1,1992,17,17,17,17,17,17,17,17,17,17
210493,2,1,1992,11,15,9,21,15,4,7,8,11,13
210494,1,1,1992,0,0,0,0,0,0,0,0,0,0
210494,2,1,1992,0,15,17,15,25,12,21,12,0,0
210495,1,1,1992,0,0,0,0,0,0,0,0,0,0
210495,2,1,1992,0,0,0,0,0,5,0,0,0,0
210496,1,1,1992,9,9,9,9,9,9,9,9,9,9
210497,1,1,1992,0,0,0,0,0,0,0,0,0,0
210497,2,1,1992,0,0,0,0,0,0,0,0,0,0
210498,1,1,1992,0,0,0,0,0,0,0,0,0,0
210499,1,1,1992,23,23,23,23,23,23,23,23,23,23
210500,1,1,1992,0,0,0,0,0,0,0,14,0,9
210501,1,1,1992,0,0,0,0,0,0,0,0,0,0
210501,2,1,1992,0,0,0,0,0,0,0,0,0,0
210502,1,1,1992,34,34,34,34,34,34,34,34,34,34
210503,1,1,1992,0,0,0,0,0,0,0,0,0,0
210503,2,1,1992,0,0,0,0,0,0,0,0,0,0
210504,1,1,1992,0,0,0,0,0,0,0,0,0,0
210505,1,1,1992,7,20,9,15,15,16,21,13,15,0
210506,0,1,1992,28,0,0,0,0,26,0,0,28,0
210506,1,1,1992,0,0,0,0,0,0,0,0,0,0
210507,1,1,1992,22,22,22,22,22,22,22,22,22,22
210508,1,1,1992,28,28,28,28,28,28,28,28,28,28
210509,1,1,1992,0,0,0,0,0,0,0,0,0,0
210509,2,1,1992,0,0,0,11,16,0,0,0,0,0
210510,1,1,1992,39,39,39,39,39,39,39,39,39,39
210511,0,1,1992,21,4,10,34,15,0,0,23,20,0
210511,1,1,1992,7,7,7,7,7,7,7,7,7,7
210511,2,1,1992,0,0,0,0,0,0,0,0,0,0
210512,1,1,1992,0,0,0,0,0,0,0,0,0,0
210512,2,1,1992,0,0,0,0,0,0,0,0,0,0
210513,0,1,1992,0,13,41,20,0,0,0,0,6,10
210513,1,1,1992,0,0,0,0,0,0,0,0,0,0
210514,1,1,1992,0,0,0,0,0,0,0,0,0,0
210515,1,1,1992,0,33,26,0,0,0,0,0,0,0
210515,2,1,1992,0,0,0,0,0,0,0,0,0,0
210516,1,1,1992,27,27,27,27,27,27,27,27,27,27
210517,1,1,1992,10,10,10,10,10,10,10,10,10,10
210518,1,1,1992,0,0,0,0,0,0,0,0,0,0
210518,2,1,1992,0,0,0,0,0,0,0,0,0,0
210519,1,1,1992,18,18,18,18,18,18,18,18,18,18
210520,1,1,1992,0,0,0,0,0,0,0,0,0,0
210520,2,1,1992,0,0,0,0,0,0,0,0,0,0
210521,1,1,1992,0,0,0,0,0,0,0,0,0,0
210521,2,1,1992,0,0,0,0,0,0,0,0,0,0
210522,1,1,1992,15,15,0,14,0,16,10,0,0,0
210523,1,1,1992,0,0,0,0,0,0,0,0,0,0
210523,2,1,1992,0,0,0,0,0,0,0,0,0,0
210524,1,1,1992,0,0,0,0,0,0,0,0,0,0
210524,2,1,1992,0,0,0,0,0,0,0,0,0,0
210525,1,1,1992,11,11,11,11,11,11,11,11,11,11
210526,1,1,1992,0,0,0,0,0,25,30,0,0,0
210527,1,1,1992,0,0,0,0,0,0,0,0,0,0
210527,2,1,1992,0,0,0,0,0,0,0,0,0,0
210527,3,1,1992,0,0,0,0,0,0,0,0,0,0
210527,4,1,1992,0,0,0,0,0,0,0,0,0,0
210528,1,1,1992,23,25,27,17,23,27,25,23,0,10
210529,1,1,1992,0,0,0,0,0,0,0,0,0,0
210529,2,1,1992,0,0,20,17,0,10,0,0,0,0
210530,1,1,1992,0,0,0,0,0,0,0,0,0,0
210531,1,1,1992,0,0,0,0,0,0,0,0,0,0
210531,2,1,1992,0,0,0,0,0,0,0,0,0,0
210531,3,1,1992,0,0,0,0,0,0,0,0,0,0
210532,1,1,1992,0,0,0,0,0,0,0,0,0,0
210532,2,1,1992,0,0,0,0,0,0,0,0,0,0
210533,1,1,1992,0,0,0,0,0,0,0,0,0,0
210533,2,1,1992,0,0,0,0,0,0,0,0,0,0
210534,1,1,1992,0,0,0,0,0,0,0,0,0,0
210535,1,1,1992,20,8,11,12,13,9,11,14,13,11
210536,1,1,1992,26,26,26,26,26,26,26,26,26,26
210536,2,1,1992,0,0,0,0,0,0,0,0,0,0
210537,1,1,1992,1,1,1,1,1,1,1,1,1,1
210537,2,1,1992,0,0,0,0,0,0,14,0,0,0
210538,1,1,1992,0,0,0,0,0,0,0,0,0,0
210538,2,1,1992,0,0,0,0,0,0,0,0,0,0
210538,3,1,1992,0,0,0,0,0,0,0,0,0,0
210539,1,1,1992,16,12,14,11,11,12,6,28,14,27
210539,2,1,1992,0,0,0,0,0,0,0,0,0,0
210540,1,1,1992,17,17,17,17,17,17,17,17,17,17
210540,2,1,1992,4,4,4,4,4,4,4,4,4,4
210541,1,1,1992,0,0,0,0,0,0,0,0,0,0
210542,1,1,1992,0,0,0,0,8,0,0,0,0,0
210543,1,1,1992,0,0,0,0,0,0,0,0,0,0
210543,2,1,1992,0,0,0,0,0,0,0,0,0,0
210544,1,1,1992,0,0,0,0,0,0,0,0,0,0
210544,2,1,1992,0,0,0,0,0,0,0,0,0,0
210545,1,1,1992,11,7,0,0,0,0,14,0,13,8
210545,2,1,1992,0,0,0,0,0,0,0,0,0,0
210546,1,1,1992,0,0,0,0,0,0,0,0,0,0
210547,1,1,1992,0,11,0,0,0,0,0,0,0,0
210547,2,1,1992,0,0,0,0,0,0,16,0,0,0
210548,1,1,1992,0,0,0,0,0,0,0,0,0,0
210549,1,1,1992,0,0,0,0,20,0,0,0,0,0
210550,1,1,1992,0,0,0,0,0,0,0,0,0,0
210550,2,1,1992,0,0,13,0,0,0,0,0,0,0
210551,1,1,1992,0,11,0,0,0,24,0,0,16,14
210552,1,1,1992,0,0,0,28,10,0,0,0,5,0
210553,1,1,1992,0,0,0,0,0,0,0,0,0,0
210554,1,1,1992,0,0,0,0,0,0,0,0,0,0
210554,2,1,1992,0,0,0,0,0,0,0,0,0,0
210556,1,1,1992,23,23,23,23,23,23,23,23,23,23
210557,1,1,1992,0,0,0,0,0,0,0,0,0,0
210557,2,1,1992,0,0,0,0,0,0,0,0,0,0
210558,1,1,1992,0,0,0,9,0,0,8,0,0,0
210558,2,1,1992,0,0,0,12,0,0,0,0,0,0
210559,1,1,1992,1,1,1,1,1,1,1,1,1,1
210560,1,1,1992,8,8,8,8,8,8,8,8,8,8
210561,1,1,1992,0,0,0,0,0,0,0,0,0,0
210561,2,1,1992,0,0,0,0,0,0,0,0,0,0
210562,1,1,1992,21,21,21,21,21,21,21,21,21,21
210563,0,1,1992,0,15,0,9,0,0,0,0,0,0
210563,1,1,1992,0,0,0,0,0,0,0,0,0,0
210564,1,1,1992,0,0,0,0,0,0,0,0,0,0
210564,2,1,1992,0,0,0,0,0,0,0,0,0,0
210564,3,1,1992,0,0,0,0,0,0,0,0,0,0
210565,1,1,1992,18,18,18,18,18,18,18,18,18,18
210566,1,1,1992,0,0,0,0,0,0,0,0,0,0
210567,1,1,1992,0,0,0,0,0,0,0,0,0,0
210567,2,1,1992,0,0,0,0,0,0,0,0,0,0
210568,1,1,1992,11,11,11,11,11,11,11,11,11,11
210568,2,1,1992,0,0,0,0,0,0,0,0,0,0
210569,1,1,1992,0,0,0,0,0,0,0,0,0,0
210569,2,1,1992,0,0,0,0,0,13,0,0,0,0
210570,1,1,1992,0,0,0,17,24,0,0,0,0,0
210571,1,1,1992,20,20,20,20,20,20,20,20,20,20
210573,0,1,1992,0,0,0,0,0,0,0,0,0,0
210573,1,1,1992,0,0,0,0,0,0,0,0,0,0
210574,1,1,1992,0,0,0,0,0,0,0,0,0,0
210575,1,1,1992,16,16,16,16,16,16,16,16,16,16
210576,0,1,1992,0,0,0,0,16,0,41,0,0,0
210576,1,1,1992,0,0,0,0,0,0,0,0,0,0
210577,1,1,1992,0,0,0,0,0,0,0,0,0,0
210578,1,1,1992,16,16,16,16,16,16,16,16,16,16
210579,1,1,1992,0,0,0,0,0,0,0,0,0,0
210580,1,1,1992,13,13,13,13,13,13,13,13,13,13
210581,2,1,1992,0,0,0,0,0,0,0,19,0,0
210582,1,1,1992,19,19,19,19,19,19,19,19,19,19
210583,1,1,1992,0,0,0,0,0,0,0,7,0,0
210584,1,1,1992,0,0,0,0,2,0,0,0,0,0
210584,2,1,1992,0,0,19,0,0,0,0,0,0,0
210585,1,1,1992,14,16,0,22,0,0,25,17,5,0
210587,1,1,1992,0,0,0,0,0,0,0,0,0,0
210587,2,1,1992,0,0,0,0,0,0,0,0,0,0
210588,1,1,1992,0,0,9,0,0,23,0,7,12,0
210589,1,1,1992,0,10,0,0,0,0,0,0,0,0
210590,1,1,1992,0,0,0,0,0,0,0,0,0,0
210590,2,1,1992,0,0,0,0,0,0,9,0,0,0
210591,1,1,1992,0,0,0,0,12,0,0,0,6,0
210592,1,1,1992,21,21,21,21,21,21,21,21,21,21
210593,1,1,1992,0,0,16,9,31,8,22,0,19,0
210594,1,1,1992,15,15,15,15,15,15,15,15,15,15
210595,0,1,1992,0,22,0,10,0,0,0,15,46,0
210595,1,1,1992,0,0,0,0,0,0,0,0,0,0
210596,0,1,1992,0,0,0,11,0,17,26,0,0,0
210596,1,1,1992,0,0,0,0,0,0,0,0,0,0
210597,1,1,1992,0,0,0,0,0,0,11,0,0,0
210597,2,1,1992,0,0,0,0,0,0,0,0,0,0
210598,1,1,1992,16,16,16,16,16,16,16,16,16,16
210598,2,1,1992,0,0,0,0,0,0,0,0,0,0
210599,1,1,1992,23,22,12,18,22,10,20,13,5,24
210600,1,1,1992,0,0,0,0,0,0,0,0,0,0
210600,2,1,1992,0,0,0,0,0,0,0,0,0,0
210601,1,1,1992,0,0,0,0,0,0,0,0,0,0
210601,2,1,1992,0,0,0,0,0,0,0,0,0,0
210602,1,1,1992,0,0,9,0,0,0,20,0,0,8
210602,2,1,1992,1,1,1,1,1,1,1,1,1,1
210603,1,1,1992,0,0,0,0,0,0,0,0,0,0
210604,1,1,1992,0,0,0,0,0,0,0,0,0,0
210604,2,1,1992,0,0,0,0,0,0,0,0,0,0
210605,1,1,1992,0,0,0,0,0,0,0,7,0,0
210605,2,1,1992,0,0,0,0,0,0,0,0,0,0
210606,1,1,1992,0,0,0,0,0,0,0,0,0,0
210606,2,1,1992,0,0,0,0,0,0,0,0,0,0
210607,1,1,1992,0,0,0,0,0,0,0,0,23,0
210607,2,1,1992,0,0,0,0,0,0,0,0,0,0
210608,1,1,1992,0,0,0,0,0,0,0,0,0,0
210608,2,1,1992,0,0,0,0,0,0,0,0,0,0
210609,1,1,1992,25,19,19,19,18,0,14,23,14,37
210610,1,1,1992,25,25,25,25,25,25,25,25,25,25
210610,2,1,1992,0,0,0,15,0,0,0,0,0,0
210610,3,1,1992,0,0,0,0,0,0,0,0,0,0
210611,1,1,1992,0,0,0,0,0,0,0,0,0,0
210612,1,1,1992,25,25,25,25,25,25,25,25,25,25
210613,1,1,1992,0,0,0,0,0,0,0,0,11,0
210613,2,1,1992,0,0,0,0,0,0,0,0,0,0
210613,3,1,1992,0,0,0,0,0,0,0,0,0,0
210614,1,1,1992,7,7,7,7,7,7,7,7,7,7
210614,2,1,1992,23,23,23,23,23,23,23,23,23,23
210615,1,1,1992,0,0,0,0,0,0,0,0,0,8
210615,2,1,1992,0,0,0,0,0,0,0,0,0,0
210616,1,1,1992,0,0,0,0,0,0,0,0,0,0
210616,2,1,1992,0,0,0,0,0,0,0,0,0,0
210617,0,1,1992,0,0,0,0,0,0,0,0,0,0
210617,1,1,1992,0,0,0,0,0,0,0,0,0,0
210618,1,1,1992,18,18,18,18,18,18,18,18,18,18
210619,1,1,1992,0,0,0,0,0,0,0,0,0,0
210619,2,1,1992,0,0,0,0,0,0,0,0,0,0
210619,3,1,1992,0,0,0,0,0,0,0,0,0,0
210620,1,1,1992,0,0,0,0,0,0,0,0,0,0
210620,2,1,1992,0,0,0,0,0,0,0,0,0,0
210620,3,1,1992,0,0,0,0,0,0,0,0,0,0
210621,1,1,1992,0,18,0,19,23,0,0,12,51,14
210622,1,1,1992,0,0,0,0,0,0,4,0,0,0
210623,0,1,1992,0,0,0,0,0,0,0,0,0,0
210623,2,1,1992,0,0,0,0,0,0,0,0,0,0
210624,1,1,1992,0,0,0,0,0,0,0,0,0,0
210624,2,1,1992,0,0,0,0,0,0,0,0,0,0
210625,1,1,1992,0,0,16,0,0,0,0,0,0,0
210626,1,1,1992,0,0,0,0,0,0,0,0,0,0
210627,1,1,1992,18,18,18,18,18,18,18,18,18,18
210628,0,1,1992,0,26,25,11,0,0,0,29,0,0
210628,1,1,1992,0,0,0,0,0,0,0,0,0,0
210629,1,1,1992,18,18,18,18,18,18,18,18,18,18
210630,1,1,1992,0,0,0,0,0,0,0,0,0,0
210630,2,1,1992,13,14,22,32,17,16,19,7,0,0
210631,1,1,1992,0,0,0,0,0,0,0,0,0,0
210631,2,1,1992,0,0,0,0,0,0,0,0,0,0
210632,1,1,1992,19,19,19,19,19,19,19,19,19,19
210633,1,1,1992,0,0,0,0,0,0,0,0,0,0
210633,2,1,1992,0,0,0,0,0,0,0,0,0,0
210634,1,1,1992,24,11,13,14,35,0,13,12,20,17
210634,2,1,1992,0,0,0,0,0,0,0,0,0,0
210635,1,1,1992,0,0,0,0,0,0,0,0,0,0
210636,0,1,1992,0,12,0,35,0,0,24,14,0,0
210636,1,1,1992,0,0,0,0,0,0,0,0,0,0
210637,1,1,1992,17,17,17,17,17,17,17,17,17,17
210639,1,1,1992,5,0,7,0,0,0,0,0,0,0
210640,0,1,1992,0,0,0,0,0,0,0,0,0,0
210641,1,1,1992,0,0,0,0,0,0,0,0,0,0
210642,0,1,1992,22,22,22,22,22,22,22,22,22,22
210642,1,1,1992,0,0,0,0,0,0,0,0,0,0
210643,1,1,1992,10,10,10,10,10,10,10,10,10,10
210644,1,1,1992,0,10,0,0,19,0,0,0,2,0
210644,2,1,1992,0,0,0,0,0,0,0,0,0,0
210645,1,1,1992,7,7,7,7,7,7,7,7,7,7
210646,0,1,1992,0,0,0,0,0,0,0,0,0,0
210646,1,1,1992,0,0,0,0,0,0,0,0,0,0
210647,0,1,1992,0,0,0,0,0,0,0,0,0,0
210647,1,1,1992,0,0,0,0,0,0,0,0,0,0
210648,1,1,1992,16,16,16,16,16,16,16,16,16,16
210648,2,1,1992,0,0,0,0,0,0,0,0,0,0
210649,1,1,1992,0,0,0,0,0,0,14,0,0,0
210650,0,1,1992,0,0,0,0,0,0,0,0,0,0
210650,1,1,1992,0,0,0,0,0,0,0,0,0,0
210651,0,1,1992,0,0,0,0,0,0,0,0,0,0
210651,1,1,1992,0,0,0,0,0,0,0,0,0,0
210652,1,1,1992,0,0,0,0,0,0,0,0,0,0
210652,2,1,1992,0,0,0,0,12,0,0,0,0,0
210653,1,1,1992,0,0,0,0,0,0,0,0,0,0
210653,2,1,1992,0,0,0,0,0,0,0,0,0,0
210654,1,1,1992,0,0,0,0,0,0,0,0,0,0
210654,2,1,1992,0,0,0,0,0,0,0,0,0,0
210655,1,1,1992,12,12,12,12,12,12,12,12,12,12
210655,2,1,1992,0,0,0,0,0,0,0,0,0,0
210656,1,1,1992,0,13,0,0,0,0,0,0,0,7
210657,1,1,1992,21,21,21,21,21,21,21,21,21,21
210658,1,1,1992,0,0,0,0,0,0,0,0,0,0
210658,2,1,1992,0,0,0,0,0,0,0,0,0,0
210659,1,1,1992,1,1,1,1,1,1,1,1,1,1
210659,2,1,1992,0,0,0,0,0,0,0,0,0,0
210660,1,1,1992,0,0,0,0,0,0,0,0,0,0
210660,2,1,1992,0,0,0,0,0,0,0,0,15,0
210661,1,1,1992,10,10,10,10,10,10,10,10,10,10
210662,1,1,1992,0,0,0,0,0,0,0,0,0,0
210663,1,1,1992,26,26,26,26,26,26,26,26,26,26
210663,2,1,1992,0,0,0,0,0,0,0,0,0,0
210664,0,1,1992,16,13,0,0,0,18,0,0,0,0
210664,1,1,1992,0,0,0,0,0,0,0,0,0,0
210665,1,1,1992,0,0,0,0,24,0,0,0,0,0
210665,2,1,1992,0,0,0,0,0,0,0,0,0,0
210665,3,1,1992,0,0,0,0,0,0,0,0,0,0
210666,1,1,1992,0,0,0,0,0,0,0,0,0,0
210666,2,1,1992,0,0,0,0,0,0,0,0,0,0
210667,1,1,1992,0,0,0,0,0,0,0,0,0,0
210667,2,1,1992,0,0,0,0,0,0,0,0,0,0
210668,1,1,1992,0,0,0,0,0,0,0,0,0,0
210668,2,1,1992,0,0,0,0,0,0,0,0,0,0
210669,1,1,1992,0,0,0,0,0,0,0,0,0,0
210669,2,1,1992,0,0,0,0,0,0,0,0,0,0
210670,1,1,1992,0,0,0,0,0,0,0,0,0,0
210670,2,1,1992,0,0,0,0,0,0,0,0,0,0
210671,1,1,1992,20,20,20,20,20,20,20,20,20,20
210672,1,1,1992,0,0,0,0,0,0,0,0,0,0
210672,2,1,1992,0,0,0,0,0,0,0,0,0,0
210673,1,1,1992,0,0,0,0,0,0,0,0,9,0
210674,1,1,1992,20,20,20,20,20,20,20,20,20,20
210675,1,1,1992,11,11,11,11,11,11,11,11,11,11
210675,2,1,1992,11,11,11,11,11,11,11,11,11,11
210678,1,1,1992,0,0,0,0,0,0,0,0,0,0
210678,2,1,1992,0,0,0,0,0,0,0,0,0,0
210679,0,1,1992,0,0,0,0,0,0,0,0,0,0
210679,1,1,1992,0,0,0,0,0,0,0,0,0,0
210680,0,1,1992,0,0,0,0,0,0,0,0,0,0
210680,0,2,1992,0,0,0,0,0,0,0,0,0,0
210680,0,3,1992,0,0,0,12,0,0,0,0,0,0
210680,1,1,1992,0,0,0,0,0,0,0,0,0,0
210681,1,1,1992,26,26,26,26,26,26,26,26,26,26
210682,1,1,1992,0,0,0,0,0,0,0,0,0,0
210682,2,1,1992,0,0,0,0,0,0,0,0,0,0
210682,3,1,1992,0,0,0,0,0,0,0,0,0,0
210683,1,1,1992,0,0,0,0,0,0,0,0,0,0
210683,2,1,1992,0,0,15,0,0,0,0,0,0,0
210684,1,1,1992,0,0,0,0,0,0,0,0,0,0
210685,1,1,1992,0,0,0,0,0,0,0,0,0,0
210685,2,1,1992,0,0,0,0,0,0,0,0,0,0
210686,1,1,1992,33,33,33,33,33,33,33,33,33,33
210686,2,1,1992,0,0,0,0,0,0,0,0,0,6
210687,1,1,1992,0,0,0,0,0,0,0,0,0,0
210687,2,1,1992,0,0,0,0,0,0,0,0,0,0
210688,1,1,1992,18,18,18,18,18,18,18,18,18,18
210688,2,1,1992,0,0,0,0,0,0,0,0,0,0
210689,1,1,1992,0,0,0,0,0,0,0,0,0,0
210689,2,1,1992,0,0,0,0,0,0,0,0,0,0
210690,1,1,1992,0,0,0,0,0,0,0,0,0,0
210690,2,1,1992,0,0,0,0,0,0,0,0,0,0
210691,1,1,1992,0,0,0,0,0,0,0,0,0,0
210692,1,1,1992,0,0,0,0,0,0,0,0,0,0
210692,2,1,1992,0,0,0,0,0,7,0,0,0,0
210693,1,1,1992,0,0,0,0,0,0,0,0,0,0
210693,2,1,1992,0,0,0,0,0,0,0,0,0,0
210694,1,1,1992,0,0,0,0,0,0,0,0,0,0
210694,2,1,1992,0,0,0,0,0,0,0,0,0,0
210695,1,1,1992,10,12,2,21,6,8,13,13,20,13
210695,2,1,1992,11,11,11,11,11,11,11,11,11,11
210696,1,1,1992,19,19,19,19,19,19,19,19,19,19
210696,2,1,1992,0,0,0,0,0,0,0,0,0,0
210697,1,1,1992,0,0,0,0,0,0,0,0,0,0
210697,2,1,1992,0,0,0,0,0,0,0,0,0,0
210698,1,1,1992,14,0,0,0,14,0,0,5,0,0
210699,0,1,1992,17,13,0,0,36,27,29,13,0,24
210699,1,1,1992,0,0,0,0,0,0,0,0,0,0
210700,1,1,1992,0,0,0,0,0,0,0,0,0,0
210700,2,1,1992,0,0,0,0,0,0,0,12,0,0
210701,1,1,1992,0,0,0,0,0,0,0,0,0,0
210701,2,1,1992,0,0,0,0,0,0,0,0,0,0
210702,1,1,1992,0,0,0,0,0,0,0,0,0,0
210703,1,1,1992,15,15,15,15,15,15,15,15,15,15
210704,1,1,1992,0,0,0,0,0,0,0,0,0,0
210705,0,1,1992,0,0,0,0,0,0,0,0,0,0
210705,1,1,1992,0,0,0,0,0,0,0,0,0,0
210706,1,1,1992,12,12,12,12,12,12,12,12,12,12
210707,1,1,1992,0,0,0,0,0,0,0,0,0,0
210707,2,1,1992,0,0,0,0,0,0,0,0,0,0
210708,1,1,1992,21,21,21,21,21,21,21,21,21,21
210709,1,1,1992,0,0,27,0,22,0,0,0,0,0
210710,1,1,1992,0,0,0,0,0,0,0,0,0,0
210711,1,1,1992,18,18,18,18,18,18,18,18,18,18
210711,2,1,1992,0,0,0,0,0,7,0,0,0,0
210712,1,1,1992,17,17,17,17,17,17,17,17,17,17
210712,2,1,1992,9,9,9,9,9,9,9,9,9,9
210713,1,1,1992,0,0,0,0,0,0,0,0,0,0