ST_CASE,VEH_NO,PER_NO,YEAR,P1,P2,P3,P4,P5,P6,P7,P8,P9,P10
210714,1,1,1992,0,0,0,0,0,0,0,0,0,0
210714,2,1,1992,0,0,0,0,0,0,0,0,0,0
210715,1,1,1992,0,0,0,0,0,0,0,0,0,0
210716,1,1,1992,16,16,16,16,16,16,16,16,16,16
210716,2,1,1992,0,0,0,12,0,0,0,0,0,0
210717,1,1,1992,12,12,12,12,12,12,12,12,12,12
210718,1,1,1992,0,0,0,0,0,0,0,0,0,0
210718,2,1,1992,0,0,0,0,0,0,0,0,0,0
210719,1,1,1992,0,0,0,0,0,0,0,0,0,0
210719,2,1,1992,0,0,0,0,0,0,0,0,0,0
210720,0,1,1992,0,0,0,0,0,0,20,0,23,12
210720,0,2,1992,0,0,0,0,0,0,0,15,0,0
210720,1,1,1992,0,0,0,0,0,0,0,0,18,0
210721,1,1,1992,0,0,0,0,0,0,0,0,0,0
210722,1,1,1992,0,0,0,0,0,0,0,0,13,0
210723,1,1,1992,0,0,0,0,0,0,0,0,0,0
210723,2,1,1992,0,0,0,0,0,0,0,0,0,0
210724,1,1,1992,0,0,0,0,0,0,0,0,0,0
210724,2,1,1992,0,0,0,0,0,0,0,0,0,0
210725,1,1,1992,8,8,8,8,8,8,8,8,8,8
210726,0,1,1992,0,0,10,11,0,8,0,16,14,0
210726,1,1,1992,0,0,0,0,0,0,0,0,0,0
210727,1,1,1992,0,0,0,0,0,0,0,0,0,0
210728,1,1,1992,0,0,0,0,0,0,0,0,0,0
210728,2,1,1992,0,0,0,0,0,0,0,0,0,0
210729,1,1,1992,3,3,3,3,3,3,3,3,3,3
210729,2,1,1992,2,2,2,2,2,2,2,2,2,2
210731,1,1,1992,0,0,0,0,6,0,0,0,0,0
210732,1,1,1992,19,13,9,14,20,10,25,11,0,8
210733,1,1,1992,0,0,0,0,0,0,0,0,0,0
210733,2,1,1992,0,0,0,0,0,0,0,0,0,0
210734,1,1,1992,26,16,20,0,13,23,14,18,15,11
210735,1,1,1992,25,25,25,25,25,25,25,25,25,25
210736,1,1,1992,0,0,0,0,0,0,0,0,0,0
210736,2,1,1992,0,0,0,0,0,0,0,0,0,0
210737,1,1,1992,23,23,23,23,23,23,23,23,23,23
210737,2,1,1992,0,0,0,0,0,0,0,0,0,0
210738,1,1,1992,0,0,0,0,0,0,0,0,0,0
210739,1,1,1992,22,22,22,22,22,22,22,22,22,22
210740,0,1,1992,0,0,0,0,7,0,0,0,0,0
210740,1,1,1992,0,0,0,0,0,0,0,0,0,0
210741,1,1,1992,0,0,0,0,0,0,0,0,0,0
210741,2,1,1992,0,0,0,0,0,0,0,0,0,0
210741,3,1,1992,0,0,0,0,0,0,0,0,0,0
210743,1,1,1992,0,0,0,0,0,15,0,0,0,0
210743,2,1,1992,0,0,0,0,0,0,0,0,0,0
210744,1,1,1992,0,0,0,0,0,0,0,0,0,0
210744,2,1,1992,0,0,0,0,0,0,0,0,0,0
210745,1,1,1992,0,0,0,0,0,0,15,0,0,0
210746,1,1,1992,29,13,38,17,23,20,24,10,17,27
210747,1,1,1992,0,0,0,0,0,0,0,8,0,0
210747,2,1,1992,0,0,0,0,0,0,0,10,0,0
210748,1,1,1992,12,12,12,12,12,12,12,12,12,12
210749,1,1,1992,26,26,26,26,26,26,26,26,26,26
210750,1,1,1992,0,0,6,0,0,0,8,9,0,0
210750,2,1,1992,0,0,0,14,9,0,0,0,0,20
210751,1,1,1992,0,0,0,0,0,0,0,0,0,0
210751,2,1,1992,1,1,1,1,1,1,1,1,1,1
210752,1,1,1992,0,0,0,0,0,0,0,0,0,0
210753,0,1,1992,0,0,0,0,0,0,0,0,0,0
210753,1,1,1992,0,0,0,0,0,0,0,0,0,0
210754,1,1,1992,0,0,0,0,0,0,0,0,0,0
210754,2,1,1992,0,0,0,0,0,0,0,10,0,0
210755,1,1,1992,13,13,13,13,13,13,13,13,13,13
210756,1,1,1992,21,21,21,21,21,21,21,21,21,21
210757,1,1,1992,0,0,0,0,0,0,0,0,0,0
210757,2,1,1992,0,0,0,0,0,0,0,0,0,0
210758,1,1,1992,0,0,0,0,0,0,0,0,0,0
210758,2,1,1992,0,0,0,0,0,0,0,0,0,0
220001,1,1,1992,0,0,0,0,0,0,0,0,0,0
220001,2,1,1992,19,19,19,19,19,19,19,19,19,19
220002,1,1,1992,0,0,0,0,0,0,0,0,0,0
220002,2,1,1992,7,7,7,7,7,7,7,7,7,7
220003,0,1,1992,23,23,23,23,23,23,23,23,23,23
220003,1,1,1992,0,0,0,0,0,0,0,0,0,0
220004,0,1,1992,0,0,0,0,0,0,0,0,0,0
220004,0,2,1992,0,0,0,0,0,0,0,0,0,0
220004,1,1,1992,0,0,0,0,0,0,0,0,0,0
220005,1,1,1992,13,17,0,9,0,26,24,11,0,10
220006,1,1,1992,16,16,16,16,16,16,16,16,16,16
220007,1,1,1992,1,1,1,1,1,1,1,1,1,1
220008,1,1,1992,14,14,14,14,14,14,14,14,14,14
220010,1,1,1992,0,0,0,0,10,6,0,0,0,11
220011,1,1,1992,0,0,0,0,0,0,13,0,0,0
220011,2,1,1992,0,0,0,0,0,0,0,0,0,0
220012,1,1,1992,16,16,16,16,16,16,16,16,16,16
220013,1,1,1992,17,17,17,17,17,17,17,17,17,17
220014,1,1,1992,0,0,0,11,0,0,0,0,6,16
220014,2,1,1992,0,0,0,0,0,0,0,0,26,0
220015,1,1,1992,0,0,0,0,0,0,0,0,0,0
220015,2,1,1992,0,0,0,0,0,0,0,0,0,0
220016,1,1,1992,0,0,0,0,0,0,0,0,0,0
220016,2,1,1992,0,0,0,0,0,0,0,0,0,0
220017,0,1,1992,15,15,15,15,15,15,15,15,15,15
220017,1,1,1992,0,0,0,0,0,0,0,0,0,0
220018,1,1,1992,0,0,0,0,0,0,0,0,0,0
220018,2,1,1992,0,0,0,0,0,0,0,0,0,0
220019,1,1,1992,0,0,0,0,0,0,0,0,0,0
220020,0,1,1992,13,13,13,13,13,13,13,13,13,13
220020,1,1,1992,4,4,4,4,4,4,4,4,4,4
220021,1,1,1992,0,0,0,0,0,0,0,0,0,0
220021,2,1,1992,0,0,0,0,0,0,0,0,0,0
220022,1,1,1992,16,16,16,16,16,16,16,16,16,16
220022,2,1,1992,13,4,0,2,0,0,0,0,0,0
220023,0,1,1992,15,21,27,15,17,0,22,23,11,0
220023,1,1,1992,0,0,0,0,0,0,0,0,0,0
220024,1,1,1992,18,0,0,0,26,0,0,0,0,0
220024,2,1,1992,0,0,0,0,0,0,0,0,0,0
220025,1,1,1992,8,8,8,8,8,8,8,8,8,8
220026,1,1,1992,0,13,26,0,0,12,0,0,23,14
220026,2,1,1992,0,0,0,15,0,0,0,0,0,0
220027,0,1,1992,0,0,0,0,0,0,0,0,0,0
220027,1,1,1992,0,0,0,0,0,0,0,0,0,0
220028,1,1,1992,0,0,0,0,0,0,0,0,0,0
220028,2,1,1992,25,25,25,25,25,25,25,25,25,25
220029,0,1,1992,0,0,0,0,0,0,0,0,0,0
220029,1,1,1992,0,0,0,0,0,0,0,0,0,0
220030,1,1,1992,13,13,13,13,13,13,13,13,13,13
220031,1,1,1992,0,0,0,0,0,0,0,0,0,0
220031,2,1,1992,0,0,0,0,0,0,0,0,0,0
220032,1,1,1992,0,0,0,0,0,0,0,0,0,0
220033,1,1,1992,0,0,0,0,9,0,0,0,0,0
220033,2,1,1992,15,14,0,6,0,0,0,25,6,0
220034,1,1,1992,26,9,25,28,0,12,18,0,0,25
220035,1,1,1992,21,21,21,21,21,21,21,21,21,21
220035,2,1,1992,0,0,0,0,0,0,0,0,0,0
220036,1,1,1992,17,17,17,17,17,17,17,17,17,17
220037,1,1,1992,16,16,16,16,16,16,16,16,16,16
220038,1,1,1992,0,0,0,0,0,0,0,0,0,0
220038,2,1,1992,0,0,0,0,0,0,0,0,0,0
220039,1,1,1992,0,0,0,0,0,0,0,0,0,0
220039,2,1,1992,0,0,21,0,0,17,0,12,0,0
220039,3,1,1992,0,0,0,0,0,0,0,0,0,0
220039,4,1,1992,0,0,0,0,0,0,0,0,0,0
220040,1,1,1992,0,0,0,0,0,0,0,0,0,0
220040,2,1,1992,0,0,0,0,0,0,0,0,0,0
220040,3,1,1992,10,0,5,16,0,45,7,17,0,0
220041,1,1,1992,0,0,0,0,0,0,0,0,0,0
220041,2,1,1992,0,0,0,0,0,0,0,0,0,0
220042,1,1,1992,0,0,0,0,0,0,0,0,0,0
220042,2,1,1992,0,0,0,0,0,0,0,0,0,0
220043,1,1,1992,14,14,14,14,14,14,14,14,14,14
220044,1,1,1992,0,0,0,0,0,0,0,0,0,0
220045,0,1,1992,0,0,0,0,0,10,0,0,0,0
220045,1,1,1992,1,1,1,1,1,1,1,1,1,1
220046,0,1,1992,19,16,0,10,15,20,23,6,9,25
220046,1,1,1992,16,16,16,16,16,16,16,16,16,16
220047,1,1,1992,32,32,32,32,32,32,32,32,32,32
220047,2,1,1992,0,0,0,0,0,0,0,0,0,11
220048,1,1,1992,0,28,0,0,0,9,0,0,0,21
220049,1,1,1992,0,0,0,0,0,0,0,0,0,0
220050,1,1,1992,29,29,29,29,29,29,29,29,29,29
220051,1,1,1992,12,18,10,14,31,5,16,13,7,14
220051,2,1,1992,6,26,33,24,0,27,0,0,0,0
220052,1,1,1992,35,10,20,39,22,26,23,35,17,22
220055,1,1,1992,14,14,14,14,14,14,14,14,14,14
220056,1,1,1992,0,0,0,0,0,0,0,0,0,0
220056,2,1,1992,0,0,0,0,0,0,0,0,0,0
220057,1,1,1992,26,26,26,26,26,26,26,26,26,26
220058,0,1,1992,0,0,0,0,0,0,0,0,0,0
220058,1,1,1992,0,0,0,0,0,0,0,0,0,0
220059,1,1,1992,0,0,0,0,8,0,0,0,12,0
220059,2,1,1992,0,0,8,0,0,0,0,0,0,0
220060,1,1,1992,25,25,25,25,25,25,25,25,25,25
220061,1,1,1992,0,0,0,0,0,0,0,0,0,0
220061,2,1,1992,8,0,0,0,0,0,0,0,0,0
220064,1,1,1992,0,0,0,0,0,0,0,0,0,0
220065,1,1,1992,14,0,0,22,23,0,0,12,5,0
220066,1,1,1992,0,0,0,0,0,0,0,0,0,0
220067,1,1,1992,23,23,23,23,23,23,23,23,23,23
220068,1,1,1992,0,0,0,0,0,0,0,0,0,0
220069,1,1,1992,13,13,13,13,13,13,13,13,13,13
220069,2,1,1992,19,11,0,0,0,0,9,16,5,0
220070,0,1,1992,26,26,26,26,26,26,26,26,26,26
220070,1,1,1992,0,0,0,0,0,0,0,0,0,0
220071,1,1,1992,12,12,12,12,12,12,12,12,12,12
220071,2,1,1992,10,10,10,10,10,10,10,10,10,10
220072,0,1,1992,0,7,12,0,0,0,0,34,0,26
220072,1,1,1992,0,0,0,0,0,0,0,12,11,11
220073,0,1,1992,5,2,0,23,0,38,0,0,13,21
220073,0,2,1992,17,10,30,27,28,0,17,13,12,0
220073,1,1,1992,0,0,0,0,0,0,0,0,0,0
220074,1,1,1992,23,23,23,23,23,23,23,23,23,23
220075,1,1,1992,0,0,0,0,0,0,0,0,0,0
220075,2,1,1992,0,0,0,0,0,0,0,0,0,0
220076,1,1,1992,21,21,21,21,21,21,21,21,21,21
220076,2,1,1992,0,0,0,0,0,0,0,0,0,0
220076,3,1,1992,0,0,17,12,0,12,8,0,0,10
220077,1,1,1992,20,20,20,20,20,20,20,20,20,20
220077,2,1,1992,0,0,0,0,0,0,0,0,0,0
220079,1,1,1992,0,0,0,0,0,0,0,0,0,0
220079,2,1,1992,0,0,0,0,0,0,0,8,7,0
220080,1,1,1992,0,0,0,0,0,0,8,0,8,0
220080,2,1,1992,0,0,0,0,0,0,0,0,0,0
220080,3,1,1992,0,0,0,0,0,0,0,0,0,0
220081,1,1,1992,15,10,15,6,15,4,0,20,23,20
220082,0,1,1992,20,0,33,20,30,18,0,15,0,0
220082,1,1,1992,0,0,0,0,0,0,0,0,0,0
220083,1,1,1992,12,12,12,12,12,12,12,12,12,12
220084,1,1,1992,0,0,0,0,0,0,0,0,0,0
220084,2,1,1992,0,0,0,0,0,0,0,0,0,0
220084,3,1,1992,0,0,0,0,0,0,0,0,12,0
220085,1,1,1992,0,0,0,0,0,0,0,0,0,0
220086,1,1,1992,0,0,0,0,0,0,0,0,0,0
220086,2,1,1992,0,0,0,0,0,0,0,0,0,0
220087,0,1,1992,15,20,0,0,0,28,32,22,7,0
220087,1,1,1992,0,0,0,0,0,0,0,0,0,0
220088,0,1,1992,0,0,0,0,0,0,0,0,0,0
220088,1,1,1992,0,0,0,0,0,0,0,0,0,0
220089,0,1,1992,0,0,0,14,0,0,0,0,0,31
220089,1,1,1992,0,0,0,0,0,0,0,0,0,0
220090,1,1,1992,0,0,0,0,0,0,0,0,0,0
220090,2,1,1992,0,0,0,0,0,0,0,0,0,0
220091,0,1,1992,0,0,0,0,0,0,0,0,0,0
220091,1,1,1992,0,0,0,0,0,0,0,0,0,0
220092,1,1,1992,0,0,0,0,0,0,0,0,0,0
220092,2,1,1992,0,21,0,0,0,5,0,0,0,19
220093,1,1,1992,15,15,15,15,15,15,15,15,15,15
220094,1,1,1992,7,7,7,7,7,7,7,7,7,7
220095,0,1,1992,0,0,0,0,0,0,0,0,0,0
220095,1,1,1992,0,0,0,0,0,0,18,0,0,0
220096,1,1,1992,0,0,0,0,0,0,0,0,0,0
220096,2,1,1992,0,0,0,0,0,0,0,0,0,0
220096,3,1,1992,0,0,0,0,0,0,0,0,0,0
220097,0,1,1992,23,0,0,0,0,17,0,0,23,0
220097,1,1,1992,4,0,0,17,0,0,0,25,0,0
220098,1,1,1992,0,0,0,0,0,0,0,0,0,0
220098,2,1,1992,21,21,21,21,21,21,21,21,21,21
220099,1,1,1992,8,8,8,8,8,8,8,8,8,8
220100,1,1,1992,13,0,16,36,3,25,0,0,12,22
220100,2,1,1992,0,0,16,0,0,12,0,0,0,0
220101,0,1,1992,0,0,0,0,0,0,0,0,0,0
220101,1,1,1992,0,0,0,0,0,0,0,0,0,0
220102,1,1,1992,20,20,20,20,20,20,20,20,20,20
220103,1,1,1992,0,0,0,0,0,0,0,0,0,0
220104,1,1,1992,18,18,18,18,18,18,18,18,18,18
220105,1,1,1992,17,17,17,17,17,17,17,17,17,17
220106,1,1,1992,16,16,16,16,16,16,16,16,16,16
220107,0,1,1992,0,0,0,0,0,0,0,0,0,0
220107,1,1,1992,0,0,0,0,0,0,0,0,0,0
220108,1,1,1992,0,0,0,0,0,0,0,0,0,0
220109,1,1,1992,0,0,0,0,0,0,0,0,0,0
220109,2,1,1992,0,0,0,0,0,0,0,0,0,0
220110,0,1,1992,11,11,11,11,11,11,11,11,11,11
220110,1,1,1992,0,0,16,0,0,0,0,0,0,15
220111,1,1,1992,35,13,13,11,25,25,12,16,27,22
220111,2,1,1992,0,0,0,0,0,0,0,0,0,0
220111,3,1,1992,21,0,0,0,0,0,0,13,0,0
220112,1,1,1992,0,0,0,0,0,0,0,15,0,0
220112,2,1,1992,9,9,9,9,9,9,9,9,9,9
220113,1,1,1992,10,10,10,10,10,10,10,10,10,10
220114,0,1,1992,0,0,0,0,0,0,0,0,0,0
220114,1,1,1992,25,25,25,25,25,25,25,25,25,25
220115,1,1,1992,20,20,20,20,20,20,20,20,20,20
220116,1,1,1992,15,15,15,15,15,15,15,15,15,15
220117,1,1,1992,0,0,0,0,0,0,21,0,0,10
220118,1,1,1992,0,0,0,0,0,0,0,0,0,0
220119,1,1,1992,0,0,0,0,0,0,0,0,0,0
220120,1,1,1992,0,0,0,0,0,0,0,0,0,0
220120,2,1,1992,5,0,0,0,0,0,0,0,0,0
220120,3,1,1992,0,0,0,0,0,0,0,0,0,0
220121,1,1,1992,0,0,0,0,0,0,0,0,0,0
220121,2,1,1992,0,0,0,0,0,0,0,0,0,0
220123,1,1,1992,0,0,0,0,0,0,0,0,15,0
220123,2,1,1992,0,0,0,0,0,0,0,0,15,0
220124,1,1,1992,18,18,18,18,18,18,18,18,18,18
220125,1,1,1992,15,15,15,15,15,15,15,15,15,15
220126,1,1,1992,22,22,22,22,22,22,22,22,22,22
220126,2,1,1992,0,0,0,0,0,0,0,0,0,0
220127,1,1,1992,17,17,17,17,17,17,17,17,17,17
220128,1,1,1992,17,17,17,17,17,17,17,17,17,17
220129,1,1,1992,16,16,16,16,16,16,16,16,16,16
220129,2,1,1992,0,0,0,0,0,0,0,0,0,0
220130,1,1,1992,14,14,14,14,14,14,14,14,14,14
220131,1,1,1992,0,0,26,19,13,5,0,0,0,0
220132,1,1,1992,19,19,19,19,19,19,19,19,19,19
220133,1,1,1992,0,0,0,0,0,0,0,0,0,0
220133,2,1,1992,0,0,0,0,0,0,0,0,0,0
220134,1,1,1992,0,0,0,0,0,0,0,0,0,0
220134,2,1,1992,0,0,0,0,0,0,0,0,0,0
220135,0,1,1992,23,23,23,23,23,23,23,23,23,23
220135,1,1,1992,0,0,0,0,0,0,0,0,0,0
220136,1,1,1992,0,0,0,0,0,0,0,5,0,0
220136,2,1,1992,0,0,0,0,0,0,0,0,0,0
220136,3,1,1992,0,0,9,0,0,7,0,0,0,0
220137,1,1,1992,10,30,20,8,21,19,20,19,0,40
220138,0,1,1992,0,0,0,0,11,0,0,0,0,0
220138,1,1,1992,0,0,0,0,0,0,0,0,0,0
220139,0,1,1992,0,0,0,7,0,26,0,8,0,0
220139,1,1,1992,0,0,12,0,0,0,0,0,0,0
220140,1,1,1992,3,3,3,3,3,3,3,3,3,3
220140,2,1,1992,0,0,0,0,0,0,0,0,0,0
220141,0,1,1992,0,0,0,0,0,0,0,0,0,0
220142,0,1,1992,21,21,21,21,21,21,21,21,21,21
220142,1,1,1992,0,0,0,0,0,0,0,0,0,0
220144,0,1,1992,0,0,0,0,0,0,0,0,0,0
220144,1,1,1992,0,0,0,0,0,0,0,0,0,0
220145,1,1,1992,33,33,33,33,33,33,33,33,33,33
220145,2,1,1992,16,16,16,16,16,16,16,16,16,16
220147,1,1,1992,0,0,0,0,0,0,0,0,0,0
220147,2,1,1992,0,0,0,0,0,0,0,0,0,10
220148,1,1,1992,9,9,9,9,9,9,9,9,9,9
220148,2,1,1992,0,0,0,0,0,0,0,0,0,0
220148,3,1,1992,0,0,0,0,0,0,0,0,0,0
220150,1,1,1992,8,12,0,20,0,0,30,18,0,0
220150,2,1,1992,0,0,0,0,13,0,24,0,0,0
220151,1,1,1992,18,18,18,18,18,18,18,18,18,18
220152,1,1,1992,0,0,0,0,0,0,0,0,0,0
220152,2,1,1992,0,0,0,0,0,4,0,0,0,0
220153,0,1,1992,30,30,30,30,30,30,30,30,30,30
220153,1,1,1992,0,0,0,0,0,0,0,0,0,0
220154,1,1,1992,0,0,0,0,0,18,0,0,8,0
220154,2,1,1992,0,0,0,0,0,0,0,0,0,0
220155,1,1,1992,0,0,0,0,0,0,0,0,0,0
220155,2,1,1992,0,0,0,0,0,0,0,0,0,0
220156,1,1,1992,0,0,0,0,0,0,0,0,0,0
220157,1,1,1992,30,18,9,0,17,0,9,25,0,16
220158,0,1,1992,0,0,13,0,0,0,0,0,0,0
220158,1,1,1992,0,0,0,0,0,0,0,0,0,0
220159,1,1,1992,12,12,12,12,12,12,12,12,12,12
220160,1,1,1992,12,12,12,12,12,12,12,12,12,12
220160,2,1,1992,0,0,0,7,0,0,0,0,0,0
220160,3,1,1992,0,0,14,0,0,0,0,0,0,0
220161,1,1,1992,0,0,0,0,0,0,0,0,0,0
220161,2,1,1992,0,0,0,0,0,0,0,0,0,0
220162,0,1,1992,11,16,12,23,0,18,9,17,0,25
220162,1,1,1992,0,0,0,0,0,0,0,0,0,0
220163,1,1,1992,21,21,21,21,21,21,21,21,21,21
220164,1,1,1992,0,0,0,0,0,0,0,0,0,0
220165,1,1,1992,14,14,14,14,14,14,14,14,14,14
220166,0,1,1992,20,20,20,20,20,20,20,20,20,20
220166,1,1,1992,0,0,0,0,0,0,0,0,0,0
220167,1,1,1992,13,13,13,13,13,13,13,13,13,13
220168,1,1,1992,7,7,7,7,7,7,7,7,7,7
220169,1,1,1992,13,21,16,0,11,23,18,0,27,29
220170,1,1,1992,0,0,0,0,0,0,0,0,0,0
220170,2,1,1992,0,0,0,0,0,0,0,0,0,0
220170,3,1,1992,0,0,0,0,0,0,0,0,0,0
220171,1,1,1992,0,0,0,16,0,0,0,0,23,8
220172,1,1,1992,23,23,23,23,23,23,23,23,23,23
220173,0,1,1992,1,1,1,1,1,1,1,1,1,1
220173,1,1,1992,0,0,0,0,0,0,0,0,0,0
220174,0,1,1992,0,0,0,0,0,0,0,0,0,0
220174,1,1,1992,0,0,0,0,0,0,0,0,0,0
220175,1,1,1992,4,4,4,4,4,4,4,4,4,4
220176,1,1,1992,21,14,14,8,25,4,8,10,7,18
220177,0,1,1992,22,22,22,22,22,22,22,22,22,22
220177,1,1,1992,23,11,0,13,17,0,8,0,0,20
220178,1,1,1992,16,16,16,16,16,16,16,16,16,16
220178,2,1,1992,3,3,3,3,3,3,3,3,3,3
220179,1,1,1992,0,0,15,0,15,0,0,7,5,10
220180,0,1,1992,9,0,22,32,25,0,0,16,0,22
220180,1,1,1992,0,0,0,0,0,0,0,0,0,0
220181,1,1,1992,0,0,0,0,0,0,0,0,0,0
220181,2,1,1992,0,0,0,0,0,0,0,0,0,0
220182,1,1,1992,9,19,0,0,0,0,0,0,0,0
220183,1,1,1992,0,0,7,0,0,0,0,0,0,35
220183,2,1,1992,16,0,0,0,0,0,0,0,0,0
220184,1,1,1992,0,0,9,14,0,0,0,0,8,0
220185,0,1,1992,0,0,0,0,0,0,0,0,0,0
220185,1,1,1992,15,15,15,15,15,15,15,15,15,15
220186,1,1,1992,6,6,6,6,6,6,6,6,6,6
220187,1,1,1992,0,0,0,0,0,0,0,0,0,0
220189,1,1,1992,16,16,16,16,16,16,16,16,16,16
220190,1,1,1992,8,8,8,8,8,8,8,8,8,8
220191,1,1,1992,0,12,0,17,0,0,0,0,0,15
220192,1,1,1992,0,10,0,0,0,0,0,0,0,0
220192,2,1,1992,0,0,0,0,0,0,32,0,0,0
220193,1,1,1992,0,0,0,0,0,0,0,0,0,0
220193,2,1,1992,0,0,0,0,0,0,0,0,0,0
220194,1,1,1992,23,23,23,23,23,23,23,23,23,23
220195,1,1,1992,26,26,26,26,26,26,26,26,26,26
220196,0,1,1992,13,13,13,13,13,13,13,13,13,13
220196,1,1,1992,0,0,0,0,0,0,0,0,0,0
220197,1,1,1992,0,0,0,0,0,0,0,0,0,0
220198,1,1,1992,9,9,9,9,9,9,9,9,9,9
220198,2,1,1992,0,0,0,0,0,0,0,0,0,0
220199,0,1,1992,23,23,23,23,23,23,23,23,23,23
220199,1,1,1992,0,0,0,0,0,0,0,0,0,0
220200,1,1,1992,22,25,0,21,12,0,26,11,0,0
220201,1,1,1992,0,0,0,0,0,0,0,30,0,0
220202,1,1,1992,8,8,8,8,8,8,8,8,8,8
220202,2,1,1992,0,0,0,0,0,21,0,24,0,0
220203,1,1,1992,21,21,21,21,21,21,21,21,21,21
220204,1,1,1992,28,28,28,28,28,28,28,28,28,28
220205,1,1,1992,8,8,8,8,8,8,8,8,8,8
220206,1,1,1992,0,0,7,0,0,0,18,0,0,0
220206,2,1,1992,0,0,0,0,0,0,0,0,0,0
220207,1,1,1992,0,0,0,0,0,0,0,0,0,0
220207,2,1,1992,0,11,0,0,0,15,0,0,0,9
220208,1,1,1992,7,7,7,7,7,7,7,7,7,7
220209,0,1,1992,17,18,24,15,0,6,23,19,12,34
220209,0,2,1992,0,13,0,29,24,28,20,37,0,20
220209,0,3,1992,28,0,18,0,15,25,33,8,22,33
220209,1,1,1992,0,0,0,0,0,0,0,0,0,0
220210,1,1,1992,2,2,2,2,2,2,2,2,2,2
220210,2,1,1992,0,0,0,0,0,0,0,0,0,0
220211,1,1,1992,24,24,24,24,24,24,24,24,24,24
220212,1,1,1992,8,8,8,8,8,8,8,8,8,8
220212,2,1,1992,0,0,0,0,0,0,0,0,0,0
220214,1,1,1992,28,15,0,0,0,9,0,0,0,22
220214,2,1,1992,0,0,0,0,18,0,0,0,0,0
220215,0,1,1992,2,2,2,2,2,2,2,2,2,2
220215,1,1,1992,7,7,7,7,7,7,7,7,7,7
220216,0,1,1992,0,4,22,31,0,27,23,16,25,0
220216,1,1,1992,0,0,0,0,0,0,0,0,0,0
220217,1,1,1992,0,0,0,0,0,0,0,0,0,0
220217,2,1,1992,0,0,0,0,0,0,0,0,0,0
220218,1,1,1992,20,20,20,20,20,20,20,20,20,20
220219,1,1,1992,25,12,24,10,16,9,19,25,35,0
220220,0,1,1992,0,0,0,0,0,0,0,0,0,0
220220,1,1,1992,0,0,0,0,0,0,0,21,0,0
220221,0,1,1992,24,24,24,24,24,24,24,24,24,24
220221,1,1,1992,7,7,7,7,7,7,7,7,7,7
220222,1,1,1992,0,0,0,0,0,0,0,0,0,0
220223,0,1,1992,19,19,19,19,19,19,19,19,19,19
220223,1,1,1992,0,0,0,0,9,22,0,0,25,0
220224,1,1,1992,12,12,12,12,12,12,12,12,12,12
220225,1,1,1992,1,1,1,1,1,1,1,1,1,1
220226,1,1,1992,0,0,0,3,0,0,19,0,0,0
220226,2,1,1992,0,0,0,0,0,0,0,0,0,0
220226,3,1,1992,0,0,0,0,0,0,0,0,0,0
220227,1,1,1992,16,16,16,16,16,16,16,16,16,16
220228,1,1,1992,0,0,0,0,0,0,0,0,0,0
220228,2,1,1992,0,0,0,0,0,0,0,0,0,0
220229,1,1,1992,7,7,7,7,7,7,7,7,7,7
220230,1,1,1992,15,0,0,14,0,20,16,0,14,0
220231,1,1,1992,17,17,17,17,17,17,17,17,17,17
220232,1,1,1992,0,0,0,0,0,0,0,0,0,0
220232,2,1,1992,0,0,0,0,0,0,0,0,0,0
220233,1,1,1992,22,22,22,22,22,22,22,22,22,22
220233,2,1,1992,0,0,0,0,0,0,0,14,0,0
220234,1,1,1992,0,0,0,0,0,0,0,0,0,0
220235,1,1,1992,30,30,30,30,30,30,30,30,30,30
220235,2,1,1992,13,0,0,0,0,0,0,0,0,0
220236,1,1,1992,0,0,8,0,0,0,0,0,8,10
220237,0,1,1992,25,25,25,25,25,25,25,25,25,25
220237,1,1,1992,0,0,0,0,0,0,0,0,0,0
220238,1,1,1992,0,0,0,0,0,0,0,0,0,0
220239,1,1,1992,13,13,13,13,13,13,13,13,13,13
220240,1,1,1992,20,12,25,32,20,21,0,32,12,9
220241,1,1,1992,0,0,0,0,0,0,0,0,0,0
220241,2,1,1992,23,0,0,0,0,24,25,0,0,0
220242,1,1,1992,11,6,0,8,0,5,0,0,14,0
220242,2,1,1992,0,10,4,8,0,8,0,3,0,16
220243,1,1,1992,31,24,32,35,28,34,15,15,17,12
220244,1,1,1992,0,11,20,13,19,12,23,0,20,14
220245,1,1,1992,22,22,22,22,22,22,22,22,22,22
220245,2,1,1992,0,0,0,0,0,0,0,0,0,0
220246,1,1,1992,0,0,0,0,0,0,0,0,0,0
220246,2,1,1992,0,0,0,0,0,0,0,0,0,0
220246,3,1,1992,0,6,0,0,0,0,0,0,0,0