ST_CASE,VEH_NO,PER_NO,YEAR,P1,P2,P3,P4,P5,P6,P7,P8,P9,P10
220247,1,1,1992,8,0,0,19,7,11,0,0,0,0
220248,1,1,1992,0,0,0,0,0,0,0,0,0,0
220248,2,1,1992,0,0,0,0,0,0,0,0,0,0
220249,0,1,1992,0,0,0,0,0,0,0,18,0,0
220249,1,1,1992,0,0,0,0,0,0,0,0,0,0
220251,1,1,1992,0,38,40,19,0,17,34,24,22,0
220252,1,1,1992,16,16,16,16,16,16,16,16,16,16
220252,2,1,1992,21,0,0,0,0,0,0,26,7,0
220254,1,1,1992,0,0,0,0,0,0,0,0,0,0
220254,2,1,1992,0,0,0,10,8,0,0,0,0,0
220255,1,1,1992,0,0,0,0,0,0,0,0,0,0
220255,2,1,1992,0,8,0,0,0,0,0,0,0,0
220256,0,1,1992,30,30,30,30,30,30,30,30,30,30
220256,1,1,1992,0,0,0,0,0,0,0,0,0,0
220257,1,1,1992,0,0,0,0,0,0,0,0,0,0
220258,1,1,1992,23,23,23,23,23,23,23,23,23,23
220258,2,1,1992,0,0,0,0,0,0,0,0,0,0
220259,1,1,1992,16,0,19,0,0,0,11,0,0,4
220259,2,1,1992,0,0,0,0,0,0,0,0,0,0
220260,1,1,1992,38,38,38,38,38,38,38,38,38,38
220260,2,1,1992,0,0,0,0,0,0,0,0,0,0
220261,1,1,1992,16,16,16,16,16,16,16,16,16,16
220262,1,1,1992,7,0,0,0,0,0,0,0,0,0
220262,2,1,1992,14,14,14,14,14,14,14,14,14,14
220263,0,1,1992,50,50,50,50,50,50,50,50,50,50
220263,1,1,1992,6,6,6,6,6,6,6,6,6,6
220263,2,1,1992,0,0,0,0,0,0,0,0,0,0
220264,0,1,1992,0,0,0,0,0,0,0,0,0,0
220264,1,1,1992,0,0,0,0,0,0,0,0,0,0
220265,1,1,1992,6,6,6,6,6,6,6,6,6,6
220265,2,1,1992,0,0,0,0,0,0,10,0,0,0
220266,1,1,1992,14,14,14,14,14,14,14,14,14,14
220266,2,1,1992,0,0,0,0,0,0,0,0,0,0
220267,1,1,1992,0,0,0,0,0,0,0,0,0,0
220267,2,1,1992,0,0,0,0,0,0,0,8,0,0
220268,1,1,1992,0,0,0,0,0,0,0,0,0,0
220268,2,1,1992,0,0,0,0,0,0,0,0,0,0
220269,1,1,1992,12,12,12,12,12,12,12,12,12,12
220270,1,1,1992,0,0,0,0,0,0,0,0,0,17
220270,2,1,1992,0,0,0,0,0,0,0,0,0,0
220271,1,1,1992,0,0,0,0,15,6,0,0,0,11
220272,1,1,1992,0,0,0,0,0,0,0,0,0,0
220272,2,1,1992,0,0,0,0,0,0,0,0,0,0
220273,1,1,1992,21,21,21,21,21,21,21,21,21,21
220274,1,1,1992,0,0,0,0,0,0,0,0,0,0
220275,0,1,1992,25,25,25,25,25,25,25,25,25,25
220275,1,1,1992,0,0,0,0,0,0,0,0,0,0
220276,0,1,1992,0,0,0,0,0,0,0,0,0,0
220276,1,1,1992,0,14,4,0,17,27,0,23,0,0
220277,0,1,1992,20,20,20,20,20,20,20,20,20,20
220277,1,1,1992,0,0,0,0,0,0,0,0,0,0
220278,1,1,1992,13,13,13,13,13,13,13,13,13,13
220279,1,1,1992,12,12,12,12,12,12,12,12,12,12
220279,2,1,1992,0,0,0,0,0,0,0,0,0,0
220280,1,1,1992,26,6,0,0,0,0,10,11,0,0
220281,1,1,1992,10,10,10,10,10,10,10,10,10,10
220281,2,1,1992,0,0,0,0,0,0,0,0,0,0
220282,1,1,1992,0,0,0,0,0,0,0,0,0,0
220282,2,1,1992,0,0,0,0,0,0,0,0,0,0
220283,1,1,1992,19,19,19,19,19,19,19,19,19,19
220284,1,1,1992,2,2,2,2,2,2,2,2,2,2
220285,1,1,1992,10,28,30,23,3,6,17,25,16,12
220286,1,1,1992,12,12,12,12,12,12,12,12,12,12
220287,1,1,1992,16,19,7,23,0,0,0,11,23,16
220289,0,1,1992,0,0,0,0,0,0,0,0,0,0
220289,1,1,1992,0,0,11,0,0,0,0,0,0,0
220290,0,1,1992,19,19,19,19,19,19,19,19,19,19
220290,1,1,1992,0,0,0,0,0,14,5,0,0,0
220291,1,1,1992,13,0,0,0,0,0,20,0,5,0
220291,2,1,1992,0,0,6,13,5,0,0,0,7,0
220292,0,1,1992,0,0,0,0,0,0,0,0,0,0
220292,1,1,1992,0,0,0,3,0,0,0,0,0,0
220293,1,1,1992,7,7,7,7,7,7,7,7,7,7
220293,2,1,1992,37,0,0,0,0,0,0,0,12,0
220293,3,1,1992,0,0,0,4,0,0,0,6,0,0
220294,0,1,1992,0,0,0,0,0,0,0,0,0,0
220294,1,1,1992,0,0,17,0,0,0,0,0,0,0
220295,1,1,1992,19,19,19,19,19,19,19,19,19,19
220296,1,1,1992,18,18,18,18,18,18,18,18,18,18
220297,1,1,1992,13,36,29,18,36,24,7,16,20,35
220297,2,1,1992,0,0,0,0,0,0,0,0,0,13
220298,1,1,1992,23,18,9,25,19,30,23,13,25,31
220300,1,1,1992,0,20,14,0,16,23,12,0,11,0
220302,1,1,1992,0,0,0,12,0,0,0,0,0,14
220302,2,1,1992,0,0,0,0,0,0,0,0,0,0
220302,3,1,1992,5,27,0,0,13,11,0,0,19,0
220303,1,1,1992,21,21,21,21,21,21,21,21,21,21
220304,1,1,1992,12,8,12,11,9,13,14,17,18,25
220306,1,1,1992,8,8,8,8,8,8,8,8,8,8
220306,2,1,1992,0,0,0,0,0,0,0,0,0,0
220307,1,1,1992,0,0,0,0,0,0,0,0,0,0
220308,0,1,1992,0,0,0,0,0,0,0,0,0,0
220308,1,1,1992,0,0,0,0,0,0,0,0,0,0
220309,1,1,1992,0,0,0,0,0,0,0,0,0,0
220310,1,1,1992,0,0,0,0,0,0,0,0,0,0
220310,2,1,1992,0,0,0,0,0,0,0,0,0,0
220311,1,1,1992,18,18,18,18,18,18,18,18,18,18
220311,2,1,1992,0,0,0,0,0,0,0,0,0,0
220312,1,1,1992,20,20,20,20,20,20,20,20,20,20
220313,1,1,1992,0,0,0,0,0,0,0,0,0,0
220314,1,1,1992,16,16,16,16,16,16,16,16,16,16
220314,2,1,1992,0,0,0,0,0,0,0,0,14,0
220315,1,1,1992,0,0,0,0,0,0,0,0,0,0
220315,2,1,1992,0,5,0,28,14,31,13,10,8,19
220316,2,1,1992,6,10,0,0,7,0,20,0,5,0
220317,1,1,1992,0,0,0,0,0,0,0,0,0,0
220318,1,1,1992,0,0,0,0,0,0,0,0,0,0
220318,2,1,1992,0,0,0,0,0,0,0,0,0,0
220319,1,1,1992,19,19,19,19,19,19,19,19,19,19
220319,2,1,1992,0,0,0,0,0,0,0,0,0,0
220320,1,1,1992,25,16,17,4,22,25,35,18,9,21
220321,1,1,1992,13,25,9,10,18,0,11,16,20,9
220321,2,1,1992,0,0,0,0,0,0,0,0,0,0
220322,0,1,1992,0,0,0,0,0,0,0,0,0,0
220322,1,1,1992,14,14,14,14,14,14,14,14,14,14
220323,1,1,1992,0,0,0,0,0,0,0,0,0,0
220323,2,1,1992,0,0,0,0,0,0,0,0,0,0
220324,1,1,1992,0,0,0,0,0,0,0,0,0,0
220324,2,1,1992,0,0,0,0,0,0,0,0,0,0
220325,1,1,1992,33,24,0,13,4,15,28,7,4,22
220327,1,1,1992,12,12,12,12,12,12,12,12,12,12
220328,1,1,1992,8,21,14,8,0,0,0,14,13,0
220329,1,1,1992,32,32,32,32,32,32,32,32,32,32
220330,1,1,1992,5,5,5,5,5,5,5,5,5,5
220331,1,1,1992,13,13,13,13,13,13,13,13,13,13
220332,1,1,1992,9,9,9,9,9,9,9,9,9,9
220333,1,1,1992,26,26,26,26,26,26,26,26,26,26
220333,2,1,1992,0,0,0,0,0,0,0,0,0,0
220334,1,1,1992,0,0,0,0,0,0,0,0,0,0
220334,2,1,1992,0,0,0,0,0,0,0,0,0,0
220335,0,1,1992,0,13,0,18,16,0,0,0,16,0
220335,1,1,1992,0,0,0,0,0,0,0,0,0,0
220336,1,1,1992,2,2,2,2,2,2,2,2,2,2
220337,1,1,1992,0,0,0,0,0,0,0,0,0,0
220338,1,1,1992,0,0,0,0,0,0,0,0,0,0
220339,1,1,1992,0,0,18,0,14,0,0,0,0,5
220340,1,1,1992,0,0,0,0,0,0,0,0,0,0
220340,2,1,1992,0,0,0,0,0,0,0,0,0,0
220341,1,3,1992,37,21,19,8,34,0,24,14,19,0
220342,1,1,1992,0,0,0,0,0,0,0,0,0,0
220342,2,1,1992,0,0,0,0,0,0,0,0,0,0
220343,1,1,1992,14,14,14,14,14,14,14,14,14,14
220343,2,1,1992,0,0,0,0,14,0,0,0,8,7
220344,1,1,1992,0,0,0,0,0,0,0,0,0,0
220344,2,1,1992,0,0,0,0,0,0,0,0,0,0
220345,1,1,1992,0,0,0,0,0,0,0,0,0,0
220345,2,1,1992,0,0,0,0,0,0,0,0,0,0
220347,1,1,1992,15,15,15,15,15,15,15,15,15,15
220348,0,1,1992,0,0,0,0,0,0,0,0,0,0
220348,1,1,1992,0,0,0,0,0,0,12,19,22,0
220349,0,1,1992,14,8,0,24,0,25,7,19,0,11
220349,1,1,1992,0,0,0,0,0,0,0,0,0,0
220350,1,1,1992,28,28,28,28,28,28,28,28,28,28
220351,1,1,1992,0,0,0,0,0,0,0,0,0,0
220352,1,1,1992,17,17,17,17,17,17,17,17,17,17
220353,1,1,1992,30,30,30,30,30,30,30,30,30,30
220354,1,1,1992,19,19,19,19,19,19,19,19,19,19
220354,2,1,1992,2,2,2,2,2,2,2,2,2,2
220355,0,1,1992,27,27,27,27,27,27,27,27,27,27
220355,1,1,1992,0,0,0,0,0,0,0,0,9,0
220356,0,1,1992,10,9,32,15,15,25,26,35,4,14
220356,1,1,1992,0,0,0,0,0,0,19,0,0,0
220357,0,1,1992,0,0,0,0,0,0,0,0,0,0
220357,1,1,1992,0,0,0,0,0,0,0,0,0,0
220358,0,1,1992,0,0,0,0,0,0,0,0,0,0
220358,1,1,1992,0,0,0,0,0,0,0,0,0,0
220359,1,1,1992,0,0,0,0,0,0,0,0,13,20
220360,1,1,1992,10,0,4,22,27,0,0,19,0,15
220361,1,1,1992,15,0,9,15,0,0,14,0,0,19
220362,0,1,1992,22,25,17,23,39,27,20,26,7,22
220362,1,1,1992,0,0,0,0,0,0,0,0,0,0
220363,1,1,1992,5,5,5,5,5,5,5,5,5,5
220364,1,1,1992,0,0,0,0,0,0,0,0,0,0
220365,1,1,1992,13,13,13,13,13,13,13,13,13,13
220365,2,1,1992,0,14,0,0,0,0,0,0,14,0
220366,1,1,1992,0,0,0,0,0,0,0,0,0,0
220366,2,1,1992,0,0,0,0,0,0,0,0,0,0
220367,1,1,1992,17,17,17,17,17,17,17,17,17,17
220368,1,1,1992,13,0,0,0,10,13,0,32,41,18
220368,2,1,1992,0,13,16,10,0,0,19,0,13,0
220369,0,1,1992,28,28,28,28,28,28,28,28,28,28
220369,1,1,1992,0,0,0,0,0,0,0,0,0,0
220370,1,1,1992,9,0,0,9,0,0,27,6,16,9
220372,1,1,1992,9,9,9,9,9,9,9,9,9,9
220373,1,1,1992,0,0,0,0,0,0,0,0,0,0
220374,1,1,1992,0,0,0,0,0,0,0,0,0,0
220374,2,1,1992,0,0,0,0,0,0,0,0,0,0
220375,1,1,1992,0,0,0,17,0,0,0,0,0,0
220375,2,1,1992,0,0,0,0,0,0,0,0,0,0
220375,3,1,1992,0,0,0,0,0,0,0,0,0,0
220376,1,1,1992,6,0,13,8,0,6,0,15,24,8
220376,2,1,1992,0,33,0,0,0,0,0,0,0,0
220377,0,1,1992,3,3,3,3,3,3,3,3,3,3
220377,1,1,1992,14,14,14,14,14,14,14,14,14,14
220378,1,1,1992,0,0,0,0,0,0,0,0,0,0
220378,2,1,1992,20,25,18,0,14,0,12,0,0,18
220379,1,1,1992,19,0,4,31,8,6,15,21,0,15
220380,1,1,1992,4,4,4,4,4,4,4,4,4,4
220381,1,1,1992,0,0,0,0,0,0,0,0,0,0
220381,2,1,1992,0,0,0,0,0,0,0,0,0,0
220382,1,1,1992,15,15,15,15,15,15,15,15,15,15
220383,1,1,1992,0,0,0,0,0,0,0,0,7,0
220383,2,1,1992,0,0,24,19,0,21,0,4,0,0
220384,1,1,1992,0,0,0,0,0,0,0,0,0,0
220384,2,1,1992,0,0,0,0,0,0,0,0,0,0
220385,1,1,1992,0,0,0,0,0,0,0,0,0,0
220385,2,1,1992,0,0,0,0,0,0,0,0,0,0
220386,1,1,1992,19,9,22,8,28,16,21,23,14,25
220387,1,1,1992,0,0,0,0,0,0,0,0,0,0
220387,2,1,1992,0,0,0,0,0,0,0,0,0,0
220388,0,1,1992,0,0,0,0,0,0,0,0,0,0
220388,1,1,1992,0,0,0,0,0,5,0,0,0,0
220389,0,1,1992,0,0,0,0,0,0,0,0,0,0
220389,1,1,1992,0,0,0,20,8,0,20,0,0,21
220390,0,1,1992,0,0,0,0,0,0,0,0,0,0
220390,1,1,1992,0,0,0,0,0,0,0,0,0,0
220391,0,1,1992,0,0,0,0,0,0,0,0,0,0
220391,1,1,1992,0,0,0,0,0,0,0,0,0,0
220392,1,1,1992,0,0,0,0,0,0,0,0,0,0
220392,2,1,1992,0,0,17,0,0,0,0,0,0,0
220393,1,1,1992,9,9,9,9,9,9,9,9,9,9
220393,2,1,1992,0,0,0,0,0,0,0,0,0,0
220393,3,1,1992,0,0,0,0,0,0,0,0,0,0
220394,1,1,1992,27,20,27,17,10,12,0,23,26,7
220396,1,1,1992,24,24,24,24,24,24,24,24,24,24
220397,0,1,1992,1,1,1,1,1,1,1,1,1,1
220397,1,1,1992,22,22,22,22,22,22,22,22,22,22
220398,1,1,1992,0,0,0,0,0,0,0,0,0,0
220398,2,1,1992,0,0,0,0,0,0,0,13,0,0
220399,0,1,1992,24,24,24,24,24,24,24,24,24,24
220399,1,1,1992,16,16,16,16,16,16,16,16,16,16
220400,1,1,1992,0,0,0,0,0,0,0,0,0,0
220400,2,1,1992,0,0,0,0,0,0,0,0,0,0
220401,1,1,1992,0,0,0,0,0,0,0,0,0,0
220401,2,1,1992,0,0,0,0,0,0,0,0,0,0
220402,1,1,1992,0,0,0,0,0,0,0,0,0,0
220402,2,1,1992,0,0,0,0,0,0,0,0,0,0
220403,1,1,1992,27,27,27,27,27,27,27,27,27,27
220404,1,1,1992,40,40,40,40,40,40,40,40,40,40
220404,2,1,1992,0,0,0,0,0,0,0,0,0,0
220405,1,1,1992,3,3,3,3,3,3,3,3,3,3
220405,2,1,1992,0,0,0,0,0,0,0,0,0,0
220406,1,1,1992,8,0,0,0,0,0,0,7,0,0
220408,1,1,1992,0,21,9,0,0,0,22,27,0,0
220410,1,1,1992,0,0,0,0,0,0,0,0,9,0
220410,2,1,1992,0,0,0,0,0,0,0,0,0,0
220411,1,1,1992,26,9,3,13,6,23,10,18,22,6
220412,0,1,1992,44,0,0,32,0,0,0,0,0,0
220412,1,1,1992,0,0,0,0,0,0,0,0,0,0
220413,1,1,1992,22,22,22,22,22,22,22,22,22,22
220414,1,1,1992,0,0,0,0,0,0,0,0,0,0
220414,2,1,1992,0,0,0,0,0,0,0,0,0,0
220415,1,1,1992,4,4,4,4,4,4,4,4,4,4
220416,1,1,1992,0,0,0,0,0,0,0,0,0,0
220416,2,1,1992,0,0,0,0,0,0,0,0,0,0
220416,3,1,1992,0,0,0,0,0,0,0,0,0,0
220417,0,1,1992,12,12,12,12,12,12,12,12,12,12
220417,1,1,1992,18,18,18,18,18,18,18,18,18,18
220419,1,1,1992,29,29,29,29,29,29,29,29,29,29
220419,2,1,1992,0,0,0,0,0,0,0,0,0,0
220420,1,1,1992,27,27,27,27,27,27,27,27,27,27
220421,0,1,1992,0,12,0,0,17,0,15,0,11,0
220421,1,1,1992,3,0,0,0,0,0,0,0,7,0
220421,2,1,1992,11,0,0,0,0,0,0,0,0,0
220422,1,1,1992,18,18,18,18,18,18,18,18,18,18
220423,0,1,1992,15,0,17,14,0,26,21,0,0,0
220423,1,1,1992,0,0,0,0,0,0,0,0,0,0
220424,0,1,1992,16,0,0,22,17,10,30,13,12,16
220424,1,1,1992,8,8,8,8,8,8,8,8,8,8
220425,0,1,1992,1,1,1,1,1,1,1,1,1,1
220425,1,1,1992,0,0,0,0,0,0,0,0,0,0
220426,1,1,1992,0,0,0,0,0,0,0,0,0,0
220427,0,1,1992,13,13,13,13,13,13,13,13,13,13
220427,1,1,1992,10,10,10,10,10,10,10,10,10,10
220429,0,1,1992,23,0,0,9,21,0,0,0,22,0
220429,1,1,1992,0,0,0,0,0,0,0,0,14,0
220430,1,1,1992,15,15,15,15,15,15,15,15,15,15
220430,2,1,1992,0,16,18,32,37,29,0,28,6,0
220431,1,1,1992,0,0,0,0,0,0,0,0,0,0
220432,1,1,1992,15,15,15,15,15,15,15,15,15,15
220433,1,1,1992,4,4,4,4,4,4,4,4,4,4
220434,0,1,1992,0,0,0,21,24,0,0,0,0,0
220434,1,1,1992,0,0,0,0,0,0,0,0,0,0
220435,1,1,1992,0,0,0,0,0,0,0,0,0,0
220436,1,1,1992,0,0,0,0,0,0,0,0,0,0
220437,0,1,1992,0,25,23,12,25,0,3,0,0,12
220437,1,1,1992,0,21,11,0,0,0,22,0,9,0
220437,2,1,1992,0,0,0,0,0,0,0,0,0,0
220438,0,1,1992,5,5,5,5,5,5,5,5,5,5
220438,1,1,1992,0,0,0,0,6,0,0,8,14,18
220439,1,1,1992,15,28,22,15,33,17,22,15,27,23
220440,1,1,1992,26,26,26,26,26,26,26,26,26,26
220441,0,1,1992,0,0,0,0,0,0,0,0,0,0
220441,1,1,1992,0,0,0,0,0,0,0,0,0,0
220442,1,1,1992,2,3,23,17,25,9,18,0,9,22
220442,2,1,1992,0,0,0,0,0,0,0,0,0,0
220443,1,1,1992,12,12,12,12,12,12,12,12,12,12
220443,2,1,1992,16,0,0,0,0,0,0,0,0,0
220444,1,1,1992,0,0,0,0,0,0,0,0,0,0
220444,2,1,1992,0,0,0,0,0,0,0,0,0,0
220445,1,1,1992,13,13,13,13,13,13,13,13,13,13
220445,2,1,1992,0,0,0,0,0,0,0,0,0,0
220446,1,1,1992,0,0,0,0,0,0,0,0,0,0
220446,2,1,1992,0,0,0,0,0,0,0,0,0,0
220446,3,1,1992,0,0,0,0,0,0,0,0,0,0
220447,1,1,1992,23,23,23,23,23,23,23,23,23,23
220448,1,1,1992,15,7,0,9,17,0,11,27,17,22
220449,1,1,1992,0,20,0,0,22,0,18,16,17,0
220449,2,1,1992,13,0,20,25,0,22,0,0,0,0
220450,1,1,1992,16,12,25,17,7,30,21,20,12,0
220451,1,1,1992,0,0,0,0,0,0,0,0,0,0
220452,1,1,1992,0,0,0,0,0,0,0,0,0,0
220452,2,1,1992,0,0,0,0,0,0,0,0,0,0
220453,1,1,1992,9,9,9,9,9,9,9,9,9,9
220453,2,1,1992,11,11,11,11,11,11,11,11,11,11
220454,1,1,1992,7,7,7,7,7,7,7,7,7,7
220454,2,1,1992,20,20,20,20,20,20,20,20,20,20
220455,1,1,1992,0,0,0,0,0,0,0,0,0,26
220455,2,1,1992,0,0,0,0,0,0,0,0,0,0
220456,1,1,1992,2,2,2,2,2,2,2,2,2,2
220456,2,1,1992,0,0,0,0,0,0,0,0,0,0
220457,1,1,1992,16,0,0,0,0,18,9,0,6,14
220458,0,1,1992,0,0,0,4,0,14,19,0,0,16
220458,1,1,1992,12,19,3,18,26,14,13,9,23,10
220459,1,1,1992,0,0,0,0,0,0,12,0,0,0
220460,1,1,1992,0,0,10,15,15,42,0,12,0,0
220461,1,1,1992,0,0,0,17,0,7,0,0,0,0
220461,2,1,1992,0,0,0,0,0,0,0,0,0,0
220462,1,1,1992,0,0,7,0,0,0,7,0,0,0
220462,2,1,1992,0,0,0,0,0,0,0,0,0,0
220463,1,1,1992,0,0,0,0,0,0,0,0,0,0
220463,2,1,1992,0,0,0,0,0,0,0,0,0,0
220464,1,1,1992,0,33,19,18,0,21,0,0,24,0
220465,1,1,1992,0,0,0,0,0,0,0,0,0,0
220465,2,1,1992,0,0,0,0,0,0,6,0,0,0
220467,1,1,1992,0,0,0,0,0,0,0,0,0,0
220467,2,1,1992,0,0,0,0,0,0,0,0,0,0
220468,1,1,1992,26,14,17,17,26,3,22,17,21,17
220468,2,1,1992,0,0,0,0,0,0,0,0,0,0
220469,1,1,1992,27,27,27,27,27,27,27,27,27,27
220469,2,1,1992,0,0,0,0,0,0,0,0,0,0
220470,1,1,1992,11,14,14,20,7,14,28,6,10,4
220471,1,1,1992,0,0,0,0,0,0,0,0,0,0
220472,1,1,1992,3,3,3,3,3,3,3,3,3,3
220472,2,1,1992,0,0,0,0,0,0,0,0,0,0
220473,1,1,1992,18,18,18,18,18,18,18,18,18,18
220474,1,1,1992,27,15,0,21,10,0,31,12,25,15
220475,1,1,1992,0,0,22,10,0,5,0,0,19,0
220475,2,1,1992,0,0,0,0,0,0,0,0,0,11
220476,1,1,1992,12,0,9,12,28,0,0,20,0,0
220476,2,1,1992,0,0,0,0,0,0,0,0,0,0
220477,0,1,1992,6,6,6,6,6,6,6,6,6,6
220477,1,1,1992,0,0,0,0,0,0,0,0,0,0
220478,0,1,1992,14,14,14,14,14,14,14,14,14,14
220478,1,1,1992,0,16,0,0,0,0,0,0,0,0
220479,1,1,1992,10,10,10,10,10,10,10,10,10,10
220479,2,1,1992,0,0,0,0,0,0,0,0,0,0
220480,1,1,1992,13,18,0,11,0,11,0,28,16,3
220481,0,1,1992,15,16,0,26,0,0,0,0,15,0
220481,1,1,1992,0,0,0,0,0,0,0,0,0,0
220482,1,1,1992,0,0,0,0,0,0,0,0,0,0
220482,2,1,1992,0,0,0,0,0,0,0,0,37,0
220483,1,1,1992,18,20,15,10,31,23,34,31,22,13
220484,1,1,1992,0,0,0,12,13,0,0,0,0,0
220486,1,1,1992,14,0,0,13,0,9,0,20,12,14
220487,1,1,1992,0,0,0,14,0,0,0,15,0,20
220488,1,1,1992,0,0,0,7,0,13,13,0,0,0
220489,1,1,1992,13,14,11,19,29,13,6,16,4,10
220489,2,1,1992,0,6,10,0,0,0,0,7,0,0
220490,1,1,1992,23,31,22,23,20,26,0,15,0,20
220491,0,1,1992,0,0,0,0,0,0,0,0,0,0
220491,1,1,1992,0,0,0,0,0,0,0,0,0,0
220492,1,1,1992,0,0,0,0,0,0,0,0,0,0
220493,1,1,1992,28,28,28,28,28,28,28,28,28,28
220493,2,1,1992,0,0,0,0,0,0,0,0,0,0
220493,3,1,1992,0,0,0,0,0,0,0,0,0,0
220494,1,1,1992,0,0,0,0,0,0,0,0,0,0
220494,2,1,1992,0,0,0,0,0,0,0,0,0,0
220495,1,1,1992,34,34,34,34,34,34,34,34,34,34
220495,2,1,1992,0,0,0,0,0,0,0,0,0,0
220496,1,1,1992,0,0,0,0,0,0,0,0,0,0
220497,1,1,1992,13,13,13,13,13,13,13,13,13,13
220498,1,1,1992,25,25,25,25,25,25,25,25,25,25
220499,1,1,1992,0,0,0,0,0,0,0,0,0,0
220499,2,1,1992,0,0,0,0,0,0,0,0,0,0
220500,1,1,1992,18,18,0,14,23,16,29,22,13,9
220500,2,1,1992,7,7,7,7,7,7,7,7,7,7
220501,1,1,1992,27,27,27,27,27,27,27,27,27,27
220502,0,1,1992,0,0,0,0,0,0,0,0,0,0
220502,1,1,1992,0,0,0,0,0,0,0,0,0,0
220503,1,1,1992,0,0,0,0,0,0,0,0,0,0
220503,2,1,1992,0,0,0,0,0,0,0,0,0,0
220503,3,1,1992,0,0,0,0,0,0,0,0,0,0
220504,1,1,1992,15,18,18,15,49,23,0,0,39,22
220505,1,1,1992,20,20,20,20,20,20,20,20,20,20
220506,1,1,1992,8,8,8,8,8,8,8,8,8,8
220507,1,1,1992,0,0,0,0,0,0,0,0,0,0
220508,0,1,1992,31,31,31,31,31,31,31,31,31,31
220508,1,1,1992,0,0,0,0,0,0,0,0,0,0
220509,1,1,1992,0,0,0,0,0,0,0,0,0,0
220510,0,1,1992,0,0,0,0,0,0,0,0,0,0
220510,1,1,1992,18,18,18,18,18,18,18,18,18,18
220511,1,1,1992,0,0,0,0,0,0,0,0,0,0
220512,1,1,1992,18,28,5,11,13,8,7,20,19,16
220513,1,1,1992,0,0,0,0,0,0,0,0,0,0
220514,1,1,1992,16,6,34,11,34,22,26,16,8,7
220515,0,1,1992,15,15,15,15,15,15,15,15,15,15
220515,1,1,1992,0,0,0,0,0,0,0,0,0,0
220515,2,1,1992,0,0,0,0,0,0,0,0,0,0
220516,0,1,1992,0,0,0,0,0,0,0,0,0,0
220516,1,1,1992,0,0,0,0,0,0,0,0,0,0
220519,1,1,1992,0,0,0,0,0,0,17,0,0,0
220519,2,1,1992,13,0,0,0,0,0,0,0,0,0
220520,1,1,1992,0,0,0,20,0,0,0,17,0,0
220521,1,1,1992,0,22,33,20,8,24,33,0,14,12
220522,1,1,1992,7,6,0,0,20,12,0,10,0,0
220522,2,1,1992,0,2,5,0,0,0,5,0,0,0
220523,1,1,1992,0,0,0,0,0,0,0,0,0,0
220524,1,1,1992,0,0,0,0,0,0,0,0,0,0
220524,2,1,1992,0,19,0,0,14,0,14,21,0,0
220525,0,1,1992,0,0,0,0,0,0,0,0,0,0
220525,1,1,1992,0,17,0,3,0,13,0,0,0,0
220526,1,1,1992,19,19,19,19,19,19,19,19,19,19
220526,2,1,1992,0,2,0,0,0,0,0,0,0,0
220527,1,1,1992,19,19,19,19,19,19,19,19,19,19
220527,2,1,1992,17,0,0,3,0,9,0,0,0,0
220527,3,1,1992,17,17,17,17,17,17,17,17,17,17
220527,4,1,1992,0,0,3,0,0,11,0,0,0,0
220528,1,1,1992,0,0,0,0,0,0,0,0,0,4
220528,2,1,1992,0,0,0,0,0,0,0,0,0,0
220529,1,1,1992,0,0,0,0,0,0,0,0,0,0
220529,2,1,1992,0,0,0,0,0,0,0,0,0,0
220530,1,1,1992,14,9,0,17,0,0,19,14,22,0
220530,2,1,1992,14,14,14,14,14,14,14,14,14,14
220531,1,1,1992,0,0,0,0,0,0,0,0,0,0
220531,2,1,1992,0,0,0,6,0,0,0,0,0,0
220532,0,1,1992,0,0,0,0,0,0,0,0,0,0
220532,1,1,1992,0,0,0,0,0,0,0,0,0,0
220533,1,1,1992,13,13,13,13,13,13,13,13,13,13
220534,1,1,1992,0,11,0,0,0,0,0,0,0,0
220534,2,1,1992,0,30,0,0,5,0,0,0,14,0
220535,1,1,1992,0,0,0,0,0,0,0,0,0,0
220535,2,1,1992,0,0,0,0,0,0,0,0,0,0
220536,1,1,1992,17,17,0,0,13,0,0,0,0,0
220536,2,1,1992,0,0,0,0,0,0,0,0,0,0
220536,3,1,1992,0,0,0,0,0,0,0,0,0,0
220536,4,1,1992,0,0,0,0,0,0,0,0,0,0
220537,1,1,1992,0,0,0,0,0,0,0,0,0,0
220538,1,1,1992,8,8,8,8,8,8,8,8,8,8
220539,1,1,1992,0,0,0,0,0,0,0,0,0,0
220539,2,1,1992,0,0,0,0,0,0,10,0,0,0
220540,1,1,1992,45,45,45,45,45,45,45,45,45,45