ST_CASE,VEH_NO,PER_NO,YEAR,P1,P2,P3,P4,P5,P6,P7,P8,P9,P10
220540,2,1,1992,0,0,0,0,0,0,0,0,0,0
220541,1,1,1992,12,12,12,12,12,12,12,12,12,12
220542,1,1,1992,5,5,5,5,5,5,5,5,5,5
220543,1,1,1992,21,0,20,24,27,30,12,0,14,37
220547,0,1,1992,0,21,24,29,31,0,0,16,9,0
220547,1,1,1992,14,9,0,18,13,0,16,11,21,13
220548,1,1,1992,0,0,0,0,0,0,0,7,0,0
220548,2,1,1992,0,0,0,0,0,0,0,0,0,0
220549,1,1,1992,0,0,0,0,0,0,0,0,0,0
220549,2,1,1992,0,0,0,0,0,0,0,0,0,0
220550,1,1,1992,0,0,0,0,0,0,0,0,0,0
220550,2,1,1992,0,0,0,0,0,0,0,0,0,0
220551,1,1,1992,30,30,30,30,30,30,30,30,30,30
220552,1,1,1992,25,5,31,0,15,19,26,13,16,0
220553,1,1,1992,0,0,0,0,0,0,0,0,0,0
220553,2,1,1992,0,0,0,0,0,0,0,0,0,0
220554,1,1,1992,9,9,9,9,9,9,9,9,9,9
220555,0,1,1992,0,0,0,0,0,0,0,0,0,0
220555,1,1,1992,0,0,0,0,0,0,0,0,0,0
220556,1,1,1992,16,16,16,16,16,16,16,16,16,16
220557,1,1,1992,0,0,0,0,0,0,0,0,0,0
220557,2,1,1992,0,0,0,0,0,0,0,0,0,0
220558,0,1,1992,0,17,0,0,0,0,14,0,36,12
220558,0,2,1992,21,0,19,0,21,23,0,0,0,27
220558,1,1,1992,0,0,0,0,0,0,0,0,0,0
220560,1,1,1992,10,10,10,10,10,10,10,10,10,10
220561,1,1,1992,0,0,0,0,0,0,0,0,0,0
220561,2,1,1992,0,0,0,0,3,0,0,0,0,0
220562,1,1,1992,0,0,0,0,0,0,0,0,0,0
220563,1,1,1992,0,0,0,0,0,0,0,0,0,0
220564,1,1,1992,18,0,0,0,0,3,0,0,14,0
220564,2,1,1992,0,0,0,0,0,0,0,0,0,0
220565,1,1,1992,0,0,0,0,0,0,0,0,0,0
220566,0,1,1992,31,31,31,31,31,31,31,31,31,31
220566,1,1,1992,0,0,0,0,0,0,0,0,0,0
220567,1,1,1992,11,11,11,11,11,11,11,11,11,11
220567,2,1,1992,0,0,0,0,0,0,0,0,0,0
220568,0,1,1992,0,0,16,16,16,0,13,3,13,0
220568,1,1,1992,0,0,0,0,0,0,19,13,0,0
220570,1,1,1992,0,0,0,0,0,0,0,0,0,0
220570,2,1,1992,0,0,0,0,0,0,0,0,0,0
220571,1,1,1992,9,14,18,1,17,11,0,0,18,4
220572,1,1,1992,0,0,0,0,0,0,0,0,0,8
220573,1,1,1992,0,10,0,22,0,12,0,0,9,0
220574,1,1,1992,19,21,22,0,0,16,22,35,11,0
220575,1,1,1992,0,0,0,0,0,0,0,0,0,0
220575,2,1,1992,0,0,0,0,0,0,0,0,0,0
220576,1,1,1992,28,0,0,0,0,0,0,0,0,0
220576,2,1,1992,0,0,0,0,0,0,0,0,0,0
220577,1,1,1992,0,0,0,0,0,0,0,0,0,0
220578,0,1,1992,0,0,0,0,0,0,0,0,0,0
220578,1,1,1992,5,5,5,5,5,5,5,5,5,5
220579,1,1,1992,0,19,18,0,25,0,0,0,10,17
220580,1,1,1992,0,4,0,18,14,6,0,13,0,13
220582,1,1,1992,21,21,21,21,21,21,21,21,21,21
220583,1,1,1992,13,13,13,13,13,13,13,13,13,13
220584,1,1,1992,0,0,0,0,0,0,21,0,0,0
220585,0,1,1992,18,20,13,20,14,20,25,14,30,24
220585,1,1,1992,0,0,0,0,0,0,0,0,0,27
220586,1,1,1992,0,0,0,0,0,0,0,0,0,0
220586,2,1,1992,0,0,20,0,0,0,0,0,0,0
220587,1,1,1992,13,23,9,16,21,21,20,14,23,14
220588,0,1,1992,0,0,0,0,0,0,0,0,0,0
220588,1,1,1992,0,0,0,0,0,0,0,0,0,0
220589,1,1,1992,10,10,10,10,10,10,10,10,10,10
220589,2,1,1992,0,0,0,0,0,0,0,0,0,0
220590,1,1,1992,0,0,0,0,0,0,0,0,0,0
220590,2,1,1992,0,0,0,0,0,0,0,0,0,0
220591,1,1,1992,0,0,0,0,0,0,0,0,0,0
220594,1,1,1992,0,0,0,0,0,0,0,0,0,0
220595,1,1,1992,0,0,0,0,0,0,0,0,0,0
220595,2,1,1992,0,0,0,0,0,0,0,0,0,0
220596,1,1,1992,1,1,1,1,1,1,1,1,1,1
220597,0,1,1992,30,31,12,25,20,23,23,19,39,15
220597,1,1,1992,0,0,0,0,0,0,0,0,0,0
220598,0,1,1992,0,0,0,0,0,0,0,0,0,0
220598,1,1,1992,0,0,0,0,0,0,0,0,0,0
220599,0,1,1992,0,0,11,0,0,0,0,0,0,0
220599,1,1,1992,0,0,0,0,0,0,0,0,0,0
220600,1,1,1992,0,0,0,0,0,0,0,0,0,0
220601,1,1,1992,0,35,0,0,6,22,0,0,15,14
220601,2,1,1992,13,0,0,10,0,0,0,0,0,0
220602,1,1,1992,14,14,14,14,14,14,14,14,14,14
220603,1,1,1992,11,11,11,11,11,11,11,11,11,11
220603,2,1,1992,0,0,0,0,15,0,0,0,0,12
220604,1,1,1992,18,0,0,0,26,0,12,25,0,0
220605,0,1,1992,0,0,0,0,0,0,0,0,0,0
220605,1,1,1992,0,0,0,0,0,0,0,0,0,0
220606,1,1,1992,0,0,0,0,0,0,0,0,0,0
220606,2,1,1992,0,0,0,0,0,0,0,0,4,0
220607,0,1,1992,0,0,0,0,0,0,0,0,0,0
220607,1,1,1992,0,0,0,0,0,0,0,0,0,0
220608,1,1,1992,0,0,0,0,0,0,24,0,0,0
220609,0,1,1992,0,0,20,0,44,30,24,0,55,40
220609,1,1,1992,0,0,8,0,0,0,6,0,0,0
220610,0,1,1992,0,0,0,0,0,0,0,0,0,0
220610,1,1,1992,9,9,9,9,9,9,9,9,9,9
220611,1,1,1992,0,0,0,0,0,0,0,0,0,0
220612,1,1,1992,0,0,0,4,0,0,0,0,0,0
220613,0,1,1992,13,13,13,13,13,13,13,13,13,13
220613,1,1,1992,0,0,0,0,0,0,0,0,0,0
220614,1,1,1992,20,0,20,0,22,20,0,34,30,12
220615,1,1,1992,0,0,0,0,0,9,15,0,0,0
220615,2,1,1992,9,27,11,19,38,10,14,19,24,11
220616,1,1,1992,0,0,0,0,0,0,0,0,0,0
220617,0,1,1992,0,0,0,0,0,0,0,0,0,0
220617,1,1,1992,0,0,0,0,0,0,0,0,0,0
220618,1,1,1992,0,0,0,0,0,0,0,0,0,0
220619,1,1,1992,0,0,0,0,0,0,0,0,0,0
220619,2,1,1992,5,11,0,0,15,0,0,0,0,0
220620,1,1,1992,22,22,22,22,22,22,22,22,22,22
220621,1,1,1992,0,14,0,0,0,0,0,0,0,12
220621,2,1,1992,4,4,4,4,4,4,4,4,4,4
220622,1,1,1992,0,0,0,0,0,0,0,0,0,0
220622,2,1,1992,0,0,0,0,0,0,0,0,0,0
220623,1,1,1992,0,0,0,0,0,0,0,0,0,0
220623,2,1,1992,25,25,25,25,25,25,25,25,25,25
220624,0,1,1992,22,17,31,16,13,25,16,28,31,0
220624,1,1,1992,0,0,0,0,0,17,0,0,0,0
220625,1,1,1992,0,0,0,0,0,0,0,0,0,0
220625,2,1,1992,0,0,0,0,0,0,0,0,0,0
220626,1,1,1992,29,29,29,29,29,29,29,29,29,29
220627,0,1,1992,0,0,0,0,0,0,0,0,0,0
220627,1,1,1992,0,0,7,0,0,0,0,0,0,0
220628,1,1,1992,0,0,0,0,0,0,0,0,0,0
220628,2,1,1992,0,0,0,0,0,0,0,0,0,0
220629,1,1,1992,0,16,20,14,18,24,0,31,20,34
220630,0,1,1992,0,0,0,0,0,0,0,0,0,0
220630,1,1,1992,0,0,0,0,0,0,0,0,0,0
220631,1,1,1992,17,17,17,17,17,17,17,17,17,17
220632,1,1,1992,0,0,11,0,0,0,14,0,0,0
220632,2,1,1992,0,0,0,0,0,0,0,0,0,0
220633,1,1,1992,12,23,31,14,13,13,0,19,16,16
220634,1,1,1992,3,3,3,3,3,3,3,3,3,3
220634,2,1,1992,5,0,0,0,0,0,0,0,0,0
220634,3,1,1992,0,0,0,0,0,0,0,0,0,0
220635,1,1,1992,24,24,24,24,24,24,24,24,24,24
220635,2,1,1992,0,0,5,0,0,0,0,0,0,0
220635,3,1,1992,0,0,0,0,0,0,0,0,0,0
220636,1,1,1992,24,24,24,24,24,24,24,24,24,24
220637,1,1,1992,5,13,0,13,0,0,0,16,0,0
220637,2,1,1992,0,0,0,0,0,0,0,0,0,0
220638,1,1,1992,0,0,16,0,0,0,0,0,0,0
220639,1,1,1992,0,0,0,0,0,0,0,0,0,0
220640,1,1,1992,0,0,0,0,0,0,0,0,0,0
220641,1,1,1992,19,19,19,19,19,19,19,19,19,19
220642,1,1,1992,0,10,19,19,8,23,22,7,22,13
220644,1,1,1992,0,10,0,0,28,13,0,19,37,0
220645,1,1,1992,2,2,2,2,2,2,2,2,2,2
220646,1,1,1992,11,11,11,11,11,11,11,11,11,11
220647,1,1,1992,0,0,0,0,0,0,0,0,0,0
220647,2,1,1992,0,0,0,0,0,0,0,0,0,0
220648,1,1,1992,11,11,11,11,11,11,11,11,11,11
220648,2,1,1992,17,0,0,0,0,0,0,0,0,0
220649,1,1,1992,5,5,5,5,5,5,5,5,5,5
220650,0,1,1992,38,13,22,22,25,28,29,16,32,17
220650,1,1,1992,0,0,0,0,0,0,0,0,0,0
220651,1,1,1992,0,0,0,0,19,44,0,0,0,0
220652,1,1,1992,28,28,28,28,28,28,28,28,28,28
220652,2,1,1992,0,0,0,0,0,0,0,0,0,0
220653,1,1,1992,23,23,23,23,23,23,23,23,23,23
220654,1,1,1992,0,0,12,8,0,5,0,14,15,0
220654,2,1,1992,14,27,0,9,18,0,20,8,18,0
220654,3,1,1992,25,32,15,16,9,10,5,8,9,8
220655,1,1,1992,27,9,20,9,30,18,15,29,23,15
220656,1,1,1992,22,22,22,22,22,22,22,22,22,22
220656,2,1,1992,0,0,0,0,0,0,0,0,0,0
220657,1,1,1992,0,0,0,0,0,0,0,0,0,0
220658,1,1,1992,0,0,0,0,0,0,0,0,0,0
220659,1,1,1992,0,15,0,21,0,0,0,13,0,0
220660,1,1,1992,0,0,0,0,0,0,0,0,0,0
220660,2,1,1992,0,0,0,0,0,0,0,0,0,0
220661,0,1,1992,0,2,0,24,14,31,0,0,16,0
220661,1,1,1992,0,0,0,0,0,0,0,0,0,0
220662,1,1,1992,0,0,0,0,0,0,0,12,0,0
220662,2,1,1992,0,0,0,0,0,0,0,0,0,0
220663,1,1,1992,0,0,0,0,0,0,0,25,0,0
220664,0,1,1992,2,2,2,2,2,2,2,2,2,2
220664,1,1,1992,0,0,0,0,13,0,0,0,0,0
220665,0,1,1992,0,0,0,0,0,0,0,0,0,0
220665,1,1,1992,4,4,4,4,4,4,4,4,4,4
220665,2,1,1992,0,0,0,0,0,0,14,5,0,0
220666,1,1,1992,0,0,0,0,0,0,0,0,0,0
220667,0,1,1992,12,0,17,0,0,27,0,0,0,0
220667,1,1,1992,14,0,0,0,0,0,0,0,0,0
220668,0,1,1992,0,0,0,0,0,0,0,0,0,0
220668,1,1,1992,22,22,22,22,22,22,22,22,22,22
220669,1,1,1992,0,0,0,0,0,0,0,0,0,0
220669,2,1,1992,0,0,0,0,0,0,0,0,0,0
220670,1,1,1992,0,0,0,0,0,0,0,0,0,0
220671,1,1,1992,0,0,0,0,19,0,19,0,0,0
220672,0,1,1992,0,0,0,0,0,0,0,0,0,0
220672,1,1,1992,0,0,0,0,0,0,0,0,0,0
220673,1,1,1992,0,0,0,0,0,0,0,0,0,0
220674,0,1,1992,0,0,0,0,0,0,0,0,0,0
220674,1,1,1992,0,0,0,0,0,0,0,0,8,0
220676,1,1,1992,8,0,0,0,0,0,16,0,0,0
220676,2,1,1992,0,21,0,0,0,0,0,0,0,0
220678,1,1,1992,12,16,24,16,15,14,14,6,10,26
220679,1,1,1992,0,0,0,0,0,0,0,0,0,0
220679,2,1,1992,0,0,0,0,0,0,0,0,0,0
220680,1,1,1992,10,0,0,0,0,0,0,0,0,26
220681,1,1,1992,0,0,0,0,0,0,0,0,0,0
220681,2,1,1992,0,0,0,21,0,0,0,5,0,5
220682,1,1,1992,0,0,0,0,0,0,0,0,0,13
220682,2,1,1992,10,0,14,15,0,25,16,0,0,3
220683,1,1,1992,12,12,12,12,12,12,12,12,12,12
220683,2,1,1992,1,1,1,1,1,1,1,1,1,1
220683,3,1,1992,5,0,0,0,0,0,0,0,0,0
220683,4,1,1992,0,0,0,0,0,0,0,0,0,0
220684,1,1,1992,19,19,19,19,19,19,19,19,19,19
220685,1,1,1992,16,16,16,16,16,16,16,16,16,16
220686,1,1,1992,11,20,26,11,8,25,15,6,17,11
220687,0,1,1992,20,21,9,0,9,7,31,30,0,0
220687,1,1,1992,17,17,17,17,17,17,17,17,17,17
220688,0,1,1992,28,29,24,12,20,26,0,11,23,0
220688,1,1,1992,16,16,16,16,16,16,16,16,16,16
220689,1,1,1992,0,4,0,0,0,0,0,0,0,0
220689,2,1,1992,1,1,1,1,1,1,1,1,1,1
220690,1,1,1992,29,29,29,29,29,29,29,29,29,29
220691,1,1,1992,9,16,24,10,23,24,32,16,17,12
220692,1,1,1992,0,0,0,0,0,0,0,0,0,0
220692,2,1,1992,0,0,0,0,0,0,0,0,0,0
220693,1,1,1992,18,33,12,28,10,13,5,11,20,20
220694,0,1,1992,0,0,13,0,3,10,0,24,14,21
220694,1,1,1992,0,0,0,0,0,0,0,0,0,0
220695,1,1,1992,0,0,0,0,0,0,0,0,0,0
220695,2,1,1992,0,0,0,0,0,0,0,0,0,0
220696,1,1,1992,15,15,15,15,15,15,15,15,15,15
220696,2,1,1992,15,15,15,15,15,15,15,15,15,15
220697,1,1,1992,0,0,0,0,0,0,0,0,0,0
220697,2,1,1992,20,53,10,14,21,3,7,6,14,22
220698,1,1,1992,9,9,9,9,9,9,9,9,9,9
220699,1,1,1992,32,0,5,30,14,0,23,13,10,24
220699,2,1,1992,0,0,0,0,0,0,0,14,0,0
220700,1,1,1992,12,12,12,12,12,12,12,12,12,12
220700,2,1,1992,0,0,0,0,0,0,0,0,0,0
220701,0,1,1992,20,20,20,20,20,20,20,20,20,20
220701,1,1,1992,15,15,15,15,15,15,15,15,15,15
220702,0,1,1992,5,5,5,5,5,5,5,5,5,5
220702,1,1,1992,0,0,19,0,0,0,7,16,10,15
220703,1,1,1992,0,0,0,0,0,0,0,0,0,0
220703,2,1,1992,0,0,0,0,0,0,0,0,0,0
220704,1,1,1992,2,13,35,13,12,0,11,0,0,19
220705,1,1,1992,0,0,0,0,0,0,0,0,0,0
220705,2,1,1992,0,0,0,0,0,0,4,0,0,0
220706,1,1,1992,0,0,0,0,0,0,0,0,0,0
220708,0,1,1992,0,0,3,8,0,16,0,0,0,0
220708,1,1,1992,0,24,0,0,18,0,11,18,25,0
220709,0,1,1992,0,0,0,0,0,0,0,0,0,0
220709,1,1,1992,0,0,0,0,0,0,0,0,0,0
220710,1,1,1992,22,9,18,19,40,21,16,36,28,0
220711,1,1,1992,20,0,0,0,0,0,15,0,0,25
220711,2,1,1992,0,0,0,0,0,0,0,0,0,0
220712,1,1,1992,8,8,8,8,8,8,8,8,8,8
220712,2,1,1992,0,0,0,0,0,0,0,0,0,0
220713,1,1,1992,17,10,27,29,0,12,8,0,0,12
220714,1,1,1992,26,26,26,26,26,26,26,26,26,26
220714,2,1,1992,16,0,0,8,0,0,0,0,0,0
220715,1,1,1992,10,10,10,10,10,10,10,10,10,10
220716,1,1,1992,13,0,0,0,14,0,0,0,5,18
220717,0,1,1992,0,0,0,0,0,0,0,0,0,0
220717,1,1,1992,0,0,0,0,0,0,0,0,0,0
220718,0,1,1992,0,0,0,0,0,0,0,15,0,9
220718,1,1,1992,23,23,23,23,23,23,23,23,23,23
220719,1,1,1992,15,15,15,15,15,15,15,15,15,15
220719,2,1,1992,0,0,0,0,0,0,0,0,0,0
220720,1,1,1992,20,17,5,13,18,11,18,15,0,13
220721,1,1,1992,0,11,0,0,0,0,19,0,11,20
220722,1,1,1992,18,18,18,18,18,18,18,18,18,18
220723,0,1,1992,26,26,26,26,26,26,26,26,26,26
220723,1,1,1992,0,0,0,0,0,0,0,0,0,0
220724,1,1,1992,0,0,0,0,0,0,20,0,0,0
220725,1,1,1992,30,23,25,0,0,7,0,0,18,0
220726,1,1,1992,13,13,13,13,13,13,13,13,13,13
220727,1,1,1992,0,20,0,0,0,0,0,18,12,0
220727,2,1,1992,0,0,0,0,0,0,0,0,0,0
220728,1,1,1992,20,20,20,20,20,20,20,20,20,20
220729,1,1,1992,0,0,0,0,0,0,0,0,0,0
220730,1,1,1992,18,18,18,18,18,18,18,18,18,18
220731,1,1,1992,0,0,0,0,0,0,0,0,0,0
220732,1,1,1992,0,25,0,0,0,11,0,0,0,0
220732,2,1,1992,0,0,0,0,0,0,0,0,0,0
220733,1,1,1992,0,15,0,8,0,13,22,15,17,22
220733,2,1,1992,0,10,20,14,0,13,22,7,22,7
220734,1,1,1992,0,0,0,0,0,0,0,0,0,0
220734,2,1,1992,0,0,0,0,0,0,18,0,0,0
220735,0,1,1992,31,31,31,31,31,31,31,31,31,31
220735,1,1,1992,0,0,0,0,0,0,0,0,0,0
220736,1,1,1992,31,31,31,31,31,31,31,31,31,31
220737,0,1,1992,0,0,0,0,0,0,0,0,0,0
220737,1,1,1992,2,2,2,2,2,2,2,2,2,2
220738,2,1,1992,0,0,0,0,13,14,10,0,0,15
220738,3,1,1992,28,9,0,0,26,0,0,31,6,0
220738,4,1,1992,0,0,0,11,4,0,0,0,22,0
220739,1,1,1992,0,0,0,8,0,0,0,0,0,0
220739,2,1,1992,0,0,0,0,0,0,0,0,0,0
220740,1,1,1992,0,0,0,0,0,0,0,0,0,0
220741,1,1,1992,11,11,11,11,11,11,11,11,11,11
220741,2,1,1992,0,0,0,0,0,0,0,0,0,0
220742,1,1,1992,0,0,0,0,0,0,0,0,0,0
220743,1,1,1992,13,21,7,14,13,18,9,14,15,0
220744,1,1,1992,0,0,0,0,0,0,0,0,0,0
220744,2,1,1992,0,0,0,0,0,0,0,0,0,0
220745,1,1,1992,23,23,23,23,23,23,23,23,23,23
220746,1,1,1992,20,20,20,20,20,20,20,20,20,20
220747,0,1,1992,19,19,19,19,19,19,19,19,19,19
220747,1,1,1992,0,0,0,0,0,0,0,0,22,0
220748,0,1,1992,37,37,37,37,37,37,37,37,37,37
220748,1,1,1992,0,0,0,0,0,0,0,0,0,0
220749,1,1,1992,0,0,0,0,0,0,0,0,0,0
220749,2,1,1992,0,0,0,0,0,0,0,0,0,0
220749,3,1,1992,0,0,0,0,0,0,0,0,0,0
220750,1,1,1992,24,24,24,24,24,24,24,24,24,24
220751,0,1,1992,13,13,13,13,13,13,13,13,13,13
220751,1,1,1992,0,0,0,0,0,0,0,0,0,0
220752,1,1,1992,0,0,0,0,0,0,0,0,0,0
220753,1,1,1992,0,0,0,0,0,0,28,0,0,0
220754,1,1,1992,12,12,12,12,12,12,12,12,12,12
220754,2,1,1992,0,0,0,0,0,0,0,0,0,0
220755,0,1,1992,15,15,5,22,0,26,19,22,13,0
220755,1,1,1992,0,0,0,0,0,0,0,0,0,0
220756,1,1,1992,24,0,22,19,16,0,4,23,5,12
220757,1,1,1992,0,0,0,0,0,0,0,0,0,0
220757,2,1,1992,0,0,0,0,0,0,0,0,0,0
220758,1,1,1992,0,0,0,0,0,0,0,0,0,0
220759,0,1,1992,0,22,0,0,0,0,0,7,9,0
220759,1,1,1992,0,0,0,0,0,0,0,0,0,0
220761,1,1,1992,0,0,14,25,13,0,0,0,0,2
220762,1,1,1992,27,27,27,27,27,27,27,27,27,27
220762,2,1,1992,20,5,0,0,0,0,0,0,0,0
220763,1,1,1992,11,0,18,11,30,0,0,0,30,0
220764,1,1,1992,25,25,25,25,25,25,25,25,25,25
220765,1,1,1992,0,15,0,0,0,0,0,0,0,0
220766,1,1,1992,0,0,0,0,0,0,0,0,0,0
220766,2,1,1992,0,0,0,0,0,0,0,0,0,0
220768,1,1,1992,0,0,0,14,0,0,0,0,7,0
220769,1,1,1992,0,0,0,0,0,0,0,0,0,0
220769,2,1,1992,0,0,0,0,0,0,14,20,0,0
220770,1,1,1992,0,0,0,0,0,0,0,0,19,0
220770,2,1,1992,0,0,0,0,0,0,0,0,0,0
220771,1,1,1992,19,19,19,19,19,19,19,19,19,19
220772,1,1,1992,5,8,16,15,5,9,10,22,5,11
220772,2,1,1992,0,0,0,0,0,0,0,0,0,0
220773,1,1,1992,0,0,0,0,0,0,0,0,0,0
220773,2,1,1992,0,0,0,0,0,0,0,0,0,0
220773,3,1,1992,0,0,0,0,0,0,0,0,0,0
220774,1,1,1992,14,14,14,14,14,14,14,14,14,14
220774,2,1,1992,0,0,0,0,0,0,0,0,0,0
220775,1,1,1992,23,29,18,12,22,23,49,11,30,7
220776,0,1,1992,45,45,45,45,45,45,45,45,45,45
220776,1,1,1992,22,22,22,22,22,22,22,22,22,22
220777,1,1,1992,0,22,0,0,0,0,0,0,10,5
220778,1,1,1992,0,0,7,0,0,9,0,11,0,0
220779,1,1,1992,0,0,0,0,0,0,0,0,0,0
220779,2,1,1992,0,0,0,0,0,0,0,0,0,0
220779,3,1,1992,0,0,0,0,0,0,0,0,0,0
220780,0,1,1992,0,10,0,0,17,19,20,19,0,0
220780,1,1,1992,0,0,0,0,0,0,0,0,0,0
220781,0,1,1992,6,15,0,37,0,13,5,0,29,0
220781,1,1,1992,0,0,0,0,0,0,0,0,0,0
220782,1,1,1992,15,0,0,0,8,0,0,0,0,0
220783,1,1,1992,2,2,2,2,2,2,2,2,2,2
220784,1,1,1992,0,8,0,11,0,0,0,0,0,16
220785,0,1,1992,0,0,0,0,0,0,0,0,0,0
220785,1,1,1992,0,0,0,0,0,0,0,0,0,0
220786,1,1,1992,22,19,0,0,27,17,0,0,0,23
220787,1,1,1992,0,0,0,0,0,0,0,0,0,0
220788,0,1,1992,35,35,35,35,35,35,35,35,35,35
220788,1,1,1992,16,16,16,16,16,16,16,16,16,16
220789,2,1,1992,0,0,0,0,0,0,0,0,0,0
220790,1,1,1992,0,0,0,0,0,0,0,0,0,0
220791,1,1,1992,0,0,0,0,0,0,0,0,0,0
220791,2,1,1992,0,0,0,0,0,0,0,0,0,0
220791,3,1,1992,0,0,0,0,0,0,0,10,0,0
220792,0,1,1992,18,29,0,0,0,0,23,0,0,27
220792,1,1,1992,0,0,0,0,0,0,0,0,0,0
220793,1,1,1992,11,21,18,25,3,20,25,27,16,3
220794,1,1,1992,0,29,0,0,0,0,28,0,0,0
220796,1,1,1992,4,4,4,4,4,4,4,4,4,4
220796,2,1,1992,0,0,0,0,0,0,0,0,0,0
220797,0,1,1992,0,0,0,0,0,0,0,0,0,0
220797,1,1,1992,0,0,0,0,0,0,0,0,0,0
220798,0,1,1992,27,27,27,27,27,27,27,27,27,27
220798,1,1,1992,3,0,0,0,3,0,0,0,0,0
220799,1,1,1992,0,8,17,37,17,0,15,20,24,5
220800,1,1,1992,23,23,23,23,23,23,23,23,23,23
220800,2,1,1992,0,0,0,0,0,0,0,0,0,0
220801,0,1,1992,33,33,33,33,33,33,33,33,33,33
220801,1,1,1992,28,28,28,28,28,28,28,28,28,28
220802,1,1,1992,9,9,9,9,9,9,9,9,9,9
220802,2,1,1992,0,0,0,0,0,0,0,0,0,0
220803,1,1,1992,0,0,0,0,0,0,0,0,0,0
220803,2,1,1992,0,0,0,0,0,0,0,0,0,0
220804,1,1,1992,7,18,13,24,26,18,20,16,0,15
220805,0,1,1992,23,24,15,18,24,9,11,15,18,28
220805,1,1,1992,0,0,0,0,0,0,2,0,0,0
220806,1,1,1992,0,0,0,0,0,11,0,0,0,0
220807,0,1,1992,0,0,0,0,0,0,0,0,0,18
220807,1,1,1992,0,0,0,0,0,0,0,0,0,0
220808,1,1,1992,0,0,0,0,0,0,0,0,0,0
220808,2,1,1992,0,0,0,0,0,0,4,0,0,0
220809,0,1,1992,8,33,26,0,0,0,0,36,0,0
220809,1,1,1992,0,0,0,0,0,0,0,0,0,0
220810,1,1,1992,0,0,0,0,0,0,0,0,0,0
220810,2,1,1992,0,0,0,0,0,0,0,0,0,0
220811,1,1,1992,5,5,5,5,5,5,5,5,5,5
220811,2,1,1992,0,0,0,0,0,0,0,0,0,0
220813,0,1,1992,14,17,0,10,13,26,3,0,13,20
220813,1,1,1992,0,5,17,10,0,12,13,22,12,18
220814,0,1,1992,18,18,14,26,21,18,36,8,5,0
220814,1,1,1992,0,0,0,0,0,0,0,0,0,0
220815,1,1,1992,0,8,0,0,0,0,0,0,0,0
220816,1,1,1992,0,0,0,0,0,0,0,0,0,0
220816,2,1,1992,0,0,0,0,0,0,0,0,0,0
220817,0,1,1992,0,0,0,0,0,0,0,0,0,0
220817,1,1,1992,0,0,0,0,0,0,0,0,0,0
220818,0,1,1992,15,0,0,0,0,28,22,9,0,0
220818,1,1,1992,31,0,0,0,17,0,0,0,10,0
220819,0,1,1992,20,6,0,0,17,0,0,0,0,0
220819,0,2,1992,0,0,13,9,0,0,0,25,7,0
220819,0,3,1992,0,0,0,0,0,0,9,0,0,17
220819,0,4,1992,0,0,0,0,24,0,0,0,0,0
220819,1,1,1992,6,6,6,6,6,6,6,6,6,6
220821,1,1,1992,0,0,0,0,6,0,0,0,0,0
220823,0,1,1992,0,0,0,0,0,0,0,0,0,0
220823,1,1,1992,0,0,0,0,0,0,0,0,0,0
220824,0,1,1992,0,34,0,15,12,10,0,28,23,0
220824,1,1,1992,0,0,0,0,0,0,0,0,0,0
220825,1,1,1992,0,0,0,0,0,0,0,0,0,0
220825,2,1,1992,0,0,0,0,0,0,0,0,14,0
220826,0,1,1992,21,0,26,0,11,10,22,19,16,24
220826,1,1,1992,0,0,0,0,18,0,0,0,9,12
220827,1,1,1992,0,0,0,0,0,0,0,0,0,0
220827,2,1,1992,0,0,9,0,0,0,0,0,0,0
220828,0,1,1992,0,0,0,12,0,6,0,23,0,0
220828,0,2,1992,0,10,26,0,17,0,0,9,4,0
220828,0,3,1992,0,29,0,0,0,0,13,0,0,0
220828,1,1,1992,0,0,0,0,0,0,0,0,0,0
220828,2,1,1992,6,14,12,20,14,4,14,33,4,21
220829,0,1,1992,0,0,0,4,0,0,0,0,0,0
220829,1,1,1992,0,0,0,0,0,0,0,0,0,0
220830,0,1,1992,0,15,0,0,11,0,0,0,0,0
220830,1,1,1992,0,0,0,0,0,0,0,0,0,0
220831,1,1,1992,0,22,0,6,0,0,0,10,0,0
220832,1,1,1992,0,0,23,0,0,27,23,0,12,0
220833,1,1,1992,0,0,0,0,0,0,0,0,0,0
220833,2,1,1992,0,0,0,0,0,0,0,0,0,0
220834,1,1,1992,3,0,0,0,0,0,0,0,0,0
220834,2,1,1992,0,0,0,0,0,0,0,0,0,0
220835,1,1,1992,0,0,0,0,0,0,0,0,0,0
220836,0,1,1992,0,0,0,0,0,0,0,0,0,0
220836,1,1,1992,0,0,0,0,0,0,0,0,0,0
220836,2,1,1992,0,0,0,0,0,0,0,0,0,0