ST_CASE,VEH_NO,PER_NO,YEAR,P1,P2,P3,P4,P5,P6,P7,P8,P9,P10
240109,2,1,1992,0,0,0,0,0,0,0,0,0,0
240110,1,1,1992,18,18,18,18,18,18,18,18,18,18
240110,2,1,1992,0,0,0,0,0,0,0,0,0,0
240111,1,1,1992,12,21,18,19,14,21,18,14,23,9
240112,1,1,1992,1,1,1,1,1,1,1,1,1,1
240113,1,1,1992,21,0,0,22,0,0,27,0,0,9
240114,1,1,1992,0,0,0,0,0,0,0,0,0,0
240115,1,1,1992,0,0,0,0,0,0,0,0,0,0
240116,1,1,1992,4,4,4,4,4,4,4,4,4,4
240117,1,1,1992,0,0,0,0,0,0,0,0,0,0
240117,2,1,1992,15,15,15,15,15,15,15,15,15,15
240118,1,1,1992,0,0,0,0,0,0,0,0,0,0
240118,2,1,1992,30,30,30,30,30,30,30,30,30,30
240119,1,1,1992,0,0,0,0,0,0,0,0,0,0
240119,2,1,1992,0,0,0,0,0,0,0,0,0,0
240119,3,1,1992,0,0,0,0,0,0,0,0,0,0
240120,1,1,1992,0,0,0,0,0,0,0,0,0,0
240120,2,1,1992,0,0,0,0,0,0,0,0,0,0
240120,3,1,1992,0,0,0,0,0,0,0,0,0,0
240121,0,1,1992,0,0,0,0,0,0,0,0,0,0
240121,1,1,1992,0,0,0,0,0,0,0,0,0,0
240122,1,1,1992,21,0,19,0,0,7,0,0,0,14
240123,1,1,1992,0,0,0,0,0,0,0,0,0,0
240123,2,1,1992,0,0,0,0,0,0,0,0,0,0
240124,1,1,1992,25,25,25,25,25,25,25,25,25,25
240125,1,1,1992,0,0,0,0,0,0,0,0,0,0
240126,1,1,1992,0,0,0,0,0,0,0,0,0,0
240126,2,1,1992,0,0,0,0,0,0,0,0,0,0
240127,1,1,1992,0,0,0,2,0,0,0,11,0,0
240127,2,1,1992,0,0,0,0,9,0,0,0,0,0
240128,1,1,1992,0,0,0,0,0,0,0,0,0,0
240128,2,1,1992,0,0,0,0,0,0,0,0,0,0
240129,1,1,1992,0,0,0,0,0,0,0,0,0,0
240129,2,1,1992,0,0,0,0,0,0,0,0,0,0
240130,1,1,1992,28,28,28,28,28,28,28,28,28,28
240130,2,1,1992,0,0,0,0,0,0,0,0,0,3
240131,1,1,1992,0,0,0,0,0,0,0,18,28,0
240131,2,1,1992,8,12,7,0,0,14,0,0,0,9
240132,1,1,1992,0,0,0,0,0,0,0,0,0,0
240132,2,1,1992,0,0,0,0,16,0,0,0,4,0
240133,1,1,1992,11,5,7,0,26,22,11,7,0,10
240134,1,1,1992,0,0,0,0,0,0,0,0,0,0
240134,2,1,1992,0,0,0,0,0,0,0,0,0,0
240135,1,1,1992,0,0,0,0,0,0,0,0,0,0
240137,1,1,1992,0,0,0,0,0,0,0,0,0,0
240137,2,1,1992,0,0,0,0,0,0,0,0,0,0
240138,1,1,1992,0,0,0,0,0,0,0,0,0,0
240139,1,1,1992,0,0,0,0,0,0,0,0,0,0
240139,2,1,1992,0,0,0,0,0,0,0,0,0,0
240140,0,1,1992,5,5,5,5,5,5,5,5,5,5
240140,1,1,1992,0,0,0,0,0,24,0,0,0,0
240140,2,1,1992,0,0,0,0,0,0,0,0,0,0
240141,1,1,1992,0,0,0,0,0,0,0,0,0,0
240142,1,1,1992,24,24,24,24,24,24,24,24,24,24
240142,2,1,1992,8,9,0,0,0,0,0,0,0,0
240143,1,1,1992,19,19,19,19,19,19,19,19,19,19
240144,1,1,1992,0,0,0,0,0,0,0,0,0,0
240144,2,1,1992,0,0,0,0,0,0,0,0,0,0
240145,1,1,1992,0,0,27,0,0,14,0,0,0,0
240145,2,1,1992,0,0,0,0,0,0,0,0,0,0
240146,0,1,1992,7,7,7,7,7,7,7,7,7,7
240146,1,1,1992,0,0,0,0,0,0,0,0,0,0
240147,1,1,1992,0,0,0,0,0,0,0,0,2,0
240148,1,1,1992,24,24,24,24,24,24,24,24,24,24
240148,2,1,1992,13,0,7,6,23,12,16,0,16,15
240149,1,1,1992,11,11,11,11,11,11,11,11,11,11
240150,0,1,1992,0,0,0,0,0,0,0,0,0,0
240150,0,2,1992,0,0,0,0,0,0,0,0,19,0
240150,1,1,1992,0,0,0,0,0,0,0,0,0,0
240151,1,1,1992,0,0,0,0,0,0,0,0,0,0
240151,2,1,1992,0,0,0,0,0,0,0,0,0,0
240152,1,1,1992,0,0,0,0,0,0,0,0,0,0
240152,2,1,1992,0,0,0,0,0,0,0,0,0,0
240153,1,1,1992,0,0,0,0,0,0,0,0,0,0
240153,2,1,1992,0,0,0,0,0,0,0,0,0,0
240154,0,1,1992,8,0,17,28,0,0,0,0,36,35
240154,1,1,1992,0,0,0,0,0,0,0,0,0,0
240155,1,1,1992,16,13,20,18,9,5,17,20,8,21
240156,1,1,1992,0,0,0,0,0,0,0,0,0,0
240156,2,1,1992,0,0,0,0,0,0,0,0,0,0
240157,0,1,1992,0,12,0,0,0,0,0,0,0,0
240157,1,1,1992,0,0,0,0,0,0,0,0,0,17
240158,1,1,1992,17,11,20,12,14,22,15,0,22,13
240159,1,1,1992,0,0,0,2,0,0,0,0,0,0
240159,2,1,1992,0,0,0,0,0,0,0,0,0,0
240160,1,1,1992,0,0,0,0,0,0,0,0,0,0
240160,2,1,1992,0,0,0,0,0,0,0,0,0,0
240161,1,1,1992,21,21,21,21,21,21,21,21,21,21
240162,1,1,1992,10,0,0,0,14,0,0,16,9,14
240163,1,1,1992,0,0,0,0,0,0,0,0,0,0
240163,2,1,1992,0,0,0,0,19,0,0,0,0,0
240164,1,1,1992,0,0,17,0,17,10,21,0,25,18
240165,1,1,1992,0,0,0,0,0,0,0,0,0,11
240166,1,1,1992,0,0,0,0,0,0,0,0,0,0
240166,2,1,1992,0,0,0,0,0,0,0,0,0,0
240167,1,1,1992,0,0,0,0,0,0,0,0,0,0
240168,1,1,1992,0,0,0,0,0,0,0,0,0,0
240169,0,1,1992,30,27,24,0,32,28,21,0,9,6
240169,1,1,1992,9,0,8,0,0,0,0,0,0,30
240169,2,1,1992,0,0,0,0,0,0,0,0,0,0
240170,0,1,1992,0,12,13,0,0,5,30,0,0,0
240170,1,1,1992,0,0,0,0,0,0,0,0,0,0
240171,1,1,1992,0,0,0,0,0,0,0,0,0,0
240171,2,1,1992,0,0,0,0,0,0,0,0,0,0
240172,1,1,1992,0,0,0,0,0,0,0,0,0,0
240173,0,1,1992,0,0,0,0,0,0,0,0,0,0
240173,1,1,1992,0,0,0,0,0,0,0,0,0,0
240174,1,1,1992,0,0,0,0,0,0,0,0,0,0
240175,1,1,1992,0,8,0,0,0,0,0,0,0,0
240175,2,1,1992,0,0,0,0,0,0,0,7,0,0
240176,1,1,1992,18,18,18,18,18,18,18,18,18,18
240177,1,1,1992,0,8,14,22,12,19,31,30,5,16
240178,1,1,1992,19,19,19,19,19,19,19,19,19,19
240179,1,1,1992,21,7,0,15,0,14,20,14,16,7
240180,1,1,1992,18,18,18,18,18,18,18,18,18,18
240181,1,1,1992,20,20,20,20,20,20,20,20,20,20
240182,1,1,1992,0,0,0,18,0,0,0,0,0,0
240183,1,1,1992,0,0,0,0,0,0,0,0,0,0
240185,1,1,1992,0,0,0,0,0,0,0,0,0,0
240186,0,1,1992,23,0,0,33,0,18,27,21,4,15
240186,1,1,1992,0,0,3,0,0,0,0,0,0,0
240187,1,1,1992,22,22,22,22,22,22,22,22,22,22
240188,1,1,1992,0,0,20,0,7,0,0,24,0,0
240189,1,1,1992,20,20,20,20,20,20,20,20,20,20
240190,0,1,1992,0,0,0,0,0,0,0,0,0,0
240190,1,1,1992,0,0,0,0,0,0,0,0,0,0
240191,1,1,1992,0,0,0,0,0,0,0,0,0,0
240191,2,1,1992,0,0,0,0,0,0,0,0,0,0
240192,1,1,1992,0,0,0,0,0,0,0,0,0,0
240192,2,1,1992,0,0,0,0,16,0,0,0,0,0
240193,0,1,1992,0,0,0,0,0,0,0,0,0,0
240193,1,1,1992,0,0,0,0,0,0,0,0,0,0
240194,1,1,1992,0,0,0,0,0,0,0,0,0,0
240194,2,1,1992,0,0,0,0,0,0,0,0,0,0
240195,1,1,1992,16,16,16,16,16,16,16,16,16,16
240196,1,1,1992,5,0,0,0,0,0,0,9,0,4
240197,0,1,1992,17,17,17,17,17,17,17,17,17,17
240197,1,1,1992,0,0,2,0,0,0,0,0,0,0
240198,1,1,1992,0,0,0,0,0,0,0,0,0,0
240198,2,1,1992,0,0,0,0,0,0,0,0,6,0
240199,1,1,1992,0,0,0,0,0,0,0,0,0,0
240200,1,1,1992,0,0,0,0,0,0,0,0,0,0
240200,2,1,1992,0,0,0,0,0,0,0,0,0,0
240200,3,1,1992,0,0,0,0,0,0,0,0,0,0
240200,4,1,1992,1,1,1,1,1,1,1,1,1,1
240201,0,1,1992,0,0,0,0,0,0,0,0,0,0
240201,1,1,1992,16,11,20,5,18,0,8,5,14,20
240202,1,1,1992,0,0,0,0,0,0,0,0,0,0
240203,1,1,1992,0,0,0,0,0,0,0,0,0,0
240203,2,1,1992,0,0,19,0,28,0,0,0,0,0
240204,1,1,1992,0,0,0,0,0,0,0,0,0,0
240204,2,1,1992,0,0,0,0,0,0,0,0,0,0
240205,1,1,1992,0,10,16,0,23,0,9,3,23,25
240206,1,1,1992,16,0,0,49,0,0,0,0,0,0
240206,2,1,1992,0,0,0,0,0,0,0,0,0,0
240207,1,1,1992,0,0,0,0,0,0,0,0,0,0
240207,2,1,1992,0,0,0,0,0,0,0,0,0,0
240207,3,1,1992,0,0,0,0,0,0,0,0,0,0
240208,1,1,1992,0,0,0,0,0,0,0,0,13,0
240209,1,1,1992,13,18,28,16,25,9,17,0,13,29
240209,2,1,1992,0,0,7,25,0,18,0,0,0,0
240210,1,1,1992,17,28,10,20,0,24,14,27,14,0
240211,1,1,1992,0,0,0,26,0,0,0,23,0,0
240212,1,1,1992,0,0,0,0,15,0,0,0,0,13
240212,2,1,1992,0,0,0,0,0,0,0,0,0,0
240212,3,1,1992,0,0,0,0,0,0,0,0,0,0
240213,1,1,1992,31,0,0,13,0,0,11,0,20,0
240213,2,1,1992,0,0,0,0,0,0,0,0,0,0
240214,1,1,1992,0,0,0,0,0,0,0,0,14,0
240214,2,1,1992,0,5,0,0,0,0,0,0,0,0
240214,3,1,1992,0,0,0,0,0,0,0,0,0,0
240215,1,1,1992,14,14,14,14,14,14,14,14,14,14
240216,1,1,1992,16,16,16,16,16,16,16,16,16,16
240217,1,1,1992,18,18,18,18,18,18,18,18,18,18
240218,1,1,1992,0,0,0,0,0,0,0,0,0,0
240218,2,1,1992,0,0,10,0,0,0,0,0,9,0
240221,1,1,1992,14,30,6,14,0,26,11,9,18,12
240221,2,1,1992,0,0,0,0,0,0,0,0,0,0
240223,1,1,1992,26,13,9,15,10,8,0,13,10,4
240223,2,1,1992,0,0,0,0,0,0,0,0,0,0
240224,0,1,1992,15,15,15,15,15,15,15,15,15,15
240224,1,1,1992,0,0,0,18,0,0,0,0,0,0
240225,1,1,1992,0,0,0,0,0,0,0,0,0,0
240225,2,1,1992,0,0,0,0,0,0,0,0,0,0
240226,1,1,1992,40,0,12,0,0,0,8,0,0,6
240227,1,1,1992,11,0,0,0,12,16,15,0,26,0
240228,1,1,1992,0,0,0,13,23,25,6,7,0,17
240229,0,1,1992,0,0,0,0,0,0,0,0,0,0
240229,1,1,1992,4,0,16,0,0,0,21,0,18,33
240230,1,1,1992,18,18,18,18,18,18,18,18,18,18
240231,1,1,1992,0,19,21,7,0,0,0,2,0,6
240231,2,1,1992,0,0,0,0,0,0,0,0,0,0
240232,1,1,1992,0,15,0,0,0,0,0,0,0,0
240233,0,1,1992,0,16,14,18,11,17,0,12,0,18
240233,0,2,1992,11,11,11,11,11,11,11,11,11,11
240233,1,1,1992,0,3,0,6,0,0,0,0,6,6
240234,1,1,1992,0,0,0,0,0,0,0,0,0,0
240234,2,1,1992,0,0,0,0,0,0,0,0,0,0
240235,1,1,1992,0,0,0,0,0,0,0,0,0,0
240235,2,1,1992,0,0,0,0,0,0,0,0,0,0
240236,1,1,1992,7,7,7,7,7,7,7,7,7,7
240236,2,1,1992,0,0,0,0,0,0,0,0,0,0
240237,1,1,1992,0,0,0,0,0,0,0,0,0,0
240238,1,1,1992,10,10,10,10,10,10,10,10,10,10
240239,1,1,1992,0,0,0,0,0,0,0,0,0,0
240239,2,1,1992,20,9,0,25,16,40,6,20,0,26
240240,1,1,1992,0,0,0,21,0,0,0,0,30,0
240240,2,1,1992,0,0,0,0,0,0,0,0,0,0
240241,1,1,1992,15,15,15,15,15,15,15,15,15,15
240242,1,1,1992,0,0,0,0,0,0,0,0,0,0
240243,1,1,1992,0,0,0,0,0,0,0,0,0,0
240243,2,1,1992,0,0,0,0,0,0,0,0,0,0
240244,1,1,1992,0,0,0,0,0,0,0,0,0,0
240245,1,1,1992,8,5,21,25,25,9,22,18,13,24
240246,1,1,1992,0,0,0,0,0,0,0,0,0,0
240246,2,1,1992,0,0,0,0,0,0,0,0,0,0
240247,1,1,1992,10,10,22,34,7,15,16,19,5,19
240248,1,1,1992,0,0,0,0,0,0,0,0,0,0
240248,2,1,1992,0,0,0,0,0,0,0,0,0,0
240249,1,1,1992,13,13,13,13,13,13,13,13,13,13
240250,0,1,1992,24,24,24,24,24,24,24,24,24,24
240250,1,1,1992,0,0,0,0,0,0,0,0,0,0
240251,0,1,1992,0,0,0,0,0,0,0,0,0,0
240251,1,1,1992,17,0,0,0,0,0,0,0,0,0
240252,1,1,1992,6,16,14,13,11,15,5,21,16,7
240252,2,1,1992,0,0,0,0,0,0,0,0,0,0
240253,1,1,1992,7,19,6,17,20,14,14,9,14,6
240253,2,1,1992,0,0,0,0,0,0,0,0,0,0
240254,1,1,1992,18,18,18,18,18,18,18,18,18,18
240255,1,1,1992,13,0,11,7,13,17,16,0,21,5
240255,2,1,1992,0,0,0,0,0,0,0,0,0,0
240256,1,1,1992,0,0,0,0,0,0,0,0,0,0
240256,2,1,1992,0,0,0,14,0,0,0,0,0,0
240257,1,1,1992,26,19,18,10,20,20,35,8,12,0
240258,1,1,1992,0,0,0,0,0,0,0,0,0,0
240258,2,1,1992,0,0,0,0,0,0,0,0,0,0
240259,1,1,1992,0,0,0,0,0,0,0,0,0,0
240260,0,1,1992,0,0,0,0,0,0,0,0,0,0
240260,1,1,1992,0,0,0,0,0,0,0,0,0,0
240261,1,1,1992,0,0,0,0,0,0,0,0,0,0
240262,0,1,1992,10,10,10,10,10,10,10,10,10,10
240262,1,1,1992,0,0,0,0,0,0,0,0,0,0
240263,1,1,1992,0,0,0,0,0,0,0,0,0,0
240264,1,1,1992,9,9,9,9,9,9,9,9,9,9
240265,1,1,1992,24,24,24,24,24,24,24,24,24,24
240266,1,1,1992,0,0,0,0,0,0,0,0,0,0
240266,2,1,1992,0,0,0,0,10,0,0,0,0,0
240266,3,1,1992,0,0,0,0,0,0,0,0,0,0
240267,1,1,1992,0,0,0,0,0,0,0,0,0,0
240269,1,1,1992,21,23,33,12,11,18,17,23,25,19
240269,2,1,1992,0,0,0,0,0,0,0,0,0,0
240270,1,1,1992,7,7,7,7,7,7,7,7,7,7
240271,1,1,1992,15,15,15,15,15,15,15,15,15,15
240272,1,1,1992,23,23,23,23,23,23,23,23,23,23
240273,1,1,1992,0,0,0,0,0,0,0,0,0,0
240274,1,1,1992,28,2,27,6,4,11,0,7,15,11
240275,0,1,1992,0,0,0,0,0,0,0,0,0,0
240275,1,1,1992,19,0,0,0,0,0,0,0,0,0
240276,1,1,1992,0,0,0,0,0,0,0,0,0,0
240276,2,1,1992,0,0,0,0,0,0,0,0,0,0
240276,3,1,1992,0,0,0,0,0,0,0,0,0,0
240277,1,1,1992,0,0,0,0,0,0,0,0,0,0
240278,1,1,1992,15,15,15,15,15,15,15,15,15,15
240279,1,1,1992,10,10,10,10,10,10,10,10,10,10
240280,0,1,1992,14,14,14,14,14,14,14,14,14,14
240280,1,1,1992,0,0,0,0,0,0,0,0,0,5
240281,1,1,1992,0,0,0,0,0,0,0,0,0,0
240281,2,1,1992,0,0,0,0,0,0,0,0,0,0
240281,3,1,1992,0,0,0,0,0,0,0,0,0,0
240282,1,1,1992,19,12,17,10,10,15,20,20,10,21
240282,2,1,1992,0,0,0,0,0,0,0,0,0,0
240283,1,1,1992,0,0,0,0,0,0,0,0,0,0
240284,1,1,1992,15,15,15,15,15,15,15,15,15,15
240285,1,1,1992,25,25,25,25,25,25,25,25,25,25
240285,2,1,1992,0,11,0,0,0,0,0,0,0,0
240285,3,1,1992,0,0,0,0,0,0,0,0,0,0
240286,0,1,1992,32,32,32,32,32,32,32,32,32,32
240286,1,1,1992,0,0,25,13,10,0,0,0,6,0
240287,1,1,1992,0,0,0,0,0,0,0,0,0,0
240288,1,1,1992,0,0,0,0,0,0,0,0,0,0
240288,2,1,1992,0,0,0,0,0,0,0,0,0,0
240289,1,1,1992,0,0,0,0,0,0,0,0,0,0
240290,1,1,1992,0,0,0,0,0,0,0,0,0,0
240290,2,1,1992,14,14,14,14,14,14,14,14,14,14
240291,1,1,1992,0,0,0,0,0,0,0,0,0,0
240291,2,1,1992,0,0,0,0,0,0,0,0,0,0
240292,1,1,1992,12,14,15,10,20,16,6,13,37,5
240292,2,1,1992,0,0,0,0,0,0,0,0,0,0
240293,1,1,1992,0,9,0,0,0,0,0,0,0,0
240294,0,1,1992,32,32,32,32,32,32,32,32,32,32
240294,1,1,1992,0,0,0,0,0,0,0,0,0,0
240295,1,1,1992,19,19,19,19,19,19,19,19,19,19
240296,0,1,1992,0,0,18,0,0,15,0,0,0,0
240296,1,1,1992,0,0,0,0,0,0,0,0,2,0
240297,1,1,1992,0,0,0,0,0,0,25,0,0,6
240298,1,1,1992,0,13,0,0,0,0,0,0,0,0
240299,1,1,1992,0,0,0,0,0,0,0,0,0,0
240299,2,1,1992,0,0,0,0,0,0,0,0,0,0
240300,1,1,1992,0,0,0,0,0,0,0,0,0,0
240300,2,1,1992,0,0,0,0,0,0,0,0,0,0
240301,0,1,1992,0,0,0,0,0,0,0,0,0,0
240301,1,1,1992,0,0,0,0,0,0,0,0,0,0
240301,2,1,1992,0,0,0,0,0,0,0,0,0,0
240302,0,1,1992,12,12,12,12,12,12,12,12,12,12
240302,1,1,1992,12,0,0,0,0,0,0,0,0,0
240303,1,1,1992,0,0,0,0,0,0,0,0,0,0
240304,1,1,1992,0,0,0,0,0,0,0,0,0,0
240305,1,1,1992,0,0,0,0,0,0,0,0,0,0
240305,2,1,1992,0,0,0,0,0,0,0,0,0,0
240306,1,1,1992,0,0,0,0,0,0,0,0,0,0
240307,1,1,1992,6,0,0,0,0,0,12,0,0,11
240307,2,1,1992,0,0,0,0,0,0,0,0,0,0
240308,1,1,1992,0,0,0,0,0,0,0,0,0,0
240308,2,1,1992,21,0,0,0,0,0,0,0,0,0
240310,1,1,1992,6,0,0,0,6,0,0,7,17,0
240311,1,1,1992,0,0,0,0,0,0,0,0,0,4
240311,2,1,1992,20,17,17,31,16,18,16,23,19,7
240312,1,1,1992,22,22,22,22,22,22,22,22,22,22
240313,1,1,1992,0,0,0,0,0,0,0,0,0,0
240314,0,1,1992,0,0,0,0,0,0,0,0,0,0
240314,1,1,1992,0,0,0,0,0,0,0,0,0,0
240315,1,1,1992,19,19,19,19,19,19,19,19,19,19
240316,1,1,1992,0,0,0,0,0,0,0,0,0,0
240316,2,1,1992,0,0,0,0,0,11,0,0,0,0
240317,1,1,1992,18,18,18,18,18,18,18,18,18,18
240318,1,1,1992,25,25,25,25,25,25,25,25,25,25
240320,0,1,1992,0,0,0,0,0,0,0,0,0,0
240320,1,1,1992,0,0,0,0,0,0,0,0,0,0
240320,2,1,1992,0,0,0,0,0,0,0,0,0,0
240321,1,1,1992,0,0,0,0,0,0,0,0,0,0
240322,1,1,1992,0,0,0,0,0,0,0,0,0,0
240322,2,1,1992,0,0,20,0,0,0,0,0,0,0
240323,1,1,1992,0,0,0,0,0,0,0,0,0,0
240323,2,1,1992,0,0,0,0,0,0,0,0,0,0
240324,0,1,1992,0,0,0,0,0,0,0,0,0,0
240324,1,1,1992,0,0,0,0,0,0,0,0,17,14
240325,1,1,1992,0,0,0,0,0,0,0,0,0,0
240325,2,1,1992,0,0,0,0,0,0,0,0,0,0
240326,1,1,1992,0,0,0,0,0,0,15,0,30,0
240326,2,1,1992,0,0,0,0,0,0,0,11,0,28
240327,0,1,1992,21,21,21,21,21,21,21,21,21,21
240327,1,1,1992,3,3,3,3,3,3,3,3,3,3
240328,1,1,1992,22,11,5,0,16,10,12,7,20,24
240328,2,1,1992,0,0,0,0,0,0,0,0,0,0
240329,1,1,1992,0,0,0,0,0,0,0,0,0,0
240329,2,1,1992,0,0,0,0,0,0,0,0,0,0
240330,1,1,1992,0,0,0,0,0,0,0,0,0,0
240330,2,1,1992,11,12,0,0,0,0,0,0,0,25
240330,3,1,1992,0,0,0,0,0,0,0,0,0,0
240331,0,1,1992,8,8,8,8,8,8,8,8,8,8
240331,1,1,1992,0,0,0,0,0,0,0,0,0,0
240332,0,1,1992,8,8,8,8,8,8,8,8,8,8
240332,1,1,1992,14,19,12,21,41,10,14,7,31,8
240333,1,1,1992,7,7,7,7,7,7,7,7,7,7
240333,2,1,1992,0,0,0,0,0,0,0,0,0,0
240334,0,1,1992,0,0,0,0,0,0,0,0,0,0
240334,1,1,1992,18,0,8,0,0,0,0,9,0,0
240335,1,1,1992,22,22,22,22,22,22,22,22,22,22
240336,1,1,1992,14,19,0,14,13,0,0,0,0,0
240337,1,1,1992,17,17,17,17,17,17,17,17,17,17
240338,1,1,1992,0,0,0,0,0,0,0,0,0,0
240338,2,1,1992,14,14,14,14,14,14,14,14,14,14
240339,1,1,1992,20,20,20,20,20,20,20,20,20,20
240339,2,1,1992,0,0,0,0,12,0,0,17,26,12
240340,0,1,1992,0,0,0,0,0,0,0,0,0,0
240340,1,1,1992,0,0,0,0,0,0,0,0,0,0
240341,0,1,1992,0,0,0,0,0,0,0,0,0,0
240341,1,1,1992,0,0,0,0,0,0,0,0,0,0
240342,1,1,1992,15,15,15,15,15,15,15,15,15,15
240343,1,1,1992,0,0,0,0,0,0,0,0,0,0
240344,1,1,1992,0,0,0,0,0,0,0,0,0,0
240344,2,1,1992,0,0,0,0,0,0,0,0,0,0
240345,1,1,1992,0,0,0,0,0,0,0,0,0,0
240345,2,1,1992,0,0,0,0,0,0,0,0,0,0
240346,1,1,1992,0,0,0,0,0,0,0,0,0,0
240346,2,1,1992,0,0,0,0,0,0,14,6,0,0
240347,1,1,1992,0,0,0,0,0,0,0,0,0,0
240347,2,1,1992,0,0,0,0,0,0,0,0,0,0
240348,1,1,1992,0,10,0,0,10,0,0,0,0,0
240348,2,1,1992,0,0,0,0,0,0,0,0,0,0
240349,1,1,1992,0,0,0,0,0,0,0,0,0,0
240349,2,1,1992,0,0,0,0,0,0,0,0,0,5
240350,1,1,1992,16,16,16,16,16,16,16,16,16,16
240351,1,1,1992,0,0,3,0,0,0,0,0,0,0
240351,2,1,1992,0,0,0,0,0,0,0,0,0,0
240352,0,1,1992,0,0,0,0,0,0,0,0,0,0
240352,1,1,1992,0,0,0,0,0,0,0,0,0,0
240353,0,1,1992,0,0,0,0,0,0,0,0,0,0
240353,1,1,1992,18,18,18,18,18,18,18,18,18,18
240354,1,1,1992,21,21,21,21,21,21,21,21,21,21
240355,1,1,1992,22,0,0,0,0,0,0,0,0,0
240355,2,2,1992,0,0,0,0,0,0,0,0,0,0
240356,1,1,1992,2,2,2,2,2,2,2,2,2,2
240356,2,1,1992,20,0,0,0,0,0,0,0,0,0
240357,1,1,1992,0,0,0,0,0,0,0,0,0,0
240357,2,1,1992,0,0,0,0,0,0,0,0,0,0
240358,1,1,1992,0,0,0,0,0,0,0,0,0,0
240358,2,1,1992,0,0,0,0,0,0,0,0,0,0
240359,1,1,1992,0,0,0,0,0,0,0,0,0,0
240359,2,1,1992,0,0,0,0,0,0,0,0,0,0
240360,1,1,1992,4,4,4,4,4,4,4,4,4,4
240361,1,1,1992,14,14,14,14,14,14,14,14,14,14
240362,1,1,1992,8,8,8,8,8,8,8,8,8,8
240363,1,1,1992,0,0,0,0,0,0,0,0,0,0
240364,1,1,1992,0,0,0,0,0,0,0,0,0,0
240365,0,1,1992,0,0,0,0,0,0,0,0,0,0
240365,1,1,1992,0,0,0,0,0,0,0,0,0,0
240366,0,1,1992,0,0,0,0,0,0,0,0,0,0
240366,1,1,1992,0,0,0,0,0,0,0,0,0,0
240367,1,1,1992,21,17,6,9,13,28,13,0,6,11
240367,2,1,1992,0,0,0,0,0,0,0,0,0,0
240368,1,1,1992,2,2,2,2,2,2,2,2,2,2
240368,2,1,1992,0,0,0,0,0,0,0,0,0,16
240369,0,1,1992,0,0,0,0,0,0,0,0,0,0
240369,1,1,1992,0,0,0,0,0,0,0,0,0,0
240370,1,1,1992,0,0,0,0,0,0,0,0,0,0
240370,2,1,1992,0,0,0,0,0,0,0,0,0,0
240371,1,1,1992,0,0,0,0,0,0,0,0,0,0
240371,2,1,1992,0,0,0,0,0,0,0,0,0,0
240372,1,1,1992,0,0,0,0,0,0,0,0,0,0
240373,0,1,1992,0,0,0,0,0,0,0,0,0,0
240373,1,1,1992,0,0,0,0,0,0,0,0,0,0
240374,1,1,1992,0,0,0,0,0,0,0,0,0,0
240374,2,1,1992,0,0,0,0,0,0,11,0,0,0
240375,1,1,1992,0,0,0,0,0,0,0,0,0,0
240375,2,1,1992,0,0,0,0,0,0,0,0,0,0
240376,1,1,1992,0,0,0,0,0,0,0,0,0,0
240376,2,1,1992,21,14,12,7,23,12,3,7,7,9
240378,1,1,1992,0,0,0,0,0,0,0,0,0,0
240379,1,1,1992,0,0,0,0,0,0,0,0,0,0
240380,1,1,1992,0,0,0,0,0,17,0,0,0,12
240380,2,1,1992,0,0,0,0,0,0,0,0,0,0
240381,1,1,1992,11,11,11,11,11,11,11,11,11,11
240382,1,1,1992,0,0,0,0,0,0,0,0,0,0
240383,1,1,1992,8,11,14,23,6,16,0,12,15,16
240384,1,1,1992,0,0,0,0,0,0,0,0,0,0
240384,2,1,1992,0,0,0,0,0,0,0,0,0,0
240385,1,1,1992,0,0,0,0,0,0,0,0,0,0
240387,0,1,1992,26,26,26,26,26,26,26,26,26,26
240387,1,1,1992,9,9,9,9,9,9,9,9,9,9
240388,1,1,1992,0,0,0,0,0,0,0,0,0,0
240388,2,1,1992,0,0,0,0,0,0,0,0,0,0
240389,1,1,1992,0,0,0,0,0,11,0,0,0,0
240389,2,1,1992,0,0,0,0,0,0,0,0,0,0
240390,1,1,1992,0,0,0,0,0,0,0,0,0,0
240390,2,1,1992,0,0,0,0,0,0,0,4,0,0
240390,3,1,1992,0,0,0,0,0,0,0,0,0,0
240391,0,1,1992,0,0,0,0,0,0,0,0,0,0
240391,1,1,1992,0,0,0,0,0,0,0,0,0,17
240392,1,1,1992,0,0,0,0,0,0,0,0,0,0
240392,2,1,1992,0,0,0,0,0,24,0,0,0,0
240393,0,1,1992,27,27,27,27,27,27,27,27,27,27
240393,1,1,1992,0,0,0,0,3,0,0,14,0,0
240396,1,1,1992,0,0,0,0,0,0,0,0,0,0
240396,2,1,1992,0,0,0,0,0,0,0,0,0,0
240397,1,1,1992,0,0,0,0,0,0,0,0,0,0
240398,1,1,1992,0,0,0,0,0,0,0,0,0,0
240399,1,1,1992,0,0,0,0,0,0,0,0,0,0
240399,2,1,1992,0,0,0,0,0,0,0,0,0,0
240399,3,1,1992,0,0,0,0,0,0,0,0,0,0
240399,4,1,1992,0,0,0,0,0,0,0,0,0,0
240400,1,1,1992,0,0,0,0,0,0,0,11,0,0