ST_CASE,VEH_NO,PER_NO,YEAR,P1,P2,P3,P4,P5,P6,P7,P8,P9,P10
240400,2,1,1992,0,0,0,0,0,0,0,0,0,0
240400,3,1,1992,0,0,0,0,0,0,0,0,0,0
240400,4,1,1992,0,0,0,0,0,0,0,0,0,0
240400,5,1,1992,0,0,0,0,0,0,0,0,0,0
240400,6,1,1992,0,0,0,0,0,0,0,0,0,0
240400,7,1,1992,0,0,0,0,0,0,0,0,0,0
240401,0,1,1992,23,23,23,23,23,23,23,23,23,23
240401,1,1,1992,0,0,0,0,0,0,0,0,0,0
240402,0,1,1992,0,0,0,0,0,0,0,0,0,0
240402,1,1,1992,0,0,0,0,0,0,0,0,0,0
240404,0,1,1992,30,30,30,30,30,30,30,30,30,30
240404,1,1,1992,0,0,0,0,0,0,0,0,0,0
240404,2,1,1992,11,0,17,8,0,0,0,10,17,0
240404,3,1,1992,0,0,0,0,0,0,0,0,0,0
240405,0,1,1992,21,0,12,9,19,17,0,0,30,0
240405,0,2,1992,0,20,7,8,27,19,0,0,18,0
240405,1,1,1992,0,0,11,0,0,0,0,0,0,14
240406,1,1,1992,0,0,0,0,0,12,0,0,15,0
240407,1,1,1992,0,0,0,0,0,19,0,0,0,0
240407,2,1,1992,0,0,0,0,0,0,0,0,0,0
240409,0,1,1992,23,23,23,23,23,23,23,23,23,23
240409,1,1,1992,0,0,0,0,0,0,0,0,0,0
240409,2,1,1992,0,0,0,0,0,0,0,0,0,0
240410,0,1,1992,19,19,19,19,19,19,19,19,19,19
240410,1,1,1992,0,0,0,0,7,0,0,16,0,0
240411,1,1,1992,27,27,27,27,27,27,27,27,27,27
240412,1,1,1992,0,0,0,0,0,0,0,0,0,0
240413,1,1,1992,0,0,0,0,0,0,0,0,0,0
240413,2,1,1992,7,0,0,0,0,0,0,0,0,0
240414,1,1,1992,18,18,18,18,18,18,18,18,18,18
240415,1,1,1992,0,12,0,0,0,0,0,0,0,0
240416,1,1,1992,0,0,0,0,0,0,0,0,0,0
240416,2,1,1992,0,0,0,0,0,0,0,0,0,0
240417,1,1,1992,0,0,0,0,0,0,0,0,0,0
240417,2,1,1992,0,0,0,0,0,0,0,0,0,0
240418,1,1,1992,0,0,0,0,0,0,0,0,0,0
240419,1,1,1992,0,0,0,0,0,0,0,0,0,0
240419,2,1,1992,0,0,0,0,0,0,0,0,0,0
240420,1,1,1992,29,29,29,29,29,29,29,29,29,29
240421,1,1,1992,0,0,0,21,6,0,22,0,22,0
240422,1,1,1992,19,0,0,0,0,0,0,15,0,0
240422,2,1,1992,0,0,0,0,0,0,0,0,0,0
240423,1,1,1992,0,0,0,0,0,0,0,0,0,0
240423,2,1,1992,0,0,0,0,0,0,9,0,0,0
240424,1,1,1992,0,0,0,0,0,0,0,0,0,0
240424,2,1,1992,2,0,0,0,0,0,0,0,0,0
240425,1,1,1992,0,0,0,0,0,0,0,0,0,0
240426,1,1,1992,0,0,0,21,0,0,0,0,0,0
240427,1,1,1992,0,0,0,2,0,0,0,0,0,0
240427,2,1,1992,0,0,0,0,0,0,0,0,0,0
240428,0,1,1992,0,0,0,25,0,0,0,0,24,0
240428,1,1,1992,0,0,0,0,0,0,0,0,0,0
240429,0,1,1992,0,21,22,0,6,0,0,8,0,0
240429,0,2,1992,0,0,0,0,0,0,0,0,0,0
240429,1,1,1992,0,0,0,0,0,0,0,0,0,0
240430,0,1,1992,0,0,0,0,0,0,0,0,0,0
240430,1,1,1992,0,0,0,0,0,0,0,9,0,35
240431,1,1,1992,0,0,0,0,0,0,0,0,0,0
240432,1,1,1992,0,0,0,0,0,0,0,0,0,0
240432,2,1,1992,0,0,0,0,0,0,0,0,0,0
240433,1,1,1992,3,3,3,3,3,3,3,3,3,3
240433,2,1,1992,0,0,0,7,0,0,0,22,0,0
240434,1,1,1992,0,0,0,0,0,0,0,0,0,0
240434,2,1,1992,0,0,0,0,0,0,0,0,0,0
240435,1,1,1992,0,0,0,0,0,0,0,0,0,0
240435,2,1,1992,0,0,0,0,0,0,0,0,0,0
240436,1,1,1992,0,0,0,0,0,0,0,0,0,0
240436,2,1,1992,0,0,0,0,0,0,0,0,0,0
240437,1,1,1992,0,0,0,0,0,0,0,0,0,0
240437,2,1,1992,0,0,0,0,0,0,0,0,0,0
240438,1,1,1992,0,0,0,0,0,0,0,0,0,0
240438,2,1,1992,0,0,0,0,11,0,0,0,3,0
240439,1,1,1992,25,27,0,30,27,19,11,41,27,24
240440,0,1,1992,0,0,0,0,0,0,0,0,0,0
240440,1,1,1992,0,0,0,0,0,0,0,0,0,0
240441,1,1,1992,16,16,16,16,16,16,16,16,16,16
240441,2,1,1992,0,0,0,0,0,0,0,0,26,0
240442,1,1,1992,0,0,0,0,0,0,0,0,0,0
240443,1,1,1992,6,0,0,13,0,0,0,22,0,11
240445,1,1,1992,0,0,0,0,0,0,0,0,21,0
240446,1,1,1992,0,0,0,0,17,0,0,0,0,0
240447,1,1,1992,0,9,0,7,9,5,0,8,0,13
240448,1,1,1992,0,0,0,0,0,0,0,0,0,0
240448,2,1,1992,0,0,0,0,0,0,0,0,0,0
240449,0,1,1992,0,0,16,0,0,0,0,0,0,0
240449,1,1,1992,0,0,0,0,0,0,0,0,0,0
240450,1,1,1992,0,0,0,0,0,0,0,0,0,0
240451,0,1,1992,0,0,0,0,0,0,0,0,0,0
240451,1,1,1992,0,0,0,0,0,0,0,0,0,0
240452,1,1,1992,0,0,0,0,0,0,0,0,0,0
240453,1,1,1992,12,12,12,12,12,12,12,12,12,12
240453,2,1,1992,0,0,0,0,0,0,0,0,0,0
240454,1,1,1992,0,0,0,0,0,0,0,0,0,0
240454,2,1,1992,0,0,0,0,0,0,0,0,0,0
240455,1,1,1992,0,0,0,0,16,0,0,0,0,0
240455,2,1,1992,14,0,14,21,12,0,19,19,24,26
240456,0,1,1992,0,0,0,0,0,0,0,0,0,0
240456,1,1,1992,0,0,0,0,0,0,0,0,0,0
240457,1,1,1992,0,11,0,0,0,0,0,0,0,0
240457,2,1,1992,0,0,0,0,0,0,0,0,0,0
240458,1,1,1992,13,13,13,13,13,13,13,13,13,13
240460,0,1,1992,27,31,0,12,16,30,0,12,0,0
240460,1,1,1992,0,0,0,0,0,8,0,0,0,0
240461,1,1,1992,18,18,18,18,18,18,18,18,18,18
240461,2,1,1992,0,0,0,0,0,0,0,0,0,0
240462,1,1,1992,0,0,0,14,12,0,0,0,0,0
240463,1,1,1992,0,0,0,0,0,0,0,0,0,0
240463,2,1,1992,0,0,0,0,9,0,0,0,0,0
240464,1,1,1992,0,0,0,0,0,0,0,0,0,0
240464,2,1,1992,0,0,0,0,0,0,0,0,0,0
240464,3,1,1992,0,0,0,0,0,0,0,0,0,0
240464,4,1,1992,0,0,0,0,0,0,0,0,0,0
240464,5,1,1992,13,12,19,13,7,13,7,0,0,18
240465,1,1,1992,0,0,0,0,0,0,0,0,0,0
240465,2,1,1992,0,0,0,0,0,0,0,0,0,0
240466,1,1,1992,0,0,0,0,0,0,0,0,0,0
240466,2,1,1992,0,0,0,0,0,0,0,0,0,0
240467,1,1,1992,0,0,0,0,0,0,0,0,0,0
240468,1,1,1992,17,17,17,17,17,17,17,17,17,17
240469,1,1,1992,0,0,0,0,0,0,0,0,0,0
240470,1,1,1992,10,10,10,10,10,10,10,10,10,10
240471,1,1,1992,0,0,0,0,0,0,0,0,0,0
240471,2,1,1992,0,22,0,0,15,0,0,0,0,0
240472,0,1,1992,0,0,0,0,0,0,0,0,0,0
240472,1,1,1992,0,0,0,0,16,0,0,0,0,0
240473,1,1,1992,0,0,0,0,0,0,0,0,0,0
240473,2,1,1992,0,0,0,0,0,26,0,0,0,0
240474,1,1,1992,0,0,0,0,0,0,0,0,15,0
240474,2,1,1992,0,0,0,0,0,0,11,0,0,0
240475,1,1,1992,0,0,0,0,0,0,0,0,0,0
240475,2,1,1992,0,0,0,0,0,0,0,0,0,0
240476,0,1,1992,21,21,21,21,21,21,21,21,21,21
240476,1,1,1992,0,0,0,0,0,12,0,0,0,0
240477,1,1,1992,0,0,0,0,0,0,0,0,0,0
240477,2,1,1992,0,0,0,0,0,0,0,0,0,0
240478,1,1,1992,23,23,23,23,23,23,23,23,23,23
240479,1,1,1992,0,0,0,0,0,0,0,0,0,0
240480,0,1,1992,0,0,0,0,0,0,0,0,0,0
240480,1,1,1992,14,14,14,14,14,14,14,14,14,14
240481,1,1,1992,0,11,11,0,0,20,0,0,6,10
240482,1,1,1992,0,0,0,6,0,0,3,19,0,0
240483,1,1,1992,16,16,16,16,16,16,16,16,16,16
240483,2,1,1992,0,0,0,0,0,0,0,0,0,0
240484,1,1,1992,0,0,0,0,0,0,0,0,0,0
240485,1,1,1992,0,0,0,0,0,0,0,0,0,0
240485,2,1,1992,0,0,0,0,0,0,0,0,0,0
240486,1,1,1992,0,0,0,0,0,0,0,0,0,0
240486,2,1,1992,0,0,0,0,0,0,0,0,0,0
240487,1,1,1992,0,0,0,0,0,0,0,0,0,0
240488,1,1,1992,0,0,0,0,0,0,0,0,0,0
240488,2,1,1992,0,0,0,0,0,0,0,0,0,0
240489,1,1,1992,24,24,24,24,24,24,24,24,24,24
240489,2,1,1992,0,0,0,0,0,0,0,0,0,0
240490,1,1,1992,0,5,0,0,0,0,0,0,0,0
240492,1,1,1992,0,0,0,0,0,0,5,0,0,0
240494,1,1,1992,0,0,0,0,0,0,0,0,0,0
240494,2,1,1992,0,0,0,0,0,0,0,0,0,9
240495,1,1,1992,0,0,0,0,0,0,0,0,0,0
240495,2,1,1992,0,0,0,0,0,0,0,0,0,0
240496,1,1,1992,32,0,7,23,0,11,0,11,0,0
240496,2,1,1992,0,0,0,0,0,0,0,0,0,0
240496,3,1,1992,0,0,0,0,0,0,0,0,0,0
240497,1,1,1992,0,0,0,0,0,0,0,0,0,0
240497,2,1,1992,23,0,0,0,0,15,0,0,0,0
240498,1,1,1992,12,0,0,19,0,0,0,0,0,0
240498,2,1,1992,0,0,0,0,0,0,0,0,0,0
240498,3,1,1992,0,0,0,0,0,0,0,0,0,0
240498,4,1,1992,0,0,0,13,0,0,0,0,0,0
240499,0,1,1992,19,11,0,0,0,0,0,13,0,0
240499,1,1,1992,0,0,0,0,0,0,0,0,14,0
240499,2,1,1992,0,0,0,0,0,0,0,0,0,0
240499,3,1,1992,0,0,0,0,0,0,0,0,0,0
240499,4,1,1992,0,0,0,0,0,0,15,0,0,18
240500,1,1,1992,3,11,27,11,26,16,14,14,15,18
240501,1,1,1992,0,0,0,0,0,0,0,0,0,14
240502,1,1,1992,0,0,0,0,0,0,0,0,0,0
240503,0,1,1992,24,0,0,0,0,0,0,0,0,0
240503,1,1,1992,0,0,0,0,0,0,0,0,0,0
240505,1,1,1992,0,0,0,0,0,0,0,0,0,0
240505,2,1,1992,0,0,0,0,0,0,0,0,0,0
240506,1,1,1992,0,0,0,0,0,0,0,0,0,0
240507,1,1,1992,0,0,0,0,0,0,0,0,0,0
240507,2,1,1992,0,0,0,0,0,0,0,0,0,0
240507,3,1,1992,0,0,0,0,0,12,6,0,0,0
240508,1,1,1992,0,0,0,0,0,0,0,0,0,0
240508,2,1,1992,0,0,25,0,0,0,0,0,0,0
240512,1,1,1992,0,0,0,0,0,0,0,0,0,0
240513,1,1,1992,0,0,6,0,0,9,0,8,0,13
240513,2,1,1992,21,10,0,13,8,19,0,9,12,2
240514,0,1,1992,0,0,0,0,0,0,0,0,0,0
240514,1,1,1992,0,0,0,0,0,0,0,0,0,0
240515,0,1,1992,16,16,16,16,16,16,16,16,16,16
240515,1,1,1992,0,0,0,0,0,0,0,0,0,0
240516,1,1,1992,5,0,10,14,0,10,18,16,6,0
240517,0,1,1992,12,12,12,12,12,12,12,12,12,12
240517,1,1,1992,0,0,0,0,0,0,0,0,0,0
240518,1,1,1992,6,7,5,22,26,7,11,0,13,13
240519,1,1,1992,24,24,24,24,24,24,24,24,24,24
240520,1,1,1992,0,0,0,0,0,0,0,0,0,0
240521,1,1,1992,16,4,28,20,11,15,8,23,21,10
240522,1,1,1992,0,0,0,0,0,0,0,0,0,0
240523,1,1,1992,0,0,0,0,0,0,0,0,0,0
240523,2,1,1992,0,0,0,0,0,0,0,0,0,0
240524,0,1,1992,0,0,31,0,0,0,0,4,0,0
240524,1,1,1992,0,0,0,0,0,0,0,0,0,0
240525,0,1,1992,18,18,18,18,18,18,18,18,18,18
240525,0,2,1992,0,0,15,0,0,15,18,6,19,0
240525,1,1,1992,13,25,8,16,31,20,20,27,5,6
240526,1,1,1992,21,14,13,25,26,12,21,17,19,17
240527,0,1,1992,0,10,26,14,0,22,0,18,24,38
240527,1,1,1992,11,11,11,11,11,11,11,11,11,11
240528,1,1,1992,0,0,0,0,0,0,0,0,0,0
240528,2,1,1992,0,0,0,0,0,0,0,0,19,0
240528,3,1,1992,0,0,0,0,0,0,0,0,0,0
240529,1,1,1992,0,0,0,0,0,0,0,0,0,0
240529,2,1,1992,0,0,0,0,0,0,0,0,0,0
240530,1,1,1992,0,0,0,0,0,0,14,0,0,0
240530,2,1,1992,0,0,0,0,0,0,0,0,0,0
240531,0,1,1992,0,0,0,0,0,0,0,0,0,0
240531,1,1,1992,13,0,0,0,0,0,0,39,0,0
240532,1,1,1992,0,0,0,0,0,0,0,0,0,6
240532,2,1,1992,0,0,0,0,0,0,0,0,0,0
240533,0,1,1992,0,0,0,0,0,0,0,0,0,0
240533,1,1,1992,0,0,0,0,0,0,0,0,0,0
240534,1,1,1992,0,0,0,0,0,0,0,0,0,0
240534,2,1,1992,0,0,0,0,0,0,0,0,0,0
240535,1,1,1992,11,11,11,11,11,11,11,11,11,11
240535,2,1,1992,0,0,0,0,0,0,0,0,0,0
240536,1,1,1992,44,44,44,44,44,44,44,44,44,44
240537,1,1,1992,27,27,27,27,27,27,27,27,27,27
240538,0,1,1992,0,0,0,0,0,0,13,0,0,0
240538,1,1,1992,0,0,0,0,0,0,0,0,0,0
240539,1,1,1992,0,0,0,0,0,0,0,0,0,0
240539,2,1,1992,0,0,0,0,0,0,0,0,0,0
240540,1,1,1992,0,0,0,0,0,0,0,0,0,0
240540,2,1,1992,0,0,0,0,0,0,0,0,0,0
240541,1,1,1992,0,0,0,0,16,15,0,18,0,0
240542,0,1,1992,7,7,7,7,7,7,7,7,7,7
240542,1,1,1992,7,7,7,7,7,7,7,7,7,7
240542,2,1,1992,0,0,0,0,0,0,0,0,0,0
240543,1,1,1992,0,0,0,0,0,0,0,0,0,0
240543,2,1,1992,0,0,15,15,0,0,0,0,0,0
240544,1,1,1992,10,28,19,25,18,18,0,0,19,22
240545,1,1,1992,0,0,0,0,0,0,0,0,0,0
240545,2,1,1992,0,0,0,0,0,0,0,0,0,0
240546,1,1,1992,0,0,0,0,0,0,0,0,0,0
240547,0,1,1992,0,0,0,0,0,0,0,0,0,0
240547,1,1,1992,0,0,0,0,0,0,0,0,0,0
240548,1,1,1992,13,9,6,17,24,11,20,16,0,0
240548,2,1,1992,0,14,7,0,23,0,0,0,0,0
240549,0,1,1992,0,0,0,0,0,0,0,0,0,0
240549,1,1,1992,0,0,0,0,0,0,0,0,0,0
240550,0,1,1992,22,22,22,22,22,22,22,22,22,22
240550,1,1,1992,7,7,7,7,7,7,7,7,7,7
240551,1,1,1992,8,8,8,8,8,8,8,8,8,8
240551,2,1,1992,0,0,0,0,0,0,0,0,0,0
240552,0,1,1992,0,0,0,0,0,0,0,0,0,0
240552,1,1,1992,0,0,0,0,0,0,0,15,0,0
240553,1,1,1992,14,14,14,14,14,14,14,14,14,14
240554,1,1,1992,0,0,0,0,0,0,0,0,0,0
240554,2,1,1992,0,0,0,0,0,0,0,0,0,0
240555,1,1,1992,21,21,21,21,21,21,21,21,21,21
240555,2,1,1992,0,0,0,0,0,0,0,0,0,0
240556,1,1,1992,20,20,20,20,20,20,20,20,20,20
240556,2,1,1992,17,0,24,17,0,0,0,25,0,0
240557,0,1,1992,0,0,0,0,0,0,0,0,0,0
240557,1,1,1992,0,0,0,6,0,0,7,31,16,0
240558,0,1,1992,0,0,0,0,0,0,0,0,0,0
240558,1,1,1992,0,0,0,0,0,0,0,8,0,0
240559,1,1,1992,0,0,0,0,0,0,0,0,0,0
240559,2,1,1992,0,0,0,0,0,0,0,0,4,0
240560,1,1,1992,0,0,0,0,0,0,0,0,0,0
240560,2,1,1992,0,0,11,0,0,0,0,0,0,13
240561,1,1,1992,0,0,0,0,0,0,0,0,0,0
240561,2,1,1992,0,0,0,0,0,0,0,0,0,0
240561,3,1,1992,0,0,0,0,0,0,0,0,0,0
240561,4,1,1992,0,0,0,0,0,0,0,0,0,0
240562,0,1,1992,0,0,0,0,0,0,0,0,0,0
240562,1,1,1992,0,0,0,0,0,0,14,0,0,12
240563,1,1,1992,0,0,0,0,0,0,0,0,0,0
240563,2,1,1992,0,0,0,0,0,0,0,0,0,0
240563,3,1,1992,0,0,0,0,0,0,0,0,0,0
240563,4,1,1992,0,0,0,0,0,0,0,0,0,0
240565,1,1,1992,0,0,0,0,0,0,0,0,0,0
240566,1,1,1992,0,0,0,0,0,0,0,0,0,0
240566,2,1,1992,0,0,0,0,0,0,0,0,0,0
240567,1,1,1992,0,0,0,0,0,0,0,0,0,0
240567,2,1,1992,0,0,0,0,0,0,0,0,0,0
240568,1,1,1992,0,0,0,0,0,0,0,0,0,0
240568,2,1,1992,27,0,0,9,0,0,0,0,0,26
240569,1,1,1992,0,0,0,0,0,0,0,0,0,0
240569,2,1,1992,0,0,0,0,0,0,0,0,0,0
240570,1,1,1992,0,0,0,0,0,0,0,0,0,0
240570,2,1,1992,0,0,0,0,0,0,0,13,0,0
240571,1,1,1992,10,10,10,10,10,10,10,10,10,10
240572,0,1,1992,0,0,0,0,0,0,0,0,0,0
240572,1,1,1992,0,0,0,0,0,0,0,0,0,0
240572,2,1,1992,0,0,0,0,0,0,0,0,0,0
240573,0,1,1992,0,0,0,0,0,0,0,0,0,0
240573,1,1,1992,10,10,17,6,24,11,10,23,11,27
240574,0,1,1992,10,10,10,10,10,10,10,10,10,10
240574,1,1,1992,0,0,11,0,0,0,0,0,0,0
240575,1,1,1992,0,0,0,0,0,0,0,0,0,0
240575,2,1,1992,0,0,0,0,0,0,0,0,0,0
240575,3,1,1992,0,0,0,0,0,0,0,0,0,0
240576,1,1,1992,0,0,0,0,0,0,0,0,0,0
240576,2,1,1992,0,0,0,0,0,0,0,0,8,0
240577,0,1,1992,0,0,0,0,0,0,0,0,0,0
240577,1,1,1992,0,0,0,12,0,0,0,0,0,22
240578,1,1,1992,0,0,0,0,0,0,0,0,0,0
240578,2,1,1992,0,0,0,0,0,0,0,0,0,0
240578,3,1,1992,0,0,0,0,0,0,0,0,0,0
240579,1,1,1992,0,0,10,0,0,0,0,0,0,0
240582,1,1,1992,0,0,0,0,0,0,0,0,0,0
240583,0,1,1992,0,0,0,0,0,0,0,0,0,0
240583,1,1,1992,0,0,0,0,0,0,0,0,0,0
240584,1,1,1992,0,0,0,0,0,0,0,0,0,0
240585,1,1,1992,0,0,0,0,0,0,0,0,0,0
240585,2,1,1992,0,0,0,0,0,0,0,0,0,0
240586,1,1,1992,0,0,0,0,0,0,0,0,0,0
240586,2,1,1992,0,0,0,0,0,0,0,0,0,0
240588,1,1,1992,17,17,17,17,17,17,17,17,17,17
240589,1,1,1992,0,0,0,0,0,0,0,0,0,0
240589,2,1,1992,0,0,0,0,0,0,0,0,0,0
240590,1,1,1992,18,18,18,18,18,18,18,18,18,18
240591,1,1,1992,25,25,25,25,25,25,25,25,25,25
240592,1,1,1992,0,0,0,0,0,0,0,0,0,0
240592,2,1,1992,0,16,0,0,0,0,0,0,0,0
240593,1,1,1992,0,0,0,0,0,0,0,0,0,0
240593,2,1,1992,0,0,0,0,0,0,0,0,0,0
240594,1,1,1992,0,0,0,0,0,0,0,20,0,0
240594,2,1,1992,1,1,1,1,1,1,1,1,1,1
240595,1,1,1992,5,0,0,2,0,12,0,0,0,14
240595,2,1,1992,0,0,0,0,0,0,9,0,0,0
240596,1,1,1992,0,0,0,0,0,0,0,0,0,0
240596,2,1,1992,0,0,0,0,0,0,0,0,0,0
240597,1,1,1992,7,7,7,7,7,7,7,7,7,7
240597,2,1,1992,0,0,0,0,0,0,0,0,0,0
240598,1,1,1992,17,17,17,17,17,17,17,17,17,17
240599,1,1,1992,28,28,28,28,28,28,28,28,28,28
240600,1,1,1992,0,0,0,0,0,0,0,0,0,0
240601,1,1,1992,0,0,0,0,0,0,7,0,6,0
240601,2,1,1992,0,0,0,0,0,0,0,0,0,0
240602,1,1,1992,6,6,6,6,6,6,6,6,6,6
240603,0,1,1992,0,0,0,0,0,0,0,0,0,0
240603,1,1,1992,0,0,0,0,0,0,0,0,2,0
240604,1,2,1992,0,0,0,0,0,0,0,0,0,0
240605,1,1,1992,0,0,0,0,0,0,0,0,0,0
240605,2,1,1992,13,13,13,13,13,13,13,13,13,13
240606,1,1,1992,9,2,8,8,19,15,11,14,13,0
240608,1,1,1992,0,0,0,0,0,0,0,0,0,0
240608,2,1,1992,18,18,18,18,18,18,18,18,18,18
240609,1,1,1992,0,0,0,0,0,0,0,0,0,0
240611,1,1,1992,0,0,0,0,0,0,0,0,0,0
240612,1,1,1992,10,0,0,0,0,0,0,0,0,0
240612,2,1,1992,0,0,0,0,0,0,0,0,0,0
240613,1,1,1992,0,0,0,0,0,0,0,0,0,0
240613,2,1,1992,0,0,0,0,0,0,0,0,0,0
240614,0,1,1992,0,0,0,0,0,0,0,0,0,0
240614,1,1,1992,0,0,0,0,0,0,0,0,0,0
240615,1,1,1992,10,0,9,5,0,0,0,0,0,0
240615,2,1,1992,0,12,0,8,18,9,0,0,0,13
240616,0,1,1992,0,0,0,0,29,37,0,0,0,0
240616,1,1,1992,0,0,0,0,0,0,0,0,0,0
240617,1,1,1992,0,0,0,0,0,0,0,0,0,0
250001,1,1,1992,21,21,21,21,21,21,21,21,21,21
250002,1,1,1992,5,5,5,5,5,5,5,5,5,5
250003,1,1,1992,25,25,25,25,25,25,25,25,25,25
250003,2,1,1992,0,0,0,0,18,0,0,0,0,0
250004,1,1,1992,22,6,22,26,12,13,12,18,18,12
250005,1,1,1992,11,11,11,11,11,11,11,11,11,11
250006,1,1,1992,0,0,0,0,0,0,0,0,0,0
250007,1,1,1992,9,0,0,12,0,9,0,14,0,0
250008,1,1,1992,20,20,20,20,20,20,20,20,20,20
250009,1,1,1992,17,22,23,0,17,23,9,11,14,17
250010,1,1,1992,18,24,26,0,10,18,13,13,13,0
250010,2,1,1992,0,0,0,0,0,0,0,0,0,0
250011,1,1,1992,22,22,22,22,22,22,22,22,22,22
250012,0,1,1992,0,0,0,0,0,0,0,0,0,0
250012,1,1,1992,32,13,16,10,13,0,12,21,5,14
250012,2,1,1992,0,0,0,0,0,0,0,0,12,0
250013,1,1,1992,1,1,1,1,1,1,1,1,1,1
250013,2,1,1992,16,8,4,0,13,7,18,11,15,10
250014,1,1,1992,8,20,5,9,15,17,11,12,14,26
250014,2,1,1992,0,0,0,14,0,0,0,0,0,0
250015,1,1,1992,0,0,0,0,0,0,0,0,0,0
250015,2,1,1992,0,0,0,0,0,0,0,0,0,0
250016,0,1,1992,0,0,0,0,0,0,0,0,0,0
250016,1,1,1992,0,0,0,0,0,15,0,0,0,0
250017,1,1,1992,0,17,12,0,8,7,29,0,10,0
250018,1,1,1992,34,34,34,34,34,34,34,34,34,34
250019,1,1,1992,1,1,1,1,1,1,1,1,1,1
250020,1,1,1992,0,0,0,0,0,0,0,0,0,0
250021,0,1,1992,0,0,0,0,0,0,0,0,0,0
250021,1,1,1992,0,0,0,0,0,0,0,0,0,0
250022,1,1,1992,0,0,0,2,0,0,0,0,0,0
250022,2,1,1992,0,0,0,0,0,0,0,0,0,0
250023,1,1,1992,13,14,8,8,14,0,11,19,7,6
250024,1,1,1992,0,0,0,0,0,0,0,0,0,0
250025,0,1,1992,0,0,23,34,0,17,0,0,0,0
250025,1,1,1992,0,0,0,0,0,0,0,0,0,0
250026,0,1,1992,0,0,0,0,0,0,0,0,0,0
250026,1,1,1992,0,0,0,0,0,0,0,0,0,0
250027,1,1,1992,0,12,16,24,0,0,0,7,22,0
250028,1,1,1992,0,0,0,0,0,0,0,0,0,0
250029,1,1,1992,8,10,0,15,0,5,0,0,0,0
250029,2,1,1992,12,12,12,12,12,12,12,12,12,12
250030,1,1,1992,23,27,8,18,30,17,46,25,4,12
250031,1,1,1992,0,0,0,0,0,0,0,0,0,0
250031,2,1,1992,0,0,0,0,0,0,0,0,0,0
250031,3,1,1992,0,24,0,0,0,0,0,0,0,0
250032,1,1,1992,0,0,0,0,0,0,0,0,0,0
250032,2,1,1992,0,0,0,0,0,0,20,0,0,0
250033,1,1,1992,13,0,0,0,7,7,30,0,0,0
250033,2,1,1992,0,0,0,0,0,0,0,0,0,0
250034,1,1,1992,0,0,0,0,0,0,0,0,0,0
250035,1,1,1992,10,10,10,10,10,10,10,10,10,10
250036,1,1,1992,0,0,0,0,0,0,0,0,0,0
250037,1,1,1992,0,0,0,0,0,0,0,0,0,0
250038,1,1,1992,0,0,0,0,0,0,0,0,5,0
250038,2,1,1992,0,0,0,0,0,0,0,0,0,0
250038,3,1,1992,0,0,0,0,0,0,0,0,0,0
250038,4,1,1992,0,0,0,0,4,0,0,0,0,0
250038,5,1,1992,0,14,0,11,0,0,0,0,0,0
250038,6,1,1992,0,4,0,0,0,0,0,0,0,0
250038,7,1,1992,0,0,0,0,0,0,0,0,0,12
250038,8,1,1992,0,0,0,0,0,0,0,0,0,0
250038,9,1,1992,0,0,0,0,0,0,0,0,0,0
250038,10,1,1992,0,0,0,0,0,0,0,0,0,0
250038,11,1,1992,0,0,0,0,0,0,0,0,0,0
250038,12,1,1992,0,0,0,0,0,0,0,0,0,0
250039,1,1,1992,12,12,12,12,12,12,12,12,12,12
250040,0,1,1992,0,0,0,0,0,0,0,0,0,0
250040,1,1,1992,0,0,0,0,0,0,0,0,0,0
250041,1,1,1992,3,3,3,3,3,3,3,3,3,3
250042,0,1,1992,30,30,30,30,30,30,30,30,30,30
250042,1,1,1992,7,0,0,13,9,11,0,0,0,0
250043,1,1,1992,17,17,17,17,17,17,17,17,17,17
250043,2,1,1992,0,4,0,0,0,11,0,26,5,0
250044,1,1,1992,24,24,24,24,24,24,24,24,24,24
250045,1,1,1992,0,0,0,0,0,0,13,18,0,20
250046,0,1,1992,0,0,0,0,0,0,0,0,0,0
250046,1,1,1992,0,0,0,22,0,0,0,0,7,0
250047,1,1,1992,23,23,23,23,23,23,23,23,23,23
250048,0,1,1992,0,22,21,0,17,12,21,19,10,15
250048,1,1,1992,0,0,0,0,0,0,0,23,0,0
250049,1,1,1992,0,0,0,0,0,0,0,0,0,0
250050,1,1,1992,15,5,11,14,6,13,8,6,2,13
250051,1,1,1992,0,0,0,0,0,0,0,0,0,0
250051,2,1,1992,0,0,15,0,0,0,6,0,0,0
250052,1,1,1992,0,0,0,0,0,0,0,0,0,0
250053,1,1,1992,0,0,0,0,0,0,0,0,0,0
250053,2,1,1992,0,0,0,0,0,0,0,0,0,0
250054,1,1,1992,12,0,0,0,0,0,13,0,0,18
250055,1,1,1992,14,14,14,14,14,14,14,14,14,14
250056,0,1,1992,0,0,0,0,0,0,0,0,0,0
250056,1,1,1992,0,0,0,0,0,0,0,0,0,0
250057,1,1,1992,6,6,6,6,6,6,6,6,6,6
250057,2,1,1992,0,0,0,0,0,0,0,0,0,0
250058,1,1,1992,11,11,11,11,11,11,11,11,11,11
250059,1,1,1992,0,0,0,0,0,0,0,0,0,0
250059,2,1,1992,25,25,25,25,25,25,25,25,25,25
250060,1,1,1992,23,23,23,23,23,23,23,23,23,23