ST_CASE,VEH_NO,PER_NO,YEAR,P1,P2,P3,P4,P5,P6,P7,P8,P9,P10
250060,2,1,1992,0,15,16,0,0,0,10,27,7,0
250060,3,1,1992,21,0,9,0,0,3,14,8,12,3
250061,1,1,1992,8,23,15,10,17,8,12,30,16,18
250061,2,1,1992,15,0,9,6,0,0,11,22,0,5
250062,1,1,1992,22,22,22,22,22,22,22,22,22,22
250062,2,1,1992,0,17,9,14,13,0,8,14,0,0
250063,1,1,1992,0,0,0,0,0,0,0,0,9,30
250064,1,1,1992,12,19,25,17,24,19,0,17,6,19
250065,1,1,1992,0,0,21,0,0,0,0,0,0,0
250065,2,1,1992,10,5,11,20,20,0,7,6,9,6
250066,1,1,1992,24,24,24,24,24,24,24,24,24,24
250067,1,1,1992,9,22,11,23,19,7,16,16,10,6
250068,1,1,1992,0,0,0,0,0,0,0,0,0,0
250068,2,1,1992,22,6,0,9,15,21,0,23,6,0
250069,1,1,1992,16,20,23,23,7,21,19,24,11,31
250069,2,1,1992,0,0,0,0,0,0,0,0,0,0
250070,1,1,1992,0,0,0,0,0,0,0,0,0,0
250071,0,1,1992,0,0,0,0,0,0,0,0,0,0
250071,1,1,1992,0,0,0,0,0,0,0,0,0,0
250072,1,1,1992,0,0,0,0,0,0,0,0,0,0
250072,2,1,1992,0,0,0,0,0,0,0,0,0,0
250073,1,1,1992,0,0,0,0,0,0,0,0,0,0
250073,2,1,1992,0,0,0,0,0,0,0,0,0,0
250074,1,1,1992,0,0,0,0,0,0,0,0,0,0
250074,2,1,1992,11,0,7,0,0,0,0,0,0,0
250075,0,1,1992,30,30,30,30,30,30,30,30,30,30
250075,1,1,1992,0,0,0,0,0,0,0,0,0,0
250076,1,1,1992,30,30,30,30,30,30,30,30,30,30
250076,2,1,1992,0,0,0,0,0,0,0,0,0,0
250077,1,1,1992,0,0,0,0,0,0,0,0,0,0
250077,2,1,1992,0,0,0,0,0,0,0,0,13,0
250078,1,1,1992,6,23,11,10,16,16,12,12,11,15
250079,1,1,1992,0,0,0,0,0,0,0,0,0,0
250079,2,1,1992,4,4,4,4,4,4,4,4,4,4
250080,1,1,1992,18,18,18,18,18,18,18,18,18,18
250081,1,1,1992,0,0,0,0,0,0,0,0,0,0
250082,1,1,1992,14,7,25,12,10,0,10,0,11,16
250083,1,1,1992,0,6,0,0,3,0,11,9,0,19
250084,1,1,1992,0,0,0,0,0,0,0,0,0,0
250084,2,1,1992,0,0,0,0,11,0,0,0,0,0
250085,1,1,1992,13,33,24,16,16,29,14,25,11,17
250086,1,1,1992,22,22,22,22,22,22,22,22,22,22
250086,2,1,1992,0,0,11,27,0,0,16,9,10,6
250087,1,1,1992,32,32,32,32,32,32,32,32,32,32
250088,1,1,1992,0,10,18,0,4,8,10,16,6,0
250089,1,1,1992,19,4,13,0,13,3,0,0,0,30
250089,2,1,1992,0,12,4,0,6,0,3,0,7,0
250090,1,1,1992,0,0,5,0,0,0,0,0,0,0
250091,1,1,1992,0,0,0,0,0,0,0,0,0,0
250091,2,1,1992,0,0,0,0,0,0,2,0,0,0
250092,1,1,1992,0,0,0,0,0,0,0,0,0,0
250093,1,1,1992,0,0,0,0,0,0,0,0,0,0
250093,2,1,1992,0,0,0,0,0,0,0,0,0,0
250093,3,1,1992,0,0,0,0,0,0,0,0,0,4
250094,1,1,1992,23,0,0,0,0,16,0,0,0,0
250095,1,1,1992,0,0,0,0,0,0,0,0,0,0
250096,1,1,1992,0,0,0,0,0,0,0,0,0,0
250097,0,1,1992,0,0,0,0,0,0,0,0,0,0
250097,1,1,1992,0,0,0,0,0,9,0,5,0,0
250099,1,1,1992,18,18,18,18,18,18,18,18,18,18
250099,2,1,1992,0,0,0,0,0,0,0,0,0,0
250099,3,1,1992,0,0,16,0,0,0,0,0,0,0
250100,1,1,1992,0,0,0,0,12,0,13,0,0,0
250100,2,1,1992,0,0,0,0,0,0,0,0,0,0
250101,0,1,1992,22,22,22,22,22,22,22,22,22,22
250101,1,1,1992,0,0,0,0,0,0,0,15,0,18
250102,0,1,1992,0,0,0,0,0,0,0,0,0,0
250102,1,1,1992,0,0,0,0,0,0,0,0,0,0
250103,1,1,1992,0,0,0,0,0,0,8,0,0,0
250103,2,1,1992,0,0,0,0,0,0,0,0,0,0
250104,1,1,1992,0,0,0,0,0,0,0,0,0,0
250105,1,1,1992,0,0,0,0,0,0,0,0,0,0
250106,1,1,1992,0,0,0,0,0,0,0,0,0,0
250106,2,1,1992,0,0,0,14,0,29,22,0,3,5
250106,3,1,1992,5,5,5,5,5,5,5,5,5,5
250107,1,1,1992,17,25,14,0,13,12,13,15,12,19
250107,2,1,1992,34,34,34,34,34,34,34,34,34,34
250108,0,1,1992,0,0,0,0,0,0,0,0,0,0
250108,1,1,1992,0,0,0,0,0,0,0,14,0,0
250109,1,1,1992,0,0,0,0,0,0,0,0,0,0
250109,2,1,1992,0,0,0,0,0,0,0,0,0,0
250110,0,1,1992,25,25,25,25,25,25,25,25,25,25
250110,1,1,1992,0,0,0,0,0,0,0,0,0,0
250111,1,1,1992,0,0,0,0,0,0,0,0,0,0
250111,2,1,1992,0,0,0,0,0,0,0,0,0,0
250112,1,1,1992,16,16,16,16,16,16,16,16,16,16
250113,1,1,1992,0,0,0,0,0,0,8,0,0,0
250114,1,1,1992,0,0,0,0,0,0,0,0,0,0
250115,1,1,1992,0,26,0,4,0,16,6,33,0,0
250115,2,1,1992,0,0,0,0,0,0,0,0,0,0
250116,1,1,1992,25,25,25,25,25,25,25,25,25,25
250117,1,1,1992,0,0,26,0,0,11,0,0,0,0
250118,0,1,1992,24,24,24,24,24,24,24,24,24,24
250118,1,1,1992,0,0,34,0,0,0,0,15,0,0
250119,1,1,1992,9,9,9,9,9,9,9,9,9,9
250120,1,1,1992,10,10,10,10,10,10,10,10,10,10
250120,2,1,1992,0,0,17,7,0,0,0,19,0,0
250120,3,1,1992,7,0,0,0,0,0,0,0,0,7
250121,1,1,1992,18,0,0,0,9,12,26,11,25,24
250122,1,1,1992,5,5,5,5,5,5,5,5,5,5
250123,1,1,1992,0,0,0,21,0,0,0,0,0,13
250123,2,1,1992,0,0,0,0,0,0,0,0,0,0
250124,1,1,1992,4,4,4,4,4,4,4,4,4,4
250125,1,1,1992,31,31,31,31,31,31,31,31,31,31
250126,1,1,1992,0,0,0,0,0,0,0,0,0,0
250127,1,1,1992,0,0,0,0,0,0,0,0,0,0
250127,2,1,1992,26,26,26,26,26,26,26,26,26,26
250128,1,1,1992,30,30,30,30,30,30,30,30,30,30
250129,1,1,1992,30,21,13,19,15,17,22,15,0,24
250130,0,1,1992,0,0,0,0,0,0,0,0,0,0
250130,1,1,1992,0,0,0,0,0,6,0,14,3,21
250131,1,1,1992,0,0,0,0,0,0,0,0,0,0
250132,1,1,1992,0,0,0,0,0,0,0,0,0,0
250132,2,1,1992,25,24,31,0,0,0,0,0,0,0
250132,3,1,1992,0,0,0,0,0,0,0,0,0,0
250133,1,1,1992,8,8,8,8,8,8,8,8,8,8
250134,1,1,1992,22,0,26,0,0,0,0,0,0,0
250135,1,1,1992,8,8,8,8,8,8,8,8,8,8
250136,0,1,1992,2,2,2,2,2,2,2,2,2,2
250136,0,2,1992,0,15,0,0,0,0,14,0,19,0
250136,1,1,1992,0,0,0,0,0,4,0,0,0,12
250137,1,1,1992,25,25,25,25,25,25,25,25,25,25
250138,1,1,1992,0,0,0,0,0,0,0,0,0,0
250139,0,1,1992,0,0,0,0,0,0,0,0,0,0
250139,1,1,1992,6,4,5,0,0,0,0,0,0,0
250140,1,1,1992,0,0,0,0,0,0,0,0,0,0
250141,1,1,1992,15,15,15,15,15,15,15,15,15,15
250142,1,1,1992,0,0,0,0,0,0,0,0,0,0
250142,2,1,1992,0,0,0,0,0,0,0,0,0,0
250143,1,1,1992,0,0,0,0,0,0,0,0,0,0
250143,2,1,1992,0,0,0,0,13,0,11,0,0,0
250144,1,1,1992,0,0,0,0,0,0,0,0,0,0
250145,1,1,1992,9,0,0,0,21,0,0,10,0,0
250145,2,1,1992,18,6,19,7,13,37,27,5,7,22
250145,3,1,1992,0,0,0,0,0,0,0,0,0,0
250145,4,1,1992,0,0,0,10,12,0,0,0,0,13
250146,1,1,1992,0,4,0,5,13,10,0,0,9,7
250147,0,1,1992,23,23,23,23,23,23,23,23,23,23
250147,1,1,1992,0,13,12,9,16,6,15,5,0,7
250148,1,1,1992,0,0,0,0,0,0,0,0,0,0
250148,2,1,1992,0,0,0,0,0,0,0,0,0,0
250148,3,1,1992,0,0,0,0,0,0,4,0,0,0
250149,1,1,1992,19,19,19,19,19,19,19,19,19,19
250150,1,1,1992,0,0,0,0,0,0,0,0,0,0
250150,2,1,1992,0,0,0,0,0,0,0,0,0,0
250151,0,1,1992,33,33,33,33,33,33,33,33,33,33
250151,1,1,1992,0,0,12,0,0,0,0,0,0,0
250152,1,1,1992,1,1,1,1,1,1,1,1,1,1
250153,1,1,1992,8,8,8,8,8,8,8,8,8,8
250154,1,1,1992,14,6,14,22,11,16,26,16,26,13
250155,1,1,1992,0,0,9,34,15,17,24,15,6,32
250156,1,1,1992,0,0,6,18,0,0,0,0,0,0
250157,1,1,1992,16,0,15,0,10,0,18,17,0,14
250158,1,1,1992,0,0,0,0,0,0,0,0,0,0
250158,2,1,1992,0,0,0,0,0,0,0,0,0,0
250159,0,1,1992,19,19,19,19,19,19,19,19,19,19
250159,1,1,1992,0,19,0,0,0,0,0,24,0,20
250160,1,1,1992,18,18,18,18,18,18,18,18,18,18
250161,1,1,1992,14,14,14,14,14,14,14,14,14,14
250161,2,1,1992,27,27,27,27,27,27,27,27,27,27
250162,1,1,1992,12,0,0,0,0,0,14,9,3,6
250162,2,1,1992,15,15,15,15,15,15,15,15,15,15
250163,0,1,1992,16,16,16,16,16,16,16,16,16,16
250163,1,1,1992,9,12,0,30,28,5,15,12,7,11
250164,0,1,1992,0,0,0,0,0,0,0,0,0,0
250164,1,1,1992,0,9,0,0,0,0,0,28,0,0
250165,1,1,1992,0,0,0,0,0,0,0,0,0,0
250165,2,1,1992,0,0,0,0,0,22,0,18,0,0
250166,1,1,1992,0,0,0,0,0,0,0,0,0,0
250166,2,1,1992,0,0,0,0,0,0,0,0,0,0
250167,1,1,1992,35,35,35,35,35,35,35,35,35,35
250168,1,1,1992,0,0,0,0,0,0,0,0,0,0
250169,1,1,1992,14,14,14,14,14,14,14,14,14,14
250170,1,1,1992,0,0,0,0,0,0,0,0,0,0
250171,1,1,1992,29,29,29,29,29,29,29,29,29,29
250172,1,1,1992,7,14,22,12,16,21,7,21,11,9
250174,1,1,1992,0,0,0,0,0,0,0,0,0,0
250174,2,1,1992,0,0,0,19,32,0,0,3,0,0
250174,3,1,1992,0,0,0,0,0,0,0,0,0,0
250175,1,1,1992,14,14,14,14,14,14,14,14,14,14
250176,1,1,1992,15,15,15,15,15,15,15,15,15,15
250176,2,1,1992,9,0,0,10,0,0,0,6,0,0
250176,3,1,1992,0,0,0,12,0,0,24,0,0,0
250177,1,1,1992,12,19,8,0,18,13,23,6,16,27
250178,1,1,1992,22,22,22,22,22,22,22,22,22,22
250179,1,1,1992,16,16,16,16,16,16,16,16,16,16
250180,1,1,1992,11,16,20,29,18,24,23,21,17,21
250181,1,1,1992,0,0,0,0,0,0,0,0,0,0
250181,2,1,1992,0,0,0,0,0,0,0,0,0,0
250182,1,1,1992,0,0,0,0,22,0,0,4,0,0
250182,2,1,1992,0,0,0,0,0,0,0,0,0,0
250182,3,1,1992,0,0,0,0,0,0,0,0,12,0
250183,0,1,1992,0,0,0,0,0,0,0,0,0,0
250183,1,1,1992,0,0,0,0,0,17,0,0,0,0
250184,1,1,1992,0,0,0,0,0,0,0,0,0,0
250185,1,1,1992,20,15,4,14,10,16,4,2,3,3
250186,1,1,1992,0,0,0,0,0,0,0,0,0,0
250187,0,1,1992,0,0,0,0,0,0,0,0,0,0
250187,0,2,1992,18,0,0,0,0,0,0,0,0,0
250187,0,3,1992,0,0,0,0,0,12,0,0,0,0
250188,0,1,1992,23,23,23,23,23,23,23,23,23,23
250188,1,1,1992,0,0,0,0,0,0,0,0,8,0
250189,1,1,1992,11,23,7,20,20,0,9,11,20,5
250190,1,1,1992,0,0,0,0,0,0,0,0,0,0
250190,2,1,1992,0,0,0,0,12,0,0,0,0,0
250190,3,1,1992,0,0,0,0,0,0,0,0,0,0
250190,4,1,1992,0,0,0,0,0,0,0,0,0,0
250190,5,1,1992,0,0,0,0,0,0,0,0,0,0
250190,6,1,1992,0,0,0,0,0,0,0,4,0,0
250191,1,1,1992,0,0,0,0,0,0,0,0,0,0
250191,2,1,1992,0,10,0,0,0,0,0,0,0,0
250192,1,1,1992,18,18,18,18,18,18,18,18,18,18
250192,2,1,1992,10,0,5,7,2,17,20,10,15,24
250194,1,1,1992,15,15,15,15,15,15,15,15,15,15
250195,0,1,1992,0,0,0,0,0,0,0,0,0,0
250195,0,2,1992,0,0,0,0,0,0,0,0,0,0
250195,0,3,1992,0,40,0,0,0,0,0,0,0,0
250195,1,1,1992,0,0,0,0,0,7,0,0,0,0
250195,2,1,1992,0,0,0,0,0,0,0,0,0,0
250196,1,1,1992,0,0,0,0,0,0,0,0,0,0
250197,1,1,1992,0,0,0,0,0,0,0,0,0,0
250198,1,1,1992,0,0,0,0,0,0,0,0,0,0
250198,2,1,1992,0,0,0,0,0,0,0,0,0,0
250199,1,1,1992,0,0,0,0,0,0,0,0,0,0
250200,0,1,1992,0,0,0,0,0,0,21,0,0,0
250200,1,1,1992,0,0,4,0,0,0,0,0,0,0
250201,1,1,1992,24,24,24,24,24,24,24,24,24,24
250202,1,1,1992,5,5,5,5,5,5,5,5,5,5
250203,1,1,1992,15,15,15,15,15,15,15,15,15,15
250205,1,1,1992,21,0,0,0,0,0,0,0,0,0
250206,1,1,1992,0,8,0,18,0,0,0,21,0,13
250207,1,1,1992,30,30,30,30,30,30,30,30,30,30
250208,1,1,1992,1,1,1,1,1,1,1,1,1,1
250209,1,1,1992,0,0,0,0,0,0,0,0,0,0
250210,1,1,1992,15,15,15,15,15,15,15,15,15,15
250210,2,1,1992,4,0,0,0,0,0,0,0,0,0
250211,1,1,1992,0,0,0,0,11,0,0,0,0,8
250211,2,1,1992,23,23,23,23,23,23,23,23,23,23
250212,1,1,1992,20,14,30,14,14,16,22,10,7,28
250213,0,1,1992,18,11,25,13,22,17,0,20,9,20
250213,1,1,1992,19,5,15,12,18,8,11,23,34,15
250214,1,1,1992,19,7,0,6,18,16,15,12,19,17
250215,0,1,1992,0,0,0,0,0,0,0,0,0,0
250215,1,1,1992,0,0,0,0,0,0,0,0,0,0
250216,0,1,1992,0,0,0,0,0,0,0,0,0,0
250216,1,1,1992,0,0,22,0,19,0,16,0,0,0
250217,1,1,1992,11,17,6,10,0,5,11,0,11,0
250218,1,1,1992,27,27,27,27,27,27,27,27,27,27
250219,1,1,1992,0,0,0,0,0,0,0,0,0,0
250219,2,1,1992,0,0,0,13,0,0,0,0,0,0
250220,0,1,1992,0,0,0,0,0,0,0,0,0,0
250220,1,1,1992,0,0,0,0,0,11,0,0,0,0
250220,2,1,1992,0,17,0,0,0,0,0,0,0,5
250221,1,1,1992,0,10,0,21,26,0,8,8,15,11
250221,2,1,1992,0,0,0,0,0,0,0,0,0,0
250222,1,1,1992,0,0,0,0,0,0,0,0,0,0
250222,2,1,1992,0,0,0,0,0,0,0,0,0,0
250223,1,1,1992,0,0,0,0,0,0,0,0,0,0
250223,2,1,1992,0,0,0,0,0,0,0,0,0,0
250224,0,1,1992,0,0,0,0,0,0,0,0,0,0
250224,1,1,1992,31,0,14,0,0,0,0,0,0,7
250225,1,1,1992,19,18,0,14,6,12,15,8,14,10
250225,2,1,1992,22,22,22,22,22,22,22,22,22,22
250226,1,1,1992,0,0,0,0,0,0,0,0,0,0
250226,2,1,1992,0,0,0,0,0,0,0,0,0,0
250227,1,1,1992,6,26,14,20,3,18,0,0,0,0
250228,1,1,1992,0,0,0,0,0,0,0,0,0,0
250228,2,1,1992,0,0,0,0,0,0,0,0,0,0
250229,1,1,1992,0,0,0,0,0,0,0,7,9,0
250230,1,1,1992,17,17,17,17,17,17,17,17,17,17
250231,0,1,1992,13,0,0,3,10,0,0,0,0,0
250231,1,1,1992,0,0,0,0,0,0,0,0,0,0
250232,1,1,1992,0,0,0,0,0,0,0,14,0,0
250232,2,1,1992,0,18,0,0,0,0,0,0,0,0
250233,1,1,1992,0,0,0,0,0,0,0,0,0,0
250234,1,1,1992,21,21,21,21,21,21,21,21,21,21
250235,1,1,1992,0,0,6,17,0,0,0,0,28,0
250235,2,1,1992,3,3,3,3,3,3,3,3,3,3
250236,1,1,1992,14,14,14,14,14,14,14,14,14,14
250237,1,1,1992,0,0,0,0,0,0,0,0,0,0
250237,2,1,1992,0,0,0,0,0,0,0,0,0,0
250237,3,1,1992,0,0,0,0,0,0,0,0,0,0
250238,1,1,1992,5,5,5,5,5,5,5,5,5,5
250239,0,1,1992,0,0,0,0,0,0,0,0,0,0
250239,1,1,1992,0,13,0,0,0,0,17,0,0,10
250240,1,1,1992,22,18,28,10,4,6,7,0,10,11
250240,2,1,1992,26,26,26,26,26,26,26,26,26,26
250241,1,1,1992,0,23,0,0,0,0,0,0,0,0
250242,0,1,1992,0,0,0,0,0,0,0,0,0,0
250242,1,1,1992,0,0,0,0,0,0,10,33,0,0
250243,1,1,1992,0,13,0,0,0,0,0,9,21,0
250244,1,1,1992,23,23,23,23,23,23,23,23,23,23
250245,1,1,1992,0,0,0,0,20,0,29,14,19,0
250245,2,1,1992,0,0,0,0,12,7,0,23,9,0
250247,1,1,1992,0,0,0,0,0,0,0,0,9,0
250247,2,1,1992,0,0,0,0,0,0,0,0,0,0
250248,1,1,1992,0,0,0,0,0,0,0,0,0,0
250248,2,1,1992,0,0,0,0,0,15,0,0,0,0
250249,1,1,1992,0,2,0,0,0,9,21,8,0,0
250249,2,1,1992,8,8,20,20,18,13,15,11,15,8
250250,1,1,1992,6,6,6,6,6,6,6,6,6,6
250250,2,1,1992,0,0,0,0,0,0,0,0,0,0
250251,1,1,1992,9,9,9,9,9,9,9,9,9,9
250252,1,1,1992,0,0,0,0,0,0,0,0,0,0
250252,2,1,1992,1,1,1,1,1,1,1,1,1,1
250252,3,1,1992,0,0,0,0,0,0,0,0,0,0
250253,0,1,1992,0,0,0,0,0,0,0,0,0,0
250253,1,1,1992,0,0,0,14,11,9,0,9,10,0
250254,0,1,1992,0,0,0,0,0,0,0,0,0,0
250254,1,1,1992,0,0,0,0,0,17,0,0,0,0
250255,1,1,1992,0,0,0,0,0,0,0,0,0,0
250255,2,1,1992,11,0,0,0,0,0,0,0,0,0
250256,1,1,1992,0,0,0,0,0,0,0,0,0,0
250256,2,1,1992,0,0,0,0,0,0,0,0,0,0
250257,0,1,1992,21,21,21,21,21,21,21,21,21,21
250257,1,1,1992,17,21,6,0,9,5,0,0,0,0
250257,2,1,1992,0,0,16,0,7,0,0,17,18,22
250258,1,1,1992,0,0,0,0,0,0,0,0,0,0
250259,1,1,1992,0,0,7,0,0,0,0,0,0,0
250259,2,1,1992,0,0,0,0,0,0,0,0,0,0
250260,0,1,1992,9,9,9,9,9,9,9,9,9,9
250260,1,1,1992,9,10,24,13,8,11,19,9,16,12
250260,2,1,1992,0,0,29,0,0,17,0,12,15,12
250261,0,1,1992,10,10,10,10,10,10,10,10,10,10
250261,1,1,1992,0,0,0,0,0,0,0,0,0,0
250262,1,1,1992,23,14,7,20,18,8,8,9,15,22
250263,1,1,1992,0,0,0,0,0,15,0,11,0,0
250263,2,1,1992,0,0,0,0,0,0,0,0,0,0
250264,0,1,1992,35,35,35,35,35,35,35,35,35,35
250264,1,1,1992,0,0,7,0,0,0,0,0,11,8
250265,1,1,1992,17,17,17,17,17,17,17,17,17,17
250265,2,1,1992,0,0,0,0,12,0,0,13,0,0
250266,0,1,1992,13,13,13,13,13,13,13,13,13,13
250266,0,2,1992,14,25,0,0,12,17,17,12,19,30
250266,1,1,1992,0,18,0,11,7,4,19,0,0,8
250267,1,1,1992,0,0,15,22,15,19,0,0,12,20
250267,2,1,1992,0,11,0,0,6,0,0,0,0,0
250268,1,1,1992,9,0,0,0,0,0,0,14,10,6
250269,0,1,1992,13,13,13,13,13,13,13,13,13,13
250269,1,1,1992,7,11,9,0,28,5,10,10,14,0
250270,0,1,1992,0,0,0,0,0,0,0,0,0,0
250270,1,1,1992,0,0,0,0,0,0,0,0,0,0
250271,1,1,1992,26,26,26,26,26,26,26,26,26,26
250272,1,1,1992,21,21,21,21,21,21,21,21,21,21
250273,1,1,1992,0,0,0,0,0,0,0,0,0,0
250273,2,1,1992,0,0,0,0,0,0,0,0,0,0
250274,1,1,1992,24,24,24,24,24,24,24,24,24,24
250274,2,1,1992,19,0,0,0,0,0,0,10,0,0
250275,0,1,1992,4,4,4,4,4,4,4,4,4,4
250275,1,1,1992,0,0,0,0,0,0,0,0,0,0
250276,0,1,1992,0,0,0,0,0,0,0,0,0,0
250276,1,1,1992,0,8,0,0,0,0,0,0,0,0
250276,2,1,1992,0,0,0,0,0,0,0,0,0,0
250277,1,1,1992,0,0,0,0,0,0,0,0,0,0
250277,2,1,1992,0,0,0,0,0,0,0,0,0,0
250278,1,1,1992,0,12,6,0,0,0,3,0,10,14
250279,0,1,1992,0,0,0,0,0,0,0,0,0,0
250279,1,1,1992,0,0,0,0,0,0,0,0,0,0
250280,0,1,1992,0,0,0,0,0,0,0,0,0,0
250280,1,1,1992,0,15,16,0,0,0,0,0,0,24
250281,1,1,1992,13,19,20,13,18,12,24,11,18,19
250282,0,1,1992,0,0,0,0,0,0,0,0,0,0
250282,1,1,1992,17,10,0,6,9,12,14,12,36,0
250283,1,1,1992,0,0,0,0,0,0,0,0,0,0
250284,1,1,1992,0,0,0,0,0,0,0,0,0,0
250284,2,1,1992,0,0,0,0,0,0,0,0,0,0
250286,0,1,1992,0,0,0,0,0,0,0,0,0,0
250286,1,1,1992,0,0,0,0,0,0,0,0,0,0
250287,0,1,1992,12,12,12,12,12,12,12,12,12,12
250287,1,1,1992,3,20,13,0,18,23,21,2,8,10
250288,0,1,1992,0,0,0,0,0,0,0,0,0,0
250288,1,1,1992,0,0,0,0,0,0,0,0,0,0
250289,1,1,1992,12,12,12,12,12,12,12,12,12,12
250290,1,1,1992,0,0,0,0,0,0,0,0,0,0
250290,2,1,1992,0,0,0,0,0,0,0,0,0,0
250291,1,1,1992,25,25,25,25,25,25,25,25,25,25
250292,1,1,1992,0,0,3,0,0,0,0,0,0,0
250292,2,1,1992,8,0,0,0,0,0,0,0,0,0
250293,1,1,1992,0,0,0,0,0,0,0,0,0,0
250294,1,1,1992,0,0,0,0,0,0,0,0,0,0
250294,2,1,1992,0,0,0,0,0,0,0,0,0,11
250294,3,1,1992,0,0,0,0,0,0,0,0,0,0
250295,1,1,1992,0,0,0,0,0,0,0,0,0,0
250295,2,1,1992,0,0,0,0,30,0,0,0,0,0
250296,1,1,1992,20,0,5,0,22,0,22,0,17,0
250297,0,1,1992,0,0,0,0,0,0,0,0,0,0
250297,1,1,1992,0,0,0,0,0,0,0,0,0,0
250298,1,1,1992,28,0,7,0,17,0,15,17,25,20
250299,1,1,1992,15,24,11,13,13,20,6,7,13,26
250300,0,1,1992,0,0,0,0,0,0,0,0,0,0
250300,1,1,1992,0,0,0,0,0,0,0,0,0,0
250301,1,1,1992,18,18,18,18,18,18,18,18,18,18
250302,1,1,1992,0,0,0,0,0,0,0,5,0,10
250303,1,1,1992,20,20,20,20,20,20,20,20,20,20
250304,1,1,1992,0,0,0,0,0,0,0,0,0,0
250304,2,1,1992,0,0,0,16,0,0,0,0,9,0
250305,1,1,1992,19,19,19,19,19,19,19,19,19,19
250306,1,1,1992,0,0,0,0,0,0,0,0,0,0
250307,0,1,1992,19,19,19,19,19,19,19,19,19,19
250307,1,1,1992,16,16,11,10,0,20,0,0,0,0
250308,1,1,1992,15,15,17,20,22,17,9,11,17,10
250309,0,1,1992,0,0,0,0,0,0,0,0,0,0
250309,2,1,1992,10,14,12,9,9,8,23,20,16,13
250310,1,1,1992,8,8,8,8,8,8,8,8,8,8
250311,1,1,1992,24,24,24,24,24,24,24,24,24,24
250311,2,1,1992,0,0,0,0,0,0,0,0,0,0
250312,0,1,1992,0,0,0,0,0,0,0,0,0,0
250312,1,1,1992,0,10,0,0,0,0,0,0,0,0
250313,0,1,1992,11,11,11,11,11,11,11,11,11,11
250313,1,1,1992,11,0,6,11,9,3,18,0,17,12
250314,1,1,1992,0,0,0,16,10,4,7,0,0,0
250315,0,1,1992,0,0,0,0,0,0,0,0,0,0
250315,1,1,1992,17,9,3,18,8,14,23,13,4,17
250316,0,1,1992,0,0,0,0,0,0,0,0,0,0
250316,1,1,1992,0,0,0,0,0,0,0,22,0,0
250316,2,1,1992,0,0,4,0,0,5,0,0,0,0
250317,1,1,1992,0,0,0,0,0,0,0,0,0,0
250318,0,1,1992,13,13,13,13,13,13,13,13,13,13
250318,1,1,1992,13,12,13,13,15,4,0,2,18,11
250319,0,1,1992,0,0,0,0,0,0,0,0,0,0
250319,1,1,1992,0,0,0,0,0,0,0,0,0,0
250320,1,1,1992,25,27,15,21,0,29,0,14,0,0
250320,2,1,1992,14,16,23,19,18,16,32,10,20,11
250321,1,1,1992,15,19,23,18,10,26,13,6,27,29
250322,0,1,1992,0,0,0,10,0,0,10,0,0,0
250322,1,1,1992,0,0,0,4,0,0,0,0,0,0
250323,0,1,1992,24,24,24,24,24,24,24,24,24,24
250323,1,1,1992,0,0,12,0,0,0,0,0,0,0
250323,2,1,1992,4,0,0,0,0,0,0,0,0,0
250324,0,1,1992,13,13,13,13,13,13,13,13,13,13
250324,1,1,1992,0,0,0,0,0,0,0,0,0,0
250325,1,1,1992,20,20,20,20,20,20,20,20,20,20
250326,1,1,1992,4,9,20,0,13,14,13,18,20,16
250327,1,1,1992,25,25,25,25,25,25,25,25,25,25
250328,1,1,1992,0,0,0,0,0,0,0,0,0,0
250329,1,1,1992,0,0,0,12,0,12,11,0,9,0
250329,2,1,1992,3,3,3,3,3,3,3,3,3,3
250330,1,1,1992,0,0,0,0,0,0,0,0,0,0
250331,1,1,1992,25,0,10,17,20,14,20,15,26,14
250332,1,1,1992,0,0,0,0,0,0,0,0,0,0
250332,2,1,1992,19,11,22,7,0,15,0,0,5,0
250333,0,1,1992,2,2,2,2,2,2,2,2,2,2
250333,1,1,1992,7,24,16,10,0,24,9,8,21,15
250334,1,1,1992,0,0,0,10,0,0,0,0,0,0
250335,1,1,1992,21,21,21,21,21,21,21,21,21,21
250335,2,1,1992,18,7,0,8,0,4,16,0,11,19
250336,0,1,1992,6,6,6,6,6,6,6,6,6,6
250336,1,1,1992,0,0,0,0,0,0,0,0,0,0
250337,1,1,1992,0,8,0,0,0,0,0,0,0,14
250337,2,1,1992,8,8,8,8,8,8,8,8,8,8
250338,0,1,1992,11,11,11,11,11,11,11,11,11,11