ST_CASE,VEH_NO,PER_NO,YEAR,P1,P2,P3,P4,P5,P6,P7,P8,P9,P10
250338,1,1,1992,0,0,0,23,0,0,14,13,25,21
250339,1,1,1992,0,5,0,0,0,0,0,0,0,0
250339,2,1,1992,0,0,0,0,0,0,0,0,0,0
250339,3,1,1992,9,31,17,0,0,13,0,0,0,0
250340,1,1,1992,12,12,12,12,12,12,12,12,12,12
250341,0,1,1992,1,1,1,1,1,1,1,1,1,1
250341,1,1,1992,0,0,19,0,0,0,0,0,0,0
250342,1,1,1992,19,19,19,19,19,19,19,19,19,19
250344,0,1,1992,0,0,0,0,0,0,0,0,0,0
250344,1,1,1992,0,0,0,0,0,0,0,0,0,0
250345,1,1,1992,39,39,39,39,39,39,39,39,39,39
250346,1,1,1992,0,0,0,0,0,0,0,0,0,0
250346,2,1,1992,0,15,0,0,0,0,0,0,0,0
250347,0,1,1992,0,0,0,0,0,0,0,0,0,0
250347,1,1,1992,0,24,14,0,10,10,0,19,13,20
250348,1,1,1992,0,0,0,0,0,0,0,0,0,0
250348,2,1,1992,0,0,15,0,0,0,0,0,0,0
250348,3,1,1992,0,0,0,0,0,0,0,0,0,0
250349,1,1,1992,12,12,12,12,12,12,12,12,12,12
250349,2,1,1992,0,0,0,24,32,0,0,0,22,0
250350,1,1,1992,0,0,0,0,0,0,0,0,0,0
250350,2,1,1992,0,0,0,0,0,0,0,0,0,0
250351,1,1,1992,0,0,0,0,0,0,0,0,0,0
250351,2,1,1992,0,0,0,0,0,0,0,0,5,0
250352,1,1,1992,0,0,0,0,0,0,0,0,15,0
250352,2,1,1992,0,0,0,0,0,0,0,0,0,0
250353,1,1,1992,0,0,8,8,9,14,11,31,4,33
250354,1,1,1992,10,10,10,10,10,10,10,10,10,10
250355,1,1,1992,6,0,0,0,0,0,0,0,0,0
250355,2,1,1992,0,0,0,0,0,0,0,0,0,0
250355,3,1,1992,0,0,0,0,0,0,0,0,0,0
250356,1,1,1992,0,0,0,0,12,0,0,0,0,0
250356,2,1,1992,0,19,0,0,0,0,0,0,17,0
250357,1,1,1992,22,11,0,9,14,25,12,15,14,4
250358,1,1,1992,0,0,0,0,0,6,0,0,0,0
250359,1,1,1992,0,0,0,0,0,0,0,0,0,0
250359,2,1,1992,0,0,0,0,0,0,0,0,0,0
250360,1,1,1992,0,0,0,0,0,0,0,0,0,0
250360,2,1,1992,0,0,0,0,0,0,0,0,27,0
250361,0,1,1992,0,0,0,0,0,0,0,0,0,0
250361,1,1,1992,0,0,0,13,9,13,0,17,4,0
250362,1,1,1992,0,0,13,0,0,0,0,0,0,0
250362,2,1,1992,0,0,0,0,0,0,0,0,0,0
250363,1,1,1992,0,0,0,0,0,0,0,0,0,0
250363,2,1,1992,0,0,0,0,0,0,0,0,0,0
250363,3,1,1992,0,19,0,0,0,0,0,0,0,0
250364,1,1,1992,21,4,9,13,10,27,0,7,14,0
250365,1,1,1992,0,0,0,0,0,0,0,0,0,0
250366,0,1,1992,11,11,11,11,11,11,11,11,11,11
250366,1,1,1992,0,0,0,0,18,17,15,0,0,0
250367,0,1,1992,0,0,0,0,0,0,0,0,0,0
250367,0,2,1992,0,0,29,0,0,0,0,20,0,14
250367,1,1,1992,0,24,0,0,0,0,15,11,0,0
250368,1,1,1992,20,20,20,20,20,20,20,20,20,20
250369,1,1,1992,0,0,0,0,0,0,0,0,0,0
250369,2,1,1992,0,0,0,0,0,0,0,0,0,0
250370,1,1,1992,0,0,0,0,0,0,0,0,0,18
250370,2,1,1992,0,0,0,5,0,0,0,14,0,0
250371,1,1,1992,19,19,19,19,19,19,19,19,19,19
250372,1,1,1992,0,0,0,0,0,0,0,0,0,0
250373,0,1,1992,1,1,1,1,1,1,1,1,1,1
250373,1,1,1992,12,0,0,0,0,0,0,0,0,0
250373,2,1,1992,11,11,0,0,0,0,43,0,0,0
250374,1,1,1992,6,0,13,5,0,14,14,16,22,0
250375,1,1,1992,0,0,0,0,0,0,0,0,0,0
250375,2,1,1992,0,0,0,0,0,0,0,0,0,0
250376,1,1,1992,0,0,0,12,0,0,0,0,0,0
250376,2,1,1992,0,0,0,0,0,0,0,0,0,0
250376,3,1,1992,0,19,0,0,0,0,0,0,0,0
250376,4,1,1992,0,0,0,0,0,0,0,0,0,0
250376,5,1,1992,0,0,0,0,0,0,0,0,0,0
250377,1,1,1992,19,19,19,19,19,19,19,19,19,19
250378,0,1,1992,0,0,0,0,0,0,0,0,0,0
250378,1,1,1992,0,0,0,0,0,0,0,0,0,0
250379,0,1,1992,0,0,0,0,0,0,0,0,0,0
250379,1,1,1992,0,0,0,0,10,0,0,0,0,0
250380,0,1,1992,0,0,0,0,0,0,0,0,0,0
250380,1,1,1992,0,0,0,26,0,0,0,0,0,0
250381,1,1,1992,0,0,0,0,0,0,0,0,0,0
250382,1,1,1992,0,0,0,0,0,0,0,0,0,0
250383,0,1,1992,0,0,0,0,0,0,0,0,0,0
250383,1,1,1992,0,0,0,0,0,0,0,0,0,0
250384,0,1,1992,0,0,0,0,0,0,0,0,0,0
250384,1,1,1992,0,0,0,0,0,0,0,0,0,0
250385,1,1,1992,0,0,0,0,0,0,0,0,0,0
250386,0,1,1992,5,5,5,5,5,5,5,5,5,5
250386,1,1,1992,0,0,0,0,0,0,0,0,0,0
250387,1,1,1992,0,0,0,0,0,0,0,0,0,0
250387,2,1,1992,0,0,9,0,0,0,0,0,0,0
250388,0,1,1992,6,6,6,6,6,6,6,6,6,6
250388,1,1,1992,0,5,7,0,0,0,14,0,0,0
250390,0,1,1992,0,0,0,0,0,0,0,0,0,0
250390,0,2,1992,0,0,24,18,0,0,0,0,0,0
250390,1,1,1992,0,0,0,0,0,0,0,0,0,0
250391,1,1,1992,15,0,19,10,10,22,11,22,17,0
250392,1,1,1992,0,0,0,0,0,0,0,0,0,0
250392,2,1,1992,0,0,0,0,0,0,0,0,0,0
250393,1,1,1992,0,0,0,0,0,0,0,0,0,0
250394,1,1,1992,0,0,0,0,0,0,0,0,0,0
250394,2,1,1992,0,0,0,0,0,0,0,0,0,0
250395,1,1,1992,18,18,18,18,18,18,18,18,18,18
250395,2,1,1992,0,0,11,0,0,0,17,0,0,0
250396,0,1,1992,0,0,0,0,0,0,0,0,0,0
250396,1,1,1992,0,0,0,0,0,0,0,0,0,0
250397,0,1,1992,19,0,31,14,17,0,0,0,0,0
250397,1,1,1992,0,0,11,0,0,0,0,0,0,0
250398,0,1,1992,1,1,1,1,1,1,1,1,1,1
250398,1,1,1992,0,0,0,0,0,0,0,0,0,0
250399,1,1,1992,11,11,11,11,11,11,11,11,11,11
250400,1,1,1992,26,26,26,26,26,26,26,26,26,26
250401,1,1,1992,12,12,12,12,12,12,12,12,12,12
250402,0,1,1992,0,0,0,0,0,0,0,0,0,0
250402,1,1,1992,0,8,0,0,12,17,16,8,17,23
250403,1,1,1992,0,0,28,26,14,25,0,22,19,15
250404,1,1,1992,19,0,0,3,13,24,25,15,0,15
250405,1,1,1992,13,13,13,13,13,13,13,13,13,13
250405,2,1,1992,29,0,0,0,0,14,0,25,0,29
250406,0,1,1992,0,0,0,0,0,0,0,0,0,0
250406,1,1,1992,0,0,0,0,0,7,0,0,0,10
250407,1,1,1992,0,0,0,0,23,0,0,17,0,0
250408,1,1,1992,0,0,0,9,0,11,0,0,9,0
250408,2,1,1992,0,0,0,0,0,0,0,0,0,0
250409,0,1,1992,0,0,0,0,0,0,0,0,0,0
250409,1,1,1992,0,0,17,0,13,0,0,0,14,0
250410,0,1,1992,16,16,16,16,16,16,16,16,16,16
250410,1,1,1992,6,0,10,10,10,0,7,0,29,0
250410,2,1,1992,15,5,0,0,0,15,0,0,5,0
250411,1,1,1992,29,29,29,29,29,29,29,29,29,29
250412,0,1,1992,1,1,1,1,1,1,1,1,1,1
250412,1,1,1992,0,0,0,0,0,13,0,0,0,9
250412,2,1,1992,0,0,8,0,26,0,12,9,0,0
250414,1,1,1992,14,14,14,14,14,14,14,14,14,14
250415,1,1,1992,0,0,0,0,0,0,0,0,0,0
250415,2,1,1992,0,0,0,0,0,0,0,0,0,0
250416,1,1,1992,0,0,0,0,0,0,0,0,0,0
250416,2,1,1992,0,0,0,0,0,0,0,0,0,0
250417,1,1,1992,0,0,0,0,0,0,0,0,0,0
250418,1,1,1992,0,0,0,0,0,0,0,0,0,0
250419,1,1,1992,0,0,0,0,0,0,0,0,0,0
250419,2,1,1992,0,0,0,0,0,0,0,0,0,0
250420,1,1,1992,0,0,0,0,0,0,0,0,0,0
250420,2,1,1992,0,0,17,0,12,0,0,0,0,18
250420,3,1,1992,0,0,0,0,0,24,17,0,6,0
250421,1,1,1992,4,4,4,4,4,4,4,4,4,4
250422,1,1,1992,0,0,0,0,0,0,0,0,0,0
250422,2,1,1992,0,0,0,0,0,0,0,0,0,0
250423,1,1,1992,0,0,0,0,0,0,0,0,0,0
250424,1,1,1992,0,0,21,16,18,22,0,13,24,0
250424,2,1,1992,24,15,9,40,14,3,11,20,7,11
250425,1,1,1992,0,0,0,0,0,0,0,0,0,0
250425,2,1,1992,28,15,24,8,13,14,15,10,14,15
250426,0,1,1992,0,0,0,0,0,0,0,0,0,0
250426,1,1,1992,0,0,11,0,0,0,15,0,0,0
250427,1,1,1992,0,14,0,0,0,0,0,0,0,0
250428,1,1,1992,2,2,2,2,2,2,2,2,2,2
250428,2,1,1992,0,0,0,0,0,0,0,0,0,0
250428,3,1,1992,0,0,0,0,0,0,0,0,0,0
250429,1,1,1992,0,0,0,0,19,0,0,0,0,0
250430,0,1,1992,0,13,12,0,11,0,26,0,14,22
250430,0,2,1992,19,0,16,8,0,9,16,5,0,0
250430,1,1,1992,5,0,16,0,8,15,0,10,20,0
250430,2,1,1992,0,0,0,0,0,0,0,0,0,0
250431,1,1,1992,0,0,0,0,0,0,0,0,0,0
250431,2,1,1992,0,0,0,0,0,0,11,0,0,0
250432,1,1,1992,0,0,0,0,0,0,22,0,0,0
250433,0,1,1992,0,35,0,0,37,0,23,21,21,0
250433,1,1,1992,13,4,3,9,14,12,7,9,18,9
250434,1,1,1992,22,0,0,0,0,0,0,0,0,0
250435,1,1,1992,26,26,26,26,26,26,26,26,26,26
250435,2,1,1992,0,0,0,0,0,0,0,0,0,0
250436,1,1,1992,0,0,0,8,0,0,0,0,0,0
250436,2,1,1992,0,0,9,0,0,0,0,0,0,0
250437,1,1,1992,0,0,0,0,0,0,0,0,0,0
250438,0,1,1992,0,0,0,0,0,0,0,0,0,0
250438,1,1,1992,0,0,0,0,0,4,0,0,0,0
250439,1,1,1992,9,10,0,27,0,0,0,6,0,0
250439,2,1,1992,0,0,0,0,0,0,0,0,0,0
250439,3,1,1992,0,0,0,0,0,14,0,0,0,14
250439,4,1,1992,0,0,0,0,0,0,0,0,0,0
250439,5,1,1992,6,0,0,0,0,0,0,0,0,0
250440,1,1,1992,10,0,8,17,24,22,0,0,27,19
250441,0,1,1992,0,0,0,0,0,0,0,0,0,0
250441,1,1,1992,18,15,16,31,20,29,35,6,9,23
250442,1,1,1992,0,0,0,0,0,0,0,0,0,0
250443,1,1,1992,0,0,0,0,0,0,0,0,0,0
250444,1,1,1992,20,0,27,0,27,26,23,13,0,16
250445,0,1,1992,0,0,0,0,0,0,0,0,0,0
250445,1,1,1992,14,11,19,0,12,11,13,13,10,14
250446,1,1,1992,20,20,20,20,20,20,20,20,20,20
250447,0,1,1992,0,0,0,0,0,0,0,0,0,0
250447,1,1,1992,0,0,0,0,0,0,0,0,0,0
250448,1,1,1992,0,0,0,0,0,0,0,0,0,0
250448,2,1,1992,0,0,0,0,0,0,0,0,0,0
250449,1,1,1992,12,12,12,12,12,12,12,12,12,12
250450,0,1,1992,1,1,1,1,1,1,1,1,1,1
250450,1,1,1992,17,0,0,0,0,0,11,0,0,0
250451,1,1,1992,0,0,0,0,0,0,0,0,0,0
250451,2,1,1992,28,14,0,0,0,16,0,0,10,0
250451,3,1,1992,0,0,11,0,0,0,0,0,22,0
250452,0,1,1992,0,0,0,0,0,0,0,0,0,0
250452,1,1,1992,0,0,0,0,0,0,0,0,0,0
250453,0,1,1992,0,0,0,0,0,0,0,0,0,0
250453,1,1,1992,0,0,0,0,0,0,0,0,0,0
250455,0,1,1992,0,0,0,0,0,0,0,0,0,0
250455,0,2,1992,0,0,0,0,0,0,0,0,0,0
250455,0,3,1992,0,0,0,0,0,0,0,0,0,0
250455,1,1,1992,0,0,0,0,0,0,0,0,0,0
250456,1,1,1992,21,21,21,21,21,21,21,21,21,21
250457,1,1,1992,0,15,7,29,22,30,16,29,23,23
250458,0,1,1992,0,0,0,0,0,48,0,0,0,0
250458,1,1,1992,0,0,0,0,0,0,0,0,0,0
250459,1,1,1992,7,15,7,0,4,17,14,0,8,6
250459,2,1,1992,0,15,0,0,0,0,18,25,0,24
250459,3,1,1992,0,0,16,0,0,23,0,0,11,0
250460,1,1,1992,0,0,0,23,0,0,0,11,0,0
250461,1,1,1992,0,0,0,20,18,0,0,0,0,0
250461,2,1,1992,0,0,0,0,0,0,0,0,0,0
250461,3,1,1992,0,0,0,0,0,0,0,0,0,17
250462,1,1,1992,0,0,0,0,0,26,9,0,13,9
250462,2,1,1992,17,17,17,17,17,17,17,17,17,17
250463,1,1,1992,0,0,0,0,0,0,0,0,0,0
250464,1,1,1992,0,0,20,0,0,0,13,0,0,0
250464,2,1,1992,0,0,0,0,0,0,13,0,0,0
250464,3,1,1992,0,0,0,16,0,0,0,0,0,3
250464,4,1,1992,15,11,0,0,0,0,3,0,0,0
250464,5,1,1992,0,14,0,0,0,0,0,0,0,0
250464,6,1,1992,0,0,0,0,0,0,0,12,0,0
250464,7,1,1992,0,0,0,0,0,0,0,0,0,0
250464,8,1,1992,0,0,0,0,0,0,0,0,0,0
250464,9,1,1992,0,0,0,0,0,0,0,0,0,0
250464,10,1,1992,0,0,0,0,0,0,0,0,0,0
250465,1,1,1992,0,0,0,0,0,0,0,0,0,0
250466,1,1,1992,0,0,0,0,0,0,30,0,0,4
250467,1,1,1992,0,0,16,0,0,16,17,18,0,8
250468,1,1,1992,0,0,0,0,0,0,0,0,0,0
250469,0,1,1992,0,25,0,19,0,0,6,30,0,0
250469,1,1,1992,19,0,0,4,17,29,18,9,14,6
250470,1,1,1992,0,0,0,0,0,0,11,0,0,0
250470,2,1,1992,0,0,0,0,0,0,0,0,0,0
260001,1,1,1992,19,19,19,19,19,19,19,19,19,19
260002,1,1,1992,10,11,28,17,15,27,24,17,14,23
260003,1,1,1992,4,4,4,4,4,4,4,4,4,4
260004,1,1,1992,0,0,0,0,0,0,0,0,0,0
260004,2,1,1992,21,21,7,22,0,14,17,0,11,13
260005,1,1,1992,0,0,0,0,0,5,0,0,0,0
260005,2,1,1992,0,0,0,0,0,0,0,0,0,0
260006,1,1,1992,0,0,0,0,0,0,0,0,0,0
260006,2,1,1992,0,0,0,0,0,0,0,0,0,0
260007,1,1,1992,26,26,26,26,26,26,26,26,26,26
260007,2,1,1992,1,1,1,1,1,1,1,1,1,1
260007,3,1,1992,0,0,0,0,0,0,0,0,0,0
260008,1,1,1992,26,26,26,26,26,26,26,26,26,26
260008,2,1,1992,0,0,0,0,0,0,0,0,0,0
260009,0,1,1992,1,1,1,1,1,1,1,1,1,1
260009,1,1,1992,0,0,0,0,0,0,0,0,0,0
260010,1,1,1992,6,0,19,6,0,0,0,0,22,0
260011,1,1,1992,0,0,0,0,0,0,0,0,0,0
260012,1,1,1992,0,0,0,0,0,0,0,0,0,0
260012,2,1,1992,0,0,0,0,0,0,0,0,0,0
260013,1,1,1992,0,0,0,0,0,0,0,0,0,0
260013,2,1,1992,0,0,0,0,0,0,0,0,0,0
260014,1,1,1992,0,0,0,0,0,0,0,0,0,0
260015,1,1,1992,0,0,0,0,0,0,0,0,0,0
260016,1,1,1992,15,15,15,15,15,15,15,15,15,15
260016,2,1,1992,22,22,22,22,22,22,22,22,22,22
260017,1,1,1992,0,0,0,0,0,0,0,0,0,0
260018,1,1,1992,0,0,0,0,0,0,0,0,0,0
260018,2,1,1992,0,0,0,0,0,0,0,0,0,0
260019,0,1,1992,0,0,0,0,0,0,0,0,0,0
260019,1,1,1992,17,17,17,17,17,17,17,17,17,17
260020,1,1,1992,0,0,0,0,0,0,0,0,0,0
260020,2,1,1992,0,0,0,0,0,0,0,0,0,0
260020,3,1,1992,0,0,0,0,0,0,0,0,0,0
260021,1,1,1992,0,0,0,0,0,0,0,0,0,0
260022,1,1,1992,0,0,0,0,0,15,0,0,0,0
260022,2,1,1992,0,0,0,0,0,0,0,0,0,0
260022,3,1,1992,0,0,0,0,0,0,0,0,0,0
260023,0,1,1992,0,0,15,8,0,0,0,10,0,0
260023,1,1,1992,11,0,0,18,0,0,0,0,0,0
260024,1,1,1992,0,0,0,0,0,0,0,0,0,0
260024,2,1,1992,0,0,0,0,0,0,0,0,0,0
260025,1,1,1992,0,0,0,0,0,0,0,0,0,0
260025,2,1,1992,0,0,0,0,0,0,0,0,0,0
260025,3,1,1992,0,0,0,0,0,0,0,0,0,0
260026,1,1,1992,2,2,2,2,2,2,2,2,2,2
260027,1,1,1992,18,0,0,25,0,0,0,0,0,0
260028,1,1,1992,2,2,2,2,2,2,2,2,2,2
260028,2,1,1992,0,0,7,0,0,0,0,0,0,0
260029,1,1,1992,35,13,18,15,18,22,26,32,23,19
260030,1,1,1992,0,0,0,0,0,0,0,0,0,0
260031,1,1,1992,0,0,0,0,0,0,0,0,0,0
260031,2,1,1992,0,0,0,0,0,0,0,0,0,0
260033,0,1,1992,0,0,23,0,0,0,0,0,0,0
260033,1,1,1992,0,0,0,0,0,0,0,0,0,0
260034,1,1,1992,0,0,0,0,0,0,0,0,0,0
260034,2,1,1992,0,0,0,0,0,0,0,0,0,0
260035,1,1,1992,0,0,0,0,0,0,0,0,0,0
260035,2,1,1992,0,0,0,0,0,0,0,0,0,0
260036,1,1,1992,0,0,0,0,0,0,0,0,0,0
260036,2,1,1992,0,0,28,0,0,7,0,0,0,0
260036,3,1,1992,0,0,0,0,0,0,0,0,0,0
260037,1,1,1992,25,8,18,0,0,25,0,0,0,0
260038,1,1,1992,19,19,19,19,19,19,19,19,19,19
260039,1,1,1992,0,0,0,0,0,0,0,0,0,0
260040,1,1,1992,24,24,24,24,24,24,24,24,24,24
260041,1,1,1992,0,0,0,0,0,0,0,0,0,0
260041,2,1,1992,0,0,0,9,13,0,18,17,0,0
260042,1,1,1992,0,0,0,0,0,0,0,0,0,0
260042,2,1,1992,0,0,0,0,0,0,0,0,0,0
260043,1,1,1992,0,0,0,0,0,0,0,0,0,0
260043,2,1,1992,0,0,0,0,0,0,0,0,0,0
260044,0,1,1992,0,0,0,0,0,0,0,0,0,0
260044,1,1,1992,0,0,0,0,0,0,0,0,0,0
260045,0,1,1992,32,0,41,11,0,19,20,11,0,12
260045,1,1,1992,10,10,10,10,10,10,10,10,10,10
260046,1,1,1992,0,0,0,0,0,0,0,0,0,0
260047,1,1,1992,24,24,24,24,24,24,24,24,24,24
260048,1,1,1992,22,22,22,22,22,22,22,22,22,22
260049,1,1,1992,0,0,0,0,10,0,11,12,0,0
260050,0,1,1992,0,0,0,0,0,0,0,0,0,0
260050,1,1,1992,0,0,0,0,0,0,0,0,0,0
260051,1,1,1992,1,1,1,1,1,1,1,1,1,1
260052,1,1,1992,0,0,0,0,0,0,0,0,0,0
260053,1,1,1992,0,0,0,0,0,0,0,0,0,0
260053,2,1,1992,0,0,0,0,0,0,0,0,0,0
260054,1,1,1992,19,19,19,19,19,19,19,19,19,19
260055,1,1,1992,0,0,0,0,0,0,0,0,0,0
260055,2,1,1992,0,0,0,0,0,0,0,0,0,0
260056,1,1,1992,0,0,0,0,0,0,0,0,0,0
260057,1,1,1992,0,9,0,0,0,0,0,0,0,0
260057,2,1,1992,0,0,0,0,0,0,0,0,0,0
260058,1,1,1992,28,28,28,28,28,28,28,28,28,28
260059,1,1,1992,0,0,0,0,0,0,0,0,0,0
260059,2,1,1992,0,0,0,0,0,0,0,0,0,0
260060,1,1,1992,19,19,19,19,19,19,19,19,19,19
260061,1,1,1992,16,16,16,16,16,16,16,16,16,16
260062,1,1,1992,0,0,0,0,0,0,0,0,0,0
260062,2,1,1992,0,12,27,16,17,19,9,0,8,18
260062,3,1,1992,0,0,0,0,0,0,0,0,0,0
260063,0,1,1992,7,0,0,0,0,0,0,0,0,0
260063,1,1,1992,14,10,8,16,10,14,13,11,12,11
260064,1,1,1992,27,19,28,0,36,45,24,30,29,17
260064,2,1,1992,0,0,0,0,0,0,0,0,0,0
260065,0,1,1992,37,11,0,14,36,12,0,26,23,0
260065,1,1,1992,0,0,0,0,0,0,0,0,0,0
260066,0,1,1992,0,0,0,0,0,0,0,0,0,0
260066,1,1,1992,0,0,0,0,0,0,0,0,0,0
260067,1,1,1992,0,0,0,0,0,0,0,0,0,0
260067,2,1,1992,4,0,0,0,0,0,0,0,0,0
260068,1,1,1992,8,8,8,8,8,8,8,8,8,8
260069,1,1,1992,14,14,14,14,14,14,14,14,14,14
260071,1,1,1992,16,16,16,16,16,16,16,16,16,16
260072,1,1,1992,0,0,0,0,0,0,0,0,0,0
260072,2,1,1992,27,27,27,27,27,27,27,27,27,27
260073,1,1,1992,0,0,0,0,0,16,29,0,7,0
260074,1,1,1992,17,17,17,17,17,17,17,17,17,17
260075,1,1,1992,7,7,7,7,7,7,7,7,7,7
260076,1,1,1992,14,14,14,14,14,14,14,14,14,14
260077,1,1,1992,0,0,0,0,0,0,0,0,0,0
260077,2,1,1992,0,0,0,0,0,0,0,0,0,0
260078,1,1,1992,0,0,0,0,0,0,0,0,0,0
260078,2,1,1992,0,0,0,0,0,0,0,0,0,0
260079,1,1,1992,0,0,0,0,8,7,0,0,0,0
260079,2,1,1992,0,0,0,0,0,0,0,0,0,0
260080,1,1,1992,0,0,0,0,0,0,0,0,0,0
260080,2,1,1992,0,0,0,0,4,0,29,0,0,13
260081,1,1,1992,7,0,16,8,0,21,0,11,20,4
260082,1,1,1992,0,0,0,0,0,0,0,0,0,0
260082,2,1,1992,0,0,0,0,0,0,0,0,0,0
260083,1,1,1992,0,0,0,0,0,0,0,0,0,0
260083,2,1,1992,19,19,19,19,19,19,19,19,19,19
260083,3,1,1992,0,0,0,0,0,0,0,0,0,0
260084,1,1,1992,0,0,0,0,0,0,0,0,0,0
260085,1,1,1992,0,0,0,0,0,0,0,0,0,0
260086,1,1,1992,36,0,0,0,0,0,0,0,0,0
260087,1,1,1992,0,0,0,0,0,0,0,9,0,0
260087,2,1,1992,0,0,0,0,0,0,0,0,0,0
260088,1,1,1992,0,0,0,0,0,0,0,0,0,0
260089,1,1,1992,0,0,0,0,0,0,0,0,0,0
260089,2,1,1992,0,0,0,0,0,0,0,0,0,0
260089,3,1,1992,0,11,0,0,0,0,0,0,0,0
260090,1,1,1992,0,0,0,0,0,0,0,0,0,0
260090,2,1,1992,0,0,0,0,0,0,0,4,0,0
260090,3,1,1992,0,0,0,0,0,0,0,0,0,0
260091,1,1,1992,21,21,21,21,21,21,21,21,21,21
260092,1,1,1992,0,19,0,0,0,0,22,11,0,19
260092,2,1,1992,0,0,0,0,0,0,0,0,0,0
260093,1,1,1992,0,0,0,0,0,0,0,0,0,0
260093,2,1,1992,23,23,23,23,23,23,23,23,23,23
260094,1,1,1992,14,14,14,14,14,14,14,14,14,14
260095,1,1,1992,23,23,23,23,23,23,23,23,23,23
260096,1,1,1992,0,0,0,0,0,0,0,0,0,0
260096,2,1,1992,0,0,0,0,0,0,0,0,0,0
260097,1,1,1992,0,0,0,0,0,0,0,0,0,0
260097,2,1,1992,0,0,0,0,0,0,0,0,0,0
260098,1,1,1992,0,0,0,0,0,0,0,0,0,0
260098,2,1,1992,0,0,0,0,0,0,0,0,0,0
260099,1,1,1992,10,0,0,0,0,0,0,0,0,0
260100,1,1,1992,0,0,0,20,9,13,0,0,0,18
260101,1,1,1992,4,4,4,4,4,4,4,4,4,4
260102,1,1,1992,0,0,0,0,0,0,0,0,0,0
260103,1,1,1992,0,0,0,0,0,0,0,0,0,0
260103,2,1,1992,0,0,0,17,0,0,0,0,0,0
260104,0,1,1992,12,12,12,12,12,12,12,12,12,12
260105,0,1,1992,0,0,0,0,0,0,0,0,0,0
260105,1,1,1992,0,0,0,0,0,0,0,0,0,0
260106,1,1,1992,15,15,15,15,15,15,15,15,15,15
260106,2,1,1992,0,0,0,0,0,0,0,0,0,0
260107,1,1,1992,0,0,0,0,0,0,0,0,0,0
260107,2,1,1992,0,0,0,0,0,0,0,0,0,0
260108,1,1,1992,16,16,16,16,16,16,16,16,16,16
260108,2,1,1992,0,0,0,0,0,0,0,0,0,0
260109,1,1,1992,0,0,0,0,0,0,0,0,0,0
260109,2,1,1992,0,0,0,0,0,0,0,0,9,0
260110,1,1,1992,11,11,11,11,11,11,11,11,11,11
260111,1,1,1992,24,24,24,24,24,24,24,24,24,24
260112,1,1,1992,0,0,0,0,0,0,0,0,0,0
260112,2,1,1992,0,0,0,24,0,0,0,0,0,0
260112,3,1,1992,0,0,0,0,0,0,0,0,0,0
260113,1,1,1992,6,6,6,6,6,6,6,6,6,6
260114,1,1,1992,14,14,14,14,14,14,14,14,14,14
260114,2,1,1992,0,0,0,0,0,0,14,0,0,0
260115,1,1,1992,0,0,0,0,0,0,0,0,0,0
260115,2,1,1992,0,0,0,0,0,0,0,0,0,0
260115,3,1,1992,0,0,0,0,0,0,0,0,0,0
260115,4,1,1992,0,0,0,0,0,0,0,0,0,0
260115,5,1,1992,0,0,0,0,0,0,0,0,0,0
260116,1,1,1992,0,0,0,0,0,0,0,17,0,0
260117,1,1,1992,16,16,16,16,16,16,16,16,16,16
260118,1,1,1992,5,5,5,5,5,5,5,5,5,5
260118,2,1,1992,0,0,0,0,0,0,0,0,0,0
260119,1,1,1992,23,23,23,23,23,23,23,23,23,23
260120,0,1,1992,0,0,0,0,0,0,0,0,0,0
260120,1,1,1992,3,3,3,3,3,3,3,3,3,3
260121,1,1,1992,0,0,0,0,0,0,0,0,0,0
260121,2,1,1992,0,0,0,0,0,0,0,0,0,0
260122,1,1,1992,0,0,0,0,0,0,0,0,0,0
260122,2,1,1992,1,1,1,1,1,1,1,1,1,1
260123,1,1,1992,0,0,0,0,0,0,0,0,0,0
260123,2,1,1992,0,0,0,0,0,0,0,0,0,0
260123,3,1,1992,0,0,0,0,0,0,0,0,0,0
260124,0,1,1992,27,27,27,27,27,27,27,27,27,27
260124,1,1,1992,17,17,17,17,17,17,17,17,17,17
260125,1,1,1992,0,0,0,0,0,0,0,0,0,0
260125,2,1,1992,0,0,0,0,0,0,0,0,0,0
260125,3,1,1992,0,0,0,0,0,0,0,0,0,0
260127,1,1,1992,20,20,20,20,20,20,20,20,20,20
260128,1,1,1992,0,0,0,0,0,0,0,0,0,0
260129,1,1,1992,0,24,0,0,0,0,0,0,0,0
260129,2,1,1992,19,19,19,19,19,19,19,19,19,19
260130,1,1,1992,14,14,14,14,14,14,14,14,14,14
260131,1,1,1992,14,14,14,14,14,14,14,14,14,14
260132,0,1,1992,23,23,23,23,23,23,23,23,23,23
260132,1,1,1992,0,0,0,0,0,0,0,0,0,0
260133,1,1,1992,0,0,0,0,0,0,0,0,0,0
260133,2,1,1992,0,0,0,0,0,0,0,0,0,0
260133,3,1,1992,0,0,0,0,0,0,0,0,0,0
260134,0,1,1992,0,0,0,0,0,0,0,0,0,0
260134,1,1,1992,0,0,0,0,0,0,0,0,0,0
260135,0,1,1992,31,31,31,31,31,31,31,31,31,31