ST_CASE,VEH_NO,PER_NO,YEAR,P1,P2,P3,P4,P5,P6,P7,P8,P9,P10
260135,1,1,1992,15,0,0,0,0,0,17,18,0,0
260135,2,1,1992,0,0,0,0,0,0,3,0,0,0
260136,0,1,1992,0,0,0,0,25,0,0,0,0,0
260136,1,1,1992,0,0,0,2,0,0,0,0,0,0
260137,0,1,1992,0,0,0,0,0,0,0,0,0,0
260137,1,1,1992,0,9,0,0,0,0,0,0,0,0
260138,1,1,1992,0,0,0,0,0,0,0,0,0,0
260138,2,1,1992,0,0,0,0,0,0,0,0,0,0
260139,1,1,1992,12,12,12,12,12,12,12,12,12,12
260139,2,1,1992,15,15,15,15,15,15,15,15,15,15
260140,0,1,1992,16,16,16,16,16,16,16,16,16,16
260140,1,1,1992,0,10,14,5,0,0,11,10,8,0
260141,1,1,1992,3,12,15,7,9,0,18,15,8,5
260141,2,1,1992,0,0,0,0,0,0,0,0,0,0
260142,1,1,1992,0,0,0,0,0,0,0,0,0,0
260143,0,1,1992,0,0,0,0,0,0,0,0,0,0
260143,1,1,1992,0,0,0,0,0,0,0,0,0,0
260144,1,1,1992,25,20,7,19,22,1,19,20,30,7
260146,0,1,1992,0,0,0,0,0,0,0,0,0,0
260146,1,1,1992,0,0,0,0,0,0,0,0,0,0
260147,1,1,1992,0,0,0,0,0,0,0,0,0,0
260148,1,1,1992,0,0,0,0,0,0,0,0,0,0
260149,1,1,1992,24,24,24,24,24,24,24,24,24,24
260149,2,1,1992,0,0,0,0,12,0,0,0,0,0
260150,1,1,1992,0,0,0,0,0,0,0,0,0,0
260151,1,1,1992,12,13,23,19,23,22,24,8,4,36
260152,0,1,1992,0,0,0,0,0,0,0,0,0,0
260152,1,1,1992,0,0,0,10,0,0,11,0,0,0
260153,1,1,1992,0,0,12,0,0,0,0,0,0,0
260153,2,1,1992,0,0,0,0,0,0,0,0,0,0
260154,0,1,1992,0,0,0,0,0,0,0,0,0,0
260154,1,1,1992,0,0,0,0,0,0,0,0,0,0
260155,0,1,1992,27,21,5,29,10,16,27,14,48,22
260155,1,1,1992,0,0,0,0,0,0,0,0,0,0
260156,1,1,1992,17,17,17,17,17,17,17,17,17,17
260156,2,1,1992,3,3,3,3,3,3,3,3,3,3
260157,1,1,1992,16,16,16,16,16,16,16,16,16,16
260158,0,1,1992,0,0,0,0,0,0,0,0,0,0
260158,1,1,1992,0,0,0,0,0,0,0,0,0,0
260160,1,1,1992,0,0,0,0,0,11,0,0,0,0
260160,2,1,1992,0,0,0,0,0,0,0,0,0,0
260161,1,1,1992,0,0,0,0,0,0,0,0,0,0
260161,2,1,1992,0,0,0,0,0,0,0,0,0,0
260162,0,1,1992,0,0,0,0,0,0,0,0,0,0
260162,1,1,1992,0,0,0,0,0,0,0,0,0,0
260163,0,1,1992,29,0,0,5,23,0,28,33,0,22
260163,1,1,1992,0,0,0,0,0,0,0,0,0,0
260164,1,1,1992,24,24,24,24,24,24,24,24,24,24
260165,1,1,1992,30,10,27,0,27,21,6,5,20,12
260165,2,1,1992,0,0,0,0,0,0,0,6,9,0
260166,1,1,1992,24,24,24,24,24,24,24,24,24,24
260166,2,1,1992,0,0,0,0,0,0,0,0,0,0
260167,1,1,1992,0,0,0,0,0,0,0,0,0,0
260167,2,1,1992,0,0,0,0,0,0,0,0,0,0
260168,1,1,1992,0,0,0,0,0,0,0,0,0,0
260169,1,1,1992,0,0,0,0,0,6,5,0,0,0
260170,1,1,1992,10,10,10,10,10,10,10,10,10,10
260171,1,1,1992,0,0,0,0,0,0,0,0,0,0
260172,1,1,1992,0,0,0,0,0,0,0,0,0,0
260172,2,1,1992,0,0,0,0,0,0,0,0,0,0
260172,3,1,1992,0,0,0,0,0,0,0,0,0,0
260172,4,1,1992,0,0,0,0,0,0,0,0,0,0
260173,0,1,1992,0,0,0,0,0,0,0,0,0,0
260173,1,1,1992,0,0,0,0,0,0,0,0,0,0
260174,1,1,1992,0,0,0,0,0,15,0,0,0,0
260175,0,1,1992,0,0,0,0,0,0,0,0,0,0
260175,1,1,1992,0,0,0,0,0,0,0,0,0,0
260176,1,1,1992,14,6,36,28,18,14,14,9,13,20
260176,2,1,1992,0,0,0,0,0,0,0,0,0,0
260177,1,1,1992,0,0,0,0,16,0,0,0,0,0
260178,1,1,1992,0,0,0,0,0,0,0,0,0,0
260179,0,1,1992,0,0,0,0,0,0,0,0,0,0
260179,1,1,1992,0,0,0,0,0,0,0,0,0,0
260180,1,1,1992,0,0,0,0,0,0,0,0,0,0
260180,2,1,1992,0,0,0,0,0,1,0,0,0,0
260181,1,1,1992,0,0,0,0,0,0,0,0,0,0
260181,2,1,1992,17,17,17,17,17,17,17,17,17,17
260182,1,1,1992,10,0,10,14,8,5,18,30,11,29
260182,2,1,1992,6,6,6,6,6,6,6,6,6,6
260183,1,1,1992,0,0,0,0,0,0,0,0,0,0
260183,2,1,1992,0,0,0,0,0,0,0,0,0,0
260184,1,1,1992,0,0,0,0,0,0,0,0,0,0
260185,1,1,1992,0,0,15,0,0,0,0,0,0,0
260186,1,1,1992,22,22,22,22,22,22,22,22,22,22
260187,1,1,1992,0,0,0,0,0,0,0,0,0,0
260187,2,1,1992,0,0,0,0,0,0,0,0,0,0
260188,1,1,1992,26,26,26,26,26,26,26,26,26,26
260189,0,1,1992,0,0,0,0,0,0,0,0,0,0
260189,1,1,1992,0,0,0,0,0,2,0,0,0,0
260190,1,1,1992,0,0,0,0,0,0,0,0,0,0
260190,2,1,1992,0,0,0,0,0,0,0,0,0,0
260191,1,1,1992,10,10,10,10,10,10,10,10,10,10
260192,1,1,1992,0,0,0,0,0,0,0,0,0,0
260192,2,1,1992,0,0,0,0,0,0,0,0,0,0
260193,1,1,1992,20,3,18,17,21,10,9,19,17,20
260194,0,1,1992,21,21,21,21,21,21,21,21,21,21
260194,1,1,1992,3,9,3,0,0,0,0,0,4,0
260195,1,1,1992,0,0,0,0,0,0,0,0,0,0
260196,1,1,1992,9,9,9,9,9,9,9,9,9,9
260197,1,1,1992,0,0,0,0,0,0,0,0,0,0
260197,2,1,1992,0,0,0,0,0,0,0,0,0,0
260198,1,1,1992,6,12,19,19,13,15,25,40,0,0
260199,0,1,1992,0,26,12,0,0,19,13,0,15,0
260199,1,1,1992,0,0,0,0,0,0,0,0,0,0
260200,1,1,1992,0,0,0,0,0,0,0,0,0,0
260200,2,1,1992,0,0,0,0,0,0,0,0,0,0
260201,1,1,1992,0,0,0,0,23,0,19,0,0,0
260201,2,1,1992,0,0,14,0,0,0,0,0,18,0
260202,1,1,1992,0,0,0,0,0,0,0,0,0,0
260202,2,1,1992,19,0,0,17,25,12,0,25,17,7
260203,0,1,1992,0,0,0,0,0,0,0,0,0,0
260203,1,1,1992,0,0,0,0,0,0,0,0,0,0
260204,1,1,1992,21,33,20,26,15,13,15,22,9,22
260205,1,1,1992,15,15,15,15,15,15,15,15,15,15
260206,1,1,1992,25,13,20,6,21,21,33,0,21,0
260206,2,1,1992,0,0,6,0,0,5,6,0,0,21
260207,1,1,1992,0,0,0,0,0,0,0,0,0,0
260207,2,1,1992,0,0,0,0,0,0,0,0,0,0
260208,1,1,1992,17,17,17,17,17,17,17,17,17,17
260209,0,1,1992,0,0,0,0,16,0,0,0,0,0
260209,1,1,1992,0,0,0,0,0,0,0,0,0,0
260210,1,1,1992,6,6,6,6,6,6,6,6,6,6
260211,1,1,1992,0,0,0,0,0,0,0,0,0,0
260211,2,1,1992,0,0,0,0,0,0,0,0,0,0
260212,1,1,1992,14,9,18,21,21,17,8,26,11,11
260213,1,1,1992,0,0,0,0,0,0,0,0,0,0
260213,2,1,1992,0,0,0,0,0,0,0,0,0,0
260214,1,1,1992,14,14,14,14,14,14,14,14,14,14
260215,0,1,1992,0,0,0,0,0,0,0,0,0,0
260215,1,1,1992,0,0,0,0,0,0,0,0,0,0
260216,1,1,1992,0,0,0,0,0,0,0,0,0,0
260217,1,1,1992,24,21,11,0,10,14,13,13,18,10
260218,1,1,1992,4,4,4,4,4,4,4,4,4,4
260219,0,1,1992,0,0,0,0,0,0,0,0,0,0
260219,1,1,1992,0,0,0,0,0,0,0,0,0,0
260220,1,1,1992,11,15,11,17,0,8,11,8,14,22
260220,2,1,1992,0,0,0,0,0,0,0,0,0,0
260221,1,1,1992,0,0,0,0,0,0,10,0,0,0
260222,0,1,1992,0,0,27,0,0,0,0,0,0,0
260222,1,1,1992,5,0,5,0,0,0,0,0,0,0
260223,1,1,1992,20,20,20,20,20,20,20,20,20,20
260224,1,1,1992,27,27,27,27,27,27,27,27,27,27
260225,1,1,1992,0,0,0,0,0,0,0,0,0,0
260225,2,1,1992,0,0,0,0,0,0,0,0,0,0
260226,0,1,1992,0,36,0,0,0,5,0,0,0,35
260226,1,1,1992,0,0,0,0,0,0,0,0,0,0
260227,0,1,1992,0,0,0,0,0,0,0,0,0,0
260227,1,1,1992,0,0,0,0,0,0,0,0,0,0
260228,1,1,1992,0,0,0,0,0,0,0,0,0,0
260228,2,1,1992,6,6,6,6,6,6,6,6,6,6
260229,1,1,1992,29,29,29,29,29,29,29,29,29,29
260230,1,1,1992,0,0,0,0,0,0,0,0,0,0
260230,2,1,1992,0,0,0,0,0,0,0,0,0,0
260231,1,1,1992,0,0,0,0,0,0,0,0,0,0
260231,2,1,1992,0,0,0,0,0,0,0,0,0,15
260232,1,1,1992,0,0,2,0,0,0,0,0,0,0
260232,2,1,1992,0,0,0,14,0,0,0,0,0,0
260232,3,1,1992,0,0,0,0,0,0,0,0,0,0
260233,0,1,1992,0,0,0,0,0,0,0,0,0,0
260233,1,1,1992,0,0,0,0,0,0,0,0,0,0
260234,1,1,1992,0,0,0,0,0,0,0,0,0,0
260234,2,1,1992,0,0,0,0,0,0,0,0,0,0
260235,1,1,1992,13,13,13,13,13,13,13,13,13,13
260236,1,1,1992,6,6,6,6,6,6,6,6,6,6
260236,2,1,1992,0,0,0,0,0,0,0,0,0,0
260237,1,1,1992,0,0,0,0,0,0,0,0,0,0
260238,1,1,1992,20,20,20,20,20,20,20,20,20,20
260239,1,1,1992,33,33,33,33,33,33,33,33,33,33
260240,1,1,1992,0,0,0,0,0,0,0,0,0,0
260240,2,1,1992,0,0,0,0,0,0,0,0,0,0
260241,1,1,1992,0,0,0,0,0,0,0,0,0,0
260241,2,1,1992,19,19,19,19,19,19,19,19,19,19
260242,1,1,1992,0,0,0,0,0,0,0,0,0,0
260243,1,1,1992,30,30,30,30,30,30,30,30,30,30
260244,1,1,1992,26,26,26,26,26,26,26,26,26,26
260245,1,1,1992,0,0,0,0,0,0,0,0,0,0
260246,0,1,1992,14,14,14,14,14,14,14,14,14,14
260246,1,1,1992,12,15,18,31,31,13,18,9,24,27
260247,1,1,1992,20,20,20,20,20,20,20,20,20,20
260248,1,1,1992,0,0,0,0,0,0,0,0,0,0
260248,2,1,1992,0,0,0,0,0,0,0,0,0,0
260248,3,1,1992,0,0,0,0,0,0,9,0,0,0
260249,1,1,1992,13,0,19,4,12,3,31,11,25,5
260249,2,1,1992,0,7,0,24,7,0,10,0,40,0
260250,1,1,1992,0,0,9,0,0,0,0,0,14,0
260251,1,1,1992,0,0,0,0,0,0,0,0,0,0
260251,2,1,1992,10,0,14,9,6,19,3,0,9,0
260252,1,1,1992,22,22,22,22,22,22,22,22,22,22
260253,1,1,1992,0,0,0,0,8,0,0,0,0,9
260254,1,1,1992,26,26,26,26,26,26,26,26,26,26
260255,1,1,1992,0,0,0,0,0,0,0,0,0,0
260256,1,1,1992,0,0,0,0,0,0,0,0,0,0
260257,1,1,1992,0,0,0,0,0,0,0,0,0,0
260258,1,1,1992,0,0,0,0,0,0,0,0,0,0
260258,2,1,1992,0,0,0,0,0,0,0,0,0,0
260259,1,1,1992,0,0,0,0,0,0,0,0,0,0
260260,1,1,1992,27,27,27,27,27,27,27,27,27,27
260260,2,1,1992,0,0,0,0,0,0,0,0,0,0
260261,1,1,1992,11,14,29,19,26,0,25,17,8,19
260262,1,1,1992,0,0,0,0,0,0,0,0,0,0
260262,2,1,1992,0,0,0,0,0,0,0,0,0,0
260263,1,1,1992,10,10,10,10,10,10,10,10,10,10
260264,1,1,1992,21,9,9,9,16,24,25,22,30,8
260265,1,1,1992,0,0,0,0,0,0,0,0,0,0
260265,2,1,1992,9,19,12,18,8,14,33,16,12,33
260266,1,1,1992,6,6,6,6,6,6,6,6,6,6
260266,2,1,1992,0,6,0,0,7,0,0,0,0,0
260267,1,1,1992,24,7,3,8,2,16,30,27,6,13
260267,2,1,1992,0,0,0,0,0,0,0,0,0,0
260268,1,1,1992,0,0,0,0,0,0,0,0,0,0
260268,2,1,1992,0,0,0,0,0,0,0,0,0,0
260269,0,1,1992,0,0,0,0,0,0,0,0,0,0
260269,1,1,1992,13,20,15,2,13,14,30,23,10,10
260270,1,1,1992,30,30,30,30,30,30,30,30,30,30
260271,0,1,1992,0,0,0,0,0,0,0,0,0,0
260272,0,1,1992,26,0,0,14,0,0,0,25,0,10
260272,1,1,1992,0,0,0,0,0,0,0,0,0,0
260273,1,1,1992,0,0,0,0,0,0,0,0,0,0
260274,1,1,1992,0,0,0,0,0,0,0,0,0,0
260274,2,1,1992,0,0,0,0,0,0,0,0,0,0
260275,0,1,1992,0,0,0,0,0,0,0,0,0,0
260275,1,1,1992,0,0,0,0,0,0,0,0,0,0
260276,1,1,1992,26,26,26,26,26,26,26,26,26,26
260277,1,1,1992,10,10,10,10,10,10,10,10,10,10
260278,1,1,1992,0,0,0,0,0,0,0,0,0,0
260278,2,1,1992,0,0,0,0,0,0,0,0,0,0
260279,1,1,1992,0,0,0,0,0,0,0,0,0,0
260279,2,1,1992,0,0,0,0,0,0,0,0,0,0
260280,1,1,1992,0,0,0,0,0,0,0,0,0,0
260281,1,1,1992,0,0,0,0,4,0,0,0,0,0
260281,2,1,1992,0,0,0,0,0,0,0,0,0,0
260281,3,1,1992,11,0,0,0,0,0,0,0,0,0
260282,0,1,1992,23,23,23,23,23,23,23,23,23,23
260282,1,1,1992,0,0,0,0,0,0,0,0,0,0
260283,1,1,1992,0,0,0,0,0,0,0,0,0,0
260285,1,1,1992,0,0,0,0,0,0,0,0,0,0
260285,2,1,1992,0,0,4,0,0,0,0,0,0,0
260286,1,1,1992,0,15,24,5,4,6,13,4,5,4
260287,1,1,1992,0,0,0,0,0,0,0,0,0,0
260287,2,1,1992,0,0,0,0,0,0,0,0,0,0
260288,1,1,1992,11,14,5,20,5,18,4,22,5,21
260289,1,1,1992,9,9,9,9,9,9,9,9,9,9
260290,1,1,1992,0,22,0,0,30,9,0,24,8,5
260290,2,1,1992,0,0,0,0,0,0,0,0,0,0
260291,0,1,1992,0,0,0,0,0,0,0,0,0,0
260291,1,1,1992,0,0,0,0,0,0,0,0,0,0
260292,1,1,1992,29,29,29,29,29,29,29,29,29,29
260292,2,1,1992,0,0,0,0,0,30,0,0,0,0
260293,1,1,1992,0,0,0,0,0,0,0,0,0,0
260293,2,1,1992,0,0,0,0,0,0,0,0,0,0
260293,3,1,1992,0,0,0,0,0,0,0,0,0,0
260294,1,1,1992,0,0,0,0,0,0,0,0,0,0
260294,2,1,1992,0,17,13,18,18,4,4,16,18,17
260295,1,1,1992,20,20,20,20,20,20,20,20,20,20
260296,1,1,1992,0,0,0,0,0,0,0,0,0,0
260297,1,1,1992,0,0,0,0,0,0,0,0,0,0
260297,2,1,1992,0,0,0,0,17,0,0,0,0,0
260298,1,1,1992,0,15,0,22,3,0,0,12,0,0
260298,2,1,1992,0,0,0,0,0,0,0,0,0,0
260299,0,1,1992,0,5,0,0,0,9,0,0,19,0
260299,1,1,1992,0,0,0,0,0,0,0,0,0,0
260300,1,1,1992,10,10,10,10,10,10,10,10,10,10
260301,1,1,1992,0,0,0,0,0,0,0,0,0,0
260302,1,1,1992,23,5,13,30,14,14,22,0,3,25
260302,2,1,1992,0,0,0,0,0,0,0,0,6,0
260303,1,1,1992,0,0,0,0,0,0,0,0,0,0
260304,1,1,1992,0,0,0,0,0,0,0,0,0,0
260305,1,1,1992,0,0,0,0,0,0,0,0,0,0
260305,2,1,1992,0,0,0,0,0,0,0,0,0,0
260306,0,1,1992,6,11,42,23,18,41,21,35,29,23
260306,1,1,1992,0,0,0,0,0,0,0,0,0,0
260307,1,1,1992,6,6,6,6,6,6,6,6,6,6
260307,2,1,1992,0,0,0,0,0,0,0,0,0,0
260308,1,1,1992,0,0,0,0,0,0,0,0,0,0
260308,2,1,1992,0,0,0,0,0,5,0,0,0,0
260309,1,1,1992,0,0,0,0,0,0,0,0,0,0
260309,2,1,1992,0,0,0,0,0,0,0,0,6,0
260310,1,1,1992,26,26,26,26,26,26,26,26,26,26
260311,1,1,1992,37,20,0,25,25,33,0,0,22,14
260312,1,1,1992,0,0,0,0,0,0,0,0,0,0
260312,2,1,1992,0,0,0,0,0,0,0,0,0,0
260313,0,1,1992,0,0,0,0,10,0,0,0,0,0
260314,0,1,1992,0,0,0,0,0,0,0,0,0,0
260314,1,1,1992,0,0,0,0,0,0,0,0,0,0
260315,1,1,1992,0,0,0,0,0,0,0,0,0,0
260315,2,1,1992,0,0,0,0,0,0,0,0,0,0
260315,3,1,1992,0,0,0,0,0,0,0,0,0,0
260316,1,1,1992,0,0,0,0,0,0,0,0,0,0
260316,2,1,1992,0,0,0,0,0,0,0,0,0,0
260317,1,1,1992,0,3,0,19,0,8,0,0,15,0
260317,2,1,1992,0,0,0,0,0,0,0,0,0,0
260318,1,1,1992,24,24,24,24,24,24,24,24,24,24
260318,2,1,1992,0,0,0,0,0,13,0,0,0,0
260319,1,1,1992,0,0,9,0,0,0,0,0,0,0
260319,2,1,1992,0,0,0,0,0,0,0,0,0,0
260320,1,1,1992,0,0,0,0,0,0,0,0,0,0
260320,2,1,1992,0,0,0,0,0,0,0,0,0,0
260321,1,1,1992,0,0,0,0,0,0,0,0,0,0
260321,2,1,1992,0,0,0,0,0,0,0,0,0,0
260323,0,1,1992,21,21,21,21,21,21,21,21,21,21
260323,1,1,1992,0,0,0,0,0,0,0,0,0,0
260324,0,1,1992,0,0,0,0,0,0,0,0,0,0
260324,1,1,1992,0,0,0,0,0,0,0,0,0,0
260325,1,1,1992,10,10,10,10,10,10,10,10,10,10
260325,2,1,1992,1,1,1,1,1,1,1,1,1,1
260325,3,1,1992,0,0,0,0,0,0,0,0,0,0
260326,1,1,1992,0,0,0,0,0,0,0,0,0,0
260326,2,1,1992,0,0,17,0,31,14,0,0,0,0
260327,1,1,1992,0,0,0,0,0,0,0,0,0,0
260327,2,1,1992,0,0,0,0,0,0,0,0,0,0
260328,1,1,1992,0,0,0,0,0,0,0,0,0,0
260328,2,1,1992,0,0,0,0,0,0,0,0,0,0
260329,0,1,1992,0,0,0,12,0,0,0,0,0,0
260329,1,1,1992,0,0,0,0,0,0,0,0,0,0
260330,1,1,1992,0,0,0,0,0,0,0,0,0,0
260330,2,1,1992,0,0,0,8,0,0,0,0,0,0
260331,1,1,1992,10,10,10,10,10,10,10,10,10,10
260332,1,1,1992,21,8,21,10,13,16,13,11,28,0
260333,1,1,1992,14,14,14,14,14,14,14,14,14,14
260334,1,1,1992,24,24,24,24,24,24,24,24,24,24
260335,1,1,1992,9,9,9,9,9,9,9,9,9,9
260335,2,1,1992,0,0,0,0,0,0,0,0,0,0
260336,1,1,1992,13,13,13,13,13,13,13,13,13,13
260336,2,1,1992,0,0,0,0,0,0,0,0,0,0
260337,1,1,1992,16,16,16,16,16,16,16,16,16,16
260337,2,1,1992,0,0,0,0,0,0,0,0,0,0
260338,1,1,1992,6,0,0,0,0,0,0,0,0,0
260339,1,1,1992,26,26,26,26,26,26,26,26,26,26
260339,2,1,1992,7,7,7,7,7,7,7,7,7,7
260340,1,1,1992,0,0,0,0,0,0,0,0,0,0
260340,2,1,1992,0,0,0,0,0,0,0,0,0,0
260341,1,1,1992,0,0,0,0,0,0,0,0,0,0
260342,0,1,1992,23,23,23,23,23,23,23,23,23,23
260342,1,1,1992,9,0,0,0,0,0,0,0,0,0
260343,1,1,1992,35,18,19,21,17,25,15,14,22,23
260344,1,1,1992,0,0,0,0,0,0,0,0,0,0
260345,1,1,1992,0,0,0,0,0,0,0,0,0,0
260345,2,1,1992,0,0,0,0,0,0,0,0,0,0
260346,1,1,1992,0,0,0,0,0,0,15,0,0,0
260347,0,1,1992,0,0,0,0,0,0,0,0,0,0
260347,1,1,1992,0,0,0,0,0,0,0,0,0,0
260348,1,1,1992,13,7,33,20,25,13,17,12,26,17
260349,1,1,1992,19,19,19,19,19,19,19,19,19,19
260350,1,1,1992,0,0,0,0,0,0,0,0,0,0
260351,1,1,1992,0,0,0,0,0,0,0,0,0,0
260352,1,1,1992,0,0,0,0,0,0,0,0,0,0
260352,2,1,1992,0,0,0,0,0,0,0,0,0,0
260353,1,1,1992,26,26,26,26,26,26,26,26,26,26
260354,1,1,1992,6,6,6,6,6,6,6,6,6,6
260354,2,1,1992,0,0,0,0,0,0,0,0,0,0
260355,1,1,1992,0,0,0,0,0,0,0,0,0,0
260355,2,1,1992,0,0,0,0,0,0,0,0,0,0
260356,1,1,1992,0,0,0,0,0,0,0,0,0,0
260356,2,1,1992,0,0,0,0,0,0,0,0,0,0
260357,1,1,1992,0,0,0,0,0,0,0,0,0,0
260357,2,1,1992,0,0,0,0,0,0,0,0,0,0
260358,1,1,1992,14,14,14,14,14,14,14,14,14,14
260358,2,1,1992,0,0,0,0,0,0,0,0,0,0
260359,1,1,1992,23,23,23,23,23,23,23,23,23,23
260359,2,1,1992,18,13,10,9,6,22,7,14,16,12
260360,1,1,1992,10,8,13,15,22,15,7,3,19,5
260361,1,1,1992,14,20,27,16,20,18,15,9,17,12
260362,1,1,1992,9,27,6,17,15,27,18,19,19,40
260362,2,1,1992,0,0,0,0,0,0,0,0,0,0
260362,3,1,1992,0,0,0,0,0,0,0,0,0,0
260363,1,1,1992,8,8,8,8,8,8,8,8,8,8
260363,2,1,1992,0,0,0,0,0,0,0,0,0,0
260364,0,1,1992,0,0,0,0,0,0,0,0,0,0
260364,0,2,1992,0,0,0,0,0,0,0,0,0,0
260364,1,1,1992,0,0,0,0,0,0,0,0,0,0
260365,1,1,1992,0,0,0,0,0,0,0,0,0,0
260365,2,1,1992,16,16,16,16,16,16,16,16,16,16
260366,1,1,1992,0,3,10,0,19,0,0,0,0,0
260367,1,1,1992,0,0,0,0,0,0,0,0,0,0
260367,2,1,1992,5,5,5,5,5,5,5,5,5,5
260368,1,1,1992,7,7,7,7,7,7,7,7,7,7
260369,1,1,1992,0,0,0,0,0,0,15,0,0,0
260370,1,1,1992,0,0,0,0,0,0,0,0,0,0
260371,0,1,1992,0,0,0,0,0,0,0,0,0,0
260371,1,1,1992,0,0,0,0,0,0,0,0,0,0
260372,1,1,1992,26,26,26,26,26,26,26,26,26,26
260373,1,1,1992,0,0,0,0,0,0,0,0,0,0
260373,2,1,1992,28,28,28,28,28,28,28,28,28,28
260374,1,1,1992,0,0,0,0,0,0,0,0,0,0
260374,2,1,1992,0,0,0,0,0,0,0,0,0,0
260375,1,1,1992,0,0,0,0,0,0,0,0,0,0
260375,2,1,1992,0,0,0,0,0,0,0,0,0,0
260376,1,1,1992,0,0,0,16,0,0,0,0,0,0
260377,1,1,1992,0,0,5,0,11,0,0,0,0,0
260377,2,1,1992,0,0,0,0,0,0,0,0,0,0
260378,0,1,1992,0,0,0,0,0,0,0,0,0,0
260378,1,1,1992,0,0,0,4,0,0,17,21,18,5
260379,0,1,1992,0,0,0,0,0,0,0,0,0,0
260379,1,1,1992,0,0,0,0,0,0,7,0,0,0
260380,0,1,1992,0,0,0,0,0,0,0,0,0,0
260380,1,1,1992,0,0,0,0,0,0,0,0,0,0
260381,1,1,1992,24,24,24,24,24,24,24,24,24,24
260381,2,1,1992,9,0,16,26,24,0,16,0,26,0
260383,1,1,1992,0,0,0,0,0,0,0,0,0,0
260383,2,1,1992,7,7,7,7,7,7,7,7,7,7
260384,0,1,1992,0,0,0,0,0,0,0,0,0,0
260384,1,1,1992,0,0,0,0,0,0,0,0,0,0
260385,1,1,1992,0,0,0,0,0,0,0,0,0,0
260385,2,1,1992,0,0,0,0,0,0,0,0,0,0
260386,1,1,1992,8,8,8,8,8,8,8,8,8,8
260387,0,1,1992,0,0,0,0,0,0,0,0,0,0
260387,1,1,1992,16,18,0,23,21,10,9,24,7,15
260387,2,1,1992,0,0,0,0,0,0,0,0,0,0
260388,0,1,1992,0,0,0,0,0,0,0,0,0,0
260388,1,1,1992,0,0,0,0,0,0,0,0,0,0
260389,1,1,1992,0,0,0,0,0,0,0,0,0,0
260389,2,1,1992,0,0,0,0,0,0,0,0,0,0
260390,1,1,1992,12,12,12,12,12,12,12,12,12,12
260391,1,1,1992,17,17,17,17,17,17,17,17,17,17
260392,1,1,1992,18,18,18,18,18,18,18,18,18,18
260393,1,1,1992,22,22,22,22,22,22,22,22,22,22
260395,1,1,1992,0,0,0,0,0,0,0,0,0,0
260396,1,1,1992,0,0,0,0,0,0,0,0,0,0
260397,1,1,1992,0,0,0,0,0,0,0,0,0,0
260397,2,1,1992,0,0,0,0,0,0,0,0,0,0
260398,1,1,1992,0,0,0,0,0,0,0,0,0,0
260398,2,1,1992,0,18,0,0,0,0,0,0,0,0
260399,0,1,1992,23,41,0,26,13,0,21,20,28,20
260399,1,1,1992,8,8,8,8,8,8,8,8,8,8
260400,1,1,1992,0,0,0,0,0,0,0,0,0,0
260400,2,1,1992,0,0,0,0,0,0,0,0,0,0
260401,1,1,1992,24,24,24,24,24,24,24,24,24,24
260402,1,1,1992,0,0,0,0,0,0,0,0,0,0
260402,2,1,1992,20,20,20,20,20,20,20,20,20,20
260403,1,1,1992,13,13,13,13,13,13,13,13,13,13
260403,2,1,1992,0,0,0,0,0,0,0,0,0,0
260404,0,1,1992,14,20,33,19,26,22,16,28,14,47
260404,1,1,1992,0,0,0,0,0,0,0,0,0,0
260405,1,1,1992,0,0,6,15,17,0,0,25,0,9
260406,1,1,1992,8,16,14,0,18,24,0,5,16,25
260406,2,1,1992,0,0,0,0,0,0,0,0,0,0
260407,1,1,1992,0,22,18,39,9,7,13,16,19,0
260407,2,1,1992,0,0,0,0,0,0,0,0,0,0
260407,3,1,1992,0,0,0,0,0,0,0,0,0,0
260408,1,1,1992,0,0,0,0,13,11,0,0,16,37
260408,2,1,1992,19,19,19,19,19,19,19,19,19,19
260409,1,1,1992,20,20,20,20,20,20,20,20,20,20
260410,1,1,1992,0,0,0,0,0,0,0,0,0,0
260410,2,1,1992,0,0,0,0,0,0,0,0,0,0
260411,1,1,1992,0,0,0,0,0,0,0,0,0,0
260412,1,1,1992,19,19,19,19,19,19,19,19,19,19
260412,2,1,1992,0,0,0,0,0,0,0,0,0,0
260413,1,1,1992,0,0,0,0,0,0,0,0,0,0
260413,2,1,1992,0,0,0,0,0,0,0,0,0,0
260414,1,1,1992,0,0,0,0,0,0,0,0,0,0
260414,2,1,1992,0,0,0,0,0,0,0,0,0,0
260415,1,1,1992,0,0,0,0,0,0,0,0,0,0
260415,2,1,1992,0,0,0,0,0,0,0,0,0,0
260416,0,1,1992,0,0,0,0,0,0,0,0,0,0
260416,1,1,1992,0,0,0,0,0,0,0,0,0,0
260417,1,1,1992,0,0,0,0,0,0,0,0,0,0
260417,2,1,1992,0,0,0,0,0,0,0,0,0,0
260418,1,1,1992,30,30,30,30,30,30,30,30,30,30
260419,1,1,1992,17,17,17,17,17,17,17,17,17,17