ST_CASE,VEH_NO,PER_NO,YEAR,P1,P2,P3,P4,P5,P6,P7,P8,P9,P10
260420,1,1,1992,0,0,0,0,0,0,0,0,0,0
260420,2,1,1992,0,0,0,0,0,0,0,0,0,0
260421,0,1,1992,0,0,0,0,0,0,0,0,0,0
260421,1,1,1992,0,0,0,0,0,0,0,0,0,0
260422,1,1,1992,17,17,17,17,17,17,17,17,17,17
260423,1,1,1992,12,12,12,12,12,12,12,12,12,12
260423,2,1,1992,0,0,0,0,0,0,0,0,0,0
260424,1,1,1992,9,37,16,16,20,23,12,5,19,16
260425,1,1,1992,10,10,10,10,10,10,10,10,10,10
260426,0,1,1992,0,0,0,0,0,0,0,0,0,0
260426,1,1,1992,0,0,0,0,0,0,0,0,0,0
260427,1,1,1992,11,11,11,11,11,11,11,11,11,11
260428,1,1,1992,18,0,23,10,0,12,9,25,8,13
260428,2,1,1992,12,12,12,12,12,12,12,12,12,12
260429,1,1,1992,0,0,0,0,0,0,0,0,0,0
260430,1,1,1992,28,28,28,28,28,28,28,28,28,28
260431,0,1,1992,0,0,0,0,0,2,0,0,0,0
260431,1,1,1992,0,11,0,0,0,0,0,0,0,0
260432,0,1,1992,0,0,0,0,0,0,0,0,0,0
260432,1,1,1992,0,0,0,0,0,0,0,0,0,0
260433,1,1,1992,8,8,8,8,8,8,8,8,8,8
260434,1,1,1992,10,22,13,17,16,4,17,19,10,20
260435,1,1,1992,18,18,18,18,18,18,18,18,18,18
260437,1,1,1992,13,13,22,8,29,0,20,0,15,17
260438,1,1,1992,0,0,0,0,17,0,0,0,0,0
260438,2,1,1992,0,0,0,0,0,0,0,0,0,0
260439,1,1,1992,1,0,0,4,0,0,0,0,0,0
260439,2,1,1992,0,0,0,0,0,0,0,0,0,0
260439,3,1,1992,0,0,0,0,0,0,0,0,0,0
260439,4,1,1992,0,0,0,0,0,0,0,0,0,0
260440,0,1,1992,33,20,35,27,14,24,14,31,14,22
260440,1,1,1992,0,0,0,0,0,0,0,0,0,0
260441,1,1,1992,26,26,26,26,26,26,26,26,26,26
260442,1,1,1992,18,18,18,18,18,18,18,18,18,18
260442,2,1,1992,0,0,0,0,0,0,0,0,0,0
260443,0,1,1992,0,0,0,0,0,0,0,0,0,0
260443,1,1,1992,0,0,0,0,0,0,0,0,0,0
260444,1,1,1992,40,40,40,40,40,40,40,40,40,40
260445,1,1,1992,17,17,17,17,17,17,17,17,17,17
260446,1,1,1992,11,11,11,11,11,11,11,11,11,11
260446,2,1,1992,0,0,0,0,0,0,0,0,0,0
260447,1,1,1992,0,0,0,0,0,0,0,0,0,0
260448,0,1,1992,0,0,9,0,0,0,0,0,0,0
260448,1,1,1992,0,0,0,0,0,0,0,0,0,0
260449,0,1,1992,0,0,0,0,0,0,0,0,0,0
260449,1,1,1992,0,0,0,5,0,0,0,0,0,0
260450,1,1,1992,29,29,29,29,29,29,29,29,29,29
260451,1,1,1992,0,0,0,0,0,0,0,0,0,0
260451,2,1,1992,0,0,0,0,0,0,0,0,0,0
260452,1,1,1992,0,0,0,0,0,0,0,0,0,0
260452,2,1,1992,0,0,0,0,0,0,0,0,0,0
260453,1,1,1992,19,19,19,19,19,19,19,19,19,19
260454,1,1,1992,0,0,0,0,0,0,0,0,0,0
260454,2,1,1992,0,0,0,0,0,0,0,0,0,0
260455,1,1,1992,22,11,8,14,21,6,10,19,9,11
260456,1,1,1992,0,0,13,23,0,2,0,6,0,0
260456,2,1,1992,30,13,12,0,25,9,14,12,17,5
260457,1,1,1992,13,0,0,17,0,0,0,0,0,0
260458,1,1,1992,0,0,0,0,0,0,0,0,0,0
260458,2,1,1992,0,0,0,0,0,0,0,0,0,0
260459,1,1,1992,0,0,0,0,0,0,0,0,0,0
260459,2,1,1992,0,0,0,0,0,0,0,0,0,0
260460,1,1,1992,7,11,16,9,18,5,19,36,0,33
260461,1,1,1992,0,0,0,0,0,0,0,0,0,0
260461,2,1,1992,0,0,0,0,0,0,0,0,0,0
260462,0,1,1992,0,0,0,0,0,0,0,0,0,0
260462,1,1,1992,0,0,0,0,0,0,0,0,0,0
260463,1,1,1992,0,0,0,10,0,0,0,0,0,0
260463,2,1,1992,0,0,0,0,0,0,0,0,0,0
260464,1,1,1992,20,28,12,17,20,15,6,18,15,25
260465,1,1,1992,0,2,0,0,0,0,0,0,0,0
260465,2,1,1992,0,0,0,0,0,0,0,0,0,0
260466,1,1,1992,0,0,0,0,0,0,0,0,0,0
260466,2,1,1992,0,0,0,0,0,0,0,0,0,0
260467,1,1,1992,0,0,0,0,0,0,0,0,0,0
260468,1,1,1992,0,0,0,0,0,0,0,0,0,0
260468,2,1,1992,0,0,0,0,0,0,0,0,0,0
260468,3,1,1992,0,0,0,0,0,0,0,0,0,0
260469,1,1,1992,29,29,29,29,29,29,29,29,29,29
260470,0,1,1992,26,26,26,26,26,26,26,26,26,26
260470,1,1,1992,0,0,0,0,0,0,0,0,0,0
260471,1,1,1992,28,28,28,28,28,28,28,28,28,28
260472,1,1,1992,19,19,19,19,19,19,19,19,19,19
260473,1,1,1992,0,0,0,0,0,0,0,0,0,0
260474,1,1,1992,0,0,0,0,0,0,0,0,0,0
260474,2,1,1992,0,0,0,0,0,0,0,0,0,0
260475,1,1,1992,0,10,0,4,0,0,0,0,0,0
260475,2,1,1992,15,15,15,15,15,15,15,15,15,15
260476,1,1,1992,28,28,28,28,28,28,28,28,28,28
260477,1,1,1992,0,0,0,0,0,0,0,0,0,0
260477,2,1,1992,0,0,0,0,0,0,0,0,0,0
260477,3,1,1992,0,0,0,0,0,0,0,0,0,0
260478,1,1,1992,0,0,0,0,0,0,0,0,0,0
260478,2,1,1992,0,0,0,0,0,0,0,0,0,0
260479,1,1,1992,0,0,0,0,0,0,0,0,0,0
260480,0,1,1992,0,0,0,0,0,8,0,0,0,0
260480,1,1,1992,0,0,0,0,0,0,0,0,0,0
260480,2,1,1992,0,0,0,0,0,0,0,0,0,0
260481,1,1,1992,0,0,0,0,0,0,0,0,0,0
260481,2,1,1992,19,19,19,19,19,19,19,19,19,19
260482,1,1,1992,0,0,0,0,0,0,0,0,0,0
260482,2,1,1992,0,0,0,0,0,0,0,0,0,0
260483,1,1,1992,0,0,0,0,0,0,0,0,0,0
260483,2,1,1992,0,0,0,0,0,0,0,0,0,0
260484,1,1,1992,0,0,0,0,0,0,0,0,0,0
260484,2,1,1992,0,0,0,0,0,0,0,0,0,0
260485,1,1,1992,12,12,12,12,12,12,12,12,12,12
260486,0,1,1992,20,21,0,24,0,21,21,25,21,17
260486,1,1,1992,13,18,21,21,26,17,7,25,10,21
260487,1,1,1992,0,0,0,0,0,0,0,11,0,0
260487,2,1,1992,0,0,0,0,0,0,0,0,0,0
260488,0,1,1992,0,0,0,0,0,0,0,0,0,0
260488,1,1,1992,4,4,4,4,4,4,4,4,4,4
260489,1,1,1992,0,0,0,0,0,3,0,0,0,0
260489,2,1,1992,0,0,0,0,0,0,0,0,0,0
260490,1,1,1992,0,0,0,0,0,0,0,0,0,0
260490,2,1,1992,0,0,0,0,0,0,0,0,0,0
260491,1,1,1992,0,0,0,0,0,0,0,0,0,0
260492,0,1,1992,0,0,0,0,0,0,0,0,0,0
260492,1,1,1992,0,27,7,13,19,17,20,24,10,0
260492,2,1,1992,0,0,0,0,0,0,0,0,0,0
260493,1,1,1992,27,27,27,27,27,27,27,27,27,27
260493,2,1,1992,30,30,30,30,30,30,30,30,30,30
260494,1,1,1992,20,20,20,20,20,20,20,20,20,20
260495,1,1,1992,17,17,17,17,17,17,17,17,17,17
260496,1,1,1992,0,0,0,0,0,0,0,0,0,15
260496,2,1,1992,0,0,0,3,0,0,0,0,0,0
260497,1,1,1992,21,21,21,21,21,21,21,21,21,21
260498,1,1,1992,0,0,0,0,0,0,0,0,0,0
260499,1,1,1992,0,0,0,0,0,0,0,0,0,0
260500,1,1,1992,0,0,0,0,0,0,0,0,0,0
260500,2,1,1992,21,21,21,21,21,21,21,21,21,21
260501,1,1,1992,0,0,0,0,0,0,18,0,0,0
260502,1,1,1992,0,0,0,0,0,0,0,0,0,0
260502,2,1,1992,0,0,0,0,0,0,0,0,0,0
260503,0,1,1992,0,0,0,0,0,0,0,0,0,0
260503,1,1,1992,0,0,0,0,0,0,0,0,0,0
260504,1,1,1992,0,0,0,0,0,0,0,0,0,0
260504,2,1,1992,0,0,6,0,0,0,0,0,0,0
260505,1,1,1992,24,24,24,24,24,24,24,24,24,24
260506,1,1,1992,20,20,20,20,20,20,20,20,20,20
260507,1,1,1992,0,0,0,0,0,0,0,0,0,0
260507,2,1,1992,0,8,0,0,7,0,0,0,0,0
260508,1,1,1992,0,0,0,0,0,0,0,0,0,0
260508,2,1,1992,0,0,0,0,0,0,0,0,0,0
260508,3,1,1992,0,0,0,0,0,0,0,0,0,0
260509,1,1,1992,0,0,0,0,0,8,0,0,0,0
260509,2,1,1992,0,0,0,0,0,0,0,0,0,0
260510,1,1,1992,0,0,0,0,0,0,0,0,0,0
260511,1,1,1992,23,23,23,23,23,23,23,23,23,23
260512,1,1,1992,0,0,0,0,0,0,0,0,0,0
260512,2,1,1992,0,0,0,0,0,0,0,0,0,0
260513,1,1,1992,0,20,7,24,7,12,23,8,19,30
260514,1,1,1992,0,0,0,0,0,0,0,0,0,0
260514,2,1,1992,0,0,0,0,0,0,0,0,0,0
260515,1,1,1992,0,0,0,0,0,0,0,0,0,0
260515,2,1,1992,0,0,23,0,0,0,0,16,0,0
260516,0,1,1992,26,26,26,26,26,26,26,26,26,26
260516,1,1,1992,0,0,0,0,0,0,0,0,0,0
260517,1,1,1992,28,28,28,28,28,28,28,28,28,28
260517,2,1,1992,11,0,0,0,0,0,0,0,0,0
260518,1,1,1992,12,12,12,12,12,12,12,12,12,12
260519,0,1,1992,0,0,0,0,0,0,0,0,0,0
260519,1,1,1992,0,0,0,0,0,0,0,0,0,0
260520,1,1,1992,21,16,11,12,4,10,29,37,14,7
260520,2,1,1992,39,16,5,24,26,0,9,19,0,7
260521,0,1,1992,33,6,19,23,0,0,47,32,0,0
260521,1,1,1992,0,0,0,0,0,0,0,0,0,0
260522,1,1,1992,19,19,5,19,50,18,26,20,16,27
260523,1,1,1992,3,15,0,0,0,0,0,0,0,0
260524,1,1,1992,22,22,22,22,22,22,22,22,22,22
260524,2,1,1992,0,0,0,0,0,0,0,0,0,0
260526,1,1,1992,12,12,12,12,12,12,12,12,12,12
260527,1,1,1992,14,14,14,14,14,14,14,14,14,14
260528,1,1,1992,0,0,0,0,0,0,0,0,0,0
260528,2,1,1992,0,0,0,0,0,0,0,0,0,0
260528,3,1,1992,0,0,0,0,0,0,0,0,0,0
260529,1,1,1992,0,0,0,0,0,0,0,0,0,0
260529,2,1,1992,8,0,5,0,0,0,0,0,0,0
260530,1,1,1992,0,0,0,0,0,0,0,0,0,0
260530,2,1,1992,0,0,0,0,0,0,0,0,0,0
260531,1,1,1992,45,17,13,0,29,23,0,26,25,12
260532,0,1,1992,0,0,0,0,0,0,0,0,0,0
260532,1,1,1992,0,0,0,0,0,0,0,0,0,0
260533,0,1,1992,0,0,0,0,0,0,0,0,0,0
260533,1,1,1992,0,0,0,0,0,0,0,0,0,0
260534,1,1,1992,0,0,0,0,0,0,0,0,0,0
260534,2,1,1992,0,0,0,0,0,0,0,0,0,0
260535,0,1,1992,23,36,22,12,0,68,12,13,33,13
260535,1,1,1992,0,0,6,0,0,7,6,15,0,0
260536,1,1,1992,0,0,0,27,5,0,0,0,0,0
260537,0,1,1992,0,0,0,0,0,0,0,0,0,0
260537,1,1,1992,31,11,11,26,21,26,19,28,20,3
260539,1,1,1992,11,11,11,11,11,11,11,11,11,11
260539,2,1,1992,0,0,0,0,0,0,0,0,0,0
260540,0,1,1992,2,2,2,2,2,2,2,2,2,2
260540,1,1,1992,0,0,0,0,0,0,0,0,0,0
260541,0,1,1992,0,0,0,0,0,0,0,0,0,0
260541,1,1,1992,0,0,0,0,0,0,0,0,0,0
260542,1,1,1992,1,1,1,1,1,1,1,1,1,1
260543,1,1,1992,16,16,16,16,16,16,16,16,16,16
260543,2,1,1992,0,0,0,25,0,0,0,11,0,0
260544,0,1,1992,0,28,0,30,0,21,27,3,0,0
260544,1,1,1992,14,14,14,14,14,14,14,14,14,14
260545,1,1,1992,0,0,0,0,0,0,0,0,0,0
260546,1,1,1992,0,0,15,0,0,0,0,0,0,0
260546,2,1,1992,18,18,18,18,18,18,18,18,18,18
260547,0,1,1992,25,6,17,30,16,31,22,22,17,28
260547,1,1,1992,4,4,4,4,4,4,4,4,4,4
260548,1,1,1992,0,0,0,0,0,0,0,0,0,0
260548,2,1,1992,0,0,0,0,0,0,0,0,0,0
260549,1,1,1992,0,0,0,0,0,0,0,0,0,0
260550,1,1,1992,0,0,0,0,0,0,0,0,0,0
260551,1,1,1992,0,0,0,0,0,0,0,0,0,0
260551,2,1,1992,0,0,0,0,0,9,0,0,0,0
260552,0,1,1992,25,25,25,25,25,25,25,25,25,25
260552,1,1,1992,18,0,12,11,0,17,0,0,0,38
260553,1,1,1992,18,13,23,25,18,17,16,10,28,24
260554,1,1,1992,0,0,0,0,0,0,0,0,0,0
260554,2,1,1992,0,0,0,0,0,0,0,0,0,0
260555,1,1,1992,25,25,25,25,25,25,25,25,25,25
260556,1,1,1992,0,0,0,0,0,0,0,0,0,0
260557,1,1,1992,7,7,7,7,7,7,7,7,7,7
260558,1,1,1992,0,0,0,0,0,0,0,0,0,0
260559,1,1,1992,0,0,0,0,0,0,0,0,0,0
260559,2,1,1992,0,0,0,0,0,0,0,0,0,0
260560,1,1,1992,0,0,0,0,0,0,0,0,0,0
260560,2,1,1992,0,0,0,0,0,0,0,0,0,0
260561,0,1,1992,0,0,0,0,0,0,0,0,0,0
260561,1,1,1992,0,0,0,0,0,0,0,0,0,0
260562,1,1,1992,0,29,0,0,0,0,4,18,0,0
260563,1,1,1992,0,0,0,0,0,0,0,0,0,0
260564,1,1,1992,13,13,13,13,13,13,13,13,13,13
260565,1,1,1992,0,0,0,0,0,0,0,0,0,0
260565,2,1,1992,0,0,0,0,0,0,0,0,0,0
260566,0,1,1992,0,0,0,0,0,0,0,0,0,0
260566,1,1,1992,14,14,14,14,14,14,14,14,14,14
260567,0,1,1992,0,0,0,0,0,0,0,0,0,0
260567,1,1,1992,0,0,0,0,0,0,0,0,0,0
260568,1,2,1992,9,10,33,10,22,11,15,22,0,12
260569,0,1,1992,0,0,0,0,0,0,0,0,0,0
260569,1,1,1992,0,0,0,0,0,0,0,0,0,0
260570,1,1,1992,17,17,17,17,17,17,17,17,17,17
260571,1,1,1992,0,0,0,0,0,0,0,0,0,0
260572,1,1,1992,8,8,8,8,8,8,8,8,8,8
260573,1,1,1992,0,0,0,0,0,0,0,0,0,8
260573,2,1,1992,0,0,0,0,0,0,0,0,0,0
260573,3,1,1992,0,0,0,0,0,0,0,0,0,0
260574,1,1,1992,18,18,18,18,18,18,18,18,18,18
260575,1,1,1992,0,0,0,0,0,0,0,0,0,0
260575,2,1,1992,0,0,0,0,0,0,0,0,0,0
260576,1,1,1992,0,0,0,0,0,0,0,0,0,0
260576,2,1,1992,0,0,0,0,0,0,0,0,0,0
260577,1,1,1992,23,23,23,23,23,23,23,23,23,23
260579,1,1,1992,0,0,0,0,17,0,0,0,0,0
260579,2,1,1992,0,0,0,0,0,0,0,0,0,0
260580,1,1,1992,0,0,0,0,0,0,0,0,0,0
260580,2,1,1992,0,0,0,0,0,0,0,0,0,0
260581,1,1,1992,0,0,0,0,0,0,0,0,0,0
260581,2,1,1992,14,14,14,14,14,14,14,14,14,14
260582,1,1,1992,0,0,0,0,0,0,0,0,0,0
260582,2,1,1992,0,0,6,0,0,0,0,0,0,0
260583,0,1,1992,0,0,0,21,0,0,0,0,0,0
260583,1,1,1992,0,0,0,0,0,0,0,0,0,0
260584,1,1,1992,0,0,0,0,0,0,0,0,0,0
260584,2,1,1992,0,0,0,0,0,0,0,0,0,0
260585,1,1,1992,0,0,0,0,16,0,0,0,0,0
260586,1,1,1992,11,11,11,11,11,11,11,11,11,11
260586,2,1,1992,0,0,0,0,0,0,0,0,0,0
260586,3,1,1992,0,0,0,0,0,0,0,0,0,0
260587,0,1,1992,15,15,15,15,15,15,15,15,15,15
260587,1,1,1992,10,9,20,12,7,9,10,10,28,14
260588,1,1,1992,1,1,1,1,1,1,1,1,1,1
260588,2,1,1992,0,0,0,0,0,0,0,0,0,0
260589,1,1,1992,0,0,0,0,0,0,0,0,0,0
260589,2,1,1992,0,0,0,0,0,0,0,0,0,0
260589,3,1,1992,0,0,0,0,0,0,0,0,0,0
260590,1,1,1992,14,14,14,14,14,14,14,14,14,14
260591,1,1,1992,17,17,17,17,17,17,17,17,17,17
260592,0,1,1992,0,0,0,0,0,0,0,0,0,0
260592,1,1,1992,0,0,0,0,0,0,0,0,0,0
260593,1,1,1992,0,0,0,18,0,0,0,0,0,0
260593,2,1,1992,0,0,0,0,0,0,0,0,0,0
260594,1,1,1992,9,9,9,9,9,9,9,9,9,9
260595,1,1,1992,0,0,0,0,0,0,0,0,9,0
260596,1,1,1992,14,14,14,14,14,14,14,14,14,14
260597,1,1,1992,18,18,18,18,18,18,18,18,18,18
260598,1,1,1992,0,0,0,0,0,0,0,0,0,0
260599,1,1,1992,0,0,0,0,0,0,0,0,0,0
260599,2,1,1992,21,21,21,21,21,21,21,21,21,21
260600,1,1,1992,0,0,0,0,0,0,0,0,0,0
260601,1,1,1992,0,0,0,0,0,0,0,0,0,0
260601,2,1,1992,0,0,0,0,0,0,0,0,0,0
260603,1,1,1992,7,7,7,7,7,7,7,7,7,7
260603,2,1,1992,0,0,0,0,0,0,0,0,0,0
260604,0,1,1992,0,0,0,0,0,0,0,0,0,0
260604,1,1,1992,0,0,0,0,0,0,0,0,0,0
260605,1,1,1992,23,23,23,23,23,23,23,23,23,23
260605,2,1,1992,0,0,0,0,0,0,0,0,0,0
260606,1,1,1992,0,0,0,0,0,0,0,0,0,0
260607,1,1,1992,0,0,0,0,0,0,0,0,0,0
260607,2,1,1992,0,0,0,0,0,0,0,0,0,0
260608,0,1,1992,0,8,0,0,0,0,0,16,11,0
260608,1,1,1992,14,14,14,14,14,14,14,14,14,14
260609,1,1,1992,29,10,31,18,23,10,13,9,12,17
260609,2,1,1992,0,0,0,0,0,0,0,0,0,0
260610,1,1,1992,0,0,0,0,0,0,0,20,0,0
260611,1,1,1992,31,31,31,31,31,31,31,31,31,31
260612,1,1,1992,16,28,14,15,17,8,0,15,11,11
260612,2,1,1992,0,0,0,0,0,0,0,17,0,0
260613,1,1,1992,0,0,0,0,0,0,0,0,0,0
260614,1,1,1992,0,0,0,0,0,0,0,0,0,0
260614,2,1,1992,0,0,0,0,0,0,0,0,0,0
260614,3,1,1992,0,0,0,0,0,0,0,0,0,0
260615,1,1,1992,0,0,0,0,0,0,0,0,0,0
260616,1,1,1992,0,0,0,0,0,0,0,0,0,0
260616,2,1,1992,0,0,0,0,0,0,0,0,0,0
260616,3,1,1992,0,0,0,0,0,0,0,0,0,0
260617,1,1,1992,6,36,0,22,21,5,9,30,12,10
260618,1,1,1992,3,3,3,3,3,3,3,3,3,3
260619,0,1,1992,0,0,0,0,0,0,0,0,0,0
260619,1,1,1992,0,0,0,0,0,0,0,0,0,0
260620,1,1,1992,0,0,0,0,0,0,0,0,0,0
260621,1,1,1992,23,23,23,23,23,23,23,23,23,23
260622,1,1,1992,0,0,0,0,0,0,0,0,0,0
260622,2,1,1992,0,0,0,0,0,0,0,0,0,0
260622,3,1,1992,0,0,0,0,0,0,0,0,0,0
260622,4,1,1992,0,0,0,0,0,0,0,0,0,0
260622,5,1,1992,0,0,0,0,0,0,0,0,0,0
260623,1,1,1992,0,0,0,0,0,0,0,0,0,0
260623,2,1,1992,0,0,0,0,0,0,0,0,0,0
260624,1,1,1992,0,0,0,0,0,16,0,0,0,0
260624,2,1,1992,0,0,0,0,0,0,0,0,0,0
260625,1,1,1992,0,0,0,0,0,0,0,0,0,0
260625,2,1,1992,0,0,0,0,0,0,0,0,0,0
260626,1,1,1992,0,0,0,0,0,0,0,0,0,0
260627,1,1,1992,0,0,0,0,0,7,0,0,0,0
260627,2,1,1992,0,0,0,0,0,0,0,0,0,0
260628,1,1,1992,0,0,0,0,0,0,0,0,0,0
260628,2,1,1992,0,0,0,0,0,0,0,0,0,0
260628,3,1,1992,0,0,0,0,0,0,0,0,0,0
260628,4,1,1992,0,0,0,0,0,0,0,0,0,0
260628,5,1,1992,0,0,0,0,0,0,0,0,26,0
260628,6,1,1992,0,0,0,0,0,0,0,0,0,0
260628,7,1,1992,0,0,0,0,0,0,0,0,0,0
260628,8,1,1992,0,0,0,0,0,0,0,0,0,0
260629,1,1,1992,0,0,0,0,0,0,0,0,0,0
260629,2,1,1992,0,15,0,0,0,0,0,0,0,0
260630,1,1,1992,0,0,0,0,0,0,0,0,0,0
260630,2,1,1992,0,0,0,0,0,0,0,0,0,0
260631,1,1,1992,6,0,0,0,0,0,0,0,0,0
260631,2,1,1992,5,5,5,5,5,5,5,5,5,5
260632,1,1,1992,0,0,0,0,0,0,0,0,0,0
260635,1,1,1992,8,8,8,8,8,8,8,8,8,8
260635,2,1,1992,5,5,5,5,5,5,5,5,5,5
260636,1,1,1992,0,0,0,0,0,0,0,0,0,0
260636,2,1,1992,0,0,0,0,0,0,0,0,0,0
260637,0,1,1992,48,23,30,20,18,3,11,13,24,12
260637,1,1,1992,0,0,0,0,0,22,0,0,0,0
260638,0,1,1992,0,0,0,0,0,0,0,0,0,0
260638,1,1,1992,0,0,0,0,0,0,0,0,0,0
260639,1,1,1992,0,0,0,0,0,0,0,0,0,0
260639,2,1,1992,0,0,0,0,0,0,0,0,0,0
260640,1,1,1992,37,37,37,37,37,37,37,37,37,37
260641,1,1,1992,18,18,18,18,18,18,18,18,18,18
260642,1,1,1992,0,0,0,0,0,0,0,0,0,0
260642,2,1,1992,0,0,0,0,0,0,0,0,0,0
260643,1,1,1992,7,7,7,7,7,7,7,7,7,7
260644,1,1,1992,9,9,9,9,9,9,9,9,9,9
260645,1,1,1992,0,0,0,0,0,0,0,0,0,0
260645,2,1,1992,0,0,0,0,0,0,0,0,0,0
260646,1,1,1992,1,1,1,1,1,1,1,1,1,1
260646,2,1,1992,0,0,0,0,0,0,0,0,0,0
260646,3,1,1992,0,0,0,0,0,0,0,0,0,0
260647,0,1,1992,19,52,13,27,35,0,26,13,27,22
260647,1,1,1992,0,0,13,0,0,0,0,0,0,0
260648,1,1,1992,14,14,14,14,14,14,14,14,14,14
260649,1,1,1992,0,0,0,0,0,0,0,0,0,0
260650,1,1,1992,15,15,15,15,15,15,15,15,15,15
260651,1,1,1992,0,0,0,0,0,0,0,0,0,0
260652,1,1,1992,0,0,0,0,0,0,0,0,0,0
260652,2,1,1992,0,0,0,0,0,0,0,0,0,0
260653,1,1,1992,0,0,0,0,0,0,0,0,0,0
260653,2,1,1992,0,0,0,0,0,0,0,0,0,0
260653,3,1,1992,0,0,0,0,0,0,0,0,0,0
260653,4,1,1992,15,0,0,0,0,0,0,0,0,0
260654,1,1,1992,0,0,0,0,0,0,0,0,0,16
260654,2,1,1992,0,0,0,0,0,0,10,0,0,0
260654,3,1,1992,0,0,0,0,0,0,0,0,0,0
260654,4,1,1992,0,0,0,0,0,0,0,0,0,0
260655,1,1,1992,0,0,0,0,0,0,0,0,0,0
260655,2,1,1992,0,0,0,0,0,0,0,0,10,0
260656,1,1,1992,19,19,19,19,19,19,19,19,19,19
260657,1,1,1992,3,3,3,3,3,3,3,3,3,3
260658,1,1,1992,0,0,0,0,0,0,0,0,0,0
260659,1,1,1992,0,0,0,0,0,0,0,0,0,0
260659,2,1,1992,10,10,10,10,10,10,10,10,10,10
260660,1,1,1992,15,15,15,15,15,15,15,15,15,15
260661,0,1,1992,18,11,22,25,15,34,27,56,16,34
260661,1,1,1992,0,0,0,6,0,0,0,0,0,0
260662,0,1,1992,0,0,0,0,0,0,0,0,0,0
260662,1,1,1992,0,0,0,0,0,0,0,0,0,0
260663,1,1,1992,0,0,0,0,0,0,0,0,0,0
260664,1,1,1992,0,0,0,0,0,0,0,0,0,0
260664,2,1,1992,0,0,0,0,0,0,0,0,0,0
260665,1,1,1992,37,37,37,37,37,37,37,37,37,37
260666,1,1,1992,12,12,12,12,12,12,12,12,12,12
260667,0,1,1992,0,0,0,0,0,0,0,0,0,0
260667,1,1,1992,0,0,0,0,0,0,0,0,12,0
260668,1,1,1992,0,0,6,0,0,0,0,0,0,0
260669,1,1,1992,0,0,0,0,0,0,0,0,0,0
260669,2,1,1992,0,0,0,0,0,0,0,0,0,0
260670,1,1,1992,0,0,0,0,0,0,0,0,0,0
260670,2,1,1992,0,0,0,0,0,0,0,0,0,0
260671,1,1,1992,0,0,0,0,0,0,0,0,0,0
260671,2,1,1992,0,0,0,0,0,0,0,0,0,0
260672,0,1,1992,0,0,0,0,5,0,0,0,0,22
260672,1,1,1992,0,0,0,0,0,0,40,0,18,0
260673,0,1,1992,0,14,0,31,0,20,12,0,0,8
260673,1,1,1992,15,15,15,15,15,15,15,15,15,15
260674,1,1,1992,17,17,17,17,17,17,17,17,17,17
260674,2,1,1992,0,0,0,0,11,0,0,0,0,0
260675,1,1,1992,0,0,0,0,0,0,0,0,0,0
260676,0,1,1992,0,0,0,0,0,0,0,0,0,0
260676,1,1,1992,0,0,0,0,0,0,0,0,0,0
260677,0,1,1992,8,8,8,8,8,8,8,8,8,8
260677,1,1,1992,0,0,0,0,0,0,0,0,0,0
260678,0,1,1992,0,0,0,0,0,0,0,0,0,0
260678,1,1,1992,0,0,0,0,0,0,0,0,0,0
260679,1,1,1992,20,20,20,20,20,20,20,20,20,20
260680,1,1,1992,0,0,0,0,0,0,0,0,0,0
260680,2,1,1992,0,0,0,0,0,0,0,0,0,0
260681,1,1,1992,0,0,0,0,0,0,0,0,0,0
260681,2,1,1992,19,0,0,0,0,0,0,0,0,0
260682,1,1,1992,0,0,0,0,0,0,0,0,0,0
260682,2,1,1992,0,0,0,0,0,0,0,0,0,0
260683,1,1,1992,0,0,0,0,0,0,0,0,0,0
260686,1,1,1992,0,0,0,0,0,0,0,0,0,0
260686,2,1,1992,0,0,9,0,0,0,0,0,0,0
260687,0,1,1992,0,0,0,0,0,0,0,0,0,15
260687,1,1,1992,0,0,0,0,0,0,0,0,0,0
260688,1,1,1992,13,16,20,22,11,9,20,6,22,18
260688,2,1,1992,0,0,0,0,5,0,0,0,0,9
260690,1,1,1992,2,2,2,2,2,2,2,2,2,2
260691,1,1,1992,0,0,0,0,0,0,0,0,0,0
260691,2,1,1992,0,0,0,0,0,0,0,0,0,0
260692,1,1,1992,0,0,0,0,0,0,0,0,0,0
260692,2,1,1992,0,0,0,0,0,0,0,0,0,0
260693,1,1,1992,0,0,0,0,0,0,0,0,0,0
260693,2,1,1992,0,0,0,0,0,0,0,0,0,0
260693,3,1,1992,0,0,0,0,0,0,0,0,0,0
260694,1,1,1992,20,20,20,20,20,20,20,20,20,20
260695,0,1,1992,17,17,17,17,17,17,17,17,17,17
260695,1,1,1992,0,0,0,0,0,0,0,0,0,0
260696,1,1,1992,0,0,0,0,0,0,0,0,0,0
260696,2,1,1992,0,0,0,0,0,0,0,0,0,0
260697,1,1,1992,0,0,0,0,0,0,0,0,0,0
260697,2,1,1992,0,0,0,0,0,0,0,0,0,0
260698,1,1,1992,18,24,13,22,10,0,19,20,9,7