ST_CASE,VEH_NO,PER_NO,YEAR,P1,P2,P3,P4,P5,P6,P7,P8,P9,P10
260698,2,1,1992,0,0,0,0,0,0,0,0,0,0
260699,1,1,1992,11,11,11,11,11,11,11,11,11,11
260700,1,1,1992,0,0,0,0,0,0,0,0,0,0
260700,2,1,1992,0,0,0,0,0,0,0,0,0,0
260701,1,1,1992,27,0,0,0,0,0,0,0,0,0
260701,2,1,1992,0,0,0,0,0,0,0,0,0,0
260702,0,1,1992,0,0,0,0,0,0,0,0,0,0
260702,0,2,1992,24,0,0,0,29,0,23,18,4,0
260702,1,1,1992,0,0,0,0,0,0,0,0,0,0
260703,1,1,1992,13,13,13,13,13,13,13,13,13,13
260704,1,1,1992,26,26,26,26,26,26,26,26,26,26
260705,1,1,1992,0,0,0,0,0,0,0,0,0,0
260705,2,1,1992,0,0,0,0,0,0,0,0,0,0
260705,3,1,1992,0,0,0,0,0,0,0,0,0,0
260706,0,1,1992,0,0,0,0,0,0,0,0,0,0
260706,1,1,1992,0,0,0,0,0,0,0,0,0,0
260707,1,1,1992,0,0,0,0,0,0,0,0,0,0
260708,1,1,1992,0,0,0,0,0,0,0,0,0,0
260708,2,1,1992,0,0,0,0,0,13,0,0,0,0
260709,1,1,1992,2,18,30,14,10,14,14,0,8,16
260710,1,1,1992,0,0,0,0,0,0,0,0,0,0
260710,2,1,1992,4,4,4,4,4,4,4,4,4,4
260711,1,1,1992,0,0,0,0,0,0,0,0,0,0
260711,2,1,1992,0,0,0,0,0,0,0,0,0,0
260711,3,1,1992,0,0,0,0,0,0,0,0,0,0
260712,0,1,1992,16,17,15,27,29,35,8,19,13,22
260712,1,1,1992,0,0,0,0,0,0,0,0,0,0
260713,1,1,1992,22,23,2,19,11,27,31,16,22,0
260713,2,1,1992,19,12,13,3,0,19,18,11,19,0
260714,1,1,1992,18,18,18,18,18,18,18,18,18,18
260714,2,1,1992,0,0,0,0,0,0,0,0,0,0
260715,1,1,1992,18,18,18,18,18,18,18,18,18,18
260716,1,1,1992,0,0,0,0,0,0,0,0,0,0
260716,2,1,1992,0,0,0,0,0,0,0,0,0,0
260716,3,1,1992,0,0,0,0,0,0,0,0,0,0
260716,4,1,1992,0,0,0,0,0,0,0,0,0,0
260717,1,1,1992,0,0,0,0,0,0,0,0,0,0
260717,2,1,1992,0,0,0,0,0,0,0,0,0,0
260718,1,1,1992,0,0,0,0,0,0,0,0,0,0
260718,2,1,1992,0,0,0,0,0,0,0,0,0,0
260719,1,1,1992,14,14,14,14,14,14,14,14,14,14
260720,0,1,1992,0,0,0,0,0,0,0,0,0,0
260720,1,1,1992,0,0,0,0,0,0,0,0,0,0
260721,1,1,1992,0,0,0,0,0,0,0,0,0,0
260722,1,1,1992,0,0,0,0,0,0,0,0,0,0
260722,2,1,1992,0,0,0,0,0,0,0,0,0,0
260723,1,1,1992,0,0,0,0,0,0,0,0,0,0
260723,2,1,1992,0,0,0,0,0,9,0,0,0,0
260724,1,1,1992,15,15,15,15,15,15,15,15,15,15
260724,2,1,1992,0,0,0,0,0,0,0,0,0,0
260725,1,1,1992,0,0,0,0,0,0,0,0,0,0
260725,2,1,1992,0,0,0,0,0,0,0,0,0,0
260726,1,1,1992,0,0,0,0,0,0,0,0,0,0
260726,2,1,1992,0,0,0,0,0,0,0,0,0,0
260727,1,1,1992,0,0,0,0,0,0,0,0,0,0
260727,2,1,1992,0,0,0,0,0,0,0,0,0,0
260728,1,1,1992,14,24,2,18,8,6,15,15,20,12
260728,2,1,1992,17,17,17,17,17,17,17,17,17,17
260729,1,1,1992,7,24,3,11,15,7,0,6,9,17
260730,1,1,1992,0,0,0,0,0,0,0,0,0,0
260730,2,1,1992,0,0,0,0,0,0,0,0,0,0
260730,3,1,1992,0,0,0,0,0,0,0,0,0,0
260731,1,1,1992,0,0,0,0,0,0,0,0,0,0
260731,2,1,1992,0,0,0,0,0,0,0,0,0,0
260732,1,1,1992,0,0,0,0,0,0,0,0,0,0
260732,2,1,1992,0,0,0,0,0,0,0,0,0,0
260733,1,1,1992,0,0,0,0,0,0,0,0,0,0
260734,1,1,1992,0,0,0,0,0,0,0,0,0,0
260734,2,1,1992,0,0,0,0,0,0,0,0,0,0
260734,3,1,1992,0,0,0,0,0,0,0,0,0,0
260734,4,1,1992,0,0,0,0,0,0,0,0,0,0
260735,1,1,1992,0,0,0,0,0,0,0,0,0,0
260736,1,1,1992,0,0,0,0,0,0,0,0,0,0
260737,1,1,1992,16,16,16,16,16,16,16,16,16,16
260737,2,1,1992,0,0,0,0,0,0,0,0,0,0
260738,0,1,1992,0,0,0,0,0,15,0,12,15,0
260738,0,2,1992,0,0,0,0,0,0,0,0,0,0
260738,1,1,1992,0,0,0,0,0,0,0,0,0,0
260739,1,1,1992,0,0,0,0,0,0,0,0,0,0
260739,2,1,1992,0,0,0,0,0,0,0,0,0,0
260740,0,1,1992,0,0,0,0,0,0,0,0,0,0
260740,1,1,1992,0,0,0,0,0,0,0,0,0,0
260740,2,1,1992,0,0,0,0,0,0,0,0,0,0
260741,0,1,1992,25,25,25,25,25,25,25,25,25,25
260741,1,1,1992,0,10,16,0,0,14,0,0,0,8
260742,0,1,1992,20,0,0,0,0,8,0,0,27,19
260742,1,1,1992,0,0,0,0,0,0,0,0,0,0
260743,1,1,1992,0,0,0,0,0,0,0,0,0,0
260744,1,1,1992,0,0,0,0,0,0,0,0,0,0
260745,1,1,1992,2,2,2,2,2,2,2,2,2,2
260746,0,1,1992,6,0,20,20,22,15,18,22,8,0
260746,1,1,1992,0,0,24,0,0,6,0,7,0,0
260747,1,1,1992,0,0,0,0,0,0,0,0,0,0
260747,2,1,1992,0,0,0,0,0,0,0,0,0,0
260748,1,1,1992,0,0,0,0,0,0,0,0,0,0
260749,1,1,1992,0,0,0,0,0,0,0,0,0,0
260750,1,1,1992,0,0,0,0,0,0,0,0,0,0
260750,2,1,1992,0,0,0,0,0,0,0,16,0,0
260750,3,1,1992,0,0,0,0,0,0,0,0,0,0
260751,1,1,1992,16,16,16,16,16,16,16,16,16,16
260751,2,1,1992,0,0,0,0,0,0,0,12,0,0
260751,3,1,1992,0,0,0,0,0,0,0,0,0,0
260751,4,1,1992,0,0,0,0,12,0,0,0,0,0
260752,1,1,1992,0,0,0,0,0,0,0,0,0,0
260753,0,1,1992,38,12,27,14,24,16,0,14,4,23
260753,1,1,1992,0,0,0,0,0,0,0,0,0,0
260754,1,1,1992,0,0,0,0,0,0,0,0,0,0
260755,1,1,1992,0,0,0,0,0,0,0,0,0,0
260755,2,1,1992,0,0,0,0,0,0,0,0,0,0
260756,1,1,1992,17,35,0,17,21,7,10,12,8,6
260756,2,1,1992,0,0,0,0,0,0,0,0,0,0
260758,1,1,1992,0,0,0,0,0,0,0,0,0,0
260759,0,1,1992,0,0,0,0,0,0,0,0,0,0
260759,1,1,1992,0,0,0,0,0,0,0,0,0,0
260760,0,1,1992,0,0,0,0,0,0,0,0,0,0
260760,1,1,1992,0,0,0,0,0,0,0,0,0,0
260761,1,1,1992,22,22,22,22,22,22,22,22,22,22
260762,1,1,1992,19,19,19,19,19,19,19,19,19,19
260762,2,1,1992,0,0,0,0,0,0,0,0,0,0
260762,3,1,1992,0,0,0,0,0,4,0,0,0,0
260763,1,1,1992,0,0,0,0,0,0,0,0,0,0
260763,2,1,1992,0,0,0,0,0,0,0,0,0,0
260764,1,1,1992,2,2,2,2,2,2,2,2,2,2
260765,1,1,1992,0,0,0,0,0,0,0,0,0,0
260766,1,1,1992,14,0,5,0,0,0,0,0,0,0
260766,2,1,1992,0,20,11,0,0,0,0,0,0,5
260767,0,1,1992,0,0,0,0,0,0,0,0,0,0
260767,1,1,1992,12,19,15,13,12,8,21,11,31,11
260768,0,1,1992,20,9,26,0,0,0,29,0,0,28
260768,1,1,1992,4,0,0,0,0,0,0,0,0,0
260769,1,1,1992,0,0,0,0,0,0,0,0,0,0
260770,1,1,1992,33,33,33,33,33,33,33,33,33,33
260771,1,1,1992,0,0,0,0,0,0,0,0,0,0
260771,2,1,1992,0,0,0,0,0,0,0,0,0,0
260772,1,1,1992,6,6,6,6,6,6,6,6,6,6
260774,1,1,1992,0,0,0,0,0,0,0,0,0,0
260775,0,1,1992,16,16,16,16,16,16,16,16,16,16
260775,1,1,1992,5,5,5,5,5,5,5,5,5,5
260776,1,1,1992,0,0,0,0,0,0,0,0,0,0
260777,1,1,1992,4,4,4,4,4,4,4,4,4,4
260777,2,1,1992,0,0,0,0,0,0,0,0,0,0
260777,3,1,1992,0,0,12,0,0,0,0,0,0,0
260778,1,1,1992,0,0,0,0,0,0,0,0,0,0
260778,2,1,1992,0,0,0,0,0,0,0,0,0,0
260779,1,1,1992,0,0,0,0,0,29,0,0,0,0
260780,1,1,1992,23,23,23,23,23,23,23,23,23,23
260781,1,1,1992,14,14,14,14,14,14,14,14,14,14
260782,1,1,1992,15,15,15,15,15,15,15,15,15,15
260782,2,1,1992,0,0,0,0,0,0,0,0,0,0
260783,1,1,1992,0,0,0,0,0,0,0,0,0,0
260783,2,1,1992,0,0,0,0,0,0,0,0,0,0
260784,1,1,1992,0,0,0,0,0,0,0,0,0,0
260784,2,1,1992,0,0,0,0,0,0,0,0,0,0
260785,0,1,1992,12,12,12,12,12,12,12,12,12,12
260785,0,2,1992,0,0,0,0,0,0,0,0,0,0
260785,1,1,1992,0,0,0,0,0,0,0,0,0,0
260786,1,1,1992,0,0,0,0,0,0,0,0,0,0
260786,2,1,1992,0,0,0,0,0,0,0,0,0,0
260787,0,1,1992,0,0,0,9,0,0,0,0,0,0
260787,1,1,1992,0,0,0,0,0,0,0,0,0,0
260788,1,1,1992,0,0,0,0,0,0,0,0,0,0
260788,2,1,1992,0,0,0,0,0,0,0,0,0,0
260789,1,1,1992,0,21,0,11,12,10,0,11,10,34
260790,0,1,1992,12,12,12,12,12,12,12,12,12,12
260790,0,2,1992,25,25,25,25,25,25,25,25,25,25
260790,1,1,1992,18,18,18,18,18,18,18,18,18,18
260791,0,1,1992,0,0,0,0,0,0,0,0,0,0
260791,0,2,1992,0,0,0,0,0,0,0,0,0,0
260791,1,1,1992,0,0,0,0,0,0,0,0,0,0
260792,1,1,1992,0,0,0,0,0,0,0,0,0,0
260792,2,1,1992,0,0,0,0,0,0,0,0,0,0
260793,1,1,1992,25,18,39,31,38,38,23,8,24,4
260794,1,1,1992,0,0,0,0,0,0,0,0,0,0
260794,2,1,1992,20,0,0,0,0,0,0,0,0,0
260795,1,1,1992,12,12,12,12,12,12,12,12,12,12
260795,2,1,1992,0,0,0,0,0,0,0,0,0,0
260796,0,1,1992,0,0,0,0,0,0,0,0,0,0
260796,1,1,1992,7,19,0,25,0,15,0,0,29,0
260797,0,1,1992,0,0,0,0,0,0,0,0,0,0
260797,1,1,1992,0,0,0,0,0,0,0,0,0,0
260798,1,1,1992,0,0,0,0,0,0,0,0,0,0
260798,2,1,1992,0,0,0,0,0,0,0,0,0,0
260799,1,1,1992,0,0,0,0,0,0,0,0,0,0
260799,2,1,1992,0,0,0,0,0,0,0,0,0,0
260800,1,1,1992,0,0,0,0,0,0,0,0,0,0
260800,2,1,1992,0,0,0,0,0,0,0,0,0,0
260801,1,1,1992,22,22,22,22,22,22,22,22,22,22
260802,1,1,1992,0,0,0,0,0,0,0,0,0,0
260803,0,1,1992,0,0,0,0,0,0,0,0,10,0
260803,1,1,1992,0,0,0,11,0,0,0,0,0,0
260804,0,1,1992,6,0,0,0,0,0,0,0,0,0
260804,1,1,1992,0,0,0,0,0,0,0,0,0,0
260805,1,1,1992,25,25,25,25,25,25,25,25,25,25
260806,0,1,1992,33,33,33,33,33,33,33,33,33,33
260807,1,1,1992,0,0,0,0,0,0,0,0,0,0
260807,2,1,1992,8,8,8,8,8,8,8,8,8,8
260808,1,1,1992,0,0,0,0,0,0,0,0,0,0
260808,2,1,1992,0,0,0,0,0,0,0,0,0,0
260809,1,1,1992,0,0,0,0,0,0,0,0,0,0
260809,2,1,1992,21,21,21,21,21,21,21,21,21,21
260810,0,1,1992,0,0,0,0,0,0,0,0,0,0
260810,1,1,1992,0,0,0,0,0,0,0,0,0,0
260811,1,1,1992,2,2,2,2,2,2,2,2,2,2
260811,2,1,1992,0,0,0,0,0,0,0,0,0,0
260812,1,1,1992,0,0,0,0,0,0,0,0,0,0
260812,2,1,1992,0,0,0,0,0,0,0,0,0,0
260813,1,1,1992,16,16,16,16,16,16,16,16,16,16
260814,0,1,1992,0,0,0,0,0,0,0,0,0,0
260814,0,2,1992,0,0,0,0,0,0,0,15,0,0
260814,1,1,1992,0,0,0,0,0,0,0,0,0,0
260815,1,1,1992,11,11,11,11,11,11,11,11,11,11
260816,1,1,1992,0,0,0,0,0,0,0,0,0,0
260816,2,1,1992,0,0,0,0,0,0,0,0,0,0
260817,1,1,1992,0,0,0,0,0,0,0,0,0,0
260817,2,1,1992,22,17,16,12,29,11,19,8,13,22
260818,0,1,1992,0,0,0,0,0,0,0,0,0,0
260818,1,1,1992,0,0,0,0,0,0,0,0,0,0
260819,1,1,1992,0,0,0,0,0,0,0,0,0,0
260820,1,1,1992,0,0,0,0,0,0,0,0,0,0
260820,2,1,1992,0,0,0,0,0,0,0,0,0,0
260821,1,1,1992,0,0,0,0,0,0,0,0,0,0
260821,2,1,1992,0,0,0,0,0,0,2,0,0,0
260822,1,1,1992,0,0,0,0,0,0,0,0,0,0
260823,1,1,1992,0,0,0,28,0,0,0,0,0,0
260823,2,1,1992,14,30,8,0,16,0,12,24,0,23
260824,0,1,1992,42,23,13,0,0,0,0,0,0,0
260824,1,1,1992,0,0,11,0,0,0,0,0,0,0
260825,1,1,1992,22,22,22,22,22,22,22,22,22,22
260826,1,1,1992,0,0,0,0,0,0,0,0,0,0
260826,2,1,1992,0,0,0,0,0,0,0,0,0,0
260827,1,1,1992,0,0,0,0,0,0,0,0,0,0
260828,1,1,1992,14,14,14,14,14,14,14,14,14,14
260828,2,1,1992,0,0,0,0,0,0,0,0,0,0
260829,1,1,1992,21,20,31,15,22,17,16,28,18,14
260830,1,1,1992,0,0,0,0,0,0,0,0,0,0
260830,2,1,1992,0,0,0,0,0,0,0,0,0,0
260831,1,1,1992,0,0,0,0,0,0,0,0,0,17
260831,2,1,1992,0,0,0,0,0,0,0,0,0,0
260832,0,1,1992,0,0,0,0,0,10,0,0,0,0
260832,1,1,1992,0,0,0,0,0,0,0,0,0,0
260833,1,1,1992,25,25,25,25,25,25,25,25,25,25
260833,2,1,1992,12,0,0,0,0,0,0,0,0,0
260834,1,1,1992,31,31,31,31,31,31,31,31,31,31
260835,1,1,1992,22,22,22,22,22,22,22,22,22,22
260836,1,1,1992,0,0,0,0,0,0,0,0,0,0
260837,1,1,1992,0,0,0,0,0,0,0,0,0,0
260837,2,1,1992,37,37,37,37,37,37,37,37,37,37
260838,1,1,1992,0,0,0,0,0,0,0,0,0,0
260838,2,1,1992,0,0,0,0,0,0,0,0,0,0
260839,0,1,1992,0,0,0,0,0,0,0,0,0,0
260839,1,1,1992,0,0,0,0,0,0,0,0,0,0
260840,1,1,1992,23,23,23,23,23,23,23,23,23,23
260841,1,1,1992,0,0,0,0,0,0,0,0,0,0
260841,2,1,1992,19,19,19,19,19,19,19,19,19,19
260842,1,1,1992,0,0,0,0,0,0,0,0,0,0
260842,2,1,1992,0,0,0,0,0,0,0,0,0,0
260843,1,1,1992,11,11,11,11,11,11,11,11,11,11
260843,2,1,1992,0,0,0,0,0,0,0,0,0,0
260844,1,1,1992,0,0,0,0,0,0,0,0,0,0
260844,2,1,1992,19,11,0,18,15,18,12,24,16,20
260845,0,1,1992,0,0,0,0,0,0,0,22,0,0
260845,1,1,1992,0,0,0,0,0,0,0,0,0,0
260846,1,1,1992,0,0,0,0,0,0,0,4,0,0
260846,2,1,1992,0,0,0,0,0,0,0,0,0,0
260847,1,1,1992,0,0,0,0,0,0,0,0,0,0
260848,1,1,1992,0,0,0,0,0,0,0,0,0,0
260848,2,1,1992,0,0,0,0,0,0,0,0,0,0
260850,1,1,1992,0,0,0,0,0,0,0,21,0,0
260850,2,1,1992,0,0,0,0,0,0,31,0,0,0
260850,3,1,1992,0,0,0,0,0,0,0,0,0,0
260851,1,1,1992,0,0,0,0,0,0,0,0,0,0
260851,2,1,1992,0,0,0,0,0,0,0,0,0,0
260852,1,1,1992,0,0,0,19,0,0,0,0,0,0
260852,2,1,1992,0,0,0,0,0,0,0,0,0,0
260853,1,1,1992,0,0,0,0,0,0,0,0,0,0
260853,2,1,1992,0,0,0,0,0,0,0,0,0,0
260854,1,1,1992,10,10,10,10,10,10,10,10,10,10
260854,2,1,1992,0,0,0,0,0,0,0,0,0,0
260855,1,1,1992,0,0,0,0,0,0,0,0,0,0
260856,1,1,1992,40,40,40,40,40,40,40,40,40,40
260856,2,1,1992,0,0,0,0,0,0,0,0,0,0
260857,1,1,1992,10,10,10,10,10,10,10,10,10,10
260858,1,1,1992,13,13,13,13,13,13,13,13,13,13
260859,1,1,1992,20,20,20,20,20,20,20,20,20,20
260860,1,1,1992,0,0,0,0,0,0,0,0,0,0
260860,2,1,1992,0,0,0,0,0,0,0,0,0,0
260861,1,1,1992,0,0,0,0,0,0,0,0,0,0
260861,2,1,1992,0,0,0,0,0,0,0,4,0,0
260862,1,1,1992,7,7,7,7,7,7,7,7,7,7
260862,2,1,1992,0,0,8,0,0,0,0,0,0,0
260863,1,1,1992,24,24,24,24,24,24,24,24,24,24
260863,2,1,1992,15,26,0,0,0,0,0,12,0,0
260864,1,1,1992,0,0,0,0,0,0,0,0,0,0
260865,0,1,1992,0,0,0,0,0,0,0,0,0,0
260865,1,1,1992,0,19,6,0,15,13,0,8,0,0
260866,1,1,1992,0,0,0,0,0,0,0,0,0,0
260866,2,1,1992,0,0,0,0,0,0,0,0,6,0
260867,1,1,1992,0,0,0,0,0,0,0,0,0,0
260868,1,1,1992,26,0,21,25,25,0,8,0,13,21
260869,1,1,1992,0,0,0,0,0,0,0,0,0,0
260869,2,1,1992,0,0,0,0,0,0,0,0,0,0
260870,1,1,1992,0,0,0,0,0,0,0,0,0,0
260870,2,1,1992,0,0,0,0,0,0,0,0,0,0
260871,1,1,1992,0,0,0,0,0,0,0,0,23,0
260872,1,1,1992,0,0,0,6,0,0,0,0,0,0
260872,2,1,1992,0,0,0,0,0,0,0,0,0,0
260873,1,1,1992,0,0,0,0,0,0,0,0,0,0
260873,2,1,1992,0,0,0,0,0,0,0,3,0,0
260874,0,1,1992,0,0,22,0,0,0,0,0,0,0
260874,1,1,1992,8,0,0,0,0,0,0,0,0,0
260875,1,1,1992,34,34,34,34,34,34,34,34,34,34
260876,1,1,1992,18,18,18,18,18,18,18,18,18,18
260876,2,1,1992,0,0,0,0,0,0,0,0,0,0
260877,0,1,1992,0,0,0,0,0,0,0,0,0,0
260877,1,1,1992,22,20,14,18,12,6,16,0,0,12
260877,2,1,1992,0,0,0,0,0,0,0,0,0,0
260878,1,1,1992,0,0,0,0,0,0,0,0,0,0
260878,2,1,1992,0,0,0,0,0,0,0,0,19,0
260879,0,1,1992,0,0,0,0,0,0,0,0,0,0
260879,1,1,1992,0,0,0,0,0,0,0,0,0,0
260880,1,1,1992,12,12,12,12,12,12,12,12,12,12
260881,1,1,1992,0,0,0,0,0,0,0,0,0,0
260882,1,1,1992,0,0,8,0,0,0,0,0,0,0
260883,1,1,1992,0,0,0,0,0,0,0,0,0,0
260883,2,1,1992,0,0,0,0,0,0,0,0,0,0
260884,1,1,1992,8,6,4,11,9,16,13,9,21,17
260884,2,1,1992,7,0,12,6,5,6,15,7,12,0
260885,1,1,1992,14,14,14,14,14,14,14,14,14,14
260885,2,1,1992,24,24,24,24,24,24,24,24,24,24
260886,1,1,1992,0,0,0,0,0,13,13,0,0,0
260886,2,1,1992,0,0,0,0,0,0,0,0,0,0
260887,1,1,1992,19,19,19,19,19,19,19,19,19,19
260888,0,1,1992,0,0,0,0,0,0,0,0,0,0
260888,1,1,1992,0,0,0,0,0,0,0,0,0,0
260889,1,1,1992,0,0,0,0,0,0,0,0,0,0
260889,2,1,1992,0,0,0,0,0,0,0,0,0,0
260890,1,1,1992,0,0,9,0,0,17,0,0,2,0
260891,1,1,1992,0,0,0,0,0,0,0,0,0,0
260891,2,1,1992,0,0,0,0,0,0,0,0,0,0
260892,1,1,1992,0,0,0,0,0,0,0,0,0,0
260892,2,1,1992,0,0,0,0,0,0,0,0,0,0
260893,1,1,1992,0,0,0,0,0,0,0,0,0,0
260893,2,1,1992,0,0,0,0,0,0,0,0,0,0
260894,1,1,1992,0,0,0,0,0,0,0,0,0,0
260894,2,1,1992,0,0,0,0,0,0,0,0,0,0
260895,1,1,1992,0,0,0,0,0,0,0,0,0,0
260895,2,1,1992,23,23,23,23,23,23,23,23,23,23
260896,0,1,1992,7,41,11,29,25,11,21,32,15,16
260896,1,1,1992,0,0,0,0,0,0,0,0,0,0
260897,1,1,1992,18,18,18,18,18,18,18,18,18,18
260898,1,1,1992,22,15,13,26,24,36,16,0,20,8
260899,0,1,1992,0,0,0,0,0,0,0,0,0,0
260899,1,1,1992,0,0,0,0,0,0,0,0,0,0
260900,1,1,1992,7,7,7,7,7,7,7,7,7,7
260900,2,1,1992,2,2,2,2,2,2,2,2,2,2
260901,1,1,1992,0,0,0,0,0,0,0,0,0,0
260902,1,1,1992,15,31,0,17,7,25,18,9,4,11
260903,1,1,1992,0,7,13,0,0,0,0,21,0,0
260903,2,1,1992,0,0,0,0,0,0,0,0,0,0
260905,0,1,1992,0,0,0,0,0,0,0,0,0,0
260905,1,1,1992,0,0,0,0,0,0,0,0,0,0
260906,1,1,1992,16,14,26,10,24,13,20,10,18,15
260907,1,1,1992,14,14,14,14,14,14,14,14,14,14
260908,1,1,1992,8,18,0,0,6,0,0,0,0,12
260909,1,1,1992,0,0,0,0,0,0,0,0,0,0
260909,2,1,1992,19,25,0,0,0,0,0,0,0,0
260910,0,1,1992,18,38,13,27,25,14,24,32,16,34
260910,1,1,1992,0,15,0,0,0,0,3,0,0,0
260910,2,1,1992,12,0,0,0,0,0,0,0,0,10
260910,3,1,1992,0,0,0,0,0,0,13,0,0,0
260910,4,1,1992,0,0,0,0,0,0,0,0,0,0
260911,1,1,1992,0,0,0,0,0,0,0,0,0,0
260911,2,1,1992,0,0,0,0,0,0,0,0,0,0
260912,1,1,1992,6,15,8,22,29,12,14,13,23,17
260912,2,1,1992,0,0,0,0,0,0,0,0,0,0
260913,1,1,1992,0,0,0,0,0,0,0,0,0,0
260914,1,1,1992,21,14,3,0,12,0,19,12,18,14
260914,2,1,1992,0,0,0,0,0,0,0,0,0,0
260915,1,1,1992,0,0,0,0,0,0,0,0,0,0
260915,2,1,1992,0,0,0,0,0,0,0,0,0,0
260916,1,1,1992,24,24,24,24,24,24,24,24,24,24
260917,1,1,1992,31,31,31,31,31,31,31,31,31,31
260918,1,1,1992,0,0,0,0,0,0,0,0,0,0
260919,1,1,1992,0,0,0,0,0,0,0,0,0,0
260919,2,1,1992,0,0,0,15,0,0,0,0,0,0
260920,0,1,1992,10,10,10,10,10,10,10,10,10,10
260920,1,1,1992,0,0,0,0,0,0,0,0,0,0
260921,0,1,1992,0,0,0,0,0,0,0,0,0,0
260921,0,2,1992,0,11,0,6,12,0,20,29,10,10
260921,1,1,1992,10,10,10,10,10,10,10,10,10,10
260922,1,1,1992,0,0,0,0,0,0,0,0,0,0
260922,2,1,1992,0,0,0,0,0,0,0,0,0,0
260922,3,1,1992,18,0,0,0,0,0,0,0,0,0
260923,1,1,1992,0,0,0,0,0,0,0,0,0,0
260923,2,1,1992,0,0,0,0,0,0,0,0,0,0
260924,0,1,1992,0,0,0,0,0,0,0,0,0,0
260924,1,1,1992,0,0,0,0,0,0,0,5,0,0
260925,1,1,1992,0,0,0,0,0,0,0,0,0,0
260925,2,1,1992,22,22,22,22,22,22,22,22,22,22
260926,0,1,1992,0,0,0,0,0,0,0,0,0,0
260926,1,1,1992,0,0,0,0,0,0,0,0,0,0
260927,0,1,1992,0,0,0,0,0,0,0,0,0,0
260927,1,1,1992,9,0,0,0,21,0,0,0,10,0
260928,0,1,1992,17,17,17,17,17,17,17,17,17,17
260928,1,1,1992,0,0,0,0,0,0,0,0,0,0
260929,1,1,1992,26,26,26,26,26,26,26,26,26,26
260930,1,1,1992,0,0,0,0,0,0,0,0,0,0
260930,2,1,1992,0,9,0,0,0,0,20,13,9,8
260931,1,1,1992,0,0,0,0,0,0,0,0,0,0
260932,1,1,1992,22,22,22,22,22,22,22,22,22,22
260933,1,1,1992,0,34,0,0,0,0,0,9,0,0
260934,1,1,1992,25,25,25,25,25,25,25,25,25,25
260935,1,1,1992,24,24,24,24,24,24,24,24,24,24
260936,1,1,1992,0,0,0,0,0,0,0,0,0,0
260936,2,1,1992,0,0,0,0,0,0,0,0,0,0
260937,1,1,1992,0,0,0,0,0,0,0,0,0,0
260938,1,1,1992,7,18,9,9,24,21,5,19,33,26
260938,2,1,1992,0,0,0,0,0,0,0,0,0,0
260939,0,1,1992,0,17,21,10,19,9,28,33,22,0
260939,1,1,1992,0,0,0,8,0,0,16,0,12,0
260940,1,1,1992,0,0,0,2,0,0,0,0,0,0
260940,2,1,1992,0,0,0,0,0,0,0,0,0,0
260942,1,1,1992,0,0,0,0,0,0,0,0,0,0
260943,1,1,1992,0,0,0,0,0,0,0,0,0,0
260944,0,1,1992,15,0,0,0,13,0,11,0,0,0
260944,1,1,1992,0,0,0,0,0,0,0,0,0,0
260945,1,1,1992,0,0,0,0,0,0,0,0,0,0
260945,2,1,1992,0,0,0,0,0,0,0,0,0,0
260946,1,1,1992,27,27,27,27,27,27,27,27,27,27
260947,1,1,1992,0,0,0,0,0,0,0,0,0,0
260947,2,1,1992,0,0,0,0,0,0,0,0,0,0
260948,1,1,1992,0,0,0,0,0,0,0,0,0,0
260948,2,1,1992,0,0,0,0,0,0,0,0,0,0
260950,1,1,1992,0,0,0,0,0,0,0,0,0,0
260950,2,1,1992,0,0,0,0,0,0,0,0,0,0
260951,1,1,1992,0,0,0,0,0,0,0,0,0,0
260952,1,1,1992,0,0,0,0,0,10,0,0,0,0
260952,2,1,1992,0,0,0,0,0,0,0,0,0,0
260953,1,1,1992,0,0,0,0,0,0,0,0,0,0
260953,2,1,1992,2,2,2,2,2,2,2,2,2,2
260953,3,1,1992,0,0,0,0,0,0,0,0,0,0
260953,4,1,1992,0,0,0,0,0,0,0,0,0,0
260954,1,1,1992,0,0,0,0,0,0,0,0,0,0
260954,2,1,1992,0,0,0,0,0,0,0,0,0,0
260955,1,1,1992,0,0,0,0,0,0,0,0,0,0
260956,1,1,1992,0,0,0,0,0,0,0,0,0,0
260956,2,1,1992,0,0,0,0,0,0,0,0,0,0
260957,0,3,1992,0,0,0,0,0,0,0,0,0,0
260957,1,1,1992,0,0,0,0,0,0,0,0,0,0
260958,1,1,1992,9,9,9,9,9,9,9,9,9,9
260959,1,1,1992,10,10,10,10,10,10,10,10,10,10
260960,1,1,1992,0,0,0,5,0,0,0,0,0,0
260960,2,1,1992,0,0,0,0,0,0,0,0,0,0
260961,1,1,1992,0,0,0,0,0,0,0,0,0,0
260961,2,1,1992,0,0,0,0,0,0,0,0,0,0
260962,1,1,1992,0,0,0,0,0,0,0,0,0,0
260962,2,1,1992,10,0,0,0,0,0,0,0,0,0
260963,1,1,1992,0,0,0,0,0,0,0,0,0,0
260963,2,1,1992,0,0,0,0,0,0,0,0,0,0
260964,0,1,1992,16,17,18,0,28,0,0,29,0,19
260964,0,2,1992,0,0,0,0,0,0,5,0,0,0
260964,0,3,1992,0,12,0,0,0,24,0,0,22,0