ST_CASE,VEH_NO,PER_NO,YEAR,P1,P2,P3,P4,P5,P6,P7,P8,P9,P10
260964,0,4,1992,0,0,0,0,0,0,40,0,15,0
260964,1,1,1992,0,0,0,0,0,0,0,0,0,0
260965,1,1,1992,0,0,0,0,0,0,0,0,0,0
260966,1,1,1992,23,23,23,23,23,23,23,23,23,23
260966,2,1,1992,0,0,0,0,0,0,0,0,0,0
260967,0,1,1992,0,23,11,2,12,10,24,0,27,0
260967,1,1,1992,0,0,0,0,0,0,0,0,0,0
260968,1,1,1992,4,4,4,4,4,4,4,4,4,4
260968,2,1,1992,6,6,6,6,6,6,6,6,6,6
260969,0,1,1992,27,27,27,27,27,27,27,27,27,27
260969,1,1,1992,0,0,0,0,0,0,0,0,0,0
260970,1,1,1992,28,28,28,28,28,28,28,28,28,28
260971,1,1,1992,0,0,0,0,0,0,0,0,0,0
260971,2,1,1992,0,0,0,0,0,0,0,0,0,0
260971,3,1,1992,0,0,0,0,0,0,0,0,16,0
260972,1,1,1992,0,0,0,0,0,0,0,0,0,0
260972,2,1,1992,0,0,0,0,0,0,0,0,0,0
260973,0,1,1992,28,0,0,0,0,0,0,0,0,0
260973,1,1,1992,0,0,0,0,0,0,0,0,0,0
260974,1,1,1992,0,0,0,0,0,0,0,0,0,0
260974,2,1,1992,0,0,0,0,0,0,0,0,0,0
260975,1,1,1992,33,18,11,24,20,23,21,26,28,28
260976,1,1,1992,29,29,29,29,29,29,29,29,29,29
260977,1,1,1992,0,0,0,0,0,0,0,0,0,0
260977,2,1,1992,0,0,0,0,0,0,0,0,0,0
260978,1,1,1992,21,21,21,21,21,21,21,21,21,21
260978,2,1,1992,0,0,0,0,0,0,0,0,0,0
260979,1,1,1992,0,0,0,0,0,0,0,0,0,0
260980,1,1,1992,0,0,0,0,0,0,0,0,0,0
260980,2,1,1992,0,0,0,0,0,0,0,0,0,0
260981,1,1,1992,0,0,0,0,0,0,0,0,0,0
260981,2,1,1992,0,0,0,0,0,0,0,0,0,0
260982,1,1,1992,0,0,0,0,0,0,0,0,0,0
260982,2,1,1992,0,0,0,0,0,0,0,0,0,0
260983,1,1,1992,15,15,9,10,5,20,20,19,40,0
260984,1,1,1992,0,0,0,0,0,0,0,0,0,0
260984,2,1,1992,0,0,0,0,0,0,0,0,0,0
260984,3,1,1992,0,0,0,0,0,0,0,0,0,0
260985,1,1,1992,0,0,0,0,0,0,0,0,0,0
260985,2,1,1992,0,0,0,0,0,0,0,0,0,0
260985,3,1,1992,0,0,0,0,0,0,0,0,0,0
260986,1,1,1992,0,0,0,0,0,0,0,0,0,0
260986,2,1,1992,0,0,0,0,0,0,7,0,0,0
260987,1,1,1992,0,0,0,0,0,0,0,0,0,0
260987,2,1,1992,0,0,0,0,0,0,0,0,0,0
260988,1,1,1992,0,0,0,0,0,0,0,0,0,0
260989,0,1,1992,0,0,0,0,0,0,0,0,0,0
260989,1,1,1992,0,0,0,0,0,0,0,0,0,0
260990,1,1,1992,8,8,8,8,8,8,8,8,8,8
260990,2,1,1992,0,0,0,0,0,0,0,0,0,0
260991,1,1,1992,24,24,24,24,24,24,24,24,24,24
260992,1,1,1992,27,27,27,27,27,27,27,27,27,27
260993,1,1,1992,0,0,0,0,0,0,0,0,0,0
260993,2,1,1992,26,26,26,26,26,26,26,26,26,26
260994,1,1,1992,0,0,0,0,0,0,0,0,0,0
260994,2,1,1992,0,0,0,0,0,0,0,0,0,0
260995,1,1,1992,0,0,0,0,0,0,0,0,0,0
260995,2,1,1992,0,0,0,0,0,0,0,0,0,0
260996,1,1,1992,0,0,0,0,0,0,0,0,0,0
260996,2,1,1992,0,0,0,0,0,0,0,0,0,0
260997,1,1,1992,0,0,8,0,0,0,0,0,0,0
260998,1,1,1992,6,6,6,6,6,6,6,6,6,6
260998,2,1,1992,0,0,0,0,26,0,0,0,0,0
260998,3,1,1992,0,0,0,0,0,0,0,0,0,0
260998,4,1,1992,0,0,28,0,0,0,0,0,0,0
260999,1,1,1992,0,0,0,0,0,0,0,0,0,0
260999,2,1,1992,0,0,0,0,0,0,0,0,0,0
260999,3,1,1992,0,0,0,0,0,0,0,0,0,0
261000,1,1,1992,4,4,4,4,4,4,4,4,4,4
261001,1,1,1992,12,12,12,12,12,12,12,12,12,12
261001,2,1,1992,0,0,0,0,0,0,0,0,0,0
261002,1,1,1992,0,0,0,0,0,0,0,0,0,0
261002,2,1,1992,0,0,0,0,0,0,0,0,0,0
261003,1,1,1992,0,0,7,0,0,0,0,0,0,0
261003,2,1,1992,0,0,0,0,0,0,0,0,0,0
261004,0,1,1992,0,11,0,0,0,0,0,0,0,0
261004,1,1,1992,0,4,0,0,0,0,0,0,0,0
261005,1,1,1992,0,11,0,0,0,0,0,0,0,0
261005,2,1,1992,0,0,0,0,0,0,0,0,0,0
261005,3,1,1992,0,0,0,0,0,0,0,0,0,0
261006,1,1,1992,0,0,0,0,0,0,0,0,0,0
261006,2,1,1992,14,7,0,0,0,8,0,0,0,0
261007,1,1,1992,0,0,0,0,0,0,0,0,0,0
261007,2,1,1992,0,0,0,0,0,0,0,0,0,0
261008,1,1,1992,9,7,13,9,9,7,0,9,12,10
261010,1,1,1992,0,0,0,0,0,0,0,0,0,0
261011,0,1,1992,29,0,28,0,0,0,10,0,0,18
261011,1,1,1992,0,0,19,0,0,18,0,0,0,0
261012,1,1,1992,2,2,2,2,2,2,2,2,2,2
261012,2,1,1992,11,11,11,11,11,11,11,11,11,11
261013,0,1,1992,0,0,0,0,0,0,0,0,0,0
261013,1,1,1992,0,0,0,0,0,0,0,0,0,0
261014,1,1,1992,0,0,0,0,0,0,0,0,0,0
261014,2,1,1992,0,0,0,0,0,0,0,0,0,0
261015,1,1,1992,0,0,0,0,0,0,0,0,0,0
261017,0,1,1992,20,20,20,20,20,20,20,20,20,20
261017,1,1,1992,18,18,18,18,18,18,18,18,18,18
261018,1,1,1992,0,0,0,0,0,0,0,0,0,0
261020,1,1,1992,0,0,0,0,0,0,0,0,0,0
261020,2,1,1992,0,0,0,0,0,0,0,0,0,0
261021,1,1,1992,0,0,0,0,0,0,0,0,0,0
261021,2,1,1992,0,0,0,7,12,0,0,0,0,0
261022,1,1,1992,20,20,20,20,20,20,20,20,20,20
261023,1,1,1992,0,0,0,0,0,0,15,0,0,0
261023,2,1,1992,0,0,0,0,0,0,0,0,0,0
261024,1,1,1992,3,3,3,3,3,3,3,3,3,3
261024,2,1,1992,6,6,6,6,6,6,6,6,6,6
261025,1,1,1992,0,0,0,0,0,0,0,0,0,0
261025,2,1,1992,0,0,0,0,0,0,0,17,0,0
261026,1,1,1992,0,0,0,0,0,0,0,0,0,0
261026,2,1,1992,0,0,0,0,0,0,0,0,0,0
261027,1,1,1992,0,0,0,0,0,0,0,0,0,0
261028,1,1,1992,0,0,0,0,0,0,0,0,0,20
261028,2,1,1992,3,3,3,3,3,3,3,3,3,3
261029,1,1,1992,6,6,6,6,6,6,6,6,6,6
261030,1,1,1992,0,0,9,41,0,5,12,0,9,0
261030,2,1,1992,0,9,11,0,0,0,9,0,0,0
261031,1,1,1992,0,0,0,0,0,0,0,0,0,0
261031,2,1,1992,0,0,0,0,6,0,0,0,0,0
261032,0,1,1992,0,0,0,0,0,0,0,0,0,0
261032,0,2,1992,0,0,21,0,0,0,0,0,0,0
261032,1,1,1992,0,0,0,0,0,7,0,0,0,0
261033,1,1,1992,0,0,0,0,0,0,0,0,0,0
261033,2,1,1992,0,0,0,0,0,0,0,0,0,0
261034,1,1,1992,0,0,0,0,0,0,0,0,0,0
261034,2,1,1992,0,0,0,0,0,0,0,0,0,0
261035,0,1,1992,29,29,29,29,29,29,29,29,29,29
261035,1,1,1992,2,2,2,2,2,2,2,2,2,2
261036,1,1,1992,0,0,0,0,0,0,0,0,0,0
261036,2,1,1992,0,0,0,0,9,0,0,0,0,0
261036,3,1,1992,0,0,0,0,0,0,0,0,0,0
261038,1,1,1992,0,0,0,0,0,0,0,0,0,0
261038,2,1,1992,0,0,0,0,0,0,0,0,0,0
261038,3,1,1992,0,0,0,0,0,0,0,0,0,0
261039,1,1,1992,21,21,21,21,21,21,21,21,21,21
261040,1,1,1992,0,0,0,0,0,0,0,3,0,0
261041,1,1,1992,30,30,30,30,30,30,30,30,30,30
261042,1,1,1992,14,14,14,14,14,14,14,14,14,14
261043,1,1,1992,0,0,0,0,0,0,0,0,0,0
261043,2,1,1992,0,0,0,0,0,0,0,0,0,0
261043,3,1,1992,0,0,0,0,0,0,0,0,0,0
261044,0,1,1992,0,0,0,0,0,0,0,0,0,0
261044,1,1,1992,0,0,0,0,0,0,0,0,0,0
261045,1,1,1992,0,18,0,0,0,0,0,15,28,0
261046,1,1,1992,0,0,0,0,0,0,0,0,0,0
261046,2,1,1992,0,0,0,0,0,0,0,0,0,0
261047,0,1,1992,11,24,10,21,27,8,31,0,29,13
261047,1,1,1992,12,12,12,12,12,12,12,12,12,12
261048,1,1,1992,14,14,14,14,14,14,14,14,14,14
261049,0,1,1992,0,23,16,36,9,0,33,0,13,17
261049,1,1,1992,0,0,0,0,0,0,0,0,0,0
261050,0,1,1992,0,0,0,0,0,0,17,21,0,0
261050,1,1,1992,0,0,0,0,0,0,0,0,0,0
261051,1,1,1992,16,16,16,16,16,16,16,16,16,16
261051,2,1,1992,12,20,21,0,0,0,0,0,0,0
261052,1,1,1992,0,0,0,0,0,0,0,0,0,0
261052,2,1,1992,0,0,0,0,0,0,0,0,0,0
261053,1,1,1992,0,0,0,0,0,0,0,0,0,0
261053,2,1,1992,0,0,0,0,0,0,0,0,0,0
261054,0,1,1992,0,0,0,0,0,0,0,0,0,0
261054,1,1,1992,0,0,0,0,0,0,0,0,0,0
261055,1,1,1992,19,0,0,0,0,14,0,0,0,14
261056,0,1,1992,23,22,27,45,14,17,17,23,27,27
261056,1,1,1992,7,7,7,7,7,7,7,7,7,7
261057,1,1,1992,0,0,0,0,0,0,0,0,0,0
261057,2,1,1992,0,0,0,0,0,0,0,0,0,0
261058,1,1,1992,0,0,0,0,0,10,0,0,0,0
261058,2,1,1992,0,0,0,0,0,0,0,0,0,0
261059,1,1,1992,24,24,24,24,24,24,24,24,24,24
261060,1,1,1992,25,22,23,19,11,18,13,3,3,19
261060,2,1,1992,0,0,0,0,0,0,0,0,0,0
261061,1,1,1992,11,10,26,0,7,14,16,9,20,14
261062,1,1,1992,0,0,0,14,0,0,0,5,0,0
261063,1,1,1992,0,0,0,0,0,0,0,0,0,0
261063,2,1,1992,15,15,15,15,15,15,15,15,15,15
261064,1,1,1992,0,0,0,0,0,0,0,0,0,0
261064,2,1,1992,0,0,0,0,0,0,0,5,0,0
261065,1,1,1992,24,24,24,24,24,24,24,24,24,24
261066,1,1,1992,21,21,21,21,21,21,21,21,21,21
261066,2,1,1992,1,1,1,1,1,1,1,1,1,1
261067,1,1,1992,0,0,0,0,0,19,0,0,0,0
261068,1,1,1992,21,10,12,7,17,9,28,15,16,17
261068,2,1,1992,11,15,32,13,29,33,18,28,10,25
261069,1,1,1992,0,0,0,0,0,0,0,0,0,0
261070,1,1,1992,23,23,23,23,23,23,23,23,23,23
261071,0,1,1992,0,0,0,0,0,0,0,0,0,0
261071,1,1,1992,13,13,13,13,13,13,13,13,13,13
261072,1,1,1992,0,0,0,0,31,0,0,0,0,0
261072,2,1,1992,17,17,17,17,17,17,17,17,17,17
261073,1,1,1992,14,14,14,14,14,14,14,14,14,14
261073,2,1,1992,0,0,0,0,0,0,0,0,0,0
261074,0,1,1992,0,0,0,0,0,0,0,0,0,0
261074,1,1,1992,0,0,0,0,0,0,0,0,0,0
261075,1,1,1992,0,0,0,0,0,0,0,0,0,0
261075,2,1,1992,0,0,0,0,0,0,0,0,0,0
261076,1,1,1992,0,0,0,0,0,0,0,0,0,0
261076,2,1,1992,0,0,0,0,0,0,0,0,0,0
261077,1,1,1992,0,11,0,0,0,0,0,0,0,0
261077,2,1,1992,0,0,0,0,0,0,0,0,0,0
261078,1,1,1992,0,0,0,0,0,0,0,0,0,0
261078,2,1,1992,0,0,0,0,0,0,0,0,0,0
261079,1,1,1992,0,0,0,0,0,0,0,0,0,0
261079,2,1,1992,0,0,0,0,0,0,0,0,0,0
261079,3,1,1992,0,0,0,0,0,0,0,0,0,0
261080,0,1,1992,0,0,0,15,22,12,22,0,0,0
261080,1,1,1992,0,0,0,0,0,0,0,0,18,0
261081,1,1,1992,0,0,0,0,0,0,0,4,0,0
261082,1,1,1992,0,0,0,0,0,0,0,0,0,0
261082,2,1,1992,0,0,0,0,0,0,0,0,0,0
261083,1,1,1992,0,0,0,0,0,0,0,0,0,0
261084,1,1,1992,12,12,12,12,12,12,12,12,12,12
261084,2,1,1992,0,0,0,0,0,0,0,0,0,0
261085,1,1,1992,0,0,0,0,0,0,0,0,0,0
261085,2,1,1992,0,0,0,0,0,0,0,0,0,0
261086,1,1,1992,0,0,0,0,0,0,0,0,0,0
261086,2,1,1992,0,0,0,0,0,0,0,0,0,0
261087,1,1,1992,24,0,0,0,0,0,0,0,0,0
261087,2,1,1992,0,0,0,0,0,0,0,0,0,0
261088,1,1,1992,21,21,21,21,21,21,21,21,21,21
261088,2,1,1992,0,0,0,0,0,0,0,0,0,0
261089,1,1,1992,0,0,0,0,0,0,0,0,0,0
261090,1,1,1992,0,0,0,0,0,0,0,0,0,0
261091,1,1,1992,0,0,0,0,0,0,0,0,0,0
261092,1,1,1992,0,0,7,0,0,0,0,0,0,0
261092,2,1,1992,0,0,0,0,0,0,0,0,0,0
261093,1,1,1992,0,0,0,0,0,0,0,0,0,0
261093,2,1,1992,0,0,0,0,0,0,0,0,0,0
261093,3,1,1992,0,0,0,0,0,0,0,0,0,0
261094,1,1,1992,0,0,0,0,0,0,0,0,0,0
261094,2,1,1992,0,0,0,0,0,0,0,0,0,0
261095,1,1,1992,0,0,0,0,0,0,0,0,0,0
261095,2,1,1992,0,0,0,0,0,0,0,0,0,0
261096,1,1,1992,0,0,0,0,0,0,0,0,0,0
261097,1,1,1992,27,27,27,27,27,27,27,27,27,27
261097,2,1,1992,0,0,0,0,0,0,0,0,0,0
261098,1,1,1992,0,0,0,0,0,0,0,0,0,0
261099,1,1,1992,0,0,0,0,0,0,0,0,0,0
261099,2,1,1992,0,0,0,0,0,0,0,0,0,0
261099,3,1,1992,0,0,0,0,0,0,0,0,0,0
261100,1,1,1992,0,0,0,0,0,0,0,0,0,0
261100,2,1,1992,0,0,0,0,0,0,0,0,0,0
261101,1,1,1992,0,0,0,0,0,0,0,0,0,0
261101,2,1,1992,8,8,8,8,8,8,8,8,8,8
261102,1,1,1992,0,0,0,0,0,0,0,0,0,0
261102,2,1,1992,0,0,0,0,0,0,0,0,0,0
261103,0,1,1992,0,0,0,0,0,0,0,0,0,25
261103,1,1,1992,0,0,0,0,0,0,0,0,0,0
261104,0,1,1992,0,0,0,0,0,0,0,0,0,0
261104,0,2,1992,0,0,0,0,0,0,0,0,0,0
261104,1,1,1992,0,0,0,0,0,0,0,0,0,0
261104,2,1,1992,0,0,0,0,0,0,0,0,0,0
261105,1,1,1992,16,16,16,16,16,16,16,16,16,16
261106,1,1,1992,5,5,5,5,5,5,5,5,5,5
261106,2,1,1992,0,0,0,0,0,0,3,0,0,0
261107,1,1,1992,0,0,0,0,0,0,0,0,0,0
261108,1,1,1992,0,0,0,0,0,0,0,0,0,0
261108,2,1,1992,0,0,0,0,0,0,0,0,0,0
261109,0,1,1992,0,7,0,0,0,0,9,7,0,12
261109,1,1,1992,0,0,0,0,0,0,0,0,0,0
261110,1,1,1992,17,17,17,17,17,17,17,17,17,17
261111,1,1,1992,0,0,0,0,0,0,0,0,0,0
261111,2,1,1992,0,0,0,0,0,0,0,0,0,0
261112,0,1,1992,0,0,0,0,0,0,0,0,0,0
261112,1,1,1992,0,0,0,0,0,0,0,0,0,0
261113,1,1,1992,16,16,16,16,16,16,16,16,16,16
261113,2,1,1992,0,0,10,0,0,0,15,17,0,10
261113,3,1,1992,0,10,26,0,0,0,16,22,0,2
261113,4,1,1992,0,0,0,0,0,0,0,0,0,0
261114,2,1,1992,0,0,0,0,0,0,0,0,0,0
261115,1,1,1992,0,0,0,0,0,0,0,0,0,0
261115,2,1,1992,17,17,17,17,17,17,17,17,17,17
261116,0,1,1992,31,31,31,31,31,31,31,31,31,31
261116,1,1,1992,13,0,0,0,19,0,0,0,0,0
261117,1,1,1992,0,0,0,0,0,0,0,0,0,0
261118,0,1,1992,0,0,0,0,0,0,0,0,0,0
261118,1,1,1992,0,0,0,0,0,0,0,0,0,0
261119,1,1,1992,0,0,0,13,0,0,0,0,0,0
261119,2,1,1992,0,0,20,22,22,13,0,0,38,25
261121,1,1,1992,14,25,18,24,13,24,22,29,32,24
261122,1,1,1992,18,18,18,18,18,18,18,18,18,18
261123,1,1,1992,0,0,0,0,0,0,9,0,0,0
261123,2,1,1992,0,0,0,0,0,0,0,0,0,0
261124,1,1,1992,0,0,0,0,0,0,0,0,0,0
261125,1,1,1992,0,0,6,0,0,0,0,0,0,0
261125,2,1,1992,0,0,0,0,0,0,0,0,0,0
261125,3,1,1992,0,0,0,0,0,0,0,0,0,0
261127,1,1,1992,0,0,0,0,0,0,0,0,0,0
261127,2,1,1992,0,0,0,0,0,0,0,0,0,0
261127,3,1,1992,0,0,0,0,0,0,0,0,0,0
261128,1,1,1992,0,0,0,0,0,0,0,0,0,0
261128,2,1,1992,0,0,0,0,0,0,0,0,0,0
261129,1,1,1992,0,0,0,0,0,0,0,0,0,0
261129,2,1,1992,0,0,0,0,0,0,0,0,0,0
261130,1,1,1992,0,14,0,0,0,0,0,0,0,0
261130,2,1,1992,0,0,0,0,0,0,0,0,0,0
261131,1,1,1992,0,0,0,0,0,0,0,0,0,0
261131,2,1,1992,0,15,0,0,0,0,0,0,1,0
261132,0,1,1992,22,0,0,0,0,0,0,15,0,0
261132,1,1,1992,0,0,0,0,0,0,0,0,0,0
261133,0,1,1992,0,0,0,0,0,0,0,0,0,0
261133,1,1,1992,0,0,0,0,0,0,0,0,0,0
261134,1,1,1992,0,0,0,0,0,0,0,0,0,0
261134,2,1,1992,0,0,0,0,0,0,0,0,7,0
261134,3,1,1992,0,0,0,0,0,0,0,0,0,0
261134,4,1,1992,0,0,0,0,0,0,0,0,0,0
261134,5,1,1992,0,0,0,0,0,0,0,0,0,0
261134,6,1,1992,0,0,0,0,0,0,0,0,0,0
261134,7,1,1992,0,0,0,10,0,0,0,0,0,0
261134,8,1,1992,0,0,0,0,0,0,0,0,0,0
261135,1,1,1992,0,0,0,0,0,0,0,0,0,0
261135,2,1,1992,0,7,0,0,0,0,0,0,0,0
261136,1,1,1992,0,0,0,0,0,0,0,0,0,0
261136,2,1,1992,23,9,10,10,0,0,0,0,16,0
261137,1,1,1992,0,8,0,0,0,35,0,0,0,7
261138,1,1,1992,0,0,0,0,0,0,0,0,0,0
261138,2,1,1992,0,0,0,0,0,0,0,0,0,0
261139,1,1,1992,0,0,0,0,0,0,0,0,0,0
261140,0,1,1992,26,26,26,26,26,26,26,26,26,26
261140,1,1,1992,22,0,0,25,0,0,0,0,0,0
261141,1,1,1992,0,0,0,0,0,0,0,0,0,0
261141,2,1,1992,0,4,0,0,0,0,0,0,0,0
261142,1,1,1992,0,0,0,0,0,0,0,0,0,0
261142,2,1,1992,0,0,0,0,0,0,0,0,0,0
261143,1,1,1992,10,13,16,0,20,7,20,10,18,17
261144,1,1,1992,6,5,8,16,14,23,12,11,26,0
261144,2,1,1992,0,0,0,0,0,0,0,0,0,0
261144,3,1,1992,0,0,0,0,0,0,0,0,0,0
261144,4,1,1992,0,0,0,0,0,0,0,0,0,0
261144,5,1,1992,0,0,0,0,0,0,0,5,0,0
261145,1,1,1992,0,0,0,0,0,0,0,0,0,0
261145,2,1,1992,0,0,0,0,0,0,0,0,6,0
261146,1,1,1992,33,8,23,13,18,8,17,33,14,26
261146,2,1,1992,0,0,0,0,0,0,0,0,0,0
261147,1,1,1992,25,25,25,25,25,25,25,25,25,25
261148,1,1,1992,0,0,0,0,0,0,0,0,0,0
261149,0,1,1992,16,0,23,0,0,0,0,0,0,0
261149,1,1,1992,0,0,0,0,0,0,0,0,0,0
261150,0,1,1992,0,0,20,7,0,0,0,0,0,0
261150,1,1,1992,0,0,0,0,0,0,0,0,0,0
261151,1,1,1992,0,0,0,0,0,0,0,0,0,0
261152,1,1,1992,13,13,13,13,13,13,13,13,13,13
261152,2,1,1992,0,0,0,0,0,0,12,0,0,0
261153,0,1,1992,0,0,0,10,0,0,0,0,0,0
261153,1,1,1992,0,0,0,0,0,0,0,0,0,0
261154,1,1,1992,20,20,20,20,20,20,20,20,20,20
261155,1,1,1992,0,0,0,0,0,0,0,0,0,0
261156,1,1,1992,0,0,0,0,2,0,0,0,0,0
261156,2,1,1992,0,0,0,0,0,0,0,0,0,0
261157,1,1,1992,14,20,11,16,0,20,12,41,16,13
261158,1,1,1992,18,18,18,18,18,18,18,18,18,18
261158,2,1,1992,0,0,0,0,0,0,0,0,0,0
261159,1,1,1992,0,0,0,0,0,0,0,0,0,0
261159,2,1,1992,0,0,0,0,0,0,0,0,0,0
261159,3,1,1992,0,0,0,0,0,0,0,0,0,0
261159,4,1,1992,0,0,0,0,0,0,0,0,0,0
261160,1,1,1992,14,14,14,14,14,14,14,14,14,14
261160,2,1,1992,0,0,0,0,0,0,0,0,0,0
261161,1,1,1992,0,0,0,0,0,0,0,0,0,0
261161,2,1,1992,0,0,0,0,17,17,0,0,0,0
261162,1,1,1992,0,0,0,0,0,11,0,0,0,0
261162,2,1,1992,0,0,0,0,0,0,0,0,0,0
261163,1,1,1992,0,0,0,0,0,0,0,0,0,0
261164,1,1,1992,0,0,0,0,0,0,0,0,0,0
261164,2,1,1992,4,0,0,0,0,0,0,0,0,0
261165,0,1,1992,0,0,0,0,0,0,0,0,0,0
261165,1,1,1992,0,0,0,0,0,0,0,0,0,0
261166,1,1,1992,0,0,13,0,17,24,0,0,27,0
261167,1,1,1992,0,0,0,0,0,0,0,0,0,0
261167,2,1,1992,0,0,0,0,0,0,0,0,0,0
261168,0,1,1992,0,0,0,0,0,0,0,0,0,0
261168,1,1,1992,0,0,0,0,0,0,0,0,0,0
261169,1,1,1992,0,0,0,0,0,0,0,0,0,0
261169,2,1,1992,0,0,0,0,0,0,0,0,0,0
261171,1,1,1992,0,0,15,0,0,0,0,0,0,0
261171,2,1,1992,0,0,0,0,0,0,0,0,0,0
261172,1,1,1992,0,0,0,0,0,0,0,0,0,0
261172,2,1,1992,0,0,0,0,0,0,0,0,0,0
261173,0,1,1992,0,15,0,0,0,0,0,0,0,0
261173,1,1,1992,0,0,0,0,0,0,0,0,0,0
261174,1,1,1992,0,0,0,0,0,0,0,0,0,0
261174,2,1,1992,0,0,0,0,0,0,0,0,0,0
261175,1,1,1992,18,0,0,0,0,20,7,0,0,0
261175,2,1,1992,8,8,8,8,8,8,8,8,8,8
261176,0,1,1992,0,0,5,0,0,0,0,0,0,0
261176,1,1,1992,0,0,0,0,0,0,0,0,0,0
261177,1,1,1992,31,31,31,31,31,31,31,31,31,31
261177,2,1,1992,28,16,8,10,19,6,17,0,13,0
261178,1,1,1992,0,0,0,0,0,0,0,0,0,0
261179,0,1,1992,0,14,0,0,0,22,0,0,22,21
261179,1,1,1992,0,0,0,0,0,0,0,0,0,0
261180,1,1,1992,0,0,0,0,0,0,0,0,0,0
261181,1,1,1992,0,0,0,0,0,0,0,0,0,0
261181,2,1,1992,0,0,0,0,0,0,0,0,0,0
261182,0,1,1992,4,4,4,4,4,4,4,4,4,4
261182,1,1,1992,1,5,0,0,0,0,0,0,0,0
261183,1,1,1992,0,0,16,6,0,0,6,16,0,17
261184,1,1,1992,0,0,0,0,7,0,0,0,9,0
261186,1,1,1992,0,0,0,0,0,0,0,0,0,0
261187,1,1,1992,0,0,0,0,0,0,0,0,0,0
261187,2,1,1992,0,0,0,0,0,0,0,0,0,0
261188,1,1,1992,0,0,0,0,0,0,0,0,0,0
261188,2,1,1992,0,0,0,0,0,0,0,0,0,0
261188,3,1,1992,0,0,0,0,0,0,0,0,0,0
261189,1,1,1992,0,0,0,0,0,0,0,0,0,0
261189,2,1,1992,0,0,0,0,0,0,0,0,0,0
261190,1,1,1992,13,14,18,17,7,25,15,0,19,6
261190,2,1,1992,40,19,29,19,4,19,33,17,22,21
261191,0,1,1992,0,0,0,0,0,0,0,0,0,0
261191,1,1,1992,0,0,0,0,4,0,0,0,0,0
261192,1,1,1992,0,0,0,0,0,0,0,0,0,0
261192,2,1,1992,0,0,0,0,0,0,0,0,0,0
261193,1,1,1992,0,0,0,0,0,0,0,0,0,0
261193,2,1,1992,0,0,0,18,0,0,0,0,0,0
261193,3,1,1992,0,0,0,0,0,0,7,0,0,0
261194,0,1,1992,0,0,0,0,0,0,0,0,0,0
261194,1,1,1992,0,0,0,0,0,0,0,0,0,0
261195,1,1,1992,18,18,18,18,18,18,18,18,18,18
261196,1,1,1992,0,0,0,0,0,0,0,0,0,13
261196,2,1,1992,0,0,0,0,0,0,0,0,0,0
261197,1,1,1992,0,0,0,0,0,9,0,0,0,0
261197,2,1,1992,0,0,0,0,0,0,0,0,0,0
261198,1,1,1992,34,34,34,34,34,34,34,34,34,34
261199,1,1,1992,0,0,0,0,0,0,0,0,0,0
261200,1,1,1992,0,0,0,0,9,0,0,0,0,0
261200,2,1,1992,0,0,0,0,16,11,0,0,0,0
261201,1,1,1992,0,0,0,0,0,0,0,0,0,0
261202,1,1,1992,16,16,16,16,16,16,16,16,16,16
261203,1,1,1992,12,0,9,5,15,30,9,7,8,6
261205,1,1,1992,0,0,0,0,0,0,0,0,0,0
261205,2,1,1992,0,0,0,0,0,0,0,0,0,0
261206,0,1,1992,0,5,0,0,0,24,0,0,0,0
261206,1,1,1992,0,0,0,0,0,0,0,0,0,0
261207,0,1,1992,0,0,0,0,0,0,0,0,0,0
261207,1,1,1992,0,0,0,0,0,0,0,0,0,0
261208,1,1,1992,12,12,12,12,12,12,12,12,12,12
261208,2,1,1992,0,0,0,0,0,0,0,0,0,0
261208,3,1,1992,0,0,0,0,0,0,0,0,0,0
261209,1,1,1992,0,0,0,0,0,0,0,0,0,0
261209,2,1,1992,0,0,0,0,0,0,0,0,0,0
261210,1,1,1992,0,0,0,0,0,0,0,0,0,0
261210,2,1,1992,11,0,0,0,0,0,0,0,0,0
261211,0,1,1992,0,0,0,0,0,0,0,0,0,0
261211,1,1,1992,0,0,0,0,0,0,0,0,0,0
261212,1,1,1992,13,8,2,0,20,30,26,30,30,19
261213,0,1,1992,32,9,26,12,5,11,13,3,23,0
261213,1,1,1992,0,0,0,0,0,8,0,0,7,0
270001,1,1,1992,0,0,0,0,0,0,0,0,0,0
270001,2,1,1992,0,0,0,0,0,0,0,0,0,0
270002,1,1,1992,18,18,18,18,18,18,18,18,18,18
270003,1,1,1992,35,6,8,10,23,34,12,14,23,6
270004,1,1,1992,9,9,9,9,9,9,9,9,9,9
270004,2,1,1992,0,0,0,0,0,0,0,0,0,0
270005,1,1,1992,0,0,0,0,0,0,0,0,0,0
270005,2,1,1992,0,0,0,0,0,0,0,0,0,0
270006,0,1,1992,0,0,0,0,0,0,0,0,0,0
270006,1,1,1992,0,0,0,0,0,0,0,0,0,0
270007,1,1,1992,12,12,12,12,12,12,12,12,12,12
270008,1,1,1992,0,0,0,0,0,0,0,0,0,0
270008,2,1,1992,0,0,0,0,0,0,0,0,0,0
270009,0,1,1992,0,0,0,0,0,0,0,0,0,0
270009,1,1,1992,0,0,0,0,0,0,0,0,0,0
270010,1,1,1992,0,0,0,0,0,0,0,0,0,0
270010,2,1,1992,0,0,0,9,0,0,0,0,0,0
270011,1,2,1992,15,6,13,7,21,8,0,0,0,27
270012,1,1,1992,0,0,0,0,0,0,0,0,0,0
270013,1,1,1992,0,0,0,0,0,0,0,0,0,0
270014,1,1,1992,0,0,0,13,0,0,0,0,0,0