ST_CASE,VEH_NO,PER_NO,YEAR,P1,P2,P3,P4,P5,P6,P7,P8,P9,P10
270015,1,1,1992,0,0,0,0,0,0,0,0,0,0
270015,2,1,1992,0,0,0,0,0,0,0,0,0,0
270017,1,1,1992,0,0,0,0,0,0,0,0,0,0
270018,1,1,1992,0,21,11,11,0,7,10,0,14,0
270018,2,1,1992,0,0,0,0,0,0,0,0,0,0
270019,1,1,1992,3,5,16,5,8,10,13,13,7,7
270019,2,1,1992,14,15,28,10,11,5,3,7,10,19
270020,1,1,1992,0,0,0,0,0,0,0,0,0,0
270021,1,1,1992,15,15,15,15,15,15,15,15,15,15
270021,2,1,1992,0,0,0,0,0,0,0,0,0,0
270022,1,1,1992,0,0,0,0,26,0,0,19,0,0
270023,1,1,1992,20,20,20,20,20,20,20,20,20,20
270023,2,1,1992,0,0,0,0,0,0,0,0,0,0
270024,1,1,1992,0,0,0,0,0,0,0,0,0,0
270024,2,1,1992,16,21,24,15,11,15,9,11,17,11
270025,0,1,1992,31,31,31,31,31,31,31,31,31,31
270025,1,1,1992,17,12,23,5,0,23,7,16,8,14
270026,1,1,1992,0,0,0,0,0,0,0,0,0,0
270026,2,1,1992,0,0,0,0,0,0,0,0,0,0
270027,1,1,1992,18,18,18,18,18,18,18,18,18,18
270028,1,1,1992,0,0,0,0,0,0,0,0,0,0
270028,2,1,1992,0,0,0,0,0,0,0,0,6,0
270029,1,1,1992,6,20,0,6,19,16,20,2,14,0
270030,0,1,1992,0,0,0,0,0,0,0,0,0,0
270030,1,1,1992,0,0,0,0,0,0,0,0,0,0
270031,0,1,1992,30,22,23,24,29,0,33,15,38,21
270031,1,1,1992,0,0,0,0,0,0,0,0,1,0
270031,2,1,1992,0,0,0,0,0,0,0,0,0,0
270032,1,1,1992,0,0,0,0,0,0,0,0,0,8
270033,1,1,1992,20,20,20,20,20,20,20,20,20,20
270034,1,1,1992,9,9,9,9,9,9,9,9,9,9
270035,1,1,1992,0,0,0,0,0,0,0,0,0,0
270035,2,1,1992,0,0,0,0,0,0,0,0,0,0
270036,0,1,1992,19,19,36,24,11,14,23,11,18,12
270036,1,1,1992,0,0,0,0,0,0,0,0,0,0
270037,1,1,1992,0,0,0,0,0,0,0,0,0,0
270037,2,1,1992,0,0,0,0,0,0,0,0,0,0
270038,1,1,1992,0,0,0,0,0,0,0,0,0,0
270038,2,1,1992,0,0,0,0,0,0,0,0,0,0
270039,0,1,1992,11,24,31,16,31,11,0,13,13,19
270039,1,1,1992,0,0,0,0,0,0,0,0,0,0
270040,1,1,1992,0,0,0,0,0,0,0,0,0,0
270041,1,1,1992,0,0,0,0,0,0,0,0,0,0
270041,2,1,1992,0,0,0,0,0,0,0,0,0,0
270041,3,1,1992,0,0,0,0,0,0,0,0,0,0
270041,4,1,1992,0,0,0,0,0,0,0,0,0,0
270042,0,1,1992,0,8,40,0,17,29,9,17,28,22
270042,1,1,1992,0,0,0,0,0,0,0,0,0,0
270043,1,1,1992,0,0,0,0,0,0,0,0,0,0
270043,2,1,1992,25,25,25,25,25,25,25,25,25,25
270045,1,1,1992,0,0,0,0,0,0,0,0,0,0
270045,2,1,1992,0,0,0,0,0,0,0,0,0,0
270046,1,1,1992,0,0,0,0,0,0,0,0,0,0
270046,2,1,1992,0,0,0,0,0,0,0,0,0,0
270047,1,1,1992,0,0,0,0,0,0,0,0,0,0
270047,2,1,1992,0,0,0,0,0,0,0,0,0,0
270047,3,1,1992,9,9,14,0,0,0,0,0,0,0
270047,4,1,1992,0,0,0,0,0,0,0,0,0,0
270048,1,1,1992,0,0,0,0,0,0,0,0,0,0
270048,2,1,1992,0,0,8,0,18,0,13,0,0,26
270049,1,1,1992,14,14,14,14,14,14,14,14,14,14
270050,0,1,1992,29,29,29,29,29,29,29,29,29,29
270050,1,1,1992,0,0,0,0,0,0,0,0,0,0
270051,1,1,1992,21,21,21,21,21,21,21,21,21,21
270051,2,1,1992,0,0,0,0,0,0,0,0,0,0
270052,1,1,1992,0,0,0,0,0,0,0,0,0,0
270052,2,1,1992,0,0,0,0,0,0,0,0,0,0
270053,1,1,1992,0,0,0,0,0,0,0,0,0,0
270054,0,1,1992,0,0,0,0,0,0,0,0,0,0
270054,1,1,1992,0,0,0,0,0,0,0,0,0,0
270055,1,1,1992,0,0,0,0,0,7,0,0,0,0
270055,2,1,1992,25,25,25,25,25,25,25,25,25,25
270056,1,1,1992,0,0,0,0,0,0,6,0,0,0
270056,2,1,1992,0,0,0,0,0,0,0,0,0,0
270056,3,1,1992,0,0,0,0,0,0,0,0,0,0
270057,1,1,1992,16,10,11,27,13,13,18,15,21,24
270058,1,1,1992,0,0,0,0,0,0,0,0,0,0
270058,2,1,1992,0,0,0,0,0,0,0,0,0,0
270059,1,1,1992,8,8,8,8,8,8,8,8,8,8
270060,1,1,1992,29,29,29,29,29,29,29,29,29,29
270061,1,1,1992,9,9,9,9,9,9,9,9,9,9
270062,0,1,1992,30,14,18,7,22,8,0,39,34,17
270062,1,1,1992,0,0,0,0,0,0,0,0,0,0
270063,1,1,1992,0,0,0,0,0,0,0,0,0,0
270064,0,1,1992,0,0,0,0,0,0,0,0,0,0
270064,1,1,1992,0,0,0,0,0,0,0,0,0,0
270065,1,1,1992,24,24,24,24,24,24,24,24,24,24
270066,1,1,1992,0,0,0,0,0,0,0,0,0,0
270066,2,1,1992,0,0,0,0,0,0,0,0,0,0
270067,1,1,1992,22,22,22,22,22,22,22,22,22,22
270068,1,1,1992,16,16,16,16,16,16,16,16,16,16
270069,1,1,1992,10,10,10,10,10,10,10,10,10,10
270070,1,1,1992,25,25,25,25,25,25,25,25,25,25
270070,2,1,1992,23,23,23,23,23,23,23,23,23,23
270071,1,1,1992,18,18,18,18,18,18,18,18,18,18
270072,1,1,1992,0,0,0,0,0,0,0,0,0,0
270072,2,1,1992,2,0,0,0,0,0,0,0,0,0
270073,1,1,1992,16,16,16,16,16,16,16,16,16,16
270074,1,1,1992,11,11,11,11,11,11,11,11,11,11
270074,2,1,1992,0,0,0,0,0,0,0,0,0,0
270075,0,1,1992,0,0,0,0,0,0,0,0,0,0
270075,1,1,1992,0,0,0,0,0,0,0,0,0,0
270076,1,1,1992,30,14,10,30,8,22,23,4,13,19
270077,1,1,1992,0,0,0,0,0,10,0,0,0,0
270078,1,1,1992,0,0,0,0,0,0,0,0,0,0
270079,1,1,1992,0,0,0,0,0,0,0,0,0,0
270079,2,1,1992,0,0,0,0,0,0,0,0,0,0
270080,1,1,1992,0,0,0,0,0,0,0,0,0,0
270081,1,1,1992,0,0,0,0,0,0,0,0,0,0
270082,1,1,1992,24,24,24,24,24,24,24,24,24,24
270083,1,1,1992,0,0,0,0,0,0,0,0,0,0
270083,2,1,1992,0,0,0,0,0,0,0,0,0,0
270084,1,1,1992,0,0,0,0,0,0,0,0,0,0
270085,1,1,1992,7,0,3,20,0,0,0,0,0,0
270086,1,1,1992,18,16,13,24,9,9,24,28,19,13
270087,1,1,1992,0,0,0,0,0,0,0,0,0,0
270087,2,1,1992,0,0,0,0,0,0,0,0,0,0
270089,1,1,1992,0,0,0,0,0,0,0,0,0,0
270089,2,1,1992,0,0,0,0,0,0,0,0,0,0
270090,1,1,1992,0,0,0,0,0,0,0,0,0,0
270091,1,1,1992,14,34,8,11,18,18,18,5,8,19
270092,1,1,1992,0,0,19,0,0,0,19,0,0,0
270092,2,1,1992,0,7,0,0,16,0,13,0,0,0
270093,1,1,1992,0,0,0,0,0,0,0,0,0,0
270094,1,1,1992,0,0,0,0,0,0,0,0,0,0
270094,2,1,1992,0,0,0,0,0,0,0,0,0,0
270095,0,1,1992,0,0,0,0,0,0,0,0,0,0
270095,1,1,1992,0,0,0,4,6,22,0,0,0,0
270096,1,1,1992,4,4,4,4,4,4,4,4,4,4
270096,2,1,1992,0,0,0,0,0,0,0,0,0,0
270097,1,1,1992,0,0,0,0,17,0,0,0,0,0
270098,1,1,1992,0,0,0,0,0,0,0,0,0,0
270098,2,1,1992,0,0,0,0,0,0,0,0,0,0
270099,1,1,1992,0,0,0,0,0,0,0,0,0,0
270099,2,1,1992,0,0,0,0,0,0,0,0,0,0
270100,1,1,1992,0,0,0,0,0,0,0,0,0,0
270101,1,1,1992,0,0,0,0,0,0,0,0,0,0
270101,2,1,1992,0,0,0,0,0,0,0,0,0,0
270102,1,1,1992,0,0,0,0,0,0,0,0,0,0
270102,2,1,1992,0,0,0,0,21,0,0,0,0,0
270102,3,1,1992,0,0,0,0,0,0,0,0,0,0
270103,1,1,1992,0,0,0,0,0,0,0,0,0,0
270104,1,1,1992,0,0,13,15,19,0,5,0,0,0
270105,1,1,1992,0,0,0,0,0,0,0,0,0,0
270105,2,1,1992,0,0,0,0,0,0,0,0,0,0
270106,1,1,1992,25,25,25,25,25,25,25,25,25,25
270106,2,1,1992,0,0,0,0,0,0,0,0,0,0
270107,1,1,1992,20,0,0,0,0,0,0,0,0,0
270107,2,1,1992,0,0,0,0,0,0,0,0,0,0
270108,1,1,1992,1,1,1,1,1,1,1,1,1,1
270109,1,1,1992,0,0,0,0,0,0,0,0,0,0
270110,1,1,1992,26,26,26,26,26,26,26,26,26,26
270110,2,1,1992,0,0,0,0,0,0,0,0,0,0
270111,1,1,1992,26,26,26,26,26,26,26,26,26,26
270112,0,1,1992,9,9,9,9,9,9,9,9,9,9
270112,1,1,1992,22,22,22,22,22,22,22,22,22,22
270113,1,1,1992,0,0,0,0,0,0,0,0,0,0
270113,2,1,1992,0,0,0,0,0,0,0,8,0,0
270114,1,1,1992,10,10,10,10,10,10,10,10,10,10
270115,1,1,1992,0,0,0,0,0,0,0,0,0,0
270116,1,1,1992,0,0,0,0,0,0,0,0,0,0
270116,2,1,1992,0,0,0,0,0,0,0,0,0,0
270117,1,1,1992,0,0,0,0,0,0,0,0,0,0
270118,1,1,1992,23,23,23,23,23,23,23,23,23,23
270119,1,1,1992,0,0,0,0,0,0,0,0,0,0
270120,1,1,1992,0,0,0,0,0,0,0,0,0,0
270120,2,1,1992,0,0,0,0,0,0,0,0,0,0
270121,1,1,1992,0,0,0,0,0,0,0,0,0,0
270121,2,1,1992,0,0,0,0,0,0,0,0,0,0
270122,1,1,1992,0,0,0,0,0,0,0,0,0,0
270122,2,1,1992,0,0,0,0,0,0,0,0,0,0
270123,1,1,1992,0,0,0,0,0,0,0,0,0,0
270123,2,1,1992,0,0,0,0,0,0,0,0,0,0
270123,3,1,1992,0,0,0,0,0,0,0,0,0,0
270124,1,1,1992,0,0,0,0,0,0,0,0,0,0
270124,2,1,1992,0,0,0,0,4,0,0,14,0,17
270125,1,1,1992,0,0,0,0,0,0,0,0,0,0
270125,2,1,1992,0,0,0,0,0,0,0,0,0,0
270126,1,1,1992,0,0,0,0,0,0,0,0,0,0
270126,2,1,1992,0,0,0,0,0,0,0,0,0,0
270127,1,1,1992,7,26,21,20,12,11,10,18,12,0
270127,2,1,1992,0,0,0,0,0,0,0,13,0,0
270128,0,1,1992,0,0,0,0,0,0,0,0,0,0
270128,1,1,1992,0,0,0,0,0,0,0,0,0,0
270129,1,1,1992,12,12,12,12,12,12,12,12,12,12
270129,2,1,1992,0,0,0,0,0,0,0,0,0,0
270130,1,1,1992,4,4,4,4,4,4,4,4,4,4
270130,2,1,1992,15,15,15,15,15,15,15,15,15,15
270131,1,1,1992,0,0,0,0,0,0,0,0,0,0
270131,2,1,1992,0,0,0,0,0,0,0,0,0,0
270132,1,1,1992,0,0,0,0,0,0,0,0,0,0
270133,1,1,1992,0,0,0,0,0,0,0,0,0,0
270133,2,1,1992,0,0,0,0,0,0,0,0,0,0
270134,1,1,1992,0,0,0,0,0,0,0,0,0,0
270134,2,1,1992,0,0,0,15,0,5,21,0,0,0
270135,1,1,1992,35,35,35,35,35,35,35,35,35,35
270136,1,1,1992,16,16,16,16,16,16,16,16,16,16
270137,1,1,1992,18,18,18,18,18,18,18,18,18,18
270138,1,1,1992,0,0,0,0,0,0,0,0,0,0
270139,0,1,1992,22,22,22,22,22,22,22,22,22,22
270139,1,1,1992,0,0,15,0,0,0,0,0,0,5
270140,1,1,1992,0,0,0,0,0,0,0,0,0,0
270140,2,1,1992,0,0,0,0,0,0,0,0,0,0
270141,1,1,1992,0,0,0,0,0,0,0,0,0,0
270141,2,1,1992,0,0,0,0,0,0,0,0,0,0
270142,1,1,1992,0,0,0,0,0,0,0,0,0,0
270143,1,1,1992,0,0,0,0,0,0,0,0,0,0
270143,2,1,1992,0,0,0,0,0,0,0,0,0,0
270144,1,1,1992,28,28,28,28,28,28,28,28,28,28
270144,2,1,1992,0,0,0,0,0,0,0,0,0,0
270145,1,1,1992,10,10,10,10,10,10,10,10,10,10
270146,1,1,1992,0,0,0,0,0,0,0,0,0,0
270146,2,1,1992,7,11,0,10,0,4,10,6,7,0
270147,1,1,1992,15,15,15,15,15,15,15,15,15,15
270148,1,1,1992,22,0,0,0,19,25,15,11,29,9
270149,1,1,1992,0,0,0,0,0,0,0,0,0,0
270149,2,1,1992,0,0,0,0,0,0,0,0,0,0
270150,1,1,1992,0,0,0,0,0,0,0,0,0,0
270151,1,1,1992,0,0,0,0,0,0,0,0,0,0
270151,2,1,1992,0,0,0,0,0,0,0,0,0,0
270151,3,1,1992,0,0,8,0,0,0,0,0,0,0
270153,1,1,1992,17,17,17,17,17,17,17,17,17,17
270154,1,1,1992,14,24,10,20,12,18,23,21,12,12
270155,1,1,1992,0,0,0,0,0,0,0,0,0,0
270155,2,1,1992,23,23,23,23,23,23,23,23,23,23
270156,1,1,1992,0,0,0,0,0,0,0,0,0,0
270156,2,1,1992,0,0,0,0,0,0,0,0,0,0
270157,0,1,1992,0,0,0,0,0,0,0,0,0,0
270157,1,1,1992,0,0,0,0,0,0,0,0,0,0
270158,1,1,1992,0,15,0,9,0,20,0,0,15,0
270158,2,1,1992,0,0,11,0,0,0,0,13,0,0
270159,1,1,1992,0,0,0,0,0,0,0,0,0,0
270160,0,1,1992,0,0,0,0,0,0,0,0,0,0
270160,1,1,1992,0,0,0,0,0,0,0,0,0,0
270161,0,1,1992,0,0,0,0,0,0,0,0,0,0
270161,1,1,1992,0,0,0,0,0,0,0,0,0,0
270161,2,1,1992,0,0,0,0,0,0,0,0,0,0
270162,1,1,1992,0,0,0,0,0,0,0,0,0,0
270162,2,1,1992,0,0,0,0,0,0,0,0,0,0
270163,1,1,1992,20,20,20,20,20,20,20,20,20,20
270163,2,1,1992,0,0,18,11,0,11,0,12,0,9
270164,1,1,1992,8,8,8,8,8,8,8,8,8,8
270164,2,1,1992,0,0,0,0,0,0,0,0,0,0
270165,1,1,1992,0,7,0,18,15,17,9,0,15,12
270166,1,1,1992,0,0,0,0,11,5,0,0,0,0
270166,2,1,1992,0,16,0,0,0,0,0,0,0,0
270167,1,1,1992,0,0,0,0,0,0,0,0,0,0
270167,2,1,1992,0,0,0,0,0,0,0,0,0,0
270168,1,1,1992,19,21,18,6,6,13,14,17,10,3
270168,2,1,1992,0,0,0,0,0,0,0,0,0,0
270169,1,1,1992,0,0,0,0,0,0,0,0,0,0
270170,1,1,1992,18,18,18,18,18,18,18,18,18,18
270171,1,1,1992,0,18,0,19,0,20,0,9,22,0
270172,1,1,1992,22,22,22,22,22,22,22,22,22,22
270172,2,1,1992,0,0,0,0,0,0,0,0,0,0
270173,1,1,1992,26,26,26,26,26,26,26,26,26,26
270174,0,1,1992,0,0,0,0,0,0,0,0,0,0
270174,1,1,1992,0,0,0,0,0,0,0,0,0,0
270175,1,1,1992,0,17,15,0,0,0,0,0,0,0
270176,1,1,1992,0,0,0,0,0,0,0,0,0,0
270176,2,1,1992,0,0,0,0,0,0,0,0,0,0
270176,3,1,1992,0,0,0,0,0,0,0,0,0,0
270177,1,1,1992,0,0,0,0,0,0,0,0,0,0
270177,2,1,1992,0,0,0,0,0,0,0,0,22,0
270177,3,1,1992,0,0,0,0,0,0,0,0,0,0
270177,4,1,1992,0,0,0,0,0,0,0,0,0,0
270178,1,1,1992,0,0,0,0,0,0,0,0,0,0
270178,2,1,1992,5,0,0,0,0,0,0,0,0,0
270179,1,1,1992,0,0,0,0,0,0,0,0,0,0
270179,2,1,1992,0,0,0,0,0,0,0,0,0,0
270180,1,1,1992,9,9,9,9,9,9,9,9,9,9
270181,1,1,1992,0,0,0,0,0,0,0,0,0,0
270181,2,1,1992,2,26,25,21,21,29,36,4,0,26
270182,1,1,1992,0,0,0,0,0,0,0,0,0,0
270183,1,1,1992,0,0,0,0,0,0,0,0,0,0
270183,2,1,1992,8,0,0,0,0,0,0,0,0,0
270185,1,1,1992,0,0,0,0,0,0,0,0,0,10
270186,1,1,1992,0,0,0,0,0,0,0,4,0,0
270186,2,1,1992,0,0,0,0,0,0,0,0,0,0
270187,0,1,1992,0,0,0,0,0,0,0,0,0,0
270187,1,1,1992,0,0,0,0,0,0,0,0,0,0
270188,1,1,1992,0,0,0,0,0,0,0,0,0,0
270188,2,1,1992,0,0,0,0,0,0,0,12,0,0
270189,1,1,1992,23,19,9,14,18,17,23,8,2,14
270190,1,1,1992,0,0,0,3,0,0,0,0,0,0
270191,2,1,1992,0,0,0,0,0,0,0,0,0,0
270192,1,1,1992,0,0,0,0,0,0,0,0,0,0
270193,1,1,1992,0,0,10,5,22,9,16,6,9,13
270194,1,1,1992,0,18,15,13,6,11,12,0,9,15
270195,1,1,1992,16,23,23,9,21,19,23,11,25,15
270195,2,1,1992,0,0,0,0,0,0,0,0,0,0
270196,1,1,1992,17,17,17,17,17,17,17,17,17,17
270197,1,1,1992,0,0,0,0,0,0,0,0,0,0
270198,0,1,1992,13,0,0,0,0,0,0,0,0,0
270198,1,1,1992,0,0,0,0,0,0,0,0,0,0
270199,1,1,1992,0,0,0,0,0,0,0,0,0,0
270199,2,1,1992,0,0,0,0,0,0,0,0,0,0
270199,3,1,1992,0,0,0,0,0,0,0,0,0,0
270200,1,1,1992,0,0,0,0,0,0,0,0,0,0
270200,2,1,1992,0,16,0,0,0,9,0,17,0,0
270201,1,1,1992,15,15,15,15,15,15,15,15,15,15
270202,1,1,1992,0,0,0,0,0,0,10,0,0,0
270202,2,1,1992,0,0,0,0,0,0,0,14,0,0
270203,0,1,1992,0,0,0,0,0,0,0,0,0,0
270203,1,1,1992,0,0,6,18,0,18,0,0,0,0
270204,1,1,1992,0,0,0,0,0,0,0,0,0,0
270204,2,1,1992,0,0,0,0,0,0,0,0,0,0
270205,1,1,1992,0,0,0,0,0,0,0,0,0,0
270205,2,1,1992,3,2,9,7,15,10,10,7,39,0
270206,1,1,1992,27,27,27,27,27,27,27,27,27,27
270207,1,1,1992,0,0,0,0,0,0,0,0,0,0
270208,1,1,1992,12,5,29,0,10,21,14,19,14,17
270209,1,1,1992,0,0,0,0,0,0,0,0,0,0
270209,2,1,1992,0,0,0,0,0,0,0,0,0,0
270209,3,1,1992,0,0,0,0,0,0,0,0,0,0
270210,1,1,1992,0,0,0,0,0,0,0,0,0,0
270210,2,1,1992,0,0,0,0,0,0,0,0,0,0
270211,1,1,1992,0,0,0,0,0,0,0,0,0,0
270212,1,1,1992,0,0,0,0,0,0,0,0,0,0
270213,1,1,1992,0,0,0,0,0,0,0,0,0,0
270213,2,1,1992,0,0,0,0,0,0,0,0,0,0
270214,1,1,1992,0,0,0,0,0,0,0,0,0,0
270214,2,1,1992,0,0,0,0,0,0,0,0,0,0
270215,1,1,1992,5,0,7,0,0,8,15,7,12,0
270215,2,1,1992,0,8,12,12,5,8,6,9,0,11
270215,3,1,1992,0,0,10,0,9,0,0,0,0,0
270216,1,1,1992,0,0,0,0,0,0,0,0,0,0
270216,2,1,1992,0,0,0,0,0,0,0,0,0,0
270217,1,1,1992,0,0,0,0,0,0,0,0,0,0
270217,2,1,1992,2,2,2,2,2,2,2,2,2,2
270218,1,1,1992,14,14,14,14,14,14,14,14,14,14
270219,1,1,1992,12,12,12,12,12,12,12,12,12,12
270219,2,1,1992,0,0,0,0,0,0,0,0,0,0
270220,1,1,1992,0,0,0,0,0,0,0,0,0,0
270220,2,1,1992,0,0,0,0,0,0,0,0,0,0
270221,1,1,1992,14,14,14,14,14,14,14,14,14,14
270222,1,1,1992,0,0,0,0,0,0,0,0,0,0
270222,2,1,1992,0,0,0,0,0,0,0,0,0,0
270222,3,1,1992,0,0,0,0,0,0,0,0,0,0
270223,1,1,1992,0,0,0,0,0,0,0,0,0,0
270224,1,1,1992,0,0,0,0,0,0,0,0,0,0
270224,2,1,1992,0,0,0,0,0,0,0,0,0,0
270225,1,1,1992,15,15,15,15,15,15,15,15,15,15
270226,1,1,1992,0,0,0,0,0,0,0,0,0,0
270226,2,1,1992,0,0,0,0,0,0,0,0,0,0
270227,1,1,1992,0,0,0,0,0,0,0,0,0,0
270228,1,1,1992,0,0,0,0,0,0,0,0,0,0
270229,1,1,1992,19,19,19,19,19,19,19,19,19,19
270230,1,1,1992,0,0,0,0,0,0,0,0,0,0
270231,1,1,1992,23,23,23,23,23,23,23,23,23,23
270232,1,1,1992,22,22,22,22,22,22,22,22,22,22
270233,1,1,1992,14,14,14,14,14,14,14,14,14,14
270234,0,1,1992,0,32,31,15,6,15,20,20,18,29
270234,1,1,1992,10,0,16,16,12,12,30,18,35,9
270235,1,1,1992,0,8,0,0,0,0,22,14,9,0
270236,0,1,1992,0,0,0,0,0,0,0,0,0,0
270236,1,1,1992,0,0,0,0,0,0,0,0,0,0
270236,2,1,1992,0,0,0,0,0,0,0,0,0,0
270237,1,1,1992,0,0,0,0,0,0,0,0,0,0
270238,1,1,1992,0,0,0,0,0,0,0,0,0,0
270238,2,1,1992,0,0,0,0,0,0,0,0,0,0
270238,3,1,1992,0,0,0,0,0,0,0,0,0,0
270239,0,1,1992,0,0,0,0,0,0,0,0,0,0
270239,1,1,1992,0,0,0,0,0,0,0,0,0,0
270240,1,1,1992,0,0,0,0,0,0,0,0,0,0
270240,2,1,1992,18,18,18,18,18,18,18,18,18,18
270241,1,1,1992,0,0,0,0,0,0,7,0,0,0
270241,2,1,1992,0,0,0,0,0,0,0,0,0,0
270242,1,1,1992,8,13,19,8,20,12,16,10,0,14
270243,0,1,1992,0,0,0,0,0,0,0,0,0,0
270243,1,1,1992,0,0,0,0,0,0,0,0,0,0
270244,1,1,1992,18,18,18,18,18,18,18,18,18,18
270246,1,1,1992,0,0,0,0,0,0,0,0,0,0
270247,1,1,1992,14,23,24,21,18,13,13,9,22,25
270248,0,1,1992,0,0,0,0,3,0,30,0,0,10
270248,1,1,1992,0,0,0,0,0,0,0,0,0,0
270249,1,1,1992,19,19,19,19,19,19,19,19,19,19
270250,1,1,1992,11,8,17,4,18,11,7,13,9,10
270251,1,1,1992,16,16,16,16,16,16,16,16,16,16
270252,1,1,1992,8,3,11,7,0,0,0,0,0,0
270253,1,1,1992,0,0,0,11,0,0,0,0,0,0
270254,1,1,1992,15,15,15,15,15,15,15,15,15,15
270255,1,1,1992,0,0,0,0,0,0,0,0,0,0
270255,2,1,1992,0,0,0,0,0,0,0,0,0,0
270256,1,1,1992,10,10,10,10,10,10,10,10,10,10
270257,0,1,1992,0,0,0,0,0,0,0,0,0,0
270257,1,1,1992,0,0,0,0,0,0,0,0,0,0
270258,1,1,1992,0,0,0,0,0,0,0,0,0,0
270258,2,1,1992,0,0,0,0,0,0,0,0,0,0
270259,1,1,1992,11,11,11,11,11,11,11,11,11,11
270260,0,1,1992,0,0,0,0,0,0,0,0,0,0
270260,1,1,1992,15,40,10,24,27,18,17,7,49,37
270261,0,1,1992,0,0,20,0,0,0,0,0,0,0
270261,1,1,1992,0,0,3,0,0,0,0,18,6,0
270262,1,1,1992,25,7,22,18,16,9,21,8,18,11
270262,2,1,1992,0,0,0,0,0,0,0,0,0,0
270263,1,1,1992,0,0,0,0,0,0,0,0,0,0
270263,2,1,1992,0,0,0,0,0,0,0,0,0,0
270264,1,1,1992,0,0,0,0,0,0,0,0,0,0
270264,2,1,1992,0,0,0,0,0,0,0,0,0,0
270265,1,1,1992,0,0,0,0,0,0,0,0,0,0
270266,1,1,1992,5,13,3,3,20,20,17,6,7,16
270266,2,1,1992,0,0,0,0,0,0,0,0,0,15
270267,1,1,1992,0,0,0,0,0,0,0,0,0,0
270267,2,1,1992,0,0,0,0,0,0,0,0,0,0
270268,1,1,1992,0,0,0,0,0,0,0,0,0,0
270268,2,1,1992,0,0,0,0,0,0,0,0,0,0
270269,1,1,1992,0,0,0,0,0,0,0,0,0,0
270269,2,1,1992,0,0,0,0,0,0,0,0,0,10
270270,1,1,1992,27,27,27,27,27,27,27,27,27,27
270271,1,1,1992,16,16,16,16,16,16,16,16,16,16
270271,2,1,1992,0,0,0,16,0,0,0,0,0,0
270272,0,1,1992,0,0,0,0,37,0,0,0,0,0
270272,1,1,1992,0,0,0,0,0,0,0,0,0,0
270273,0,1,1992,0,0,0,0,0,0,0,0,12,0
270273,1,1,1992,0,0,0,0,0,0,0,0,0,0
270275,1,1,1992,10,10,10,10,10,10,10,10,10,10
270276,1,1,1992,0,0,0,0,0,0,0,0,0,0
270276,2,1,1992,0,0,0,0,0,0,0,0,0,0
270277,1,1,1992,0,0,0,0,0,0,0,0,0,0
270277,2,1,1992,0,0,0,0,0,0,0,0,0,0
270278,1,1,1992,0,0,0,0,0,0,0,0,0,0
270278,2,1,1992,0,0,0,0,0,0,0,0,0,0
270279,1,1,1992,0,0,0,0,0,0,0,0,0,0
270279,2,1,1992,0,0,0,0,0,0,0,0,0,0
270280,0,1,1992,19,23,31,28,31,12,14,15,23,25
270280,1,1,1992,0,0,0,0,0,0,0,0,0,0
270281,1,1,1992,0,0,0,0,0,0,0,0,0,0
270281,2,1,1992,0,0,0,0,0,0,0,0,0,0
270282,1,1,1992,0,0,0,0,0,0,0,0,0,0
270282,2,1,1992,0,0,0,0,0,0,0,0,0,0
270283,1,1,1992,0,0,0,0,0,0,0,0,0,0
270284,0,1,1992,0,0,0,0,0,0,0,0,0,0
270284,1,1,1992,0,0,0,11,2,0,0,0,0,0
270285,1,1,1992,0,0,0,0,3,0,0,0,0,0
270285,2,1,1992,15,0,0,0,0,0,0,0,11,0
270286,1,1,1992,0,0,0,0,0,0,0,0,0,0
270287,1,1,1992,7,0,5,0,18,9,14,8,13,14
270287,2,1,1992,0,0,0,0,0,0,0,0,0,0
270288,1,1,1992,0,0,0,0,0,0,0,0,0,0
270288,2,1,1992,0,0,0,0,0,0,0,0,0,0
270289,0,1,1992,0,0,0,0,0,0,0,0,0,0
270289,1,1,1992,0,15,32,10,7,25,11,9,15,6
270290,1,1,1992,0,0,0,0,0,0,0,0,0,0
270291,1,1,1992,17,17,17,17,17,17,17,17,17,17
270292,1,1,1992,19,19,19,19,19,19,19,19,19,19
270293,1,1,1992,17,7,16,8,36,11,21,0,11,0
270294,1,1,1992,0,0,0,0,0,0,0,0,0,0
270294,2,1,1992,0,0,0,0,0,0,0,0,0,0
270295,1,1,1992,17,20,4,6,19,26,25,8,5,13
270296,1,1,1992,22,22,22,22,22,22,22,22,22,22
270297,1,1,1992,22,22,22,22,22,22,22,22,22,22
270298,1,1,1992,0,0,0,0,0,0,0,0,0,0
270299,1,1,1992,0,0,0,0,0,0,0,0,0,0
270300,1,1,1992,0,0,0,0,0,0,0,0,0,0
270300,2,1,1992,0,0,0,0,0,0,0,0,0,0
270301,1,1,1992,0,0,0,0,0,0,0,0,0,0
270301,2,1,1992,0,0,0,0,0,0,0,0,0,0
270302,1,1,1992,19,19,19,19,19,19,19,19,19,19
270302,2,1,1992,0,2,0,0,3,0,0,0,17,0