ST_CASE,VEH_NO,PER_NO,YEAR,P1,P2,P3,P4,P5,P6,P7,P8,P9,P10
270303,0,1,1992,0,0,0,0,0,0,0,0,0,0
270303,1,1,1992,0,0,0,0,0,0,0,0,0,0
270304,1,1,1992,0,0,0,0,0,0,0,0,0,0
270305,1,1,1992,25,25,25,25,25,25,25,25,25,25
270306,1,1,1992,11,11,11,11,11,11,11,11,11,11
270307,0,1,1992,0,0,0,0,0,0,0,0,0,0
270307,1,1,1992,0,0,0,0,0,0,0,0,0,0
270308,1,1,1992,10,10,10,10,10,10,10,10,10,10
270309,1,1,1992,22,22,22,22,22,22,22,22,22,22
270310,1,1,1992,25,25,25,25,25,25,25,25,25,25
270311,1,1,1992,19,19,19,19,19,19,19,19,19,19
270312,1,1,1992,8,28,16,27,16,15,20,28,11,6
270313,1,1,1992,11,13,18,21,3,4,8,16,16,12
270313,2,1,1992,7,0,36,0,4,17,24,12,26,10
270314,0,1,1992,22,18,33,26,34,14,24,0,24,19
270314,1,1,1992,0,0,0,0,0,0,0,9,0,4
270315,1,1,1992,0,0,0,12,0,0,0,0,0,0
270316,1,1,1992,0,0,0,0,0,0,0,0,0,0
270317,1,1,1992,0,0,0,0,0,0,0,0,0,0
270317,2,1,1992,0,0,0,0,0,8,0,0,0,0
270318,1,1,1992,16,16,16,16,16,16,16,16,16,16
270319,1,1,1992,0,0,0,0,0,0,0,0,0,0
270319,2,1,1992,0,0,0,0,0,0,0,0,0,0
270320,1,1,1992,13,13,13,13,13,13,13,13,13,13
270320,2,1,1992,0,0,0,0,0,0,0,0,0,0
270321,1,1,1992,9,9,9,9,9,9,9,9,9,9
270321,2,1,1992,0,0,0,0,0,0,0,0,0,0
270322,1,1,1992,11,11,11,11,11,11,11,11,11,11
270323,1,1,1992,0,0,0,0,0,0,0,0,0,0
270323,2,1,1992,2,0,0,0,0,0,0,0,0,0
270324,1,1,1992,0,0,0,0,0,0,0,0,0,0
270325,1,1,1992,0,0,0,0,0,0,0,0,0,0
270327,1,1,1992,25,14,34,14,11,9,20,7,19,14
270328,1,1,1992,5,0,8,21,17,15,15,23,26,41
270329,1,1,1992,21,21,21,21,21,21,21,21,21,21
270330,1,1,1992,0,0,0,0,0,0,0,0,0,0
270330,2,1,1992,0,0,0,0,0,0,0,0,0,0
270331,1,1,1992,0,0,0,0,0,0,0,0,0,0
270331,2,1,1992,0,0,0,0,0,0,0,0,0,0
270332,1,1,1992,11,11,11,11,11,11,11,11,11,11
270333,0,1,1992,0,0,0,0,0,0,0,0,0,0
270333,1,1,1992,0,0,0,0,15,0,0,0,0,13
270334,1,1,1992,19,19,19,19,19,19,19,19,19,19
270335,1,1,1992,18,18,18,18,18,18,18,18,18,18
270336,1,1,1992,0,0,0,0,0,25,0,0,0,0
270337,1,1,1992,0,0,0,0,0,0,0,0,0,0
270337,2,1,1992,0,0,0,0,0,0,0,0,0,0
270338,1,1,1992,22,22,22,22,22,22,22,22,22,22
270339,1,1,1992,0,0,0,0,0,0,0,0,0,0
270340,1,1,1992,0,0,0,0,0,0,0,0,0,0
270341,1,1,1992,7,7,7,7,7,7,7,7,7,7
270342,0,1,1992,0,0,0,0,0,0,0,0,0,0
270342,1,1,1992,0,0,0,0,0,0,0,0,0,0
270344,1,1,1992,22,19,18,26,11,5,0,20,24,14
270345,1,1,1992,0,0,0,0,0,0,0,0,0,0
270345,2,1,1992,0,0,0,0,0,0,0,0,0,0
270346,1,2,1992,10,22,22,0,12,17,0,36,0,7
270347,1,1,1992,15,0,17,10,16,25,0,22,14,0
270348,1,1,1992,0,0,0,0,0,0,0,0,0,0
270348,2,1,1992,0,0,0,0,0,0,0,0,0,19
270348,3,1,1992,0,0,0,0,0,0,0,0,0,0
270349,1,1,1992,5,5,5,5,5,5,5,5,5,5
270349,2,1,1992,25,25,25,25,25,25,25,25,25,25
270350,1,1,1992,23,23,23,23,23,23,23,23,23,23
270351,1,1,1992,19,19,19,19,19,19,19,19,19,19
270352,1,1,1992,0,0,0,0,0,0,0,0,0,0
270352,2,1,1992,0,0,0,0,0,0,0,0,0,0
270353,1,1,1992,22,13,31,15,16,20,13,9,24,13
270353,2,1,1992,0,0,0,0,11,0,0,0,0,0
270354,1,1,1992,36,36,36,36,36,36,36,36,36,36
270355,1,1,1992,0,0,0,0,0,0,0,0,0,0
270355,2,1,1992,15,21,20,20,16,16,5,15,15,18
270356,0,1,1992,0,0,0,0,0,0,0,0,0,0
270356,1,1,1992,0,0,0,0,0,15,0,0,0,0
270357,1,1,1992,0,0,0,0,0,0,0,0,0,0
270357,2,1,1992,0,0,0,0,0,0,0,0,0,0
270358,1,1,1992,0,0,0,0,0,0,0,0,0,0
270358,2,1,1992,4,4,4,4,4,4,4,4,4,4
270359,1,1,1992,0,0,0,0,0,0,0,0,0,0
270359,2,1,1992,0,0,0,0,0,0,0,0,0,0
270360,0,1,1992,23,23,23,23,23,23,23,23,23,23
270360,1,1,1992,0,0,0,0,0,4,0,17,0,0
270361,1,1,1992,20,20,20,20,20,20,20,20,20,20
270362,1,1,1992,11,7,35,19,23,18,10,15,3,23
270362,2,1,1992,0,0,0,0,0,0,0,0,0,0
270363,0,1,1992,27,27,27,27,27,27,27,27,27,27
270363,1,1,1992,6,6,6,6,6,6,6,6,6,6
270364,1,1,1992,24,24,24,24,24,24,24,24,24,24
270365,1,1,1992,0,0,0,0,0,0,0,0,0,0
270366,1,1,1992,0,0,0,0,0,0,0,0,0,0
270366,2,1,1992,0,0,0,0,16,0,15,0,9,0
270367,1,1,1992,0,0,0,0,0,0,0,0,0,0
270367,2,1,1992,0,0,0,0,0,0,0,0,0,0
270368,1,1,1992,0,0,0,0,0,0,0,0,0,0
270369,1,1,1992,0,0,0,0,0,0,0,0,0,0
270370,0,1,1992,20,20,20,20,20,20,20,20,20,20
270370,1,1,1992,0,0,0,0,0,0,0,0,0,0
270371,1,1,1992,0,0,0,0,0,0,0,0,0,0
270371,2,1,1992,11,18,15,7,28,9,12,14,21,0
270372,1,1,1992,22,22,22,22,22,22,22,22,22,22
270373,1,1,1992,0,0,0,0,0,0,0,0,0,0
270373,2,1,1992,0,0,0,0,0,0,0,0,0,0
270374,1,1,1992,0,0,0,0,0,0,0,0,0,0
270374,2,1,1992,0,0,0,0,0,0,0,0,0,0
270375,1,1,1992,7,7,7,7,7,7,7,7,7,7
270376,1,1,1992,0,0,0,0,0,0,0,0,0,0
270377,1,1,1992,20,20,20,20,20,20,20,20,20,20
270378,1,1,1992,0,0,22,9,12,18,12,2,21,11
270379,1,1,1992,14,14,14,14,14,14,14,14,14,14
270380,0,1,1992,0,0,0,0,0,0,0,12,21,0
270380,1,1,1992,0,0,0,0,0,0,0,0,0,0
270381,1,1,1992,0,0,0,0,0,0,0,0,0,0
270382,1,1,1992,0,0,0,0,0,0,0,0,0,0
270382,2,1,1992,0,0,0,0,0,0,0,0,0,0
270383,1,1,1992,0,0,0,0,0,0,0,0,0,0
270383,2,1,1992,0,0,0,0,0,0,0,0,0,0
270384,1,1,1992,0,0,0,0,0,0,0,0,0,0
270384,2,1,1992,0,0,0,0,0,0,0,0,0,0
270384,3,1,1992,0,0,0,0,0,0,0,0,0,0
270385,1,1,1992,10,5,0,9,16,24,5,14,30,18
270386,1,1,1992,0,0,0,0,13,0,0,0,0,0
270386,2,1,1992,0,0,0,0,0,0,0,0,0,0
270387,1,1,1992,15,15,15,15,15,15,15,15,15,15
270388,1,1,1992,15,15,15,15,15,15,15,15,15,15
270389,1,1,1992,17,21,26,13,10,28,20,6,16,7
270390,1,1,1992,0,0,0,0,0,0,0,0,0,0
270390,2,1,1992,0,0,0,0,0,0,0,0,0,0
270391,1,1,1992,0,0,0,0,0,0,0,0,0,0
270391,2,1,1992,0,0,0,0,0,0,0,0,0,0
270392,0,1,1992,0,0,0,0,0,0,0,0,0,0
270392,1,1,1992,0,0,0,0,0,24,0,0,0,0
270393,0,1,1992,0,0,0,0,0,0,0,0,0,16
270393,2,1,1992,0,0,0,0,0,0,0,0,0,0
270394,1,1,1992,0,0,0,0,0,0,0,0,0,0
270394,2,1,1992,0,0,0,0,0,0,0,0,0,0
270395,1,1,1992,11,11,11,11,11,11,11,11,11,11
270396,1,1,1992,0,0,0,0,0,0,0,0,0,0
270396,2,1,1992,0,0,0,0,0,0,0,0,0,0
270397,1,1,1992,0,0,0,0,0,0,0,0,0,0
270397,2,1,1992,0,0,0,0,10,0,0,0,0,0
270398,1,1,1992,0,0,0,0,0,0,0,0,0,0
270398,2,1,1992,0,0,0,0,0,0,0,0,0,0
270399,1,1,1992,0,0,0,0,0,0,0,0,0,0
270400,1,1,1992,20,20,20,20,20,20,20,20,20,20
270401,0,1,1992,0,0,0,0,0,0,0,0,6,0
270401,1,1,1992,0,0,0,0,0,0,0,0,0,0
270402,1,1,1992,0,0,0,0,0,0,0,0,0,0
270402,2,1,1992,0,0,0,0,0,0,0,0,0,0
270403,1,1,1992,0,0,0,0,0,0,0,0,0,0
270403,2,1,1992,0,0,0,0,0,0,0,0,0,0
270404,1,1,1992,0,0,0,0,0,0,0,0,0,0
270404,2,1,1992,0,0,0,0,0,0,0,0,0,0
270405,1,1,1992,0,0,0,0,0,0,0,0,0,0
270405,2,1,1992,0,0,0,0,0,0,0,0,0,0
270406,1,1,1992,17,17,17,17,17,17,17,17,17,17
270407,1,1,1992,0,0,0,0,0,0,0,0,0,0
270408,1,1,1992,0,0,11,0,0,0,0,0,0,0
270408,2,1,1992,0,0,0,0,0,0,0,0,0,0
270409,1,1,1992,0,0,0,0,0,0,0,0,0,0
270409,2,1,1992,0,0,0,0,0,0,0,0,0,0
270410,1,1,1992,0,0,0,0,0,0,0,0,0,0
270412,1,1,1992,0,0,0,0,0,0,0,0,0,0
270413,0,1,1992,0,0,0,0,0,0,0,0,0,0
270413,1,1,1992,0,0,0,0,0,0,0,0,0,0
270414,1,1,1992,0,0,0,0,0,0,0,0,0,0
270414,2,1,1992,0,0,0,0,0,0,0,0,0,0
270415,1,1,1992,11,44,23,11,0,8,5,8,5,9
270416,1,1,1992,11,0,10,18,29,0,5,15,15,23
270417,1,1,1992,27,27,27,27,27,27,27,27,27,27
270418,1,1,1992,0,0,0,0,0,0,0,0,0,0
270419,1,1,1992,0,0,0,0,0,0,0,0,0,0
270419,2,1,1992,0,0,0,0,0,0,0,0,0,0
270420,1,1,1992,0,0,0,0,0,0,0,0,0,0
270420,2,1,1992,0,0,0,0,0,0,0,0,0,0
270421,1,1,1992,0,0,0,0,0,0,0,0,0,0
270422,1,1,1992,0,0,0,0,0,0,0,0,0,0
270422,2,1,1992,10,10,10,10,10,10,10,10,10,10
270423,1,1,1992,0,0,0,0,0,0,0,0,0,0
270423,2,1,1992,0,0,0,0,0,0,0,0,0,0
270424,1,1,1992,0,0,0,0,0,0,0,0,0,0
270424,2,1,1992,0,0,0,0,0,0,0,0,0,0
270424,3,1,1992,0,0,0,0,0,0,0,0,0,0
270425,0,1,1992,0,0,0,0,0,0,0,0,0,0
270425,1,1,1992,0,0,0,0,0,0,0,0,0,0
270426,1,1,1992,0,0,0,0,0,0,0,0,0,0
270426,2,1,1992,0,0,0,0,0,0,0,0,0,0
270427,1,1,1992,11,11,11,11,11,11,11,11,11,11
270427,2,1,1992,18,18,18,18,18,18,18,18,18,18
270428,1,1,1992,0,0,0,0,0,0,0,0,0,0
270428,2,1,1992,0,0,0,0,0,0,0,0,0,0
270429,1,1,1992,0,0,0,0,0,0,0,0,0,0
270429,2,1,1992,0,0,0,0,0,0,0,0,0,0
270430,1,1,1992,27,27,27,27,27,27,27,27,27,27
270430,2,1,1992,0,0,0,0,0,0,0,0,0,0
270431,1,1,1992,0,0,0,0,0,0,0,0,0,0
270431,2,1,1992,18,18,18,18,18,18,18,18,18,18
270432,1,1,1992,28,28,28,28,28,28,28,28,28,28
270433,1,1,1992,11,11,11,11,11,11,11,11,11,11
270433,2,1,1992,16,16,16,16,16,16,16,16,16,16
270434,1,1,1992,4,4,4,4,4,4,4,4,4,4
270434,2,1,1992,0,0,0,0,0,0,0,0,0,0
270435,1,1,1992,0,0,0,0,0,0,0,0,0,0
270435,2,1,1992,0,0,0,0,0,0,0,0,0,0
270436,1,1,1992,0,0,0,0,0,0,0,0,0,0
270436,2,1,1992,0,0,0,0,0,0,0,0,0,0
270437,1,1,1992,19,19,19,19,19,19,19,19,19,19
270438,1,1,1992,0,0,0,0,0,0,0,0,0,0
270438,2,1,1992,0,0,0,0,0,0,0,0,0,0
270439,1,1,1992,15,8,26,0,0,0,8,44,19,15
270440,1,1,1992,12,12,12,12,12,12,12,12,12,12
270440,2,1,1992,0,0,0,0,0,0,0,0,0,0
270441,1,1,1992,23,23,23,23,23,23,23,23,23,23
270442,1,1,1992,21,21,21,21,21,21,21,21,21,21
270442,2,1,1992,0,0,0,0,0,0,0,0,0,0
270443,0,1,1992,0,0,0,0,0,0,0,0,0,0
270443,1,1,1992,0,0,0,0,0,0,0,0,0,0
270444,1,1,1992,17,17,17,17,17,17,17,17,17,17
270445,1,1,1992,0,0,0,0,0,0,0,0,0,0
270445,2,1,1992,0,0,0,0,0,0,0,0,0,0
270446,1,1,1992,0,0,0,0,0,0,0,0,0,0
270446,2,1,1992,0,0,0,0,0,0,0,0,0,0
270447,1,1,1992,0,0,0,0,0,0,0,0,0,0
270448,1,1,1992,0,0,0,0,0,0,0,0,0,0
270448,2,1,1992,0,0,0,0,0,0,0,0,0,0
270448,3,1,1992,0,0,0,0,0,0,0,0,0,0
270449,0,1,1992,0,0,0,0,0,0,0,0,0,0
270449,1,1,1992,0,0,0,0,0,0,0,0,0,0
270450,1,1,1992,21,0,21,14,26,13,15,15,0,23
270450,2,1,1992,1,1,1,1,1,1,1,1,1,1
270451,1,1,1992,0,0,0,0,0,0,0,0,0,0
270451,2,1,1992,0,0,0,0,0,0,0,0,0,0
270453,1,1,1992,0,0,0,0,0,0,0,0,0,0
270453,2,1,1992,0,0,0,0,0,0,0,0,0,0
270453,3,1,1992,0,0,0,0,0,0,9,0,0,0
270454,1,1,1992,31,31,31,31,31,31,31,31,31,31
270455,1,1,1992,0,0,0,0,0,0,0,0,0,0
270455,2,1,1992,0,0,0,0,0,0,0,0,0,0
270456,1,1,1992,0,0,0,0,0,0,0,0,0,0
270456,2,1,1992,0,0,0,0,0,0,0,0,0,0
270457,1,1,1992,0,0,0,0,0,0,0,0,0,0
270457,2,1,1992,0,0,0,0,0,0,0,0,0,0
270458,1,1,1992,0,0,0,0,0,0,0,0,0,0
270458,2,1,1992,0,0,0,0,0,0,0,0,0,0
270458,3,1,1992,0,0,0,0,0,0,0,0,0,0
270459,1,1,1992,0,7,29,12,16,5,10,11,16,30
270460,1,1,1992,0,0,0,0,0,0,0,0,0,0
270460,2,1,1992,0,0,0,0,0,0,0,0,0,0
270461,1,1,1992,0,0,0,0,0,0,0,0,0,0
270461,2,1,1992,0,0,0,0,0,0,0,0,0,0
270462,1,1,1992,31,31,31,31,31,31,31,31,31,31
270463,1,1,1992,0,16,0,0,0,0,0,0,0,0
270463,2,1,1992,0,0,0,0,0,0,0,0,0,0
270464,1,1,1992,0,0,0,0,0,0,0,0,0,0
270464,2,1,1992,0,0,0,0,0,0,0,0,0,0
270465,1,1,1992,16,16,16,16,16,16,16,16,16,16
270466,1,1,1992,10,10,10,10,10,10,10,10,10,10
270466,2,1,1992,0,0,0,0,0,0,0,0,0,0
270467,1,1,1992,0,0,0,0,0,0,0,0,0,0
270468,1,1,1992,0,0,0,0,0,0,0,0,0,0
270469,1,1,1992,21,21,21,21,21,21,21,21,21,21
270470,1,1,1992,0,0,0,0,10,0,0,20,6,0
270470,2,1,1992,11,11,11,11,11,11,11,11,11,11
270471,1,1,1992,0,0,15,0,0,0,0,0,0,0
270471,2,1,1992,0,4,0,0,0,0,0,0,0,0
270472,1,1,1992,15,0,3,0,0,0,0,0,0,0
270473,1,1,1992,0,0,0,0,0,0,0,0,0,0
270473,2,1,1992,0,0,0,0,0,0,0,0,0,0
270474,1,1,1992,0,0,0,0,0,0,0,0,0,0
270474,2,1,1992,0,0,0,0,0,0,0,0,0,0
270475,1,1,1992,0,0,0,0,0,0,0,0,0,0
270475,2,1,1992,11,13,5,8,0,9,22,0,5,14
270475,3,1,1992,0,0,0,0,0,0,0,0,0,0
270476,1,1,1992,0,0,0,0,0,0,0,0,0,0
270477,1,1,1992,0,0,0,0,0,0,0,0,0,0
270477,2,1,1992,0,0,0,0,0,0,0,0,0,0
270478,1,1,1992,0,0,0,0,0,0,0,0,0,0
270478,2,1,1992,0,0,0,0,0,0,0,0,0,0
270479,1,1,1992,0,0,0,0,0,0,0,0,2,0
270480,1,1,1992,4,22,24,23,5,20,10,10,16,21
270480,2,1,1992,0,0,0,0,0,0,0,0,12,0
270480,3,1,1992,0,0,0,0,0,0,0,0,0,0
270481,0,1,1992,0,0,0,0,0,0,0,0,0,0
270481,1,1,1992,0,0,0,0,0,0,0,0,0,0
270482,1,1,1992,0,0,0,0,0,0,0,0,0,0
270482,2,1,1992,0,0,0,0,0,0,0,0,0,0
270483,1,1,1992,0,0,0,0,0,0,0,0,0,0
270483,2,1,1992,0,0,0,0,0,0,0,0,0,0
270485,1,1,1992,0,0,0,0,0,0,0,0,0,0
270485,2,1,1992,0,0,0,0,0,0,0,0,0,0
270486,1,1,1992,0,0,0,0,0,0,7,0,0,0
270486,2,1,1992,0,0,0,0,0,0,0,0,0,0
270487,1,1,1992,0,0,0,0,0,0,0,0,0,0
270487,2,1,1992,0,0,0,0,0,0,0,0,0,0
270488,0,1,1992,0,0,0,0,0,0,0,0,0,0
270488,1,1,1992,0,0,6,0,0,0,0,0,0,0
270489,1,1,1992,0,0,0,0,0,0,0,0,0,0
270490,1,1,1992,0,0,0,0,0,0,0,0,0,0
270490,2,1,1992,32,0,0,0,0,0,0,0,0,0
270491,1,1,1992,0,0,0,0,0,5,0,0,0,0
270491,2,1,1992,0,0,0,0,0,0,0,0,0,0
270492,1,1,1992,0,0,0,0,0,0,0,0,0,0
270493,1,1,1992,0,0,0,0,0,0,0,0,0,0
270493,2,1,1992,0,0,0,0,0,0,0,0,0,0
270494,1,1,1992,0,0,0,0,0,0,0,0,0,0
270494,2,1,1992,0,0,0,0,0,0,0,0,0,0
270495,1,1,1992,0,0,0,0,0,0,0,0,0,0
270495,2,1,1992,0,0,0,0,0,0,0,0,0,0
270496,1,1,1992,0,0,0,0,0,0,0,0,0,0
270496,2,1,1992,0,0,0,0,0,0,0,0,0,0
270496,3,1,1992,0,0,0,0,0,0,0,0,0,0
270497,1,1,1992,0,0,0,0,0,0,0,0,0,0
270497,2,1,1992,0,0,0,0,0,0,0,0,0,0
270498,1,1,1992,23,23,23,23,23,23,23,23,23,23
270499,1,1,1992,0,0,0,0,0,0,0,0,0,0
270499,2,1,1992,0,0,0,0,0,0,0,0,0,0
270500,1,1,1992,0,0,0,0,0,0,0,0,0,0
270501,1,1,1992,29,29,29,29,29,29,29,29,29,29
270501,2,1,1992,0,0,0,0,0,0,0,0,0,0
270502,1,1,1992,0,0,0,0,0,0,0,0,0,0
270502,2,1,1992,0,0,0,0,0,0,0,0,0,0
270503,1,1,1992,21,21,21,21,21,21,21,21,21,21
270504,1,1,1992,16,16,16,16,16,16,16,16,16,16
270504,2,1,1992,28,9,15,15,12,2,6,11,5,8
270505,1,1,1992,10,10,10,10,10,10,10,10,10,10
270506,0,1,1992,29,28,24,15,52,21,0,13,47,15
270506,0,2,1992,15,4,19,20,7,0,20,16,0,9
270506,1,1,1992,3,3,3,3,3,3,3,3,3,3
280001,1,1,1992,24,24,24,24,24,24,24,24,24,24
280002,1,1,1992,7,7,7,7,7,7,7,7,7,7
280003,1,1,1992,29,29,29,29,29,29,29,29,29,29
280004,1,1,1992,17,17,17,17,17,17,17,17,17,17
280005,1,1,1992,0,0,0,0,0,0,0,0,0,0
280005,2,1,1992,10,10,10,10,10,10,10,10,10,10
280006,1,1,1992,0,0,0,0,0,0,0,0,0,0
280006,2,1,1992,0,0,0,0,0,0,0,0,0,0
280007,1,1,1992,0,0,0,0,0,0,0,0,0,0
280007,2,1,1992,8,8,8,8,8,8,8,8,8,8
280008,1,1,1992,28,28,28,28,28,28,28,28,28,28
280009,1,1,1992,24,24,24,24,24,24,24,24,24,24
280010,1,1,1992,0,0,0,0,0,0,0,0,0,0
280011,0,1,1992,0,0,0,0,0,0,0,0,0,0
280011,1,1,1992,0,0,0,0,0,0,0,0,0,0
280012,0,1,1992,0,0,0,0,0,0,0,0,0,0
280012,1,1,1992,0,22,0,0,0,20,0,0,20,10
280013,1,1,1992,0,0,0,0,0,0,0,0,0,0
280014,1,1,1992,0,0,0,0,0,0,0,0,0,0
280015,1,1,1992,0,0,0,0,0,0,0,0,0,0
280015,2,1,1992,0,0,0,0,0,0,0,0,0,0
280016,1,1,1992,0,0,0,0,0,0,0,0,0,0
280016,2,1,1992,0,0,0,0,0,0,0,0,0,0
280016,3,1,1992,0,0,0,0,0,0,0,0,0,0
280017,1,1,1992,0,0,0,0,0,0,0,0,0,0
280018,1,1,1992,2,2,2,2,2,2,2,2,2,2
280018,2,1,1992,0,0,0,0,0,0,0,0,0,0
280019,1,1,1992,23,23,23,23,23,23,23,23,23,23
280020,1,1,1992,0,0,0,0,0,0,0,0,8,0
280020,2,1,1992,0,0,0,0,0,0,0,0,0,0
280021,1,1,1992,29,29,29,29,29,29,29,29,29,29
280022,0,1,1992,0,0,0,0,0,0,0,0,0,0
280022,1,1,1992,0,0,0,0,0,0,0,0,0,0
280023,1,1,1992,0,0,0,0,0,0,0,0,0,0
280023,2,1,1992,0,0,0,0,0,0,0,0,0,0
280024,1,1,1992,0,0,0,0,0,0,0,0,0,0
280025,1,1,1992,10,10,10,10,10,10,10,10,10,10
280025,2,1,1992,12,12,12,12,12,12,12,12,12,12
280026,1,1,1992,0,0,0,25,0,0,0,0,0,10
280027,1,1,1992,3,3,3,3,3,3,3,3,3,3
280028,1,1,1992,0,0,0,0,0,0,0,0,0,0
280029,1,1,1992,28,28,28,28,28,28,28,28,28,28
280030,1,1,1992,0,0,0,0,0,0,0,0,0,0
280030,2,1,1992,0,0,0,0,0,0,0,0,0,0
280031,1,1,1992,11,11,11,11,11,11,11,11,11,11
280031,2,1,1992,0,0,0,0,0,0,0,0,0,0
280032,1,1,1992,21,21,21,21,21,21,21,21,21,21
280033,1,1,1992,18,18,18,18,18,18,18,18,18,18
280034,1,1,1992,0,0,0,0,0,0,0,0,0,0
280034,2,1,1992,0,0,0,0,0,0,0,0,0,0
280035,1,1,1992,2,2,2,2,2,2,2,2,2,2
280035,2,1,1992,0,0,0,0,0,0,0,0,0,0
280036,0,1,1992,20,20,20,20,20,20,20,20,20,20
280036,1,1,1992,0,0,0,0,0,0,0,0,0,8
280037,1,1,1992,0,0,0,0,0,0,0,0,0,0
280038,1,1,1992,25,25,25,25,25,25,25,25,25,25
280039,1,1,1992,0,0,0,0,0,0,0,0,0,0
280039,2,1,1992,0,0,0,0,0,0,0,0,0,0
280040,1,1,1992,0,8,9,0,0,0,0,0,17,0
280041,1,1,1992,0,0,0,0,0,0,0,0,0,0
280041,2,1,1992,0,0,0,0,0,0,0,0,0,0
280042,1,1,1992,0,0,0,0,0,0,0,0,0,0
280043,1,1,1992,0,0,0,0,0,0,0,0,0,0
280043,2,1,1992,0,0,0,0,0,0,0,0,0,0
280044,1,1,1992,0,0,0,0,0,0,0,0,0,0
280044,2,1,1992,0,0,0,0,0,0,0,0,0,0
280045,1,1,1992,19,19,19,19,19,19,19,19,19,19
280045,2,1,1992,0,0,0,0,0,0,0,0,0,0
280046,0,1,1992,38,38,38,38,38,38,38,38,38,38
280046,1,1,1992,0,0,0,0,0,0,0,0,0,0
280047,1,1,1992,26,26,26,26,26,26,26,26,26,26
280048,1,1,1992,0,0,0,0,0,0,0,0,0,0
280049,1,1,1992,0,5,0,0,0,0,0,0,0,0
280049,2,1,1992,0,0,0,0,0,0,0,0,0,0
280050,1,1,1992,19,19,19,19,19,19,19,19,19,19
280051,1,1,1992,0,0,0,0,0,0,0,0,0,0
280051,2,1,1992,0,0,0,0,0,0,0,0,0,0
280052,1,1,1992,0,0,0,0,0,0,0,0,0,0
280052,2,1,1992,0,0,0,0,0,0,0,0,0,0
280053,0,1,1992,21,2,18,15,22,14,3,30,0,20
280053,1,1,1992,0,0,0,0,8,0,0,0,0,0
280054,1,1,1992,0,0,0,0,0,0,0,0,0,0
280056,0,1,1992,0,0,0,0,0,0,0,0,0,0
280056,1,1,1992,0,0,0,0,0,0,0,0,0,0
280057,1,1,1992,0,0,0,0,0,0,0,0,0,0
280058,1,1,1992,6,6,6,6,6,6,6,6,6,6
280059,1,1,1992,0,0,17,0,14,0,0,10,16,9
280060,1,1,1992,0,0,0,0,0,0,0,0,0,0
280060,2,1,1992,0,0,0,0,0,0,0,0,0,0
280061,1,1,1992,0,0,0,0,0,0,0,0,0,0
280062,1,1,1992,0,0,0,0,0,0,0,0,0,0
280062,2,1,1992,0,0,0,0,0,0,0,0,0,0
280062,3,1,1992,0,0,0,0,0,0,0,0,0,0
280062,4,1,1992,0,0,0,0,0,0,0,0,0,0
280063,1,1,1992,0,0,0,0,0,0,0,0,0,0
280064,1,1,1992,0,0,0,0,0,0,0,0,0,0
280064,2,1,1992,0,0,0,0,0,0,0,18,14,14
280065,1,1,1992,0,0,0,0,0,0,0,0,0,0
280065,2,1,1992,2,2,2,2,2,2,2,2,2,2
280066,1,1,1992,0,0,0,0,0,0,0,0,0,0
280067,1,1,1992,0,0,0,0,0,0,0,0,5,0
280067,2,1,1992,0,0,0,6,0,0,0,0,0,0
280068,1,1,1992,0,0,0,0,0,0,0,0,0,0
280068,2,1,1992,0,0,0,0,0,0,0,0,0,0
280069,1,1,1992,29,29,29,29,29,29,29,29,29,29
280070,0,1,1992,0,0,0,0,0,0,0,0,0,0
280070,1,1,1992,0,0,0,0,0,0,0,0,0,0
280071,1,1,1992,0,0,0,0,0,0,0,0,0,0
280071,2,1,1992,0,0,0,0,0,0,0,0,0,0
280072,1,1,1992,26,26,26,26,26,26,26,26,26,26
280073,1,1,1992,0,0,0,0,0,0,0,0,0,0
280074,1,1,1992,0,0,0,0,0,0,13,0,0,0
280074,2,1,1992,0,0,0,0,0,0,0,0,0,0
280075,1,1,1992,10,10,10,10,10,10,10,10,10,10
280077,0,1,1992,0,0,0,0,0,0,0,0,0,0
280077,1,1,1992,0,6,0,0,0,0,0,0,10,0
280078,1,1,1992,14,14,14,14,14,14,14,14,14,14
280078,2,1,1992,0,0,0,0,0,0,0,0,0,0
280080,1,1,1992,16,16,16,16,16,16,16,16,16,16
280080,2,1,1992,22,22,22,22,22,22,22,22,22,22
280081,1,1,1992,0,0,0,0,0,0,0,0,0,0
280082,1,1,1992,0,0,0,0,0,0,0,0,0,18
280082,2,1,1992,0,0,0,0,0,0,0,0,0,0
280082,3,1,1992,0,0,0,0,0,0,0,0,0,0
280083,1,1,1992,0,0,0,0,0,0,0,0,0,0
280084,1,1,1992,9,9,9,9,9,9,9,9,9,9
280085,1,1,1992,9,9,9,9,9,9,9,9,9,9
280086,1,1,1992,0,0,0,0,0,0,0,0,0,0
280087,1,1,1992,8,8,8,8,8,8,8,8,8,8
280088,1,1,1992,0,0,17,0,0,11,0,0,16,9
280088,2,1,1992,21,21,21,21,21,21,21,21,21,21
280089,1,1,1992,16,16,16,16,16,16,16,16,16,16