ST_CASE,VEH_NO,PER_NO,YEAR,P1,P2,P3,P4,P5,P6,P7,P8,P9,P10
280089,2,1,1992,0,0,0,0,0,0,0,0,0,0
280090,1,1,1992,25,25,25,25,25,25,25,25,25,25
280091,1,1,1992,0,0,0,0,0,0,0,0,0,0
280091,2,1,1992,0,0,0,0,0,0,0,0,0,0
280091,3,1,1992,0,0,0,0,0,0,0,0,0,0
280092,0,1,1992,0,0,0,0,0,0,0,0,0,0
280092,1,1,1992,19,4,0,9,0,0,0,0,0,0
280093,1,1,1992,0,0,0,0,0,0,0,0,0,0
280094,1,1,1992,0,0,0,0,0,0,0,0,0,0
280094,2,1,1992,20,20,20,20,20,20,20,20,20,20
280095,0,1,1992,0,0,0,0,0,0,0,0,0,0
280095,1,1,1992,20,20,20,20,20,20,20,20,20,20
280096,0,1,1992,0,0,0,0,0,0,0,0,0,0
280096,1,1,1992,0,0,0,0,0,0,0,0,0,0
280097,1,1,1992,0,0,0,0,12,5,0,0,0,0
280097,2,1,1992,0,0,0,0,0,0,0,0,0,0
280098,1,1,1992,20,20,20,20,20,20,20,20,20,20
280099,1,1,1992,0,0,0,0,0,0,0,0,0,0
280099,2,1,1992,0,16,14,0,0,7,0,21,0,0
280100,1,1,1992,0,0,0,0,0,0,0,0,0,0
280101,1,1,1992,18,21,10,23,16,7,8,20,16,26
280102,1,1,1992,0,0,0,0,0,0,0,0,0,0
280103,1,1,1992,0,0,0,0,0,0,0,0,0,0
280103,2,1,1992,0,0,0,0,0,0,0,0,0,0
280103,3,1,1992,0,0,1,3,0,0,0,0,0,0
280103,4,1,1992,0,0,0,0,0,0,0,0,0,0
280104,1,1,1992,28,28,28,28,28,28,28,28,28,28
280105,1,1,1992,0,0,0,0,0,0,0,0,0,0
280105,2,1,1992,0,0,0,0,0,0,0,0,5,0
280106,1,1,1992,12,24,10,24,12,20,11,15,0,0
280107,1,1,1992,0,0,0,0,0,0,0,0,0,0
280107,2,1,1992,20,20,20,20,20,20,20,20,20,20
280108,1,1,1992,0,0,0,0,0,0,0,0,0,0
280109,1,1,1992,0,0,0,0,0,0,0,0,0,0
280110,1,1,1992,0,0,0,0,0,0,0,0,0,0
280110,2,1,1992,0,0,0,0,0,0,0,0,0,0
280111,0,1,1992,12,12,12,12,12,12,12,12,12,12
280111,1,1,1992,0,0,0,0,0,0,0,0,0,0
280112,1,1,1992,0,0,0,0,0,0,0,0,0,0
280113,1,1,1992,20,20,20,20,20,20,20,20,20,20
280113,2,1,1992,0,0,0,7,0,0,7,0,0,4
280114,1,1,1992,0,0,0,0,0,0,0,0,0,0
280114,2,1,1992,0,0,0,0,0,0,0,0,0,0
280115,1,1,1992,0,0,0,0,0,0,0,0,0,0
280116,1,1,1992,0,0,0,29,0,0,0,0,0,0
280117,1,1,1992,0,0,0,0,0,0,0,0,0,0
280117,2,1,1992,0,0,0,0,10,0,0,0,0,0
280118,1,1,1992,0,0,0,0,0,0,0,0,0,0
280118,2,1,1992,0,0,0,0,0,0,0,0,0,0
280120,0,1,1992,0,0,0,0,0,0,0,0,0,0
280120,1,1,1992,0,16,0,0,16,0,7,0,0,0
280121,1,1,1992,0,0,0,0,0,0,0,0,0,0
280121,2,1,1992,0,0,0,0,0,0,6,0,0,0
280122,1,1,1992,0,0,0,0,0,0,0,0,0,0
280123,1,1,1992,16,16,16,16,16,16,16,16,16,16
280123,2,1,1992,0,0,0,0,0,0,0,0,0,0
280124,1,1,1992,0,0,0,0,0,0,0,0,0,0
280124,2,1,1992,0,0,0,0,0,31,0,0,0,0
280125,1,1,1992,0,0,0,0,0,0,0,0,0,0
280126,1,1,1992,15,15,15,15,15,15,15,15,15,15
280127,1,1,1992,14,14,14,14,14,14,14,14,14,14
280128,0,1,1992,0,0,0,0,0,0,0,0,0,0
280128,1,1,1992,15,0,0,0,11,0,0,0,0,0
280129,0,1,1992,0,0,0,0,0,0,0,0,0,0
280129,1,1,1992,0,0,0,0,0,0,24,0,6,0
280130,1,1,1992,0,22,21,16,0,28,13,17,20,12
280131,1,1,1992,9,15,14,4,22,23,12,4,26,21
280132,1,1,1992,0,21,0,0,20,15,0,12,0,0
280133,1,1,1992,0,0,19,0,0,0,0,0,0,0
280134,1,1,1992,0,0,0,0,0,0,0,0,0,0
280134,2,1,1992,0,4,0,0,0,0,0,10,0,0
280135,1,1,1992,19,21,13,14,0,13,0,18,25,0
280136,1,1,1992,19,19,19,19,19,19,19,19,19,19
280137,0,1,1992,26,26,26,26,26,26,26,26,26,26
280137,1,1,1992,9,1,17,14,17,0,3,16,0,0
280138,1,1,1992,14,14,14,14,14,14,14,14,14,14
280139,1,1,1992,16,16,16,16,16,16,16,16,16,16
280140,1,1,1992,0,0,0,0,0,0,0,0,0,0
280140,2,1,1992,0,0,0,0,0,0,0,0,0,0
280141,1,1,1992,0,0,7,0,0,23,0,0,0,0
280141,2,1,1992,0,0,0,0,0,0,0,0,0,0
280142,1,1,1992,0,0,0,0,0,0,0,0,0,0
280142,2,1,1992,11,11,11,11,11,11,11,11,11,11
280143,1,1,1992,0,0,0,0,0,0,0,0,0,0
280143,2,1,1992,8,8,8,8,8,8,8,8,8,8
280144,1,1,1992,9,9,9,9,9,9,9,9,9,9
280144,2,1,1992,0,0,0,0,0,0,0,0,0,0
280145,1,1,1992,25,25,25,25,25,25,25,25,25,25
280146,1,1,1992,16,16,16,16,16,16,16,16,16,16
280147,1,1,1992,9,9,9,9,9,9,9,9,9,9
280148,1,1,1992,4,4,4,4,4,4,4,4,4,4
280149,1,1,1992,3,3,3,3,3,3,3,3,3,3
280150,1,1,1992,0,0,0,0,0,0,0,25,0,0
280150,2,1,1992,12,12,12,12,12,12,12,12,12,12
280151,1,1,1992,0,0,0,0,0,0,0,0,0,0
280152,0,1,1992,13,13,13,13,13,13,13,13,13,13
280152,1,1,1992,0,0,0,0,0,0,0,0,0,0
280153,1,1,1992,3,3,3,3,3,3,3,3,3,3
280153,2,1,1992,0,0,0,0,0,0,0,0,0,0
280154,1,1,1992,0,0,0,7,0,0,0,0,0,0
280155,1,1,1992,0,0,0,0,0,0,0,0,0,0
280156,1,1,1992,0,0,0,0,0,0,0,0,0,0
280157,1,1,1992,15,15,15,15,15,15,15,15,15,15
280157,2,1,1992,0,0,0,0,0,0,0,0,0,0
280158,1,1,1992,0,0,0,0,0,0,0,0,0,0
280159,1,1,1992,0,0,0,0,0,0,0,0,0,0
280159,2,1,1992,0,0,0,0,0,0,0,0,0,0
280160,1,1,1992,0,0,0,0,0,0,0,0,0,0
280160,2,1,1992,0,0,0,0,0,0,18,0,0,0
280161,1,1,1992,0,0,8,0,20,0,19,0,0,0
280162,1,1,1992,0,0,0,0,0,0,0,0,0,0
280163,1,1,1992,0,0,0,7,0,0,0,0,0,11
280163,2,1,1992,0,14,0,7,15,4,14,26,0,0
280164,1,1,1992,0,0,0,0,0,0,0,0,0,0
280165,1,1,1992,22,22,22,22,22,22,22,22,22,22
280166,1,1,1992,0,0,13,14,19,0,0,20,0,21
280167,1,1,1992,21,21,21,21,21,21,21,21,21,21
280168,1,1,1992,0,0,0,0,0,0,20,0,0,0
280168,2,1,1992,0,0,0,0,0,0,0,0,0,0
280169,1,1,1992,0,0,0,0,0,0,0,0,0,0
280170,1,1,1992,0,0,0,0,0,0,0,0,0,0
280170,2,1,1992,0,0,0,0,0,0,0,0,0,0
280170,3,1,1992,26,26,26,26,26,26,26,26,26,26
280171,0,1,1992,26,26,26,26,26,26,26,26,26,26
280171,1,1,1992,0,0,0,0,0,0,0,0,0,0
280172,1,1,1992,7,7,7,7,7,7,7,7,7,7
280174,1,1,1992,32,0,0,8,0,0,26,10,0,14
280174,2,1,1992,0,0,0,0,0,0,0,0,0,0
280175,1,1,1992,0,0,0,0,0,6,0,0,0,0
280175,2,1,1992,0,17,0,0,0,0,0,0,0,0
280176,1,1,1992,10,10,10,10,10,10,10,10,10,10
280176,2,1,1992,23,23,23,23,23,23,23,23,23,23
280177,1,1,1992,0,0,0,0,0,0,0,0,0,0
280177,2,1,1992,0,0,0,0,0,0,0,0,0,0
280178,1,1,1992,0,0,0,0,0,0,0,0,0,0
280178,2,1,1992,0,0,0,0,0,0,0,0,0,0
280179,1,1,1992,0,2,0,0,0,0,0,0,0,21
280180,1,1,1992,0,0,0,0,0,0,0,14,0,7
280181,1,1,1992,24,24,24,24,24,24,24,24,24,24
280182,1,1,1992,0,9,0,0,0,0,0,9,0,0
280182,2,1,1992,0,0,0,0,16,0,0,0,0,0
280183,1,1,1992,0,0,0,0,0,0,0,0,0,0
280183,2,1,1992,0,0,0,0,0,0,0,0,0,0
280183,3,1,1992,0,0,0,0,0,0,0,0,0,0
280184,1,1,1992,0,0,0,0,0,0,0,0,0,0
280184,2,1,1992,0,0,10,0,0,0,0,0,12,0
280185,1,1,1992,0,0,0,0,0,0,0,0,0,0
280186,1,1,1992,0,0,0,0,0,0,0,0,0,0
280186,2,1,1992,0,0,0,0,0,0,0,0,0,0
280187,0,1,1992,21,0,0,0,0,30,0,12,0,0
280187,1,1,1992,0,20,0,0,15,0,0,0,0,0
280188,1,1,1992,0,0,0,0,0,0,0,0,0,0
280189,1,1,1992,25,25,25,25,25,25,25,25,25,25
280190,1,1,1992,0,0,0,0,0,0,5,0,21,0
280190,2,1,1992,0,0,0,25,0,0,0,0,0,0
280191,1,1,1992,0,12,0,12,0,15,8,0,0,0
280191,2,1,1992,16,16,16,16,16,16,16,16,16,16
280192,1,1,1992,0,25,27,0,0,0,11,26,6,27
280193,1,1,1992,25,25,25,25,25,25,25,25,25,25
280193,2,1,1992,8,8,8,8,8,8,8,8,8,8
280194,1,1,1992,0,0,0,0,0,0,6,0,0,0
280195,0,1,1992,13,13,13,13,13,13,13,13,13,13
280195,1,1,1992,2,0,19,11,8,0,20,0,0,14
280196,1,1,1992,0,0,0,0,0,17,0,0,0,0
280197,1,1,1992,0,10,0,0,0,9,0,0,0,0
280197,2,1,1992,0,0,0,0,0,0,0,0,0,0
280198,1,1,1992,19,19,19,19,19,19,19,19,19,19
280198,2,1,1992,26,12,0,0,0,0,0,0,0,17
280199,1,1,1992,0,14,20,0,0,0,14,20,16,0
280200,1,1,1992,20,6,0,0,0,0,0,25,15,12
280201,0,1,1992,30,30,30,30,30,30,30,30,30,30
280201,1,1,1992,0,0,0,0,0,0,0,0,7,0
280202,1,1,1992,0,3,0,0,0,0,0,0,0,24
280203,1,1,1992,4,4,4,4,4,4,4,4,4,4
280204,0,1,1992,1,1,1,1,1,1,1,1,1,1
280204,1,1,1992,0,0,0,0,0,16,0,0,0,0
280205,1,1,1992,25,25,25,25,25,25,25,25,25,25
280206,1,1,1992,0,10,11,26,0,14,0,0,21,0
280206,2,1,1992,0,0,0,0,0,0,0,0,0,0
280207,1,1,1992,12,12,12,12,12,12,12,12,12,12
280208,1,1,1992,29,29,29,29,29,29,29,29,29,29
280209,1,1,1992,0,0,0,0,0,0,0,0,0,0
280210,1,1,1992,0,0,0,0,0,0,0,0,10,0
280210,2,1,1992,0,0,0,6,0,0,0,0,0,0
280211,1,1,1992,0,0,21,20,13,0,9,0,17,16
280211,2,1,1992,9,0,2,0,0,0,0,0,0,0
280212,1,1,1992,0,0,12,20,0,0,17,10,28,8
280213,1,1,1992,0,0,0,13,0,0,0,0,0,0
280214,1,1,1992,24,24,24,24,24,24,24,24,24,24
280215,1,1,1992,0,0,0,0,0,0,0,0,18,0
280215,2,1,1992,0,0,0,0,0,0,0,0,0,8
280216,1,1,1992,0,0,0,0,0,0,0,0,0,0
280217,1,1,1992,0,0,23,0,30,24,25,0,26,31
280218,1,1,1992,5,0,0,12,0,7,20,24,0,23
280218,2,1,1992,0,0,0,3,0,0,13,0,9,0
280219,0,1,1992,17,14,20,0,31,9,18,29,21,31
280219,1,1,1992,14,0,6,0,0,0,0,0,0,0
280220,1,1,1992,0,0,0,0,0,0,0,0,0,0
280220,2,1,1992,13,13,13,13,13,13,13,13,13,13
280221,1,1,1992,0,0,0,0,14,0,23,8,0,19
280222,1,1,1992,19,20,0,0,20,21,7,0,8,25
280223,1,1,1992,0,0,0,0,0,0,0,0,0,0
280224,1,1,1992,0,0,0,0,0,0,0,0,0,0
280224,2,1,1992,0,0,0,0,0,0,0,9,0,0
280225,1,1,1992,1,1,1,1,1,1,1,1,1,1
280226,1,1,1992,0,0,0,0,0,0,0,0,0,0
280226,2,1,1992,0,0,0,0,32,0,12,0,0,20
280227,1,1,1992,0,0,0,0,0,0,0,0,0,0
280227,2,1,1992,0,0,0,0,16,0,0,9,0,12
280228,1,1,1992,21,21,21,21,21,21,21,21,21,21
280229,1,1,1992,0,0,0,22,0,0,0,0,0,0
280229,2,1,1992,0,0,0,0,0,0,0,0,0,0
280230,1,1,1992,0,0,0,0,0,0,0,0,0,0
280230,2,1,1992,0,0,18,0,0,0,4,0,0,0
280231,1,1,1992,2,2,2,2,2,2,2,2,2,2
280232,1,1,1992,3,0,0,0,0,0,0,0,0,0
280234,1,1,1992,0,0,0,0,0,0,0,0,0,0
280234,2,1,1992,0,0,0,0,0,0,0,0,0,0
280235,1,1,1992,0,0,0,0,0,0,5,0,0,0
280235,2,1,1992,12,0,0,0,0,0,0,0,20,4
280236,1,1,1992,0,0,0,0,0,0,0,0,0,0
280236,2,1,1992,0,0,0,0,0,0,0,0,0,0
280236,3,1,1992,0,0,0,0,0,0,0,0,5,0
280238,1,1,1992,3,3,3,3,3,3,3,3,3,3
280239,1,1,1992,0,0,0,0,0,0,0,0,0,0
280239,2,1,1992,0,9,0,19,0,0,0,0,0,0
280240,1,1,1992,12,0,15,17,17,0,0,17,0,0
280241,1,1,1992,27,22,15,28,21,32,12,19,18,27
280242,1,1,1992,0,0,0,0,0,0,0,21,0,0
280242,2,1,1992,0,0,0,0,0,0,0,0,0,0
280243,1,1,1992,0,0,0,0,0,0,0,0,0,5
280243,2,1,1992,4,4,4,4,4,4,4,4,4,4
280244,1,1,1992,23,10,0,0,0,0,13,0,31,0
280245,1,1,1992,0,0,0,0,0,0,0,0,0,0
280245,2,1,1992,0,0,0,0,0,0,0,0,0,0
280246,1,1,1992,14,14,14,14,14,14,14,14,14,14
280247,1,1,1992,0,0,0,0,0,0,0,4,0,0
280247,2,1,1992,0,0,0,0,2,0,0,0,0,0
280248,1,1,1992,0,0,0,0,0,8,0,0,0,0
280248,2,1,1992,0,17,8,0,0,0,0,0,0,0
280249,0,1,1992,0,0,0,0,0,0,0,0,0,0
280249,1,1,1992,0,0,0,0,0,0,0,0,0,0
280250,0,1,1992,17,17,17,17,17,17,17,17,17,17
280250,1,1,1992,0,0,0,0,0,0,0,0,0,0
280251,1,1,1992,0,0,0,0,0,0,0,0,0,0
280252,1,1,1992,15,0,0,12,12,0,0,0,0,0
280253,1,1,1992,0,45,0,0,28,13,27,21,0,32
280254,1,1,1992,0,0,0,0,0,0,0,0,0,0
280254,2,1,1992,19,0,0,0,15,18,19,0,0,9
280256,1,1,1992,0,22,0,0,0,27,0,0,0,0
280257,1,1,1992,25,25,25,25,25,25,25,25,25,25
280258,0,1,1992,0,0,0,0,0,0,0,0,0,0
280258,1,1,1992,0,0,0,0,0,0,0,0,0,0
280259,1,1,1992,0,0,0,26,0,14,0,0,0,0
280260,1,1,1992,14,14,14,14,14,14,14,14,14,14
280260,2,1,1992,13,13,13,13,13,13,13,13,13,13
280261,1,1,1992,0,0,0,0,0,0,13,11,19,0
280262,1,1,1992,0,0,0,0,0,0,0,0,0,0
280262,2,1,1992,20,20,20,20,20,20,20,20,20,20
280264,0,1,1992,29,29,29,29,29,29,29,29,29,29
280264,1,1,1992,0,0,0,0,22,0,0,0,18,0
280265,1,1,1992,4,0,0,0,0,0,9,0,0,15
280266,1,1,1992,0,0,0,0,0,0,0,0,0,0
280267,1,1,1992,14,14,14,14,14,14,14,14,14,14
280267,2,1,1992,0,0,0,0,0,0,0,0,0,0
280268,1,1,1992,0,0,0,0,0,0,0,0,0,0
280269,1,1,1992,0,14,0,0,26,0,0,0,0,0
280270,0,1,1992,21,21,21,21,21,21,21,21,21,21
280270,1,1,1992,5,5,5,5,5,5,5,5,5,5
280271,1,1,1992,13,13,13,13,13,13,13,13,13,13
280272,0,1,1992,0,0,0,0,0,0,0,0,0,0
280272,1,1,1992,0,0,0,0,0,0,0,0,0,0
280273,0,1,1992,34,34,34,34,34,34,34,34,34,34
280273,1,1,1992,0,0,0,0,0,0,0,0,0,0
280274,1,1,1992,19,19,19,19,19,19,19,19,19,19
280275,1,1,1992,0,17,11,18,10,0,0,0,0,22
280276,1,1,1992,0,0,0,0,0,0,0,0,0,0
280276,2,1,1992,0,0,20,13,0,9,18,11,0,0
280277,1,1,1992,0,0,0,0,0,0,0,0,0,0
280277,2,1,1992,22,22,22,22,22,22,22,22,22,22
280278,1,1,1992,0,0,0,0,0,0,0,0,0,0
280279,1,1,1992,0,0,0,0,0,0,0,0,0,0
280280,1,1,1992,23,23,23,23,23,23,23,23,23,23
280281,1,1,1992,0,0,0,0,0,0,0,0,0,0
280282,1,1,1992,20,20,20,20,20,20,20,20,20,20
280283,1,1,1992,0,0,0,35,0,13,31,16,0,0
280284,1,1,1992,8,8,8,8,8,8,8,8,8,8
280285,1,1,1992,5,19,21,4,18,17,10,14,0,22
280285,2,1,1992,0,0,6,0,0,0,13,6,0,0
280286,1,1,1992,27,27,27,27,27,27,27,27,27,27
280287,1,1,1992,0,0,0,0,0,0,0,0,0,0
280288,1,1,1992,0,0,0,0,0,0,0,0,0,0
280289,1,1,1992,0,0,0,0,0,0,0,0,0,0
280290,1,1,1992,0,0,0,0,0,0,0,0,0,0
280291,1,1,1992,0,0,0,0,0,0,11,0,0,0
280291,2,1,1992,0,0,18,0,0,0,0,0,0,0
280292,1,1,1992,0,0,0,0,0,0,0,0,0,0
280293,1,1,1992,14,14,14,14,14,14,14,14,14,14
280294,1,1,1992,0,0,0,0,0,0,0,0,0,0
280295,1,1,1992,30,21,6,12,33,29,35,28,17,0
280296,1,1,1992,0,0,0,0,0,0,0,0,0,0
280296,2,1,1992,0,0,0,0,0,0,0,0,0,0
280296,3,1,1992,0,0,0,0,0,0,0,0,0,0
280297,1,1,1992,4,4,4,4,4,4,4,4,4,4
280297,2,1,1992,0,0,0,0,0,0,0,0,0,0
280298,1,1,1992,36,36,36,36,36,36,36,36,36,36
280299,1,1,1992,0,0,0,21,0,0,0,0,0,0
280300,1,1,1992,36,36,36,36,36,36,36,36,36,36
280301,1,1,1992,0,24,7,22,7,23,20,18,0,16
280302,1,1,1992,0,0,0,0,0,0,0,0,0,0
280303,1,1,1992,14,14,14,14,14,14,14,14,14,14
280304,1,1,1992,11,11,11,11,11,11,11,11,11,11
280305,1,1,1992,0,0,0,0,0,0,0,0,0,0
280305,2,1,1992,0,0,0,0,0,0,0,0,0,0
280306,1,1,1992,7,12,0,0,17,23,10,8,30,7
280307,0,1,1992,24,24,24,24,24,24,24,24,24,24
280307,1,1,1992,0,0,0,0,0,0,0,0,0,0
280308,1,1,1992,0,0,0,0,0,0,0,0,0,0
280308,2,1,1992,0,0,0,0,0,0,0,0,0,0
280309,1,1,1992,0,0,0,0,0,0,23,0,0,0
280309,2,1,1992,0,0,0,0,0,0,0,0,0,0
280310,1,1,1992,16,0,15,30,19,42,22,26,13,19
280311,1,1,1992,29,29,29,29,29,29,29,29,29,29
280312,1,1,1992,0,0,0,0,0,0,0,0,0,0
280312,2,1,1992,0,0,0,0,0,0,0,0,0,0
280313,1,1,1992,0,0,0,0,0,0,0,0,0,0
280313,2,1,1992,9,9,9,9,9,9,9,9,9,9
280314,1,1,1992,0,0,0,0,0,0,0,0,0,0
280315,1,1,1992,4,4,4,4,4,4,4,4,4,4
280316,1,1,1992,0,0,0,0,0,0,0,0,0,0
280316,2,1,1992,29,29,29,29,29,29,29,29,29,29
280317,1,1,1992,0,0,0,0,0,0,0,0,0,0
280317,2,1,1992,0,0,0,0,0,0,0,0,0,0
280318,1,1,1992,0,0,13,0,0,0,0,0,0,0
280318,2,1,1992,0,0,0,0,0,0,0,0,18,0
280319,1,1,1992,0,7,11,0,7,0,13,0,0,13
280319,2,1,1992,22,22,22,22,22,22,22,22,22,22
280320,1,1,1992,0,0,0,0,0,0,0,0,0,0
280321,1,1,1992,0,0,0,0,0,0,0,0,0,0
280321,2,1,1992,5,5,5,5,5,5,5,5,5,5
280322,0,1,1992,11,0,0,0,0,0,0,0,0,0
280322,1,1,1992,0,0,0,0,0,0,0,0,0,0
280323,1,1,1992,0,0,12,10,0,20,0,0,0,0
280324,0,1,1992,0,0,0,18,0,0,0,0,0,0
280324,1,1,1992,0,0,0,0,0,0,0,0,0,0
280325,1,1,1992,8,14,0,8,23,6,0,0,17,0
280326,1,1,1992,0,0,0,0,0,0,0,0,0,0
280326,2,1,1992,0,0,0,0,0,0,0,0,0,0
280327,1,1,1992,0,0,0,0,0,0,0,0,0,0
280327,2,1,1992,0,0,0,0,0,0,0,0,0,0
280328,1,1,1992,26,26,26,26,26,26,26,26,26,26
280329,1,1,1992,0,10,0,0,15,0,0,0,0,27
280329,2,1,1992,0,0,0,0,0,0,0,0,0,0
280330,1,1,1992,0,0,0,0,0,0,0,0,0,0
280330,2,1,1992,0,0,0,0,0,0,0,0,0,0
280331,1,1,1992,15,15,15,15,15,15,15,15,15,15
280332,1,1,1992,0,0,0,0,0,0,0,0,0,0
280333,1,1,1992,0,0,0,0,0,0,0,0,0,0
280333,2,1,1992,0,0,0,0,0,0,0,0,0,0
280335,1,1,1992,25,25,25,25,25,25,25,25,25,25
280335,2,1,1992,0,0,0,0,0,0,0,0,0,0
280336,1,1,1992,23,23,23,23,23,23,23,23,23,23
280337,1,1,1992,25,25,25,25,25,25,25,25,25,25
280338,1,1,1992,0,0,0,0,0,0,0,0,0,0
280338,2,1,1992,0,0,0,0,0,0,0,0,0,0
280339,1,1,1992,0,0,0,0,0,0,0,0,0,0
280339,2,1,1992,0,0,0,0,0,0,0,0,0,0
280340,1,1,1992,0,0,0,0,0,0,0,0,0,0
280341,1,1,1992,0,0,0,0,0,0,0,0,0,0
280341,2,1,1992,20,20,20,20,20,20,20,20,20,20
280342,0,1,1992,0,0,0,0,0,0,0,0,0,0
280342,1,1,1992,0,0,14,0,0,0,0,0,0,0
280343,1,1,1992,9,9,9,9,9,9,9,9,9,9
280344,1,1,1992,0,0,0,0,0,0,0,0,0,0
280344,2,1,1992,0,0,0,0,0,0,14,0,16,0
280345,1,1,1992,26,26,26,26,26,26,26,26,26,26
280346,1,1,1992,0,41,21,10,22,23,28,17,26,39
280347,1,1,1992,10,10,10,10,10,10,10,10,10,10
280348,1,1,1992,14,14,14,14,14,14,14,14,14,14
280348,2,1,1992,16,0,0,0,0,0,0,15,0,0
280349,1,1,1992,0,0,0,0,0,0,0,0,0,0
280349,2,1,1992,0,0,0,0,0,0,0,0,0,0
280350,1,1,1992,19,19,19,19,19,19,19,19,19,19
280350,2,1,1992,19,19,19,19,19,19,19,19,19,19
280351,0,1,1992,0,0,0,0,0,0,0,0,0,0
280351,1,1,1992,0,0,0,0,0,0,0,0,0,0
280352,1,1,1992,0,0,0,0,0,0,0,0,0,0
280352,2,1,1992,0,0,0,0,0,0,0,0,0,0
280353,1,1,1992,33,33,33,33,33,33,33,33,33,33
280354,1,1,1992,0,0,0,0,0,0,0,0,0,0
280355,1,1,1992,0,0,0,0,9,30,0,19,22,0
280357,1,1,1992,0,32,0,0,10,0,0,0,0,0
280358,0,1,1992,15,15,15,15,15,15,15,15,15,15
280358,1,1,1992,0,0,0,0,0,0,0,0,0,0
280359,1,1,1992,8,0,8,7,0,19,16,37,0,0
280360,1,1,1992,0,0,0,0,0,0,0,0,0,0
280361,1,1,1992,15,0,11,0,0,0,13,11,0,5
280362,1,1,1992,0,0,0,0,0,0,0,0,0,0
280362,2,1,1992,0,0,0,0,0,0,0,0,4,0
280363,1,1,1992,0,0,0,0,0,0,0,0,0,0
280364,1,1,1992,12,17,12,10,7,15,14,0,31,0
280365,1,1,1992,0,0,26,0,14,17,0,0,19,0
280366,1,1,1992,0,0,0,0,0,0,0,0,0,0
280366,2,1,1992,8,35,17,19,0,8,0,0,0,0
280367,1,1,1992,0,0,0,0,0,0,0,0,0,0
280367,2,1,1992,0,0,0,0,0,0,0,0,0,0
280368,1,1,1992,0,0,0,0,0,0,0,0,0,0
280369,1,1,1992,0,0,0,0,0,0,0,0,0,0
280369,2,1,1992,0,0,0,0,0,0,0,0,0,0
280370,1,1,1992,24,0,0,13,13,24,24,0,0,12
280371,1,1,1992,8,8,8,8,8,8,8,8,8,8
280372,1,1,1992,9,0,0,16,16,0,9,0,0,0
280372,2,1,1992,0,0,0,0,0,0,0,0,0,0
280373,1,1,1992,0,0,0,0,0,0,0,0,0,0
280373,2,1,1992,0,0,0,0,0,0,0,0,0,0
280374,1,1,1992,14,0,4,0,12,0,0,6,6,0
280374,2,1,1992,16,16,16,16,16,16,16,16,16,16
280375,1,1,1992,9,9,9,9,9,9,9,9,9,9
280376,1,1,1992,0,0,0,0,0,0,0,0,0,0
280376,2,1,1992,0,0,0,0,0,0,0,0,0,0
280377,1,1,1992,0,0,0,0,0,0,0,0,0,0
280378,0,1,1992,0,0,0,0,0,0,0,0,0,0
280378,1,1,1992,0,0,0,0,0,0,0,0,0,0
280379,1,1,1992,0,0,0,11,26,0,26,0,0,9
280379,2,1,1992,15,0,0,0,0,17,18,0,0,0
280380,0,1,1992,0,0,0,0,0,0,0,0,0,0
280380,1,1,1992,0,0,0,0,0,0,13,0,0,0
280381,1,1,1992,0,0,0,0,0,0,0,0,0,0
280382,0,1,1992,0,0,0,0,0,0,0,0,0,0
280382,1,1,1992,14,0,0,0,0,0,0,14,0,0
280383,1,1,1992,0,0,0,0,0,0,0,0,0,0
280384,1,1,1992,37,37,37,37,37,37,37,37,37,37
280385,1,1,1992,26,26,26,26,26,26,26,26,26,26
280386,1,1,1992,17,17,17,17,17,17,17,17,17,17
280387,1,1,1992,2,2,2,2,2,2,2,2,2,2
280387,2,1,1992,0,0,0,0,0,0,0,0,0,0
280388,1,1,1992,0,0,0,0,0,0,0,0,0,0
280389,1,1,1992,0,0,0,0,0,0,0,0,0,0
280390,1,1,1992,0,0,0,0,0,0,0,0,0,0
280390,2,1,1992,27,27,27,27,27,27,27,27,27,27
280390,3,1,1992,0,0,0,0,0,0,0,0,0,0
280391,1,1,1992,0,0,0,0,0,0,0,0,0,0
280391,2,1,1992,0,0,0,0,0,0,0,0,0,0
280392,1,1,1992,0,0,0,0,0,0,0,0,0,0
280392,2,1,1992,5,5,5,5,5,5,5,5,5,5
280393,1,1,1992,0,0,10,0,17,0,28,0,0,0
280393,2,1,1992,0,0,0,0,0,0,0,0,0,0
280393,3,1,1992,13,0,0,0,0,4,0,0,0,0
280394,1,1,1992,17,17,17,17,17,17,17,17,17,17
280395,1,1,1992,9,33,22,0,24,8,0,22,23,7
280396,1,1,1992,0,0,0,0,0,12,0,0,0,0
280396,2,1,1992,0,0,0,0,0,0,0,0,0,0
280397,0,1,1992,0,0,0,0,0,0,0,0,0,0
280397,1,1,1992,29,29,29,29,29,29,29,29,29,29
280398,1,1,1992,0,0,0,0,0,0,0,0,0,0