ST_CASE,VEH_NO,PER_NO,YEAR,P1,P2,P3,P4,P5,P6,P7,P8,P9,P10
290033,0,1,1992,0,0,21,0,0,0,0,0,0,0
290033,1,1,1992,0,0,0,0,0,0,0,0,0,0
290034,1,1,1992,15,11,16,9,23,24,24,12,12,13
290035,1,1,1992,0,0,0,0,0,0,0,0,0,0
290035,2,1,1992,18,0,0,0,0,0,0,0,0,0
290036,1,1,1992,23,20,32,16,10,13,16,18,28,13
290037,1,1,1992,0,0,0,0,0,0,0,0,0,0
290037,2,1,1992,0,0,0,0,0,0,0,0,0,0
290037,3,1,1992,0,0,0,0,0,0,0,0,0,0
290038,1,1,1992,23,23,23,23,23,23,23,23,23,23
290039,0,1,1992,10,10,10,10,10,10,10,10,10,10
290039,1,1,1992,0,7,9,0,0,14,0,14,0,0
290040,0,1,1992,24,24,24,24,24,24,24,24,24,24
290040,2,1,1992,8,21,22,15,14,12,19,12,9,15
290041,1,1,1992,23,23,23,23,23,23,23,23,23,23
290042,1,1,1992,0,0,0,0,0,0,0,0,0,0
290042,2,1,1992,0,0,0,0,0,0,0,0,0,0
290043,0,1,1992,0,0,0,0,9,0,0,0,13,10
290043,1,1,1992,0,20,10,14,11,0,0,0,16,0
290044,0,1,1992,3,3,3,3,3,3,3,3,3,3
290044,1,1,1992,0,0,0,0,0,4,0,0,0,0
290044,2,1,1992,0,0,0,0,0,0,0,0,22,0
290045,1,1,1992,0,11,19,0,10,0,25,0,17,0
290045,2,1,1992,15,15,15,15,15,15,15,15,15,15
290046,1,1,1992,0,0,0,0,16,0,0,0,0,0
290047,1,1,1992,0,0,0,0,0,0,0,0,0,0
290047,2,1,1992,0,0,0,0,0,0,0,0,0,0
290048,0,1,1992,0,0,0,0,18,0,0,0,0,0
290048,1,1,1992,0,0,0,0,0,0,0,0,0,0
290049,1,1,1992,0,0,0,0,0,0,0,0,0,0
290050,1,1,1992,15,15,15,15,15,15,15,15,15,15
290051,1,1,1992,20,20,20,20,20,20,20,20,20,20
290052,1,1,1992,0,0,0,0,0,0,0,0,0,0
290053,1,1,1992,0,0,0,0,0,0,0,0,0,0
290053,2,1,1992,0,0,0,0,0,0,0,0,0,0
290053,3,1,1992,0,0,0,0,0,0,0,0,0,0
290054,1,1,1992,16,16,16,16,16,16,16,16,16,16
290055,1,1,1992,0,0,0,0,0,0,0,0,0,0
290055,2,1,1992,0,0,0,0,0,0,0,0,0,0
290056,1,1,1992,0,0,0,0,0,0,0,0,0,0
290056,2,1,1992,0,0,0,0,0,0,0,0,0,0
290057,1,1,1992,0,0,16,0,0,0,0,0,0,0
290058,1,1,1992,2,0,0,0,0,13,2,0,12,16
290059,1,1,1992,23,23,23,23,23,23,23,23,23,23
290060,1,1,1992,0,0,0,0,0,0,16,0,0,0
290061,1,1,1992,30,30,30,30,30,30,30,30,30,30
290062,1,1,1992,0,0,0,0,0,0,0,0,0,0
290063,1,1,1992,0,0,0,0,0,0,0,0,0,0
290064,1,1,1992,0,0,0,0,0,0,0,0,0,0
290064,2,1,1992,0,0,0,0,0,0,0,0,0,0
290065,1,1,1992,0,0,0,0,0,0,0,0,0,0
290065,2,1,1992,0,0,0,0,0,0,0,0,0,0
290066,1,1,1992,9,9,9,9,9,9,9,9,9,9
290066,2,1,1992,0,0,0,0,0,0,0,0,0,0
290066,3,1,1992,0,0,0,0,0,0,0,0,0,0
290067,1,1,1992,0,8,0,11,18,0,22,10,23,18
290068,1,1,1992,0,0,0,0,5,0,15,0,0,0
290069,1,1,1992,0,0,0,0,0,0,0,0,0,0
290070,1,1,1992,15,15,15,15,15,15,15,15,15,15
290071,1,1,1992,0,0,0,0,0,0,0,0,0,0
290072,1,1,1992,25,25,25,25,25,25,25,25,25,25
290073,1,1,1992,0,0,0,0,0,0,0,0,0,0
290074,1,1,1992,0,0,0,0,0,0,0,0,0,0
290074,2,1,1992,0,0,0,0,0,0,0,0,0,0
290075,1,1,1992,0,7,0,0,0,0,0,0,0,0
290075,2,1,1992,0,0,0,0,0,0,0,0,0,0
290075,3,1,1992,0,0,0,0,0,0,0,0,0,0
290076,1,1,1992,0,0,0,0,0,0,0,0,0,0
290076,2,1,1992,0,0,0,0,0,0,0,0,0,0
290077,1,1,1992,3,3,3,3,3,3,3,3,3,3
290078,1,1,1992,26,26,26,26,26,26,26,26,26,26
290079,1,1,1992,0,0,0,0,0,0,0,0,9,0
290079,2,1,1992,0,0,0,19,13,0,0,0,0,17
290080,1,1,1992,38,16,20,0,0,20,10,9,0,0
290080,2,1,1992,0,0,0,0,0,0,0,0,0,0
290081,1,1,1992,0,0,0,0,0,0,0,0,0,0
290082,1,1,1992,0,0,0,0,0,0,0,0,0,0
290082,2,1,1992,0,0,0,0,0,0,0,0,0,0
290083,1,1,1992,25,0,15,0,0,0,0,0,0,0
290083,2,1,1992,0,0,0,0,0,0,0,0,0,0
290084,1,1,1992,10,0,0,0,0,0,12,0,0,0
290085,1,1,1992,35,23,13,16,22,16,36,24,39,19
290086,1,1,1992,0,0,0,0,0,0,0,0,0,0
290086,2,1,1992,0,0,0,0,0,0,0,0,0,0
290087,1,1,1992,0,0,0,0,0,0,17,2,0,0
290087,2,1,1992,19,19,19,19,19,19,19,19,19,19
290088,1,1,1992,24,24,24,24,24,24,24,24,24,24
290089,1,1,1992,9,4,17,26,24,21,19,20,9,22
290090,1,1,1992,0,0,0,0,0,0,0,0,0,0
290090,2,1,1992,0,0,0,0,0,0,0,0,0,0
290091,1,1,1992,0,0,0,0,0,0,0,0,0,0
290092,1,1,1992,40,40,40,40,40,40,40,40,40,40
290093,1,1,1992,1,1,1,1,1,1,1,1,1,1
290094,1,1,1992,0,0,0,0,0,0,0,0,0,0
290095,0,1,1992,25,25,25,25,25,25,25,25,25,25
290095,1,1,1992,0,0,0,0,0,0,0,4,0,7
290096,0,1,1992,0,0,0,0,0,0,0,0,0,0
290096,1,1,1992,0,0,4,0,0,8,0,0,13,0
290097,1,1,1992,0,0,0,0,0,0,0,0,0,0
290098,1,1,1992,7,7,7,7,7,7,7,7,7,7
290099,1,1,1992,0,0,0,0,0,0,0,0,0,0
290099,2,1,1992,0,0,0,0,0,0,0,0,0,0
290100,1,1,1992,14,14,14,14,14,14,14,14,14,14
290101,1,1,1992,0,0,0,0,0,0,0,0,0,0
290102,1,1,1992,6,6,12,6,0,18,0,14,16,20
290102,2,1,1992,0,0,0,0,0,0,0,0,18,21
290102,3,1,1992,13,0,0,9,11,0,0,0,11,10
290102,4,1,1992,0,0,0,0,21,0,0,0,22,0
290103,0,1,1992,0,0,0,0,0,0,0,0,0,0
290103,0,2,1992,0,0,0,0,0,0,0,0,23,0
290103,1,1,1992,0,4,0,0,20,9,0,0,0,11
290104,1,1,1992,0,19,10,11,5,12,31,10,18,0
290105,1,1,1992,17,8,10,15,26,25,22,16,14,11
290106,1,1,1992,12,32,15,9,24,22,26,7,8,17
290107,1,1,1992,32,18,26,6,10,10,12,16,18,11
290107,2,1,1992,0,0,0,0,0,0,0,0,0,0
290108,1,1,1992,0,0,0,10,0,0,0,0,0,18
290108,2,1,1992,0,0,0,0,0,0,13,0,0,0
290109,1,1,1992,0,0,0,0,0,0,0,0,0,0
290109,2,1,1992,0,0,8,0,26,0,0,0,0,0
290110,1,1,1992,0,0,0,0,0,0,0,0,0,0
290110,2,1,1992,0,0,0,0,0,0,0,0,0,0
290111,1,1,1992,0,0,0,0,0,0,20,0,0,0
290111,2,1,1992,0,0,0,0,0,15,0,0,0,0
290112,1,1,1992,0,0,0,0,0,0,0,0,0,0
290112,2,1,1992,0,0,0,0,0,0,0,0,0,0
290113,1,1,1992,0,0,0,0,0,0,0,0,0,0
290113,2,1,1992,0,0,0,0,0,0,0,0,0,0
290114,1,1,1992,0,21,0,0,22,0,14,0,0,0
290115,1,1,1992,20,20,20,20,20,20,20,20,20,20
290116,1,1,1992,7,7,7,7,7,7,7,7,7,7
290117,1,1,1992,39,39,39,39,39,39,39,39,39,39
290118,1,1,1992,0,0,0,0,0,0,0,0,0,0
290119,1,1,1992,0,0,14,5,0,18,0,0,8,13
290120,1,1,1992,34,34,34,34,34,34,34,34,34,34
290121,1,1,1992,0,0,0,0,0,8,0,0,0,14
290122,1,1,1992,24,24,24,24,24,24,24,24,24,24
290123,1,1,1992,0,0,0,0,0,0,0,0,0,0
290123,2,1,1992,0,0,0,0,0,0,0,0,0,0
290124,1,1,1992,17,17,17,17,17,17,17,17,17,17
290125,1,1,1992,0,0,20,0,0,0,0,18,0,0
290125,2,1,1992,0,0,0,0,9,0,0,0,0,0
290125,3,1,1992,0,0,4,23,0,0,0,0,0,0
290126,1,1,1992,8,0,9,8,15,12,6,15,13,7
290127,1,1,1992,26,26,26,26,26,26,26,26,26,26
290128,1,1,1992,0,0,0,0,0,0,0,0,0,0
290129,1,1,1992,0,0,0,0,0,0,0,0,0,0
290129,2,1,1992,0,0,0,0,0,0,0,0,0,0
290130,1,1,1992,0,8,0,0,0,0,0,8,0,0
290130,2,1,1992,0,0,0,0,0,0,0,0,0,0
290131,1,1,1992,28,19,21,11,39,28,18,19,14,32
290132,1,1,1992,0,0,0,0,0,0,0,0,0,0
290132,2,1,1992,3,3,3,3,3,3,3,3,3,3
290132,3,1,1992,0,0,0,0,0,0,0,0,0,0
290133,1,1,1992,0,0,0,0,0,0,0,0,0,0
290134,1,1,1992,23,23,23,23,23,23,23,23,23,23
290135,1,1,1992,23,23,23,23,23,23,23,23,23,23
290136,1,1,1992,0,18,4,0,21,0,14,9,13,0
290137,1,1,1992,0,0,0,0,0,0,0,0,0,0
290137,2,1,1992,0,0,0,10,0,0,0,0,0,0
290138,1,1,1992,0,0,0,0,0,0,0,0,0,0
290139,1,1,1992,0,0,0,0,0,0,16,0,0,24
290139,2,1,1992,0,0,0,0,0,0,0,0,0,0
290140,1,1,1992,21,21,21,21,21,21,21,21,21,21
290141,0,1,1992,0,0,0,0,0,0,0,0,0,0
290141,1,1,1992,9,0,0,0,0,0,0,0,0,0
290142,1,1,1992,0,0,0,0,0,0,0,0,0,0
290143,1,1,1992,33,11,12,8,16,11,21,17,24,9
290144,0,1,1992,0,0,0,0,0,0,0,0,0,0
290144,1,1,1992,0,0,0,0,0,0,0,0,0,0
290145,0,1,1992,14,0,23,0,16,0,13,0,0,0
290145,1,1,1992,0,0,0,0,0,0,0,0,0,0
290146,1,1,1992,0,0,0,0,0,0,0,0,0,0
290146,2,1,1992,0,0,0,0,0,0,0,0,0,0
290147,1,1,1992,0,10,4,17,14,8,19,14,20,8
290148,1,1,1992,0,0,0,0,0,0,0,0,0,0
290148,2,1,1992,0,0,11,0,0,0,0,0,0,0
290149,0,1,1992,0,0,0,0,0,0,0,0,0,0
290149,1,1,1992,0,0,0,0,0,0,0,13,0,22
290150,1,1,1992,5,5,5,5,5,5,5,5,5,5
290151,1,1,1992,49,20,8,10,24,10,28,0,8,7
290152,1,1,1992,0,18,0,0,0,0,0,0,0,0
290152,2,1,1992,0,0,0,0,0,0,0,0,0,0
290153,1,1,1992,9,0,0,0,0,0,0,0,0,0
290154,0,1,1992,17,17,17,17,17,17,17,17,17,17
290154,1,1,1992,0,0,0,0,0,0,13,0,0,0
290155,1,1,1992,0,0,0,0,0,0,0,0,0,0
290155,2,1,1992,0,0,0,0,0,0,0,0,0,0
290155,3,1,1992,0,0,0,0,0,0,0,0,0,0
290156,1,1,1992,0,0,0,0,13,0,0,0,0,0
290156,2,1,1992,0,0,0,0,0,0,0,0,0,0
290157,1,1,1992,25,31,14,4,21,18,0,27,23,30
290158,0,1,1992,0,0,0,0,0,0,0,0,0,0
290158,1,1,1992,0,0,0,0,0,0,8,21,10,0
290159,1,1,1992,1,1,1,1,1,1,1,1,1,1
290160,0,1,1992,0,0,0,0,0,0,0,0,0,0
290160,1,1,1992,0,32,9,0,24,18,0,31,0,10
290161,1,1,1992,20,20,20,20,20,20,20,20,20,20
290162,0,1,1992,32,13,19,20,19,17,23,0,32,10
290162,1,1,1992,0,0,0,15,8,0,0,0,19,12
290163,1,1,1992,30,21,12,0,16,8,28,15,40,0
290164,1,1,1992,23,23,23,23,23,23,23,23,23,23
290164,2,1,1992,0,11,0,0,0,0,0,0,0,3
290165,1,1,1992,14,14,19,7,5,19,15,13,24,12
290166,1,1,1992,0,0,0,0,0,0,0,0,0,0
290167,1,1,1992,17,17,17,17,17,17,17,17,17,17
290168,1,1,1992,0,0,0,0,0,0,0,0,0,0
290169,1,1,1992,20,20,20,20,20,20,20,20,20,20
290170,1,1,1992,26,26,26,26,26,26,26,26,26,26
290171,1,1,1992,21,21,21,21,21,21,21,21,21,21
290171,2,1,1992,18,15,15,17,30,25,18,13,12,14
290172,1,1,1992,14,19,9,27,25,26,27,6,17,14
290173,1,1,1992,0,0,0,0,0,0,0,0,0,0
290173,2,1,1992,0,0,0,0,0,0,0,0,0,0
290174,0,1,1992,0,0,0,0,0,0,0,0,0,0
290174,1,1,1992,0,0,0,0,0,0,0,0,0,0
290175,1,1,1992,11,15,37,15,7,0,16,13,18,12
290176,1,1,1992,7,0,0,35,7,17,18,0,0,0
290177,1,1,1992,10,10,10,10,10,10,10,10,10,10
290178,1,1,1992,0,0,0,0,0,0,0,0,0,0
290178,2,1,1992,0,0,0,0,0,0,0,0,0,0
290179,1,1,1992,0,21,16,21,0,0,0,14,0,0
290179,2,1,1992,0,0,0,14,0,0,10,0,0,0
290180,1,1,1992,0,0,0,0,0,0,0,0,0,0
290181,1,1,1992,5,5,5,5,5,5,5,5,5,5
290182,1,1,1992,17,17,17,17,17,17,17,17,17,17
290183,1,1,1992,25,25,25,25,25,25,25,25,25,25
290184,1,1,1992,2,2,2,2,2,2,2,2,2,2
290184,2,1,1992,0,0,0,0,0,0,0,0,0,0
290185,1,1,1992,30,30,30,30,30,30,30,30,30,30
290185,2,1,1992,0,0,0,0,0,0,0,0,0,0
290186,1,1,1992,0,0,0,0,0,0,0,0,0,0
290187,1,1,1992,0,0,0,0,0,0,0,0,0,0
290187,2,1,1992,0,0,0,0,0,0,0,0,7,0
290188,1,1,1992,0,0,0,0,0,0,0,0,0,0
290188,2,1,1992,0,0,0,0,0,0,23,0,0,0
290189,1,1,1992,29,29,29,29,29,29,29,29,29,29
290190,1,1,1992,17,23,18,38,24,34,25,12,31,15
290191,1,1,1992,8,0,0,0,0,0,0,13,0,0
290191,2,1,1992,0,0,23,0,17,0,0,0,0,0
290192,1,1,1992,0,0,0,0,0,0,0,0,0,0
290192,2,1,1992,0,0,0,0,0,0,0,0,0,0
290192,3,1,1992,0,0,7,0,0,0,0,6,0,0
290193,1,1,1992,0,0,0,0,0,0,0,0,0,0
290194,1,1,1992,0,0,12,10,0,0,0,0,0,0
290194,2,1,1992,0,2,18,9,0,0,0,0,0,0
290195,1,1,1992,5,5,5,5,5,5,5,5,5,5
290195,2,1,1992,0,0,0,0,0,0,0,0,0,0
290195,3,1,1992,0,0,0,0,0,0,0,0,0,0
290196,1,1,1992,25,25,25,25,25,25,25,25,25,25
290197,1,1,1992,16,20,11,2,18,14,15,18,12,5
290197,2,1,1992,0,0,0,0,0,0,0,0,0,0
290197,3,1,1992,0,0,15,0,0,14,0,0,3,0
290198,1,1,1992,0,0,0,0,0,0,0,0,0,2
290198,2,1,1992,0,0,0,0,0,0,0,0,0,0
290199,1,1,1992,25,25,25,25,25,25,25,25,25,25
290199,2,1,1992,0,0,0,0,0,0,0,0,0,0
290200,1,1,1992,0,21,33,14,0,0,0,9,9,20
290201,1,1,1992,32,32,32,32,32,32,32,32,32,32
290201,2,1,1992,0,0,0,0,0,0,0,0,0,0
290202,1,1,1992,0,0,0,0,0,0,0,0,0,0
290202,2,1,1992,0,0,0,0,0,0,0,0,0,0
290203,1,1,1992,0,20,0,24,21,15,14,0,0,28
290204,1,1,1992,0,0,0,0,0,0,0,0,0,0
290204,2,1,1992,0,0,0,0,0,0,0,0,0,0
290204,3,1,1992,0,0,0,0,0,0,0,0,0,0
290205,1,1,1992,16,16,16,16,16,16,16,16,16,16
290206,1,1,1992,14,14,14,14,14,14,14,14,14,14
290207,1,1,1992,21,21,21,21,21,21,21,21,21,21
290208,1,1,1992,0,0,0,0,0,0,0,0,0,0
290209,1,1,1992,20,5,0,9,11,9,0,7,18,15
290211,1,1,1992,0,0,0,0,0,0,0,0,0,0
290211,2,1,1992,0,0,0,0,0,0,0,0,0,0
290212,1,1,1992,17,17,17,17,17,17,17,17,17,17
290212,2,1,1992,0,0,0,0,0,0,0,0,0,0
290213,1,1,1992,0,0,17,7,0,19,5,11,0,9
290214,1,1,1992,26,26,26,26,26,26,26,26,26,26
290215,1,1,1992,19,13,28,14,7,17,0,7,18,15
290215,2,1,1992,0,0,0,0,0,0,0,0,0,0
290216,1,1,1992,0,28,0,0,17,24,24,25,0,17
290217,1,1,1992,0,0,0,0,2,0,0,0,0,0
290218,1,1,1992,0,20,0,0,11,0,0,0,0,0
290218,2,1,1992,0,0,0,0,0,0,0,0,0,0
290219,1,1,1992,0,0,0,0,10,0,0,12,11,0
290219,2,1,1992,0,15,0,0,0,0,0,0,0,6
290220,1,1,1992,0,0,0,0,0,0,0,0,0,0
290220,2,1,1992,0,0,0,0,0,0,0,0,0,0
290221,1,1,1992,0,0,0,16,0,0,0,0,0,0
290221,2,1,1992,0,0,20,0,0,0,0,0,0,0
290222,1,1,1992,17,0,0,5,0,11,0,0,22,0
290222,2,1,1992,0,0,0,0,0,0,0,0,0,0
290223,1,1,1992,0,0,0,0,0,0,0,0,0,0
290223,2,1,1992,0,0,0,18,0,4,0,0,0,16
290224,1,1,1992,18,18,18,18,18,18,18,18,18,18
290225,0,1,1992,0,0,0,0,0,0,0,0,0,0
290225,1,1,1992,0,0,0,12,0,0,0,0,0,0
290226,1,1,1992,0,0,0,0,0,0,0,0,0,0
290227,1,1,1992,4,0,16,0,0,6,15,0,0,0
290228,1,1,1992,7,0,17,0,10,0,0,0,7,0
290229,1,1,1992,0,0,0,0,0,0,0,0,0,0
290230,0,1,1992,0,0,0,0,0,0,0,0,0,0
290230,1,1,1992,0,0,0,0,0,0,0,11,0,0
290231,1,1,1992,0,0,0,0,0,0,0,0,0,0
290232,0,1,1992,0,0,0,0,0,0,0,22,0,0
290232,1,1,1992,0,0,0,0,0,0,0,0,0,0
290233,1,1,1992,0,0,0,0,9,0,0,0,0,0
290233,2,1,1992,0,0,0,0,0,0,0,0,0,0
290234,1,1,1992,0,0,0,0,0,0,0,0,0,0
290234,2,1,1992,0,0,0,0,0,0,0,0,0,0
290235,1,1,1992,33,33,33,33,33,33,33,33,33,33
290235,2,1,1992,0,3,0,0,0,0,0,0,0,0
290236,1,1,1992,13,19,20,24,15,27,19,33,22,21
290237,1,1,1992,0,0,0,0,0,0,0,0,0,0
290237,2,1,1992,0,0,0,0,0,0,0,0,0,0
290238,1,1,1992,0,0,0,0,0,0,0,0,0,23
290238,2,1,1992,0,0,0,0,0,11,0,0,0,0
290239,1,1,1992,0,0,0,0,0,0,0,0,0,0
290240,0,1,1992,0,0,0,0,0,0,0,0,0,0
290240,1,1,1992,0,0,0,0,0,0,0,0,0,0
290241,1,1,1992,0,0,0,0,0,0,0,0,0,0
290241,2,1,1992,36,36,36,36,36,36,36,36,36,36
290242,1,1,1992,0,0,0,0,0,0,0,0,0,0
290242,2,1,1992,12,0,0,0,0,0,0,7,0,0
290244,1,1,1992,0,0,0,0,0,0,0,0,0,0
290244,2,1,1992,0,0,0,0,0,12,13,21,0,16
290245,1,1,1992,28,28,28,28,28,28,28,28,28,28
290245,2,1,1992,0,0,0,0,0,0,0,0,0,0
290246,1,1,1992,0,0,0,0,0,0,0,0,0,0
290246,2,1,1992,26,26,26,26,26,26,26,26,26,26
290247,1,1,1992,0,0,0,15,0,0,0,0,16,22
290248,1,1,1992,0,0,0,0,0,0,0,0,0,0
290248,2,1,1992,0,0,0,0,0,0,0,0,0,0
290249,1,1,1992,26,26,26,26,26,26,26,26,26,26
290249,2,1,1992,7,18,0,0,0,0,0,0,0,0
290250,1,1,1992,0,0,0,0,0,0,0,0,0,0
290250,2,1,1992,0,0,0,0,0,0,0,0,0,0
290251,1,1,1992,0,0,0,0,0,0,0,0,0,0
290252,1,1,1992,0,0,0,0,0,0,22,33,9,23
290253,1,1,1992,0,0,0,0,0,0,0,0,0,0
290253,2,1,1992,0,0,0,0,0,0,0,0,0,0
290254,1,1,1992,0,0,0,0,0,0,0,0,0,0
290255,1,1,1992,26,26,26,26,26,26,26,26,26,26
290256,1,1,1992,23,0,16,0,0,0,0,0,0,0
290257,0,1,1992,2,2,2,2,2,2,2,2,2,2
290257,1,1,1992,25,0,0,0,16,0,0,0,0,0
290258,1,1,1992,16,16,16,16,16,16,16,16,16,16
290258,2,1,1992,22,0,0,0,0,0,0,0,8,0
290259,1,1,1992,6,6,6,6,6,6,6,6,6,6
290260,1,1,1992,10,10,10,10,10,10,10,10,10,10
290260,2,1,1992,0,0,0,0,0,0,0,0,0,0
290260,3,1,1992,0,5,4,0,0,0,0,0,0,0
290261,1,1,1992,11,0,0,0,0,0,0,14,0,0
290263,1,1,1992,0,0,0,0,0,0,0,0,0,0
290263,2,1,1992,0,9,0,0,0,0,0,0,8,0
290264,1,1,1992,0,0,0,0,0,0,0,0,0,0
290264,2,1,1992,0,0,0,0,0,0,9,0,0,0
290265,1,1,1992,1,1,1,1,1,1,1,1,1,1
290266,1,1,1992,25,25,25,25,25,25,25,25,25,25
290267,1,1,1992,0,0,0,0,0,0,0,0,0,0
290268,1,1,1992,0,0,0,0,0,0,0,0,0,0
290268,2,1,1992,0,0,0,0,0,0,0,0,0,0
290269,1,1,1992,0,0,0,0,6,0,0,0,0,0
290269,2,1,1992,0,0,0,0,0,0,0,0,0,0
290270,1,1,1992,26,26,26,26,26,26,26,26,26,26
290271,1,1,1992,3,3,3,3,3,3,3,3,3,3
290271,2,1,1992,0,0,0,0,0,10,16,2,0,8
290272,0,1,1992,0,0,0,0,0,0,0,0,0,0
290272,1,1,1992,0,0,0,0,0,0,0,0,0,0
290273,1,1,1992,20,20,20,20,20,20,20,20,20,20
290274,1,1,1992,0,20,18,0,0,0,18,17,0,0
290275,1,1,1992,0,18,9,11,21,11,10,16,0,0
290275,2,1,1992,0,0,0,0,0,0,0,0,0,0
290276,1,1,1992,29,29,29,29,29,29,29,29,29,29
290278,1,1,1992,18,24,9,16,14,16,10,28,13,10
290279,1,1,1992,0,0,0,0,0,0,0,0,21,0
290280,1,1,1992,0,0,0,0,0,0,0,0,0,0
290280,2,1,1992,0,0,0,0,0,0,0,0,0,0
290281,1,1,1992,18,18,18,18,18,18,18,18,18,18
290282,1,1,1992,0,0,19,15,26,0,0,0,0,0
290283,1,1,1992,34,34,34,34,34,34,34,34,34,34
290283,2,1,1992,25,0,0,0,0,0,0,24,28,8
290284,1,1,1992,15,15,15,15,15,15,15,15,15,15
290284,2,1,1992,0,0,0,0,0,0,26,0,0,0
290286,1,1,1992,0,0,0,0,0,0,0,0,0,0
290287,1,1,1992,0,0,0,0,0,0,0,11,0,0
290287,2,1,1992,0,0,0,0,0,0,0,0,0,0
290287,3,1,1992,0,0,0,0,0,0,0,0,0,0
290288,1,1,1992,16,16,16,16,16,16,16,16,16,16
290289,1,1,1992,0,0,0,0,0,0,0,0,0,0
290290,1,1,1992,0,0,0,0,0,0,0,0,0,0
290290,2,1,1992,21,29,4,0,17,29,0,16,9,7
290291,1,1,1992,13,13,13,13,13,13,13,13,13,13
290291,2,1,1992,6,14,27,19,16,24,21,0,15,13
290292,1,1,1992,0,0,0,0,0,0,0,0,0,0
290292,2,1,1992,0,0,0,0,0,0,0,0,0,0
290293,1,1,1992,14,14,14,14,14,14,14,14,14,14
290293,2,1,1992,0,0,0,0,7,0,0,0,0,0
290294,1,1,1992,3,3,3,3,3,3,3,3,3,3
290295,1,1,1992,0,6,13,7,11,0,13,0,0,6
290296,1,1,1992,0,0,0,0,0,0,0,0,0,0
290296,2,1,1992,0,0,0,0,0,0,0,0,0,0
290297,1,1,1992,0,0,0,0,0,0,0,0,0,0
290297,2,1,1992,0,0,0,0,0,0,0,0,0,0
290298,1,1,1992,0,0,0,0,0,0,0,0,0,0
290298,2,1,1992,0,0,0,0,0,0,0,0,0,0
290299,1,1,1992,4,13,21,12,11,12,14,8,10,9
290299,2,1,1992,3,3,3,3,3,3,3,3,3,3
290300,1,1,1992,0,0,0,0,0,0,0,0,0,0
290301,1,1,1992,26,26,26,26,26,26,26,26,26,26
290302,1,1,1992,0,0,0,0,0,0,0,0,0,0
290303,1,1,1992,17,17,17,17,17,17,17,17,17,17
290304,0,1,1992,0,0,0,0,0,0,0,0,0,0
290304,1,1,1992,0,0,0,0,0,0,0,0,0,0
290305,1,1,1992,0,0,0,0,0,6,0,0,18,16
290306,1,1,1992,16,16,16,16,16,16,16,16,16,16
290307,1,1,1992,0,0,0,0,0,0,0,0,0,0
290307,2,1,1992,10,0,0,9,0,0,9,0,5,0
290308,1,1,1992,35,35,35,35,35,35,35,35,35,35
290309,1,1,1992,0,0,0,0,0,7,12,0,0,0
290309,2,1,1992,0,0,0,0,0,0,0,0,0,0
290310,1,1,1992,19,19,19,19,19,19,19,19,19,19
290311,1,1,1992,25,16,13,17,9,12,11,9,11,5
290311,2,1,1992,0,0,0,0,0,0,0,0,0,0
290312,1,1,1992,0,0,5,0,0,0,0,0,0,0
290312,2,1,1992,0,0,0,0,0,0,0,0,0,0
290313,1,1,1992,7,7,7,7,7,7,7,7,7,7
290313,2,1,1992,0,0,0,0,36,21,0,0,0,0
290314,1,1,1992,24,24,24,24,24,24,24,24,24,24
290315,1,1,1992,8,8,8,8,8,8,8,8,8,8
290315,2,1,1992,0,0,0,0,0,0,0,0,0,0
290316,1,1,1992,13,13,13,13,13,13,13,13,13,13
290317,1,1,1992,23,23,23,23,23,23,23,23,23,23
290318,1,1,1992,0,0,0,4,0,0,0,0,10,0
290318,2,1,1992,0,0,0,0,0,0,0,0,0,0
290319,1,1,1992,11,2,15,14,7,0,11,6,22,12
290320,1,1,1992,0,15,24,10,11,0,19,0,10,26
290321,1,1,1992,0,0,0,0,0,0,0,0,0,0
290322,0,1,1992,0,0,0,0,0,0,0,0,0,0
290322,1,1,1992,0,0,0,0,0,0,0,0,0,0
290323,1,1,1992,0,0,17,0,0,0,0,12,0,0
290323,2,1,1992,0,0,0,0,0,0,0,0,0,0
290324,1,1,1992,9,9,9,9,9,9,9,9,9,9
290324,2,1,1992,0,0,0,0,0,0,0,0,15,0
290324,3,1,1992,0,0,0,0,0,0,0,0,0,0
290325,1,1,1992,23,23,23,23,23,23,23,23,23,23
290326,1,1,1992,25,25,25,25,25,25,25,25,25,25
290327,1,1,1992,0,0,0,0,0,0,0,0,0,0
290328,1,1,1992,0,0,0,0,0,0,0,0,0,0
290328,2,1,1992,0,0,0,0,0,0,0,0,0,0
290329,1,1,1992,0,0,0,0,0,0,0,0,0,0
290329,2,1,1992,0,0,0,0,0,0,0,0,0,0
290329,3,1,1992,0,0,0,0,0,0,0,27,0,0
290330,1,1,1992,0,0,0,1,0,5,0,3,0,0
290330,2,1,1992,0,0,0,0,0,0,0,0,0,0