ST_CASE,VEH_NO,PER_NO,YEAR,P1,P2,P3,P4,P5,P6,P7,P8,P9,P10
290331,1,1,1992,7,7,7,7,7,7,7,7,7,7
290332,1,1,1992,0,0,0,0,0,0,0,0,0,0
290333,1,1,1992,0,0,0,0,0,0,0,0,0,0
290334,1,1,1992,1,1,1,1,1,1,1,1,1,1
290334,2,1,1992,0,0,0,0,0,0,0,0,0,0
290335,1,1,1992,0,0,0,0,0,0,0,0,0,0
290336,1,1,1992,15,15,15,15,15,15,15,15,15,15
290337,1,1,1992,0,0,0,0,0,0,0,0,0,0
290337,2,1,1992,0,0,0,13,0,19,0,0,0,0
290338,1,1,1992,0,0,0,15,0,0,0,0,0,0
290338,2,1,1992,14,14,14,14,14,14,14,14,14,14
290339,0,1,1992,0,0,0,0,0,0,0,0,0,0
290339,1,1,1992,0,0,0,0,0,0,0,0,0,0
290339,2,1,1992,0,0,0,0,0,0,0,0,0,0
290341,1,1,1992,0,0,0,0,0,8,0,0,0,0
290342,1,1,1992,0,0,0,0,0,0,0,0,0,0
290343,1,1,1992,43,43,43,43,43,43,43,43,43,43
290343,2,1,1992,0,0,0,0,6,0,0,0,0,0
290344,0,1,1992,0,0,0,0,0,0,0,0,0,0
290344,1,1,1992,0,0,0,0,0,0,0,0,0,0
290345,1,1,1992,0,0,0,0,0,0,0,0,0,0
290346,1,1,1992,0,0,0,0,0,0,0,0,0,0
290346,2,1,1992,27,27,27,27,27,27,27,27,27,27
290347,0,1,1992,0,0,0,0,0,0,0,6,0,0
290347,1,1,1992,0,0,0,0,0,0,0,12,0,0
290348,0,1,1992,0,0,0,0,0,0,0,0,0,0
290348,1,1,1992,0,0,0,0,0,0,0,0,0,0
290349,1,1,1992,0,0,0,0,0,0,0,0,0,0
290350,1,1,1992,15,4,37,18,25,13,18,31,19,17
290351,1,1,1992,0,0,0,0,0,0,0,0,0,0
290351,2,1,1992,0,0,0,0,0,0,0,0,0,0
290351,3,1,1992,0,0,0,0,0,0,0,0,0,0
290351,4,1,1992,0,0,0,0,0,0,0,0,0,0
290351,5,1,1992,0,0,9,0,0,0,0,0,0,0
290352,1,1,1992,0,0,0,0,0,0,0,0,0,0
290352,2,1,1992,0,0,0,0,0,0,0,0,0,12
290353,0,1,1992,0,0,0,0,0,0,0,0,0,0
290353,1,1,1992,0,0,0,0,0,0,0,0,0,0
290354,1,1,1992,0,0,0,0,0,0,0,0,0,0
290355,1,1,1992,25,16,7,5,20,16,7,10,20,6
290356,1,1,1992,0,0,0,0,30,0,0,0,0,0
290356,2,1,1992,0,0,0,0,0,10,0,0,0,0
290357,1,1,1992,21,21,21,21,21,21,21,21,21,21
290358,0,1,1992,0,0,0,0,0,0,0,0,0,0
290358,1,1,1992,0,0,0,0,0,0,0,0,0,0
290359,0,1,1992,0,0,0,0,0,0,0,0,0,0
290359,0,2,1992,0,0,0,0,0,0,0,0,0,0
290359,1,1,1992,0,0,30,11,0,0,0,0,18,21
290360,1,1,1992,17,18,15,15,12,20,5,7,17,0
290360,2,1,1992,0,0,0,0,0,0,0,0,0,0
290361,1,1,1992,0,0,0,0,0,0,0,0,0,0
290361,2,1,1992,0,0,0,0,0,0,0,0,0,0
290362,1,1,1992,0,0,0,0,0,0,0,0,0,0
290363,1,1,1992,28,28,28,28,28,28,28,28,28,28
290364,1,1,1992,0,15,24,21,14,13,10,20,21,16
290365,0,1,1992,0,0,0,0,0,0,0,0,0,0
290365,1,1,1992,0,0,0,0,0,0,0,0,0,0
290366,1,1,1992,0,0,0,0,0,0,0,0,0,0
290367,1,1,1992,0,0,0,0,0,0,0,0,0,0
290367,2,1,1992,0,0,0,0,0,0,0,0,0,0
290368,1,1,1992,31,27,29,23,18,17,8,18,25,22
290369,1,1,1992,0,35,0,0,0,0,0,15,26,0
290369,2,1,1992,0,0,0,0,0,0,0,0,0,0
290370,1,1,1992,15,15,15,15,15,15,15,15,15,15
290371,1,1,1992,0,0,0,0,0,0,0,13,12,0
290372,1,1,1992,0,0,0,0,0,0,0,0,0,0
290372,2,1,1992,1,1,1,1,1,1,1,1,1,1
290373,1,1,1992,0,0,0,0,0,0,0,0,0,0
290374,1,1,1992,10,10,10,10,10,10,10,10,10,10
290375,1,1,1992,0,0,0,0,0,0,0,0,0,0
290375,2,1,1992,0,0,0,0,0,0,0,0,0,0
290376,1,1,1992,0,0,0,0,0,0,0,0,0,0
290377,1,1,1992,0,0,0,0,0,0,0,0,0,0
290378,1,1,1992,0,0,0,0,0,0,0,0,0,0
290378,2,1,1992,0,0,0,0,0,0,0,0,0,0
290379,1,1,1992,8,16,25,12,9,20,8,14,2,23
290379,2,1,1992,0,0,0,0,0,0,0,0,0,0
290380,1,1,1992,24,24,24,24,24,24,24,24,24,24
290380,2,1,1992,0,0,0,0,0,0,0,0,0,0
290380,3,1,1992,20,12,0,0,0,0,0,25,11,0
290380,4,1,1992,0,0,12,4,0,22,0,0,0,0
290381,1,1,1992,0,0,0,0,0,0,0,0,0,0
290381,2,1,1992,24,0,0,5,0,0,0,0,0,0
290382,1,1,1992,0,0,0,0,0,0,0,0,0,0
290383,1,1,1992,0,0,0,0,0,0,0,0,0,0
290384,0,1,1992,0,0,0,0,0,0,0,0,0,0
290384,1,1,1992,0,0,0,0,0,0,0,0,0,0
290385,0,1,1992,0,0,0,0,0,0,0,0,0,0
290385,1,1,1992,17,0,0,18,15,17,0,0,16,17
290386,1,1,1992,0,0,0,0,0,0,0,0,0,0
290386,2,1,1992,0,19,12,20,0,4,0,6,8,15
290386,3,1,1992,16,12,6,7,34,6,25,2,7,19
290387,1,1,1992,0,0,0,0,0,0,0,0,0,0
290387,2,1,1992,0,0,0,0,0,0,8,9,0,0
290388,1,1,1992,0,0,0,0,0,0,0,0,0,0
290389,1,1,1992,0,0,0,0,0,0,0,0,0,0
290389,2,1,1992,0,0,0,0,0,0,0,0,0,0
290390,1,1,1992,0,0,0,0,0,0,0,0,0,0
290391,1,1,1992,0,0,0,0,26,0,0,0,0,0
290392,1,1,1992,0,0,0,0,0,0,0,0,0,0
290392,2,1,1992,0,0,0,0,0,0,0,0,0,0
290392,3,1,1992,0,0,0,0,0,0,0,0,0,0
290392,4,1,1992,0,0,0,0,0,0,0,0,12,0
290392,5,1,1992,0,3,0,0,0,0,0,0,0,14
290393,1,1,1992,0,0,0,0,0,0,0,0,0,8
290394,1,1,1992,21,21,21,21,21,21,21,21,21,21
290395,1,1,1992,13,9,6,0,0,25,18,13,25,15
290395,2,1,1992,4,4,4,4,4,4,4,4,4,4
290396,1,1,1992,17,17,17,17,17,17,17,17,17,17
290396,2,1,1992,9,16,12,10,19,21,10,14,0,17
290396,3,1,1992,30,9,3,6,10,11,6,23,9,3
290397,1,1,1992,29,29,29,29,29,29,29,29,29,29
290398,1,1,1992,15,17,0,24,13,21,19,18,23,11
290399,1,1,1992,0,0,0,0,0,0,0,0,0,0
290400,1,1,1992,0,0,0,0,0,0,16,0,12,0
290400,2,1,1992,27,0,20,15,41,32,17,18,22,28
290401,1,1,1992,0,0,0,33,0,0,0,0,0,0
290401,2,1,1992,11,4,21,17,0,0,0,10,4,6
290402,1,1,1992,0,0,0,13,0,0,5,0,0,0
290403,1,1,1992,0,0,0,0,0,0,0,0,0,0
290404,1,1,1992,22,20,23,23,15,28,0,23,0,25
290405,1,1,1992,0,0,0,0,0,0,0,0,0,0
290405,2,1,1992,0,0,0,0,0,0,0,0,0,0
290406,0,1,1992,0,0,0,0,0,0,0,0,0,0
290406,1,1,1992,0,0,0,0,0,0,0,0,0,0
290407,1,1,1992,0,0,0,0,0,0,0,0,0,0
290407,2,1,1992,0,0,0,0,0,0,0,0,0,0
290408,1,1,1992,0,0,0,0,0,0,0,0,0,0
290408,2,1,1992,0,0,0,0,0,0,0,0,0,0
290408,3,1,1992,12,0,26,0,0,0,15,22,0,0
290409,1,1,1992,20,20,20,20,20,20,20,20,20,20
290410,1,1,1992,20,20,20,20,20,20,20,20,20,20
290411,0,1,1992,0,0,0,0,0,0,0,0,0,0
290411,1,1,1992,0,0,0,0,0,0,0,0,0,0
290412,1,1,1992,21,21,21,21,21,21,21,21,21,21
290412,2,1,1992,0,0,0,0,0,0,0,0,0,0
290413,1,1,1992,20,0,21,23,0,18,0,16,17,0
290413,2,1,1992,0,0,0,12,0,0,0,0,0,7
290414,0,1,1992,20,20,20,20,20,20,20,20,20,20
290414,1,1,1992,0,16,30,22,15,13,2,17,14,2
290415,1,1,1992,0,0,0,0,0,0,0,0,0,0
290416,1,1,1992,0,0,0,0,0,9,0,0,0,0
290416,2,1,1992,0,0,0,0,0,0,0,0,0,0
290417,1,1,1992,0,0,0,0,0,0,0,0,0,0
290417,2,1,1992,0,0,10,0,0,0,0,0,0,0
290418,1,1,1992,0,0,0,0,0,0,0,0,0,0
290418,2,1,1992,10,10,10,10,10,10,10,10,10,10
290419,1,1,1992,0,5,0,0,0,0,0,0,0,0
290419,2,1,1992,31,17,16,33,17,17,18,19,21,34
290420,1,1,1992,0,0,0,0,0,0,0,0,0,0
290421,1,1,1992,14,14,14,14,14,14,14,14,14,14
290422,1,1,1992,13,13,13,13,13,13,13,13,13,13
290423,1,1,1992,0,0,0,0,0,0,0,0,0,0
290423,2,1,1992,0,0,0,0,0,0,0,0,0,0
290424,1,1,1992,0,0,0,0,0,0,0,0,0,0
290425,1,1,1992,0,0,0,0,0,0,0,0,0,0
290426,1,1,1992,0,0,0,0,0,0,0,0,0,0
290427,1,1,1992,11,15,14,25,19,14,18,12,23,0
290428,1,1,1992,0,0,0,0,0,0,0,0,0,0
290429,1,1,1992,0,0,0,0,0,0,0,0,0,6
290429,2,1,1992,0,0,0,0,0,0,0,0,0,0
290430,1,1,1992,0,0,0,0,0,0,0,0,0,0
290430,2,1,1992,0,0,0,0,0,0,0,0,0,0
290431,1,1,1992,0,0,0,0,0,0,0,0,0,0
290431,2,1,1992,0,0,0,0,0,0,0,0,0,0
290432,1,1,1992,0,0,0,0,0,0,0,0,0,11
290433,1,1,1992,0,0,0,0,0,0,0,0,0,0
290434,1,1,1992,19,13,0,0,0,6,4,0,0,0
290435,1,1,1992,13,13,13,13,13,13,13,13,13,13
290435,2,1,1992,0,0,0,0,0,0,0,0,0,8
290436,1,1,1992,17,17,17,17,17,17,17,17,17,17
290437,0,1,1992,0,0,0,0,0,0,0,0,0,0
290437,1,1,1992,13,13,13,13,13,13,13,13,13,13
290438,1,1,1992,15,15,15,15,15,15,15,15,15,15
290439,1,1,1992,0,19,14,6,20,12,18,12,20,11
290440,1,1,1992,0,0,0,0,0,0,0,0,0,0
290441,1,1,1992,0,0,0,0,0,0,0,0,0,0
290441,2,1,1992,0,0,0,0,0,0,0,0,0,0
290442,1,1,1992,0,0,0,0,0,0,0,0,0,0
290443,1,1,1992,18,18,18,18,18,18,18,18,18,18
290443,2,1,1992,2,2,2,2,2,2,2,2,2,2
290444,0,1,1992,0,0,0,0,0,0,0,0,0,0
290444,1,1,1992,0,0,0,0,0,0,0,0,0,0
290445,1,1,1992,0,0,0,23,0,0,0,0,0,0
290446,0,1,1992,0,0,0,0,0,0,0,0,0,0
290446,1,1,1992,0,0,0,0,0,0,0,0,0,0
290447,1,1,1992,0,0,0,0,0,0,0,0,0,0
290448,1,1,1992,18,18,18,18,18,18,18,18,18,18
290449,1,1,1992,8,8,8,8,8,8,8,8,8,8
290449,2,1,1992,0,0,0,0,0,0,0,0,0,0
290450,1,1,1992,0,0,0,0,0,0,0,0,0,0
290450,2,1,1992,0,0,0,0,0,0,0,0,0,0
290451,1,1,1992,0,0,0,0,0,0,0,25,12,0
290452,1,1,1992,17,17,17,17,17,17,17,17,17,17
290453,1,1,1992,0,7,5,0,10,0,12,0,0,0
290454,1,1,1992,0,0,0,0,0,0,0,0,0,0
290454,2,1,1992,0,0,0,0,0,0,0,0,0,0
290455,1,1,1992,6,0,0,5,19,16,9,0,0,0
290455,2,1,1992,0,16,0,0,0,28,0,29,10,17
290456,0,1,1992,0,0,0,0,0,0,0,0,0,0
290456,1,1,1992,11,18,9,0,4,28,0,0,12,13
290456,2,1,1992,0,0,0,0,0,0,0,0,0,0
290457,1,1,1992,24,28,32,19,34,13,30,27,22,18
290458,1,1,1992,0,0,0,0,0,0,0,0,0,0
290459,1,1,1992,0,0,0,0,0,0,0,0,0,0
290459,2,1,1992,0,0,0,0,0,0,0,0,4,0
290460,1,1,1992,8,8,8,8,8,8,8,8,8,8
290460,2,1,1992,12,0,0,13,0,0,17,0,0,10
290461,1,1,1992,0,0,0,0,0,0,0,0,0,0
290461,2,1,1992,0,0,0,0,0,0,0,0,0,0
290462,1,1,1992,13,13,13,13,13,13,13,13,13,13
290463,1,1,1992,13,9,13,23,18,10,12,12,23,7
290464,1,1,1992,21,32,33,24,28,16,15,22,6,14
290464,2,1,1992,13,0,0,0,0,0,0,0,0,0
290465,1,1,1992,0,0,0,0,0,9,0,0,0,7
290465,2,1,1992,32,32,32,32,32,32,32,32,32,32
290466,1,1,1992,0,0,0,0,0,0,0,0,0,0
290467,1,1,1992,29,29,29,29,29,29,29,29,29,29
290468,1,1,1992,0,0,0,0,0,0,15,0,0,0
290468,2,1,1992,0,0,0,0,0,0,0,0,0,0
290469,0,1,1992,0,0,0,0,0,0,0,0,0,0
290469,1,1,1992,0,0,0,0,0,0,0,0,0,0
290470,1,1,1992,0,0,0,0,0,0,0,0,0,0
290471,1,1,1992,0,0,0,0,0,0,0,0,0,7
290471,2,1,1992,0,0,0,0,0,0,0,0,0,0
290472,1,1,1992,0,0,0,0,0,0,0,0,0,0
290472,2,1,1992,0,21,0,10,12,0,0,0,0,13
290473,1,1,1992,0,0,0,0,0,0,0,0,0,0
290474,1,1,1992,14,14,14,14,14,14,14,14,14,14
290475,1,1,1992,0,0,0,0,0,0,0,0,0,0
290475,2,1,1992,0,10,0,0,0,0,0,18,0,11
290476,1,1,1992,0,0,0,0,21,14,0,21,0,9
290477,1,1,1992,0,0,0,4,0,0,15,17,0,0
290478,1,1,1992,0,0,0,0,0,0,0,0,0,0
290479,1,1,1992,0,0,0,0,0,0,0,0,0,0
290480,1,1,1992,0,0,0,20,18,0,10,0,0,10
290480,2,1,1992,0,0,0,0,0,0,0,0,0,0
290480,3,1,1992,0,0,0,0,0,0,0,0,0,0
290481,0,1,1992,0,0,0,0,0,0,0,0,0,0
290481,1,1,1992,0,0,0,0,0,0,0,0,0,0
290482,1,1,1992,0,0,0,0,0,0,0,0,0,0
290483,1,1,1992,10,10,10,10,10,10,10,10,10,10
290484,1,1,1992,0,0,0,0,0,0,0,0,0,0
290485,1,1,1992,0,0,0,0,0,10,0,0,0,0
290485,2,1,1992,0,0,0,0,0,0,0,0,0,0
290486,1,1,1992,15,15,15,15,15,15,15,15,15,15
290487,1,1,1992,11,11,19,0,35,13,19,18,0,0
290488,1,1,1992,25,25,25,25,25,25,25,25,25,25
290488,2,1,1992,9,0,0,0,0,0,8,0,0,0
290489,1,1,1992,0,0,0,0,0,0,0,0,0,0
290489,2,1,1992,0,0,0,0,0,0,0,0,0,0
290490,1,1,1992,0,0,0,0,0,0,0,0,0,0
290490,2,1,1992,0,0,12,0,0,0,0,0,0,0
290490,3,1,1992,0,0,0,0,0,0,0,0,0,0
290490,4,1,1992,0,0,0,0,0,0,0,0,0,0
290491,1,1,1992,0,0,0,0,0,0,0,0,0,0
290491,2,1,1992,0,0,0,0,0,0,0,0,0,0
290492,1,1,1992,3,0,0,0,0,0,0,0,0,27
290493,1,1,1992,0,0,0,0,0,0,0,0,0,0
290493,2,1,1992,0,0,0,0,0,0,0,0,0,18
290494,1,1,1992,0,0,0,0,0,0,0,0,0,0
290494,2,1,1992,0,0,21,0,0,0,0,0,0,0
290495,1,1,1992,23,23,23,23,23,23,23,23,23,23
290496,1,1,1992,0,0,0,0,0,0,0,0,0,0
290496,2,1,1992,0,0,0,0,0,28,2,16,0,16
290497,1,1,1992,11,11,11,11,11,11,11,11,11,11
290497,2,1,1992,0,0,0,0,0,0,0,0,0,0
290498,1,1,1992,18,12,33,19,17,33,19,9,19,14
290499,0,1,1992,4,4,4,4,4,4,4,4,4,4
290499,1,1,1992,0,0,0,0,0,0,0,0,0,0
290500,1,1,1992,31,31,31,31,31,31,31,31,31,31
290501,1,1,1992,17,17,17,17,17,17,17,17,17,17
290502,0,1,1992,0,0,0,0,0,0,0,0,0,0
290502,1,1,1992,0,0,0,0,0,0,0,0,0,0
290503,1,1,1992,0,0,0,0,0,0,0,0,0,0
290503,2,1,1992,0,0,0,0,0,0,0,12,0,0
290504,0,1,1992,35,35,35,35,35,35,35,35,35,35
290504,1,1,1992,0,0,0,0,0,0,0,0,0,0
290505,1,1,1992,31,31,31,31,31,31,31,31,31,31
290506,1,1,1992,1,1,1,1,1,1,1,1,1,1
290507,1,1,1992,0,0,18,0,0,0,0,0,4,0
290507,2,1,1992,19,19,19,19,19,19,19,19,19,19
290508,1,1,1992,0,0,0,0,0,0,0,0,0,0
290509,1,1,1992,0,0,0,0,0,10,0,0,0,0
290509,2,1,1992,0,0,0,0,0,0,0,0,0,0
290509,3,1,1992,0,26,0,0,0,0,0,20,0,0
290510,1,1,1992,14,14,14,14,14,14,14,14,14,14
290511,1,1,1992,32,32,32,32,32,32,32,32,32,32
290512,1,1,1992,10,5,9,8,16,0,15,3,29,14
290513,1,1,1992,22,0,0,0,0,0,0,0,0,0
290514,0,1,1992,13,0,27,0,23,13,0,0,24,26
290514,1,1,1992,0,0,0,0,0,0,15,0,11,0
290515,1,1,1992,0,0,0,0,0,0,0,0,0,0
290516,0,1,1992,0,0,0,0,0,0,0,0,0,0
290516,1,1,1992,0,0,0,0,0,0,0,0,0,0
290517,1,1,1992,7,11,10,4,31,0,15,20,7,11
290518,1,1,1992,0,2,10,14,9,20,8,6,8,19
290518,2,1,1992,0,0,0,0,0,0,0,0,0,0
290519,1,1,1992,0,0,0,0,0,0,0,0,0,0
290520,1,1,1992,0,0,0,0,0,0,0,0,0,0
290520,2,1,1992,0,0,0,0,0,0,0,0,0,0
290520,3,1,1992,0,0,0,10,0,0,0,0,0,0
290521,1,1,1992,0,16,22,0,0,17,0,12,22,18
290521,2,1,1992,8,8,8,8,8,8,8,8,8,8
290522,1,1,1992,0,0,0,0,0,0,0,0,0,0
290522,2,1,1992,0,0,0,0,0,0,0,0,0,0
290523,1,1,1992,0,0,0,0,0,0,0,0,0,0
290523,2,1,1992,0,0,0,0,16,0,0,0,14,0
290524,1,1,1992,0,0,0,0,0,0,0,0,0,0
290525,1,1,1992,0,0,0,0,0,0,0,0,0,0
290526,1,1,1992,14,14,14,14,14,14,14,14,14,14
290527,1,1,1992,0,0,0,0,0,0,0,0,0,0
290528,1,1,1992,0,0,0,0,0,0,0,0,0,0
290528,2,1,1992,0,0,0,0,0,0,0,0,0,0
290529,1,1,1992,0,0,0,0,0,0,0,0,0,0
290529,2,1,1992,0,0,0,0,0,0,0,0,0,0
290530,1,1,1992,0,0,0,0,0,0,18,5,0,3
290531,1,1,1992,0,0,0,0,0,0,0,0,0,0
290532,1,1,1992,0,0,0,0,0,0,0,0,0,0
290533,1,1,1992,14,14,14,14,14,14,14,14,14,14
290534,1,1,1992,6,6,6,6,6,6,6,6,6,6
290535,1,1,1992,0,0,0,0,0,0,0,0,0,0
290535,2,1,1992,17,17,17,17,17,17,17,17,17,17
290536,0,1,1992,28,28,28,28,28,28,28,28,28,28
290536,1,1,1992,0,0,0,10,0,0,0,0,0,0
290537,0,1,1992,36,36,36,36,36,36,36,36,36,36
290537,1,1,1992,0,0,0,0,0,0,0,0,0,11
290538,1,1,1992,0,0,0,0,0,0,0,0,0,0
290538,2,1,1992,0,0,0,0,14,28,0,12,0,9
290539,1,1,1992,21,21,21,21,21,21,21,21,21,21
290540,1,1,1992,0,0,0,0,0,0,0,0,0,0
290541,1,1,1992,0,0,13,0,0,0,0,0,0,0
290541,2,1,1992,0,0,0,0,0,0,0,0,0,0
290542,1,1,1992,0,0,0,0,0,0,0,0,0,0
290542,2,1,1992,0,13,0,0,0,8,0,11,0,0
290542,3,1,1992,0,0,0,0,0,0,0,0,0,0
290543,1,1,1992,16,16,16,16,16,16,16,16,16,16
290544,1,1,1992,0,4,12,0,24,16,0,0,7,0
290544,2,1,1992,7,7,7,7,7,7,7,7,7,7
290545,1,1,1992,20,0,0,0,0,30,33,0,20,0
290546,1,1,1992,15,15,15,15,15,15,15,15,15,15
290547,1,1,1992,33,33,33,33,33,33,33,33,33,33
290548,1,1,1992,4,4,4,4,4,4,4,4,4,4
290548,2,1,1992,16,16,16,16,16,16,16,16,16,16
290549,0,1,1992,12,3,17,16,17,51,17,21,31,0
290549,1,1,1992,36,11,14,8,21,6,20,9,20,5
290550,0,1,1992,0,0,0,0,0,0,0,0,0,0
290550,0,2,1992,0,0,0,0,0,0,0,0,0,0
290550,1,1,1992,12,13,0,0,0,0,0,0,0,0
290551,1,1,1992,0,0,0,0,0,0,0,0,0,0
290552,1,1,1992,0,0,0,0,0,0,0,0,0,0
290552,2,1,1992,0,0,0,0,0,0,0,0,0,0
290553,1,1,1992,0,0,0,0,0,0,0,0,0,0
290553,2,1,1992,0,0,0,0,0,0,0,0,0,0
290554,0,1,1992,0,0,0,0,0,0,0,0,0,0
290554,0,2,1992,24,24,24,24,24,24,24,24,24,24
290554,1,1,1992,0,23,0,7,16,0,0,0,0,0
290555,1,1,1992,14,0,10,0,0,0,0,0,0,0
290556,1,1,1992,27,27,27,27,27,27,27,27,27,27
290556,2,1,1992,0,10,0,20,13,12,0,7,6,17
290557,1,1,1992,19,0,0,0,6,9,0,4,0,24
290558,1,1,1992,0,0,0,0,0,0,16,0,0,0
290559,1,1,1992,7,7,7,7,7,7,7,7,7,7
290560,1,1,1992,6,6,6,6,6,6,6,6,6,6
290560,2,1,1992,0,0,13,0,0,0,0,0,0,0
290561,1,1,1992,0,0,0,29,0,7,0,0,0,0
290562,1,1,1992,0,0,0,0,0,0,0,0,0,0
290562,2,1,1992,0,0,0,0,0,0,0,0,0,0
290563,1,1,1992,0,0,0,0,0,0,0,0,0,0
290563,2,1,1992,0,0,0,0,0,0,0,0,0,0
290564,1,1,1992,16,16,16,16,16,16,16,16,16,16
290564,2,1,1992,0,10,0,0,0,0,0,0,0,0
290564,3,1,1992,9,9,9,9,9,9,9,9,9,9
290565,1,1,1992,0,0,0,0,0,0,0,0,0,0
290565,2,1,1992,9,9,9,9,9,9,9,9,9,9
290565,3,1,1992,0,0,0,0,0,0,0,0,0,0
290566,1,1,1992,0,0,0,0,8,0,0,0,0,8
290567,1,1,1992,0,0,0,0,0,0,0,0,0,0
290568,1,1,1992,0,0,0,0,0,0,0,0,0,0
290569,1,1,1992,10,10,10,10,10,10,10,10,10,10
290570,1,1,1992,20,20,20,20,20,20,20,20,20,20
290571,1,1,1992,0,0,0,0,0,2,0,0,0,0
290571,2,1,1992,0,0,0,0,0,0,0,0,2,0
290571,3,1,1992,0,0,0,0,0,0,0,0,0,0
290571,4,1,1992,0,0,0,0,0,0,0,0,0,0
290571,5,1,1992,7,0,0,0,0,0,0,0,0,12
290572,0,1,1992,28,21,12,17,21,20,15,13,11,28
290572,1,1,1992,11,18,13,25,8,31,0,0,12,0
290574,1,1,1992,0,0,0,0,0,0,0,0,0,0
290574,2,1,1992,0,0,0,0,0,0,0,0,0,0
290575,1,1,1992,24,24,21,20,21,21,31,16,24,16
290576,1,1,1992,0,0,0,0,0,0,0,0,0,0
290576,2,1,1992,0,0,0,0,0,0,0,0,0,0
290577,1,1,1992,0,0,0,0,0,0,0,0,0,0
290577,2,1,1992,9,0,14,14,0,0,5,0,0,0
290578,1,1,1992,0,0,0,0,0,0,0,0,24,0
290579,1,1,1992,26,26,26,26,26,26,26,26,26,26
290579,2,1,1992,0,0,0,0,0,21,7,18,23,0
290580,1,1,1992,0,0,0,0,0,0,0,0,0,0
290580,2,1,1992,0,0,0,0,0,0,0,0,0,0
290581,1,1,1992,0,0,0,0,0,0,0,0,0,0
290581,2,1,1992,0,0,0,0,0,0,0,0,0,0
290582,1,1,1992,13,13,13,13,13,13,13,13,13,13
290582,2,1,1992,0,26,0,0,0,0,0,0,11,0
290583,1,1,1992,17,17,17,17,17,17,17,17,17,17
290584,1,1,1992,22,23,14,0,20,18,0,6,18,12
290585,1,1,1992,0,0,0,0,0,0,0,0,0,0
290585,2,1,1992,13,10,21,6,0,20,11,0,3,20
290585,3,1,1992,27,3,0,0,16,10,16,18,0,20
290586,1,1,1992,16,16,16,16,16,16,16,16,16,16
290587,0,1,1992,9,9,9,9,9,9,9,9,9,9
290587,1,1,1992,0,0,19,9,0,0,13,17,0,12
290588,1,1,1992,5,3,8,2,8,0,0,17,0,0
290589,1,1,1992,17,17,17,17,17,17,17,17,17,17
290590,1,1,1992,0,0,0,0,0,0,0,0,0,0
290590,2,1,1992,0,0,0,0,0,0,0,0,0,0
290591,1,1,1992,0,0,0,0,0,0,0,7,0,0
290592,0,1,1992,0,0,0,0,0,0,0,0,0,0
290592,1,1,1992,0,0,0,0,0,0,0,0,0,0
290593,0,1,1992,0,0,0,0,0,0,0,0,31,0
290593,1,1,1992,18,18,18,18,18,18,18,18,18,18
290593,2,1,1992,0,0,4,0,0,0,0,0,0,4
290593,3,1,1992,16,0,0,14,16,4,7,11,0,0
290593,4,1,1992,0,0,0,0,0,0,0,0,0,0
290593,5,1,1992,0,0,0,0,0,8,0,0,11,6
290593,6,1,1992,0,5,0,0,0,0,0,7,0,0
290594,1,1,1992,0,15,0,10,0,0,8,38,0,8
290595,1,1,1992,0,0,0,0,0,0,0,0,0,0
290595,2,1,1992,0,0,0,0,0,0,0,0,0,0
290596,1,1,1992,0,0,0,0,0,0,0,0,0,0
290596,2,1,1992,0,0,0,0,0,0,0,0,0,0
290597,1,1,1992,0,0,0,0,0,0,0,0,0,0
290597,2,1,1992,0,0,0,0,0,0,0,0,0,0
290598,1,1,1992,16,21,24,15,18,22,11,22,17,25
290599,1,1,1992,18,0,0,13,0,16,0,14,31,19
290600,1,1,1992,0,0,0,0,0,0,0,0,0,0
290600,2,1,1992,0,0,0,0,0,0,0,0,0,0
290601,1,1,1992,5,29,10,14,0,24,8,9,8,3
290602,1,1,1992,0,0,0,0,0,0,0,0,0,0
290602,2,1,1992,0,0,0,0,0,0,0,7,0,0
290603,1,1,1992,0,0,0,0,0,0,0,0,0,0
290604,1,1,1992,0,0,4,0,0,0,13,18,0,9
290605,1,1,1992,0,0,0,0,0,8,0,0,0,0
290605,2,1,1992,0,0,0,0,0,0,0,0,0,0
290606,1,1,1992,8,8,8,8,8,8,8,8,8,8
290607,0,1,1992,0,0,0,0,0,0,0,0,0,0
290607,1,1,1992,0,0,0,0,0,0,0,0,0,0
290608,1,1,1992,0,0,0,0,0,0,0,0,0,0
290608,2,1,1992,0,0,0,0,0,0,0,0,0,0
290609,1,1,1992,11,11,11,11,11,11,11,11,11,11
290610,1,1,1992,0,0,0,0,0,0,0,0,0,0
290610,2,1,1992,0,0,0,0,0,0,0,0,0,0
290611,1,1,1992,0,0,0,0,0,0,0,0,0,0
290611,2,1,1992,0,0,0,0,0,0,0,0,0,0
290612,1,1,1992,14,14,14,14,14,14,14,14,14,14
290613,1,1,1992,0,0,0,0,0,0,0,0,0,0
290613,2,1,1992,0,0,0,0,0,0,0,0,0,0
290614,1,1,1992,0,0,0,0,0,0,0,0,0,0