ST_CASE,VEH_NO,PER_NO,YEAR,P1,P2,P3,P4,P5,P6,P7,P8,P9,P10
290615,1,1,1992,9,0,0,0,0,0,0,0,0,0
290616,1,1,1992,0,0,0,0,0,0,0,0,0,20
290616,2,1,1992,16,16,16,16,16,16,16,16,16,16
290617,1,1,1992,14,14,14,14,14,14,14,14,14,14
290618,1,1,1992,0,0,0,0,0,0,0,0,0,0
290619,1,1,1992,0,0,0,0,0,0,0,0,0,0
290619,2,1,1992,0,0,0,0,0,0,0,0,0,0
290620,1,1,1992,0,0,0,0,0,0,0,0,0,18
290620,2,1,1992,0,0,0,0,0,0,0,0,0,0
290621,1,1,1992,0,0,0,0,0,0,0,0,0,0
290621,2,1,1992,0,0,0,0,0,0,0,0,0,0
290621,3,1,1992,0,0,0,0,0,0,0,0,0,0
290621,4,1,1992,0,0,0,0,0,0,0,0,0,0
290622,1,1,1992,50,50,50,50,50,50,50,50,50,50
290623,1,1,1992,0,0,0,0,0,0,0,0,0,0
290623,2,1,1992,0,0,0,0,0,0,0,0,0,0
290624,1,1,1992,27,27,27,27,27,27,27,27,27,27
290624,2,1,1992,0,0,0,16,0,17,13,0,0,0
290624,3,1,1992,0,0,0,0,0,0,9,15,0,0
290625,1,1,1992,16,16,16,16,16,16,16,16,16,16
290626,1,1,1992,0,0,0,0,0,0,0,0,0,0
290626,2,1,1992,0,0,0,0,0,0,0,15,0,0
290627,1,1,1992,0,0,0,0,0,0,0,0,0,0
290628,1,1,1992,0,0,0,0,0,0,0,0,0,0
290628,2,1,1992,0,0,16,0,0,0,7,12,8,0
290628,3,1,1992,2,0,0,0,0,0,0,0,0,0
290628,4,1,1992,0,16,0,0,0,0,12,0,0,0
290628,5,1,1992,0,4,0,0,0,0,0,0,0,0
290629,1,1,1992,20,20,20,20,20,20,20,20,20,20
290629,2,1,1992,0,0,0,0,0,0,0,0,0,0
290629,3,1,1992,0,0,10,0,0,0,13,0,0,0
290630,1,1,1992,27,27,27,27,27,27,27,27,27,27
290630,2,1,1992,0,0,0,0,0,0,0,2,0,0
290630,3,1,1992,16,0,0,0,0,0,0,0,0,0
290631,1,1,1992,0,4,18,0,0,10,22,0,0,0
290631,2,1,1992,0,0,0,0,0,0,0,0,0,0
290632,1,1,1992,0,0,12,18,0,0,0,0,0,0
290632,2,1,1992,0,0,0,0,0,0,0,0,0,0
290633,1,1,1992,30,11,9,19,19,7,18,28,29,14
290633,2,1,1992,0,0,0,0,0,0,0,0,0,0
290634,0,1,1992,0,29,0,11,13,10,17,0,14,19
290634,1,1,1992,10,0,0,5,0,16,0,21,17,0
290635,1,1,1992,12,12,12,12,12,12,12,12,12,12
290635,2,1,1992,0,0,0,0,0,0,0,0,0,0
290636,1,1,1992,0,0,0,0,19,4,0,14,0,0
290636,2,1,1992,0,22,0,0,0,0,5,15,0,0
290637,1,1,1992,0,0,0,0,0,0,0,0,0,0
290637,2,1,1992,0,0,0,0,0,0,0,0,0,0
290638,1,1,1992,26,26,26,26,26,26,26,26,26,26
290638,2,1,1992,0,0,6,0,0,0,0,0,0,0
290639,1,1,1992,0,0,0,0,0,0,0,0,0,0
290639,2,1,1992,0,0,0,20,0,0,0,0,0,0
290640,1,1,1992,4,12,0,0,0,0,0,0,0,0
290641,1,1,1992,3,8,6,18,23,9,0,24,0,25
290641,2,1,1992,0,7,8,0,20,0,16,0,24,0
290642,1,1,1992,0,0,0,0,0,0,0,0,0,0
290643,1,1,1992,18,0,12,0,17,22,0,24,12,30
290644,1,1,1992,0,0,0,0,0,0,0,0,0,0
290644,2,1,1992,0,0,0,0,0,0,0,0,0,0
290645,1,1,1992,14,0,0,0,12,0,18,0,0,0
290645,2,1,1992,0,0,0,0,0,0,0,0,0,0
290646,1,1,1992,21,21,21,21,21,21,21,21,21,21
290647,1,1,1992,6,6,6,6,6,6,6,6,6,6
290647,2,1,1992,0,0,0,0,0,0,0,0,0,0
290648,1,1,1992,0,0,12,16,19,0,13,0,0,20
290648,2,1,1992,0,0,0,0,0,0,0,0,0,0
290649,1,1,1992,0,29,0,0,0,0,0,0,11,0
290649,2,1,1992,11,11,11,11,11,11,11,11,11,11
290649,3,1,1992,0,0,0,0,0,0,0,0,0,0
290650,0,1,1992,22,22,22,22,22,22,22,22,22,22
290650,1,1,1992,0,0,0,11,0,0,0,0,0,0
290651,1,1,1992,0,0,0,0,0,0,0,0,0,0
290651,2,1,1992,0,0,0,0,0,0,11,7,0,0
290652,1,1,1992,23,14,22,8,22,9,6,12,6,36
290652,2,1,1992,20,20,20,20,20,20,20,20,20,20
290653,0,1,1992,0,0,0,34,0,0,0,0,0,0
290653,1,1,1992,0,0,0,0,0,0,0,0,0,0
290654,1,1,1992,25,25,25,25,25,25,25,25,25,25
290655,1,1,1992,0,0,0,0,0,0,0,0,0,0
290655,2,1,1992,34,0,10,0,13,7,16,0,0,17
290657,1,1,1992,0,0,0,0,0,0,0,0,0,0
290657,2,1,1992,0,0,0,0,0,0,0,12,0,0
290658,1,1,1992,9,9,9,9,9,9,9,9,9,9
290659,1,1,1992,17,17,17,17,17,17,17,17,17,17
290660,1,1,1992,0,0,0,0,0,0,0,0,0,0
290661,1,1,1992,0,0,0,0,0,0,0,0,0,0
290662,1,1,1992,0,0,0,0,0,0,0,0,0,0
290662,2,1,1992,0,0,0,0,0,0,0,0,0,0
290663,1,1,1992,3,0,0,25,0,0,0,4,0,0
290664,1,1,1992,0,19,0,17,0,0,14,0,0,0
290664,2,1,1992,5,0,0,0,0,0,0,0,6,0
290665,1,1,1992,23,23,23,23,23,23,23,23,23,23
290666,1,1,1992,0,35,14,4,17,28,17,43,17,39
290667,1,1,1992,0,0,0,0,25,0,0,0,9,0
290668,1,1,1992,0,0,0,0,0,0,0,0,0,0
290668,2,1,1992,0,0,0,0,0,0,0,0,0,0
290668,3,1,1992,0,0,0,0,0,0,0,0,4,0
290669,1,1,1992,31,31,31,31,31,31,31,31,31,31
290670,1,1,1992,5,0,0,0,0,0,0,0,0,0
290671,1,1,1992,50,50,50,50,50,50,50,50,50,50
290672,1,1,1992,0,0,0,0,0,0,0,0,0,0
290672,2,1,1992,0,13,0,13,0,0,0,0,0,0
290673,1,1,1992,0,27,0,0,0,0,0,0,0,0
290673,2,1,1992,24,24,24,24,24,24,24,24,24,24
290674,1,1,1992,0,0,8,23,0,0,0,0,0,0
290674,2,1,1992,0,0,0,0,0,0,0,0,0,0
290675,1,1,1992,0,0,0,0,0,0,0,0,24,0
290675,2,1,1992,0,0,0,0,0,0,0,0,0,0
290676,1,1,1992,35,35,35,35,35,35,35,35,35,35
290677,1,1,1992,0,0,0,16,0,0,0,12,0,8
290678,1,1,1992,0,12,0,0,0,0,0,0,0,0
290679,0,1,1992,28,17,23,0,20,29,42,0,0,14
290679,1,1,1992,0,0,0,33,0,32,3,0,0,0
290680,1,1,1992,21,21,21,21,21,21,21,21,21,21
290681,1,1,1992,0,0,0,0,0,0,0,0,0,0
290682,1,1,1992,18,18,18,18,18,18,18,18,18,18
290683,1,1,1992,14,0,0,3,26,0,0,0,5,0
290683,2,1,1992,21,21,21,21,21,21,21,21,21,21
290684,1,1,1992,0,0,0,0,0,0,0,0,0,0
290685,1,1,1992,22,22,22,22,22,22,22,22,22,22
290686,1,1,1992,9,9,9,9,9,9,9,9,9,9
290687,1,1,1992,12,12,12,12,12,12,12,12,12,12
290688,1,1,1992,9,0,0,0,0,0,0,13,0,25
290688,2,1,1992,0,0,0,0,0,0,0,0,0,0
290689,1,1,1992,13,13,13,13,13,13,13,13,13,13
290690,0,1,1992,11,11,11,11,11,11,11,11,11,11
290690,1,1,1992,21,0,0,0,0,0,0,0,5,0
290691,1,1,1992,0,0,0,0,0,0,0,0,0,0
290692,1,1,1992,0,0,0,0,0,0,0,0,0,0
290692,2,1,1992,0,9,0,0,0,0,0,5,0,0
290693,1,1,1992,0,0,0,0,0,0,0,0,0,0
290694,1,1,1992,0,0,0,0,0,0,0,0,0,0
290694,2,1,1992,0,0,0,0,0,0,0,0,0,0
290695,1,1,1992,18,18,18,18,18,18,18,18,18,18
290696,1,1,1992,2,2,2,2,2,2,2,2,2,2
290697,1,1,1992,20,20,20,20,20,20,20,20,20,20
290698,1,1,1992,10,6,15,0,0,19,17,0,19,18
290699,1,1,1992,0,0,0,0,0,0,0,0,0,0
290699,2,1,1992,0,0,0,0,0,0,0,0,0,0
290700,1,1,1992,23,23,23,23,23,23,23,23,23,23
290701,1,1,1992,0,0,0,0,0,0,0,0,0,0
290702,1,1,1992,0,0,0,0,0,0,0,0,0,0
290702,2,1,1992,0,0,0,18,0,0,0,0,25,0
290703,1,1,1992,0,9,0,19,0,0,0,0,0,0
290703,2,1,1992,22,22,22,22,22,22,22,22,22,22
290703,3,1,1992,0,0,0,12,0,20,0,0,0,0
290703,4,1,1992,0,14,0,0,0,0,0,6,12,0
290703,5,1,1992,0,0,0,0,0,0,0,0,11,9
290703,6,1,1992,0,0,0,13,0,0,0,0,0,0
290704,1,1,1992,0,0,0,0,0,0,0,0,0,0
290705,1,1,1992,27,27,27,27,27,27,27,27,27,27
290706,1,1,1992,6,13,13,15,20,7,24,5,7,12
290707,1,1,1992,15,15,15,15,15,15,15,15,15,15
290707,2,1,1992,0,0,0,0,0,0,0,0,0,0
290707,3,1,1992,0,0,0,0,0,0,0,0,0,0
290708,1,1,1992,0,0,0,0,0,0,0,0,0,0
290708,2,1,1992,0,0,0,0,0,0,0,0,0,0
290709,1,1,1992,0,26,0,0,25,0,0,13,0,0
290711,1,1,1992,20,20,20,20,20,20,20,20,20,20
290712,1,1,1992,0,0,0,0,0,0,0,0,0,0
290713,1,1,1992,0,0,0,0,0,0,0,0,0,0
290713,2,1,1992,0,0,0,0,0,0,0,0,0,0
290714,1,1,1992,0,0,0,0,0,0,0,0,0,0
290714,2,1,1992,20,20,20,20,20,20,20,20,20,20
290715,1,1,1992,7,0,0,0,28,0,0,0,0,0
290715,2,1,1992,8,8,8,8,8,8,8,8,8,8
290716,1,1,1992,0,0,0,0,0,0,0,0,0,0
290716,2,1,1992,0,0,0,0,0,0,0,0,0,0
290716,3,1,1992,0,0,0,0,0,0,0,8,0,0
290717,1,1,1992,2,2,2,2,2,2,2,2,2,2
290718,1,1,1992,25,25,25,25,25,25,25,25,25,25
290719,1,1,1992,0,0,0,0,0,0,0,0,0,0
290720,1,1,1992,0,0,0,0,0,0,0,0,0,0
290720,2,1,1992,0,0,0,0,0,0,0,0,0,11
290721,1,1,1992,0,0,0,0,0,0,0,0,0,0
290721,2,1,1992,0,5,0,0,0,0,0,0,0,0
290722,1,1,1992,0,0,0,0,0,0,0,0,0,0
290723,1,1,1992,0,0,0,0,0,0,0,0,0,0
290724,1,1,1992,0,0,0,0,0,0,0,0,0,0
290725,1,1,1992,4,23,13,17,29,14,18,29,12,20
290725,2,1,1992,11,0,10,0,0,17,0,13,18,0
290726,1,1,1992,31,31,31,31,31,31,31,31,31,31
290727,1,1,1992,3,0,0,0,0,13,3,11,0,0
290727,2,1,1992,0,0,0,0,0,0,0,0,0,0
290728,1,1,1992,7,7,7,7,7,7,7,7,7,7
290729,1,1,1992,22,7,21,9,14,18,18,13,13,32
290730,1,1,1992,15,15,15,15,15,15,15,15,15,15
290731,1,1,1992,0,0,0,0,0,0,0,0,0,0
290731,2,1,1992,0,0,0,0,0,0,0,0,0,0
290731,3,1,1992,0,15,0,0,0,0,0,0,0,0
290731,4,1,1992,0,0,0,0,0,0,0,0,0,0
290731,5,1,1992,0,0,13,0,0,0,0,0,0,0
290731,6,1,1992,0,14,0,0,0,0,0,0,0,0
290732,1,1,1992,0,0,0,0,0,0,0,0,0,0
290732,2,1,1992,0,0,0,0,0,0,0,0,0,0
290733,1,1,1992,30,30,30,30,30,30,30,30,30,30
290735,1,1,1992,30,22,13,24,32,27,17,24,0,36
290736,1,1,1992,0,0,0,0,0,0,0,0,0,0
290736,2,1,1992,0,0,0,0,0,0,0,0,0,0
290736,3,1,1992,0,0,0,0,0,0,0,0,0,0
290737,1,1,1992,0,0,0,0,0,0,0,0,0,0
290737,2,1,1992,0,0,0,0,0,0,0,0,0,0
290737,3,1,1992,0,0,0,0,0,0,0,0,0,0
290738,0,1,1992,0,0,0,0,0,0,0,0,0,0
290738,1,1,1992,0,0,0,0,0,0,0,0,0,5
290739,1,1,1992,30,30,30,30,30,30,30,30,30,30
290739,2,1,1992,19,0,0,0,0,20,0,0,0,0
290739,3,1,1992,0,0,0,7,0,0,0,9,0,0
290740,1,1,1992,0,0,0,0,0,0,0,0,0,0
290740,2,1,1992,0,0,0,0,0,0,0,0,0,0
290741,1,1,1992,0,0,0,0,0,0,0,0,0,0
290741,2,1,1992,0,0,0,0,0,5,0,16,0,0
290742,0,1,1992,0,0,0,0,0,0,0,0,0,0
290742,1,1,1992,0,0,0,0,0,0,0,0,0,0
290743,1,1,1992,32,32,32,32,32,32,32,32,32,32
290743,2,1,1992,0,0,0,0,0,0,0,0,0,0
290744,1,1,1992,25,25,25,25,25,25,25,25,25,25
290744,2,1,1992,15,0,14,16,12,0,0,19,22,0
290744,3,1,1992,0,0,0,0,0,0,0,0,0,0
290745,1,1,1992,22,22,22,22,22,22,22,22,22,22
290746,1,1,1992,0,0,0,0,0,0,0,0,0,0
290747,1,1,1992,0,0,0,0,0,0,0,0,0,0
290748,1,1,1992,0,0,0,0,0,0,0,0,0,0
290748,2,1,1992,0,0,0,0,0,0,0,0,0,0
290748,3,1,1992,0,0,0,0,0,0,0,0,0,0
290749,1,1,1992,0,0,0,0,0,0,0,0,0,0
290749,2,1,1992,0,0,0,0,0,0,0,0,0,0
290750,1,1,1992,0,0,0,0,0,0,0,0,0,0
290751,1,1,1992,18,18,18,18,18,18,18,18,18,18
290752,0,1,1992,0,0,0,0,0,0,0,0,0,0
290752,0,2,1992,33,21,23,7,20,21,37,4,31,22
290752,1,1,1992,0,17,13,0,4,21,8,0,0,0
290752,2,1,1992,0,0,0,0,0,0,0,0,0,0
290753,1,1,1992,24,24,24,24,24,24,24,24,24,24
290754,1,1,1992,0,0,0,0,0,0,0,0,0,0
290755,1,1,1992,25,25,25,25,25,25,25,25,25,25
290755,2,1,1992,0,0,0,0,0,0,0,0,0,0
290756,1,1,1992,0,0,0,0,0,0,0,7,0,9
290756,2,1,1992,25,20,0,19,15,9,13,18,18,28
290757,1,1,1992,19,26,12,5,5,8,5,8,0,9
290758,0,1,1992,0,0,0,0,0,0,0,0,0,0
290758,1,1,1992,15,0,0,0,0,0,0,0,0,0
290759,1,1,1992,0,0,0,0,0,0,0,0,0,0
290759,2,1,1992,0,0,0,0,0,0,0,0,0,0
290759,3,1,1992,0,0,0,0,0,0,0,8,0,0
290760,0,1,1992,24,24,24,24,24,24,24,24,24,24
290760,1,1,1992,10,0,11,0,0,0,0,0,0,13
290761,1,1,1992,23,23,23,23,23,23,23,23,23,23
290761,2,1,1992,0,31,0,0,0,0,0,0,0,11
290762,1,1,1992,25,25,25,25,25,25,25,25,25,25
290763,1,1,1992,0,35,0,0,0,0,0,0,0,0
290763,2,1,1992,0,0,0,0,0,0,0,0,0,0
290764,1,1,1992,0,0,0,0,0,0,0,0,0,0
290764,2,1,1992,0,0,0,0,0,0,0,0,0,0
290765,1,1,1992,12,6,0,0,29,0,8,11,31,0
290766,0,1,1992,0,8,20,12,0,12,4,0,12,0
290766,1,1,1992,12,0,0,0,0,0,0,0,12,0
290767,1,1,1992,0,0,0,0,0,0,0,0,0,0
290767,2,1,1992,0,0,0,0,0,0,0,0,0,0
290768,1,1,1992,11,0,0,6,0,15,14,0,24,0
290768,2,1,1992,0,0,0,0,0,0,0,0,0,0
290769,1,1,1992,16,0,0,0,9,0,0,6,16,0
290769,2,1,1992,0,0,0,0,0,0,14,0,11,0
290769,3,1,1992,0,0,0,0,0,0,6,0,0,0
290770,1,1,1992,26,26,26,26,26,26,26,26,26,26
290770,2,1,1992,0,0,0,0,0,0,0,0,0,0
290771,1,1,1992,0,0,0,0,0,0,0,19,0,0
290772,1,1,1992,0,19,0,0,0,0,0,0,0,0
290772,2,1,1992,0,0,0,0,0,0,0,0,0,0
290773,1,1,1992,5,5,5,5,5,5,5,5,5,5
290774,1,1,1992,0,0,0,0,0,0,0,0,0,0
290774,2,1,1992,0,0,0,0,0,0,0,0,0,0
290775,1,1,1992,0,0,0,0,0,0,0,0,0,0
290776,1,1,1992,17,17,17,17,17,17,17,17,17,17
290776,2,1,1992,9,25,8,0,17,0,7,0,5,7
290777,1,1,1992,0,0,0,0,0,0,0,0,0,0
290777,2,1,1992,0,0,0,0,0,0,0,0,0,0
290778,1,1,1992,0,0,0,0,0,0,0,0,0,0
290778,2,1,1992,0,0,0,0,0,0,0,0,0,0
290779,1,1,1992,0,0,0,0,0,0,0,0,0,0
290779,2,1,1992,0,0,0,0,0,0,0,0,0,0
290779,3,1,1992,0,0,0,0,0,0,0,0,0,0
290780,0,1,1992,17,17,17,17,17,17,17,17,17,17
290780,0,2,1992,0,0,0,0,0,0,0,0,0,0
290780,1,1,1992,0,0,0,0,0,0,0,0,0,0
290781,0,1,1992,0,0,0,0,0,0,0,0,0,0
290781,1,1,1992,0,0,0,0,0,0,0,0,0,0
290782,1,1,1992,7,0,0,10,0,0,0,22,0,0
290782,2,1,1992,0,0,0,0,0,14,0,0,0,0
290783,1,1,1992,6,6,6,6,6,6,6,6,6,6
290785,1,1,1992,27,27,27,27,27,27,27,27,27,27
290786,1,1,1992,0,0,0,0,0,0,0,0,0,0
290786,2,1,1992,0,0,0,0,0,0,0,0,0,0
290786,3,1,1992,0,0,0,0,0,0,0,0,0,0
290787,0,1,1992,5,0,32,0,0,0,0,0,17,0
290787,1,1,1992,13,14,0,14,0,0,0,9,0,33
290788,0,1,1992,0,0,0,0,0,0,0,0,0,0
290788,1,1,1992,0,0,0,0,0,0,0,0,0,0
290788,2,1,1992,0,0,0,0,0,0,0,0,0,0
290789,1,1,1992,3,19,31,0,16,0,13,15,4,17
290790,1,1,1992,0,0,0,0,0,0,0,0,0,0
290790,2,1,1992,0,0,0,0,0,0,0,0,0,0
290790,3,1,1992,0,0,0,0,0,0,0,0,0,0
290790,4,1,1992,0,0,0,0,0,0,0,0,0,0
290790,5,1,1992,0,0,0,0,0,0,0,0,0,0
290790,6,1,1992,0,0,0,0,0,0,0,0,0,0
290790,7,1,1992,0,0,0,0,0,0,0,0,0,0
290791,1,1,1992,8,13,31,16,17,18,7,21,20,5
290792,1,1,1992,21,21,21,21,21,21,21,21,21,21
290793,1,1,1992,0,0,0,0,0,0,0,0,0,0
290794,1,1,1992,0,0,0,0,0,0,0,0,0,0
290795,1,1,1992,0,0,0,0,0,0,0,0,0,0
290795,2,1,1992,0,0,0,0,0,0,18,0,0,0
290796,1,1,1992,0,5,0,0,0,0,14,41,0,0
290796,2,1,1992,14,14,14,14,14,14,14,14,14,14
290797,1,1,1992,13,13,13,13,13,13,13,13,13,13
290797,2,1,1992,0,0,0,0,0,0,0,0,0,0
290798,1,1,1992,13,13,13,13,13,13,13,13,13,13
290799,1,1,1992,10,10,10,10,10,10,10,10,10,10
290799,2,1,1992,0,0,0,0,0,0,0,0,0,0
290800,1,1,1992,1,1,1,1,1,1,1,1,1,1
290801,0,1,1992,0,0,0,0,0,0,0,0,0,0
290801,2,1,1992,0,0,0,0,0,0,8,0,4,13
290802,0,1,1992,20,20,20,20,20,20,20,20,20,20
290802,1,1,1992,0,14,26,0,0,0,0,0,0,0
290803,1,1,1992,24,24,24,24,24,24,24,24,24,24
290804,1,1,1992,9,9,9,9,9,9,9,9,9,9
290805,1,1,1992,0,0,0,0,0,0,0,0,0,0
290806,1,1,1992,0,0,0,0,0,0,0,0,0,0
290807,1,1,1992,0,0,0,0,0,0,0,0,0,0
290807,2,1,1992,0,0,0,0,0,0,0,0,0,0
290807,3,1,1992,17,0,0,0,0,0,0,0,0,0
290808,1,1,1992,23,23,23,23,23,23,23,23,23,23
290809,0,1,1992,0,0,0,0,0,0,0,0,0,0
290809,1,1,1992,0,0,0,0,0,0,0,0,0,0
290810,1,1,1992,0,0,0,8,27,8,0,0,0,0
290810,2,1,1992,15,15,15,15,15,15,15,15,15,15
290811,1,1,1992,0,0,0,0,0,0,0,0,0,0
290811,2,1,1992,0,0,0,0,0,0,0,0,0,0
290812,1,1,1992,0,0,0,0,0,0,0,0,0,0
290812,2,1,1992,0,0,0,0,15,0,0,0,0,0
290813,1,1,1992,0,0,0,0,0,8,0,0,0,0
290814,1,1,1992,0,0,0,0,0,0,0,0,0,0
290814,2,1,1992,0,0,0,0,0,0,0,0,0,0
290815,0,1,1992,0,0,0,0,0,0,0,0,0,0
290815,1,1,1992,0,0,0,0,0,0,0,0,0,0
290816,1,1,1992,0,0,0,0,0,0,0,0,0,0
290816,2,1,1992,0,0,0,0,0,0,0,0,0,0
290817,1,1,1992,0,0,0,0,15,0,0,0,0,4
290818,0,1,1992,29,0,8,22,0,8,0,11,20,11
290818,1,1,1992,19,0,0,0,0,0,0,0,0,0
290819,1,1,1992,18,18,18,18,18,18,18,18,18,18
290819,2,1,1992,0,0,0,0,0,12,17,0,0,0
290820,1,1,1992,7,7,7,7,7,7,7,7,7,7
290820,2,1,1992,0,0,0,14,0,0,0,0,3,0
290821,1,1,1992,13,13,13,13,13,13,13,13,13,13
290822,1,1,1992,0,0,0,0,0,0,0,0,0,0
290823,0,1,1992,19,14,9,30,28,27,24,17,16,17
290823,0,2,1992,22,22,22,22,22,22,22,22,22,22
290823,1,1,1992,13,13,13,13,13,13,13,13,13,13
290823,2,1,1992,0,0,0,0,0,0,0,0,0,0
290824,1,1,1992,0,0,0,0,0,0,10,0,0,0
290825,1,1,1992,0,0,0,0,0,0,0,0,0,0
290825,2,1,1992,0,0,0,0,0,0,0,0,0,0
290826,0,1,1992,20,25,18,26,21,25,10,0,37,22
290826,1,1,1992,0,0,0,0,0,13,0,0,21,0
290827,1,1,1992,0,0,0,0,0,0,0,0,0,0
290828,1,1,1992,4,0,0,0,0,0,0,0,0,0
290828,2,1,1992,0,0,0,0,0,0,0,0,0,0
290829,1,1,1992,0,0,22,0,11,0,0,0,0,19
290829,2,1,1992,0,0,0,0,0,0,0,0,0,4
290829,3,1,1992,13,0,0,0,0,25,9,0,0,20
290830,1,1,1992,0,0,0,0,0,0,14,0,0,0
290830,2,1,1992,14,0,0,0,0,0,0,0,0,0
290831,1,1,1992,0,0,0,0,0,0,0,0,0,0
290831,2,1,1992,0,0,0,0,0,6,0,0,0,0
290832,1,1,1992,0,0,0,0,0,0,0,0,0,0
290832,2,1,1992,0,18,0,14,18,8,19,17,0,30
290833,1,1,1992,21,21,21,21,21,21,21,21,21,21
290834,1,1,1992,0,0,0,0,0,0,0,0,0,0
290834,2,1,1992,0,0,0,0,0,0,0,0,0,0
290835,1,1,1992,0,0,0,0,0,0,0,0,0,0
290836,1,1,1992,0,0,10,0,0,0,10,0,0,0
290836,2,1,1992,9,0,0,0,0,0,10,0,5,0
290837,1,1,1992,0,0,0,0,0,0,12,0,0,0
290837,2,1,1992,0,0,0,0,0,0,0,0,0,0
290838,0,1,1992,0,0,15,0,0,0,0,0,0,0
290838,1,1,1992,0,3,0,0,0,0,0,0,0,0
290839,1,1,1992,0,0,0,0,0,0,0,0,0,0
290840,0,1,1992,0,0,0,0,0,0,0,0,0,0
290840,1,1,1992,0,0,0,0,0,0,0,0,0,0
290840,2,1,1992,0,13,0,0,0,0,0,0,0,0
290841,1,1,1992,23,23,23,23,23,23,23,23,23,23
290842,1,1,1992,19,19,19,19,19,19,19,19,19,19
290842,2,1,1992,0,0,0,0,0,0,0,0,0,0
290843,1,1,1992,0,0,0,0,0,0,6,0,0,0
290843,2,1,1992,0,0,0,0,0,0,0,0,0,0
290844,1,1,1992,0,0,0,0,0,0,0,0,0,0
290844,2,1,1992,0,0,0,0,0,0,0,0,0,0
290845,1,1,1992,20,20,20,20,20,20,20,20,20,20
290845,2,1,1992,0,0,0,0,0,0,0,0,0,0
290845,3,1,1992,0,0,0,0,0,0,0,0,0,0
290845,4,1,1992,0,0,0,0,0,8,0,0,0,0
290845,5,1,1992,0,0,0,0,0,0,0,0,0,0
290846,1,1,1992,17,6,0,3,14,0,0,0,5,16
290846,2,1,1992,0,0,0,0,0,0,0,0,0,0
290847,1,1,1992,25,25,25,25,25,25,25,25,25,25
290848,1,1,1992,6,6,6,6,6,6,6,6,6,6
290849,1,1,1992,0,0,0,0,0,23,0,0,0,5
290849,2,1,1992,0,0,0,0,0,0,0,0,0,0
290850,1,1,1992,0,0,0,0,0,0,0,0,0,0
290850,2,1,1992,0,0,0,0,0,0,0,0,0,0
290851,1,1,1992,0,0,0,0,0,0,0,0,0,0
290851,2,1,1992,0,0,0,0,0,0,0,0,0,0
290852,1,1,1992,18,6,18,30,34,8,25,29,16,31
290853,1,1,1992,13,13,13,13,13,13,13,13,13,13
290853,2,1,1992,0,0,0,0,0,0,0,0,0,0
290854,1,1,1992,0,0,0,0,0,0,0,0,0,0
290855,1,1,1992,0,0,0,0,0,0,0,0,0,0
290856,1,1,1992,0,19,0,9,18,26,0,13,0,0
290857,1,1,1992,0,14,0,0,0,0,0,17,0,0
290857,2,1,1992,0,0,0,0,0,0,0,0,0,0
290858,0,1,1992,0,25,22,0,33,40,0,45,0,0
290858,1,1,1992,0,0,11,0,0,0,0,0,0,0
290859,1,1,1992,31,31,31,31,31,31,31,31,31,31
290860,1,1,1992,6,6,6,6,6,6,6,6,6,6
290860,2,1,1992,0,0,0,0,0,0,11,0,0,0
290861,1,1,1992,0,0,0,0,0,0,0,0,0,0
290861,2,1,1992,0,0,0,0,0,0,0,0,0,0
290862,1,1,1992,4,4,4,4,4,4,4,4,4,4
290863,1,1,1992,13,13,13,13,13,13,13,13,13,13
290863,2,1,1992,0,0,0,0,0,0,20,6,0,0
290864,1,1,1992,17,13,6,12,15,19,20,20,19,16
290865,1,1,1992,18,4,7,13,14,21,3,6,11,9
290865,2,1,1992,0,0,0,0,0,0,0,0,0,0
290866,1,1,1992,19,19,19,19,19,19,19,19,19,19
290867,0,1,1992,0,0,0,0,0,5,0,22,37,0
290867,1,1,1992,0,0,0,0,0,0,0,0,0,0
290868,1,1,1992,0,0,0,0,0,4,15,0,0,0
290869,1,1,1992,7,7,7,7,7,7,7,7,7,7
290870,1,1,1992,0,0,0,0,25,0,0,0,0,0
290870,2,1,1992,0,0,0,0,0,0,0,0,0,0
290871,1,1,1992,20,20,20,20,20,20,20,20,20,20
290871,2,1,1992,0,0,11,15,21,0,0,0,0,21
290872,1,1,1992,0,0,0,0,0,0,0,23,0,0
290872,2,1,1992,0,0,0,0,0,13,0,0,0,0
290873,1,1,1992,13,0,3,9,23,8,32,2,15,25
290873,2,1,1992,0,0,0,0,0,0,0,0,0,0
290874,1,1,1992,20,20,20,20,20,20,20,20,20,20
290877,1,1,1992,0,0,0,18,0,0,0,0,0,0
290878,1,1,1992,0,27,9,0,21,22,12,17,8,20
290879,1,1,1992,22,19,22,11,0,0,15,26,21,0
290879,2,1,1992,0,3,0,0,0,0,0,0,0,0
290880,1,1,1992,0,0,0,0,0,0,0,0,0,0
290881,1,1,1992,22,22,22,22,22,22,22,22,22,22
290881,2,1,1992,0,0,0,0,0,0,0,0,0,0