ST_CASE,VEH_NO,PER_NO,YEAR,P1,P2,P3,P4,P5,P6,P7,P8,P9,P10
290881,3,1,1992,3,12,0,0,18,11,0,0,0,0
290881,4,1,1992,4,6,0,0,0,0,0,18,14,0
290882,1,1,1992,0,0,0,0,15,13,0,0,0,0
290883,0,1,1992,33,12,18,36,23,4,16,33,0,21
290883,1,1,1992,0,0,4,0,0,0,0,0,0,0
290884,1,1,1992,0,0,13,0,11,11,0,0,0,0
290884,2,1,1992,0,0,0,0,0,0,17,0,0,0
290884,3,1,1992,0,0,0,0,0,0,0,15,0,0
290885,1,1,1992,15,32,28,0,15,0,9,5,14,25
290886,1,1,1992,25,24,15,12,23,0,11,11,19,20
290887,1,1,1992,9,11,18,16,23,21,18,20,4,31
300001,1,1,1992,20,20,20,20,20,20,20,20,20,20
300001,2,1,1992,0,0,0,0,0,0,0,0,0,0
300002,1,1,1992,0,0,0,0,0,0,0,0,0,0
300002,2,1,1992,29,29,29,29,29,29,29,29,29,29
300003,1,1,1992,18,18,18,18,18,18,18,18,18,18
300004,1,1,1992,0,0,0,0,0,0,0,0,0,0
300004,2,1,1992,0,0,0,0,0,0,0,0,0,0
300005,1,1,1992,0,0,0,0,0,0,0,0,0,0
300005,2,1,1992,0,0,0,0,0,0,0,0,0,0
300006,1,1,1992,0,10,0,0,0,0,0,0,0,0
300007,1,1,1992,0,0,0,0,0,0,0,0,0,0
300008,1,1,1992,15,15,15,15,15,15,15,15,15,15
300008,2,1,1992,16,16,16,16,16,16,16,16,16,16
300009,1,1,1992,11,11,11,11,11,11,11,11,11,11
300009,2,1,1992,0,0,0,0,12,0,0,0,0,0
300010,1,1,1992,18,18,18,18,18,18,18,18,18,18
300011,1,1,1992,35,35,35,35,35,35,35,35,35,35
300012,1,1,1992,0,0,0,0,0,0,0,0,0,0
300012,2,1,1992,0,0,0,0,0,0,0,0,0,0
300013,0,1,1992,0,0,0,0,0,0,0,0,0,0
300013,1,1,1992,0,0,0,0,0,0,0,0,0,0
300014,1,1,1992,17,22,12,29,10,10,33,23,15,23
300015,0,1,1992,0,0,0,0,0,0,0,0,0,0
300015,1,1,1992,14,14,14,14,14,14,14,14,14,14
300016,1,1,1992,23,23,23,23,23,23,23,23,23,23
300017,1,1,1992,16,16,16,16,16,16,16,16,16,16
300018,1,1,1992,0,0,0,0,0,0,0,0,0,0
300019,1,1,1992,21,21,21,21,21,21,21,21,21,21
300020,0,1,1992,0,0,0,0,0,0,0,0,0,0
300020,1,1,1992,0,0,0,0,0,0,0,0,0,0
300021,0,1,1992,37,37,37,37,37,37,37,37,37,37
300021,1,1,1992,5,5,5,5,5,5,5,5,5,5
300022,1,1,1992,0,0,0,0,0,0,0,0,0,0
300023,1,1,1992,14,14,14,14,14,14,14,14,14,14
300024,1,1,1992,17,17,17,17,17,17,17,17,17,17
300025,1,1,1992,0,0,0,0,0,0,0,0,0,0
300025,2,1,1992,0,0,0,0,0,0,0,0,16,0
300026,1,1,1992,20,20,20,20,20,20,20,20,20,20
300026,2,1,1992,0,0,0,0,0,0,0,0,0,0
300027,1,1,1992,0,0,0,0,0,0,0,0,0,0
300027,2,1,1992,30,30,30,30,30,30,30,30,30,30
300028,1,1,1992,0,0,0,0,0,0,0,0,0,0
300028,2,1,1992,0,0,0,0,0,0,0,0,0,0
300030,1,1,1992,0,0,0,0,0,0,0,0,0,0
300031,1,1,1992,5,5,5,5,5,5,5,5,5,5
300032,1,1,1992,22,22,22,22,22,22,22,22,22,22
300033,1,1,1992,0,0,18,0,0,0,0,13,0,0
300034,1,1,1992,0,0,0,0,0,0,0,0,0,0
300035,1,1,1992,26,26,26,26,26,26,26,26,26,26
300036,1,1,1992,18,18,18,18,18,18,18,18,18,18
300036,2,1,1992,10,10,10,10,10,10,10,10,10,10
300037,1,1,1992,9,9,9,9,9,9,9,9,9,9
300037,2,1,1992,23,23,23,23,23,23,23,23,23,23
300038,1,1,1992,27,27,27,27,27,27,27,27,27,27
300039,1,1,1992,0,0,0,0,0,0,0,0,0,0
300040,1,1,1992,0,0,0,0,0,0,0,9,0,0
300041,1,1,1992,19,19,19,19,19,19,19,19,19,19
300042,1,1,1992,13,13,13,13,13,13,13,13,13,13
300042,2,1,1992,0,0,0,0,0,0,0,0,0,0
300043,1,1,1992,15,15,15,15,15,15,15,15,15,15
300044,1,1,1992,0,0,0,0,0,0,0,0,0,0
300045,1,1,1992,0,0,0,0,0,0,0,0,0,0
300045,2,1,1992,32,32,32,32,32,32,32,32,32,32
300046,1,1,1992,19,19,19,19,19,19,19,19,19,19
300047,1,1,1992,0,0,0,0,0,0,0,0,0,0
300047,2,1,1992,0,0,0,0,0,0,0,0,0,0
300047,3,1,1992,0,0,0,0,0,0,0,0,0,0
300048,1,1,1992,19,19,19,19,19,19,19,19,19,19
300049,1,1,1992,26,26,26,26,26,26,26,26,26,26
300050,0,1,1992,0,0,0,0,0,0,0,0,0,0
300051,1,1,1992,6,6,6,6,6,6,6,6,6,6
300052,1,1,1992,0,0,0,0,0,0,0,0,0,0
300053,1,1,1992,15,15,15,15,15,15,15,15,15,15
300054,1,1,1992,12,12,12,12,12,12,12,12,12,12
300054,2,1,1992,0,0,0,0,0,0,0,0,0,0
300054,3,1,1992,0,0,0,0,0,0,0,0,0,0
300055,1,1,1992,0,0,0,0,0,0,0,0,0,0
300055,2,1,1992,0,0,0,0,0,0,0,0,0,0
300055,3,1,1992,0,0,0,0,0,0,0,0,0,0
300056,1,1,1992,0,0,0,0,0,0,0,0,0,0
300057,1,1,1992,15,0,10,10,10,3,10,14,17,12
300059,1,1,1992,0,0,0,0,0,0,0,0,0,0
300059,2,1,1992,0,0,0,0,0,0,0,0,0,0
300060,0,1,1992,23,23,23,23,23,23,23,23,23,23
300060,1,1,1992,21,5,15,23,10,16,13,23,12,13
300061,0,1,1992,22,22,22,22,22,22,22,22,22,22
300061,1,1,1992,20,20,20,20,20,20,20,20,20,20
300062,1,1,1992,0,0,0,0,0,0,0,0,0,0
300063,1,1,1992,0,0,0,0,0,0,0,0,0,0
300063,2,1,1992,0,0,0,0,0,0,0,0,0,0
300063,3,1,1992,0,0,0,0,0,0,0,0,0,0
300064,0,1,1992,1,1,1,1,1,1,1,1,1,1
300064,1,1,1992,0,0,0,0,0,0,0,0,0,0
300065,1,1,1992,0,0,0,0,0,0,0,0,0,0
300066,1,1,1992,18,18,18,18,18,18,18,18,18,18
300067,1,1,1992,0,0,0,0,0,0,0,0,0,0
300068,1,1,1992,0,0,0,0,0,0,0,0,0,0
300068,2,1,1992,0,0,0,0,0,0,0,0,0,0
300069,1,1,1992,15,15,15,15,15,15,15,15,15,15
300070,1,1,1992,10,10,10,10,10,10,10,10,10,10
300071,1,1,1992,0,0,0,0,0,0,0,0,0,0
300072,1,1,1992,17,17,17,17,17,17,17,17,17,17
300073,0,1,1992,0,0,0,0,0,0,0,0,0,0
300073,1,1,1992,0,0,0,0,0,0,0,0,0,0
300074,1,1,1992,12,12,12,12,12,12,12,12,12,12
300075,1,1,1992,5,5,5,5,5,5,5,5,5,5
300076,1,1,1992,0,0,0,0,0,0,0,0,0,0
300076,2,1,1992,0,0,0,0,0,0,0,0,0,0
300077,1,1,1992,15,15,15,15,15,15,15,15,15,15
300079,1,1,1992,29,29,29,29,29,29,29,29,29,29
300080,1,1,1992,16,16,16,16,16,16,16,16,16,16
300081,1,1,1992,26,26,26,26,26,26,26,26,26,26
300083,1,1,1992,0,0,0,0,0,0,0,0,0,0
300084,1,1,1992,0,0,0,0,0,0,0,0,0,0
300085,1,1,1992,16,16,16,16,16,16,16,16,16,16
300086,1,1,1992,0,18,0,0,12,4,0,0,31,10
300087,1,1,1992,11,11,11,11,11,11,11,11,11,11
300087,2,1,1992,0,0,0,0,0,0,0,0,0,0
300088,1,1,1992,0,0,0,0,0,0,0,0,0,0
300089,1,1,1992,34,34,34,34,34,34,34,34,34,34
300090,0,1,1992,15,15,15,15,15,15,15,15,15,15
300090,1,1,1992,0,0,0,0,0,0,0,0,0,0
300091,1,1,1992,0,0,0,0,0,0,0,0,0,0
300092,1,1,1992,0,0,0,0,0,0,0,0,0,0
300093,1,1,1992,0,0,0,0,0,0,0,0,0,0
300094,1,1,1992,0,0,0,0,0,0,0,0,0,0
300095,0,1,1992,11,11,11,11,11,11,11,11,11,11
300095,2,1,1992,7,24,22,15,16,14,13,19,7,19
300096,1,1,1992,0,0,0,0,0,0,0,0,0,0
300097,1,1,1992,0,0,0,0,0,0,0,0,0,0
300098,1,1,1992,23,0,0,0,0,0,0,0,0,9
300099,1,1,1992,0,0,0,0,0,0,0,0,0,0
300100,1,1,1992,19,19,19,19,19,19,19,19,19,19
300101,1,1,1992,0,0,0,0,0,0,0,0,0,0
300102,1,1,1992,0,0,0,0,0,0,0,0,0,0
300103,1,1,1992,14,14,14,14,14,14,14,14,14,14
300104,1,1,1992,34,34,34,34,34,34,34,34,34,34
300105,1,1,1992,0,0,0,0,0,0,0,0,0,0
300106,1,1,1992,8,8,8,8,8,8,8,8,8,8
300107,1,1,1992,0,0,0,0,0,0,0,0,0,0
300107,2,1,1992,0,0,0,0,0,0,0,0,0,0
300108,1,1,1992,0,0,0,0,0,0,0,0,0,0
300109,1,1,1992,12,12,12,12,12,12,12,12,12,12
300110,1,1,1992,0,0,0,0,0,0,0,0,0,0
300111,0,1,1992,0,0,0,4,0,0,0,0,0,0
300111,1,1,1992,0,0,0,0,0,0,0,0,0,0
300112,1,1,1992,0,0,0,0,0,0,0,0,0,0
300113,1,1,1992,0,0,0,0,0,0,0,0,0,0
300114,1,1,1992,12,12,12,12,12,12,12,12,12,12
300115,0,1,1992,23,23,23,23,23,23,23,23,23,23
300115,1,1,1992,0,0,0,0,0,0,0,0,0,0
300116,1,1,1992,12,12,12,12,12,12,12,12,12,12
300117,1,1,1992,0,0,0,0,0,0,0,0,0,0
300118,1,1,1992,9,9,9,9,9,9,9,9,9,9
300119,1,1,1992,0,0,0,0,0,0,0,0,0,0
300120,1,1,1992,0,0,0,0,0,0,0,0,0,0
300120,2,1,1992,0,0,0,0,0,0,0,0,0,0
300120,3,1,1992,0,0,9,0,0,0,0,0,0,0
300121,1,1,1992,9,9,9,9,9,9,9,9,9,9
300122,1,1,1992,0,0,0,0,0,0,0,0,0,0
300122,2,1,1992,0,0,0,0,0,0,0,0,0,0
300123,1,1,1992,24,24,24,24,24,24,24,24,24,24
300124,1,1,1992,14,14,14,14,14,14,14,14,14,14
300125,1,1,1992,24,13,21,8,21,17,15,21,6,8
300127,0,1,1992,0,0,0,0,0,0,0,0,0,0
300127,1,1,1992,0,0,0,0,0,0,0,0,0,0
300128,1,1,1992,7,7,7,7,7,7,7,7,7,7
300129,1,1,1992,18,18,18,18,18,18,18,18,18,18
300130,1,1,1992,0,0,0,0,0,0,0,0,0,0
300131,1,1,1992,18,21,22,9,24,7,16,16,0,16
300132,1,1,1992,0,0,0,0,0,0,0,0,0,0
300133,1,1,1992,0,0,0,0,0,0,0,0,0,0
300134,1,1,1992,0,0,0,0,0,0,0,0,0,0
300134,2,1,1992,0,0,0,0,0,0,0,0,0,0
300135,1,1,1992,0,0,0,0,0,0,0,0,0,0
300136,1,1,1992,0,0,0,0,0,0,0,0,0,0
300136,2,1,1992,21,21,21,21,21,21,21,21,21,21
300137,1,1,1992,17,17,17,17,17,17,17,17,17,17
300137,2,1,1992,0,0,0,0,0,0,0,0,0,0
300138,1,1,1992,0,0,0,0,0,0,0,0,0,0
300139,1,1,1992,0,0,0,0,0,0,0,0,0,0
300139,2,1,1992,27,27,27,27,27,27,27,27,27,27
300140,1,1,1992,0,0,0,0,0,0,0,0,0,0
300140,2,1,1992,0,17,0,0,0,23,0,0,0,20
300141,1,1,1992,0,0,0,0,0,0,0,0,0,0
300141,2,1,1992,0,0,0,0,0,0,0,0,0,0
300141,3,1,1992,0,0,0,0,0,0,0,0,0,0
300143,1,1,1992,0,0,0,0,0,0,0,0,0,0
300144,1,1,1992,5,5,5,5,5,5,5,5,5,5
300145,1,1,1992,0,0,0,0,0,0,0,0,0,0
300146,1,1,1992,0,0,0,0,0,0,0,0,0,0
300146,2,1,1992,0,0,0,0,0,0,0,0,0,0
300147,1,1,1992,36,36,36,36,36,36,36,36,36,36
300148,1,1,1992,18,18,18,18,18,18,18,18,18,18
300148,2,1,1992,0,0,0,0,0,0,0,0,0,0
300149,1,1,1992,0,0,0,0,0,0,0,0,0,0
300149,2,1,1992,15,10,21,9,23,24,22,13,26,14
300149,3,1,1992,0,0,0,0,0,0,0,0,0,0
300150,1,1,1992,20,20,20,20,20,20,20,20,20,20
300151,0,1,1992,15,15,15,15,15,15,15,15,15,15
300151,1,1,1992,3,3,3,3,3,3,3,3,3,3
300152,0,1,1992,0,0,0,0,0,0,0,0,0,0
300152,1,1,1992,0,0,0,0,0,0,0,0,0,0
300153,1,1,1992,0,0,0,0,0,0,0,0,0,0
300154,0,1,1992,2,2,2,2,2,2,2,2,2,2
300154,1,1,1992,0,0,0,0,0,0,0,0,0,0
300155,1,1,1992,0,0,0,0,0,0,0,0,0,0
300156,1,1,1992,0,0,0,0,0,0,0,0,0,0
300157,1,1,1992,23,23,23,23,23,23,23,23,23,23
300158,1,1,1992,9,9,9,9,9,9,9,9,9,9
300158,2,1,1992,19,19,19,19,19,19,19,19,19,19
300159,1,1,1992,4,4,4,4,4,4,4,4,4,4
300160,0,1,1992,0,0,30,0,0,0,19,35,23,0
300160,1,1,1992,0,0,18,0,0,0,0,0,0,0
300161,1,1,1992,0,0,0,0,0,0,9,0,0,0
300162,1,1,1992,0,0,0,0,0,0,0,0,0,0
300163,1,1,1992,14,14,14,14,14,14,14,14,14,14
300163,2,1,1992,0,0,0,0,0,0,0,0,0,0
300164,1,1,1992,0,0,0,0,0,0,0,0,0,0
300165,1,1,1992,8,8,8,8,8,8,8,8,8,8
300166,1,1,1992,0,0,0,0,0,0,0,0,0,0
300166,2,1,1992,19,19,19,19,19,19,19,19,19,19
300167,1,1,1992,18,18,18,18,18,18,18,18,18,18
300168,0,1,1992,14,14,14,14,14,14,14,14,14,14
300168,1,1,1992,0,0,5,0,0,0,0,0,0,0
300169,1,1,1992,14,14,14,14,14,14,14,14,14,14
300170,1,1,1992,19,19,19,19,19,19,19,19,19,19
300171,1,1,1992,0,0,0,0,0,0,0,0,0,0
300172,1,1,1992,21,21,21,21,21,21,21,21,21,21
300173,1,1,1992,0,0,0,0,0,0,0,0,0,0
300174,1,1,1992,0,0,0,0,0,0,0,0,0,0
300174,2,1,1992,0,0,0,0,0,0,0,0,0,0
300174,3,1,1992,0,0,0,0,0,0,0,0,0,0
300174,4,1,1992,0,0,0,0,0,0,0,0,0,0
300175,1,1,1992,0,0,0,0,0,0,0,0,0,0
300175,2,1,1992,0,0,0,0,0,0,0,0,0,0
300176,0,1,1992,0,0,0,0,0,0,0,0,0,0
300176,2,1,1992,0,0,0,0,0,0,0,0,0,0
300177,1,1,1992,28,28,28,28,28,28,28,28,28,28
300178,1,1,1992,18,15,23,0,17,30,10,12,0,11
310001,1,1,1992,0,0,0,0,0,0,0,0,0,0
310001,2,1,1992,23,23,23,23,23,23,23,23,23,23
310002,1,1,1992,0,0,0,0,0,0,0,0,0,0
310002,2,1,1992,0,0,0,0,0,0,0,0,0,0
310003,1,1,1992,0,0,0,0,0,0,0,0,0,0
310003,2,1,1992,0,0,0,0,0,0,0,0,0,0
310004,1,1,1992,0,0,0,0,0,0,0,0,0,0
310005,1,1,1992,0,0,0,0,0,0,0,0,0,0
310005,2,1,1992,0,0,0,0,0,0,0,0,0,0
310006,1,1,1992,12,12,12,12,12,12,12,12,12,12
310007,0,1,1992,0,0,0,0,0,0,0,0,0,0
310007,0,2,1992,0,0,0,0,0,0,0,0,0,0
310007,1,1,1992,0,0,0,0,0,0,0,0,0,0
310008,1,1,1992,0,0,0,0,0,0,0,0,0,0
310008,2,1,1992,0,0,0,0,0,0,0,0,0,0
310009,1,1,1992,0,0,0,0,0,0,0,0,0,0
310009,2,1,1992,0,0,0,0,0,0,0,0,0,0
310010,1,1,1992,13,13,13,13,13,13,13,13,13,13
310011,1,1,1992,0,0,0,0,0,0,0,0,0,0
310011,2,1,1992,0,0,0,0,0,0,0,0,0,0
310012,1,1,1992,24,24,24,24,24,24,24,24,24,24
310013,1,1,1992,5,5,5,5,5,5,5,5,5,5
310014,1,1,1992,0,0,0,0,0,0,0,0,0,0
310014,2,1,1992,0,0,0,0,0,0,0,0,0,0
310015,1,1,1992,0,0,0,0,0,0,0,0,0,0
310015,2,1,1992,0,0,0,0,0,0,0,0,0,0
310016,1,1,1992,0,0,0,0,0,0,0,0,0,0
310017,1,1,1992,0,0,0,0,0,0,0,0,0,0
310018,1,1,1992,0,0,0,0,0,0,0,0,0,0
310018,2,1,1992,0,0,0,0,0,0,0,0,0,0
310019,1,1,1992,0,0,0,0,0,0,0,0,0,0
310019,2,1,1992,0,0,0,0,0,0,0,0,0,0
310020,1,1,1992,0,0,0,0,0,0,0,0,0,0
310020,2,1,1992,0,0,0,0,0,0,0,0,0,0
310021,1,1,1992,0,0,0,0,0,0,0,0,0,0
310022,1,1,1992,15,15,15,15,15,15,15,15,15,15
310023,1,1,1992,0,0,0,0,0,0,0,0,0,0
310023,2,1,1992,0,0,0,0,0,0,0,0,0,0
310023,3,1,1992,0,0,0,0,0,0,0,0,0,0
310023,4,1,1992,0,0,0,0,0,0,0,0,0,0
310023,5,1,1992,0,0,0,0,0,0,0,0,0,0
310024,1,1,1992,0,0,0,0,0,0,0,0,0,0
310025,1,1,1992,23,23,23,23,23,23,23,23,23,23
310026,1,1,1992,23,23,23,23,23,23,23,23,23,23
310027,1,1,1992,0,0,0,0,0,0,0,0,0,0
310027,2,1,1992,0,0,0,0,0,0,0,0,0,0
310028,1,1,1992,0,0,0,0,0,0,0,0,0,0
310028,2,1,1992,0,0,0,0,0,0,0,0,0,0
310029,1,2,1992,0,12,0,0,0,11,0,5,16,18
310030,1,1,1992,0,0,0,0,0,0,0,0,0,0
310030,2,1,1992,0,0,0,0,0,0,0,0,0,0
310031,0,1,1992,0,0,0,0,0,0,0,0,0,0
310031,1,1,1992,0,0,0,0,0,0,0,0,0,0
310032,1,1,1992,0,0,0,0,0,0,0,0,0,0
310032,2,1,1992,0,0,0,0,0,0,0,0,0,0
310033,1,1,1992,24,24,24,24,24,24,24,24,24,24
310034,1,1,1992,9,9,9,9,9,9,9,9,9,9
310035,1,1,1992,19,19,19,19,19,19,19,19,19,19
310036,1,1,1992,0,0,0,0,0,0,0,0,0,0
310036,2,1,1992,0,0,0,0,0,0,0,0,0,0
310037,1,1,1992,10,0,0,0,0,0,0,0,4,0
310038,1,1,1992,0,0,0,0,0,0,0,0,0,0
310039,1,1,1992,18,18,18,18,18,18,18,18,18,18
310040,1,1,1992,0,0,0,0,0,0,0,0,0,0
310041,1,1,1992,24,24,24,24,24,24,24,24,24,24
310042,1,1,1992,0,0,0,0,0,0,0,0,0,0
310042,2,1,1992,0,0,0,0,0,0,0,0,0,0
310043,1,1,1992,0,0,0,0,0,0,0,0,0,0
310043,2,1,1992,31,0,0,0,0,0,0,0,0,28
310044,1,1,1992,15,7,9,6,0,8,9,9,7,19
310044,2,1,1992,4,4,4,4,4,4,4,4,4,4
310045,1,1,1992,0,0,0,0,0,0,0,0,0,0
310046,1,1,1992,0,0,0,0,0,11,0,0,0,0
310046,2,1,1992,0,0,0,0,0,0,0,0,0,0
310047,0,1,1992,12,0,0,0,0,0,0,0,0,0
310047,1,1,1992,0,0,0,0,0,0,0,0,0,0
310048,1,1,1992,0,0,0,0,0,0,0,0,0,0
310049,1,1,1992,0,0,0,0,0,0,0,0,0,0
310049,2,1,1992,0,0,0,0,0,0,0,0,0,0
310050,0,1,1992,0,0,0,0,0,0,0,0,0,0
310050,1,1,1992,0,0,0,0,0,0,0,0,0,0
310051,1,1,1992,6,6,6,6,6,6,6,6,6,6
310052,1,1,1992,0,0,0,0,0,0,0,0,0,0
310053,2,1,1992,0,0,0,0,0,0,0,0,0,0
310054,1,1,1992,18,28,26,21,0,20,0,31,20,14
310055,1,1,1992,0,0,0,0,0,0,0,0,0,0
310056,1,1,1992,19,19,19,19,19,19,19,19,19,19
310057,1,1,1992,0,0,0,0,0,0,0,0,0,0
310058,1,1,1992,0,0,0,0,0,0,0,0,0,0
310059,1,1,1992,4,4,4,4,4,4,4,4,4,4
310060,1,1,1992,19,0,0,0,0,0,0,0,0,0
310060,2,1,1992,0,0,0,0,0,0,0,0,0,0
310060,3,1,1992,0,0,0,0,0,0,0,0,0,0
310060,4,1,1992,0,0,0,0,0,0,0,0,0,0
310061,1,1,1992,0,0,0,0,0,0,0,0,0,0
310061,2,1,1992,0,0,0,0,0,0,0,0,0,0
310062,1,1,1992,0,0,0,0,0,0,0,0,0,0
310062,2,1,1992,0,0,0,0,0,0,0,0,0,0
310063,1,1,1992,0,0,0,0,0,0,0,0,0,0
310064,1,1,1992,0,0,0,0,0,0,0,0,0,0
310065,1,1,1992,0,0,6,16,0,0,0,22,0,0
310066,1,1,1992,0,0,0,0,0,0,0,0,0,0
310066,2,1,1992,0,0,0,0,0,0,0,0,0,0
310066,3,1,1992,0,0,0,0,0,0,0,0,0,0
310066,4,1,1992,0,0,0,0,0,0,0,0,0,0
310067,1,1,1992,23,23,23,23,23,23,23,23,23,23
310068,0,1,1992,0,0,0,0,0,0,0,0,0,0
310068,1,1,1992,0,0,0,0,0,0,0,0,0,0
310069,0,1,1992,0,0,0,0,0,0,0,0,0,0
310069,1,1,1992,0,0,0,0,0,0,0,0,0,0
310071,1,1,1992,13,13,13,13,13,13,13,13,13,13
310072,1,1,1992,12,12,12,12,12,12,12,12,12,12
310073,1,1,1992,0,0,0,0,0,0,0,0,0,0
310073,2,1,1992,0,0,0,0,0,0,8,0,0,0
310074,1,1,1992,0,0,0,0,0,0,0,0,0,0
310074,2,1,1992,0,0,0,0,0,0,0,0,0,0
310075,1,1,1992,13,13,13,13,13,13,13,13,13,13
310076,1,1,1992,0,0,0,0,0,0,0,0,0,0
310077,1,1,1992,0,0,0,0,0,0,0,0,0,0
310078,1,1,1992,0,0,0,0,0,0,0,0,0,0
310079,1,1,1992,4,4,4,4,4,4,4,4,4,4
310080,0,1,1992,19,19,19,19,19,19,19,19,19,19
310080,1,1,1992,0,17,0,0,0,0,11,0,0,0
310081,1,1,1992,0,0,0,0,0,0,0,0,0,0
310081,2,1,1992,0,0,0,0,0,0,0,0,0,0
310082,1,1,1992,17,17,17,17,17,17,17,17,17,17
310082,2,1,1992,33,27,30,25,18,18,13,0,50,23
310082,3,1,1992,0,0,0,0,0,0,0,0,0,0
310083,1,1,1992,15,15,15,15,15,15,15,15,15,15
310084,1,1,1992,0,0,0,0,0,0,0,0,0,0
310084,2,1,1992,28,28,28,28,28,28,28,28,28,28
310085,1,1,1992,25,25,25,25,25,25,25,25,25,25
310086,1,1,1992,3,3,3,3,3,3,3,3,3,3
310087,1,1,1992,0,0,0,0,0,0,0,0,0,0
310088,1,1,1992,6,6,6,6,6,6,6,6,6,6
310088,2,1,1992,0,0,0,0,0,0,0,0,0,0
310089,1,1,1992,19,19,19,19,19,19,19,19,19,19
310090,1,1,1992,0,0,0,0,0,0,0,0,0,0
310090,2,1,1992,0,0,0,0,0,0,0,0,0,0
310091,1,1,1992,0,0,0,0,0,0,0,0,0,0
310091,2,1,1992,0,0,0,0,0,0,0,0,0,0
310092,1,1,1992,19,19,19,19,19,19,19,19,19,19
310093,1,1,1992,0,0,0,0,0,0,0,0,0,0
310093,2,1,1992,0,0,0,0,0,0,0,0,0,0
310094,1,1,1992,17,17,17,17,17,17,17,17,17,17
310095,1,1,1992,0,0,0,0,0,0,0,0,0,0
310095,2,1,1992,0,0,0,0,0,0,0,0,0,0
310096,1,1,1992,0,0,0,0,0,0,0,0,0,0
310097,1,1,1992,0,0,0,0,0,0,0,0,0,0
310097,2,1,1992,0,0,0,0,0,0,0,0,0,0
310098,1,1,1992,0,0,0,0,0,0,0,0,0,0
310098,2,1,1992,0,0,0,0,0,0,0,0,0,0
310099,1,1,1992,0,0,0,0,0,0,0,0,0,0
310099,2,1,1992,0,0,0,0,0,0,0,0,0,0
310100,1,1,1992,13,13,13,13,13,13,13,13,13,13
310100,2,1,1992,0,0,0,0,0,0,0,0,0,0
310101,1,1,1992,13,13,13,13,13,13,13,13,13,13
310102,1,1,1992,25,25,25,25,25,25,25,25,25,25
310103,1,1,1992,0,0,0,0,0,0,0,0,0,0
310103,2,1,1992,0,0,0,0,0,0,0,0,0,0
310103,3,1,1992,0,0,0,0,0,0,0,0,0,0
310104,1,1,1992,30,30,30,30,30,30,30,30,30,30
310104,2,1,1992,0,0,0,0,0,0,0,0,0,0
310105,1,1,1992,0,0,0,0,0,0,0,0,0,0
310105,2,1,1992,0,0,0,0,0,0,0,0,0,0
310106,1,1,1992,0,0,0,0,0,0,0,0,0,0
310106,2,1,1992,0,0,0,0,0,0,0,0,0,0
310107,1,1,1992,0,0,0,0,0,0,0,0,0,0
310108,1,1,1992,0,0,0,0,0,0,0,0,0,0
310109,0,1,1992,0,0,0,0,0,0,0,0,0,0
310109,1,1,1992,0,0,0,0,0,0,0,0,0,0
310110,1,1,1992,0,0,0,0,0,0,0,0,0,0
310110,2,1,1992,0,0,0,0,0,0,0,0,0,0
310111,1,1,1992,0,0,0,0,0,0,0,0,0,0
310111,2,1,1992,0,0,0,0,0,0,0,0,0,25
310112,1,1,1992,21,21,21,21,21,21,21,21,21,21
310113,1,1,1992,0,0,0,0,0,0,0,0,0,0
310113,2,1,1992,0,0,0,0,0,0,0,0,0,0
310114,1,1,1992,0,0,0,0,0,0,0,0,0,0
310114,2,1,1992,0,0,0,0,0,0,0,0,0,0
310115,1,1,1992,11,0,0,0,0,0,0,0,0,11
310116,1,1,1992,6,6,6,6,6,6,6,6,6,6
310116,2,1,1992,0,0,0,0,0,0,0,0,0,0
310118,1,1,1992,10,0,0,0,0,9,0,0,0,0
310119,1,1,1992,10,14,27,0,0,0,12,0,0,15
310120,1,1,1992,0,0,0,0,0,0,0,0,0,0
310120,2,1,1992,13,13,13,13,13,13,13,13,13,13
310121,1,1,1992,0,0,0,0,0,0,0,0,0,0
310121,2,1,1992,0,0,0,0,0,0,0,0,0,0
310122,1,1,1992,15,15,15,15,15,15,15,15,15,15
310123,1,1,1992,0,0,0,0,0,0,0,0,0,0
310124,1,1,1992,0,0,0,0,0,0,0,0,0,0
310125,1,1,1992,0,0,0,0,0,0,0,0,0,0
310125,2,1,1992,0,0,0,0,0,0,0,0,0,0
310126,1,1,1992,0,0,0,0,0,0,0,0,0,0
310126,2,1,1992,0,0,0,0,0,0,0,0,0,0
310127,1,1,1992,0,0,0,0,0,0,0,0,0,0
310128,0,1,1992,11,11,11,11,11,11,11,11,11,11
310128,1,1,1992,5,5,5,5,5,5,5,5,5,5
310129,1,1,1992,3,3,3,3,3,3,3,3,3,3
310129,2,1,1992,0,0,0,0,0,0,0,0,0,0
310130,1,1,1992,0,0,0,0,0,0,0,0,0,0
310131,1,1,1992,21,21,21,21,21,21,21,21,21,21