ST_CASE,VEH_NO,PER_NO,YEAR,P1,P2,P3,P4,P5,P6,P7,P8,P9,P10
320199,2,1,1992,0,0,0,0,0,0,0,0,0,0
320199,3,1,1992,0,0,0,0,0,0,0,0,0,0
320200,0,1,1992,19,19,19,19,19,19,19,19,19,19
320200,1,1,1992,0,0,0,0,0,9,0,0,0,0
320201,1,1,1992,16,16,16,16,16,16,16,16,16,16
320201,2,1,1992,0,0,0,0,0,0,0,0,0,0
320202,1,1,1992,0,0,0,0,0,0,0,0,0,0
320202,2,1,1992,0,0,0,0,0,0,0,0,0,12
320203,0,1,1992,0,0,0,0,0,0,21,0,0,0
320203,1,1,1992,0,0,0,0,0,0,0,0,0,11
320204,1,1,1992,0,0,0,0,0,0,0,0,0,0
320204,2,1,1992,0,0,0,0,0,0,0,0,0,0
320205,1,1,1992,14,14,14,14,14,14,14,14,14,14
320206,1,1,1992,0,0,0,0,0,0,0,0,0,0
320207,1,1,1992,0,0,0,0,0,0,0,0,0,0
320207,2,1,1992,0,0,0,0,0,0,0,0,0,0
320208,1,1,1992,0,0,0,0,0,14,11,0,0,0
320209,0,1,1992,0,0,0,4,0,9,0,21,25,10
320209,1,1,1992,0,12,0,0,0,0,0,0,0,0
320210,1,1,1992,0,0,0,0,0,0,0,0,0,0
320211,1,1,1992,0,0,0,0,0,0,0,0,0,0
320212,1,1,1992,0,0,0,0,0,0,0,0,0,0
320212,2,1,1992,0,0,0,0,0,0,0,0,0,0
320213,1,1,1992,8,8,8,8,8,8,8,8,8,8
320214,1,1,1992,0,0,0,0,0,0,0,0,0,0
320214,2,1,1992,0,0,0,0,0,8,0,0,0,0
320215,1,1,1992,11,11,11,11,11,11,11,11,11,11
320216,0,1,1992,26,26,26,26,26,26,26,26,26,26
320216,1,1,1992,0,0,0,0,0,0,0,0,0,0
320217,1,1,1992,0,0,0,0,0,0,0,0,0,0
320218,0,1,1992,0,0,0,0,0,0,0,0,0,0
320218,1,1,1992,0,0,0,0,0,0,0,0,0,0
320219,1,1,1992,17,17,17,17,17,17,17,17,17,17
320219,2,1,1992,0,0,0,0,0,0,0,0,0,0
320220,1,1,1992,17,17,17,17,17,17,17,17,17,17
320220,2,1,1992,0,0,0,0,0,0,0,0,11,0
320221,1,1,1992,0,0,0,0,0,0,0,0,0,0
320221,2,1,1992,0,0,0,0,0,0,0,0,0,0
320221,3,1,1992,0,0,0,0,0,0,0,0,0,9
320222,1,1,1992,15,15,15,15,15,15,15,15,15,15
320222,2,1,1992,0,0,0,0,0,0,0,0,0,0
320223,1,1,1992,17,17,17,17,17,17,17,17,17,17
320224,1,1,1992,0,0,0,0,0,0,0,0,0,0
320224,2,1,1992,0,0,0,0,0,0,0,0,0,0
320225,0,1,1992,0,0,0,0,0,0,0,0,0,0
320225,1,1,1992,0,0,0,0,0,0,0,0,0,0
320226,0,1,1992,0,0,0,0,0,0,0,0,0,0
320226,1,1,1992,0,0,0,0,0,0,0,0,0,0
320227,0,1,1992,0,0,0,0,0,0,0,0,0,0
320227,1,1,1992,0,0,0,0,0,0,0,15,0,23
320228,0,1,1992,0,0,0,0,0,0,0,0,0,0
320228,1,1,1992,0,0,0,0,0,0,0,0,0,0
320229,1,1,1992,0,0,20,0,0,0,0,0,0,16
330001,1,1,1992,7,0,0,0,0,0,0,0,3,0
330001,2,1,1992,0,0,0,0,0,0,0,0,0,0
330002,1,1,1992,0,0,0,0,0,0,0,0,0,0
330002,2,1,1992,0,0,0,0,0,0,0,0,0,0
330003,1,1,1992,0,0,0,0,0,0,0,0,0,0
330004,0,1,1992,21,21,21,21,21,21,21,21,21,21
330004,1,1,1992,0,0,0,0,0,0,0,0,0,0
330005,1,1,1992,23,23,23,23,23,23,23,23,23,23
330005,2,1,1992,0,0,0,0,0,0,0,0,0,0
330006,1,1,1992,0,0,0,14,0,21,0,0,3,13
330007,1,1,1992,17,17,17,17,17,17,17,17,17,17
330008,1,1,1992,0,0,0,0,0,0,0,0,27,0
330008,2,1,1992,0,0,0,0,0,0,0,0,0,0
330009,1,1,1992,21,0,0,0,0,0,31,0,0,17
330010,1,1,1992,8,0,0,0,0,0,0,0,0,37
330010,2,1,1992,0,0,0,0,0,0,0,0,0,0
330011,0,1,1992,0,0,0,0,0,0,0,0,0,0
330011,1,1,1992,0,0,0,0,0,0,0,0,0,0
330012,0,1,1992,0,13,0,0,0,0,0,30,0,0
330012,1,1,1992,0,0,0,0,0,0,0,0,0,0
330013,1,1,1992,0,0,0,0,0,6,0,0,0,0
330014,1,1,1992,0,0,0,0,0,0,0,0,0,0
330014,2,1,1992,0,0,0,0,0,0,0,0,0,0
330015,1,1,1992,0,0,0,0,0,0,0,0,0,0
330016,1,1,1992,17,17,17,17,17,17,17,17,17,17
330017,1,1,1992,0,0,0,0,0,0,0,0,0,0
330018,1,1,1992,25,25,25,25,25,25,25,25,25,25
330018,2,1,1992,11,0,16,0,0,19,0,0,19,17
330019,1,1,1992,0,0,0,0,0,0,0,0,0,0
330019,2,1,1992,18,18,23,10,19,14,23,34,17,23
330020,1,1,1992,0,0,0,0,0,0,0,0,0,0
330021,1,1,1992,0,0,0,0,0,0,0,0,0,0
330021,2,1,1992,0,0,0,0,0,0,0,0,0,0
330022,1,1,1992,21,21,21,21,21,21,21,21,21,21
330023,0,1,1992,0,0,0,0,0,0,0,0,0,0
330023,0,2,1992,0,0,0,0,0,0,0,0,0,0
330023,1,1,1992,0,0,0,0,0,0,0,0,0,0
330024,1,1,1992,0,0,0,0,0,0,0,0,0,0
330025,1,1,1992,0,0,0,0,0,0,0,0,0,0
330025,2,1,1992,0,0,0,0,0,0,0,0,0,0
330026,1,1,1992,0,0,0,0,0,0,0,0,0,0
330026,2,1,1992,0,0,0,0,0,0,0,0,0,0
330027,0,1,1992,0,0,0,0,0,0,0,0,0,0
330027,1,1,1992,0,0,0,0,0,0,0,0,0,0
330028,1,1,1992,0,0,0,0,0,0,0,0,0,0
330029,1,1,1992,0,0,0,0,0,0,0,0,0,0
330029,2,1,1992,0,0,0,0,0,0,0,0,0,0
330029,3,1,1992,0,0,0,0,0,0,0,0,0,0
330030,1,1,1992,0,0,0,0,0,0,0,0,0,0
330030,2,1,1992,0,0,0,0,0,0,0,0,0,0
330031,1,1,1992,0,0,0,0,0,0,0,0,0,0
330031,2,1,1992,0,0,0,0,0,0,9,0,25,0
330032,1,1,1992,0,0,0,0,0,21,0,0,0,0
330033,1,1,1992,16,16,16,16,16,16,16,16,16,16
330033,2,1,1992,0,0,0,0,7,0,0,0,0,0
330034,1,1,1992,0,0,0,0,0,0,0,0,0,0
330034,2,1,1992,0,0,0,0,0,0,0,0,0,0
330035,1,1,1992,0,0,0,0,0,0,0,0,0,0
330036,1,1,1992,22,21,0,0,10,8,0,24,0,0
330038,1,1,1992,0,12,0,0,10,0,25,18,0,0
330038,2,1,1992,0,0,0,0,0,0,0,6,0,0
330039,1,1,1992,0,0,0,0,0,0,0,0,0,0
330040,0,1,1992,0,0,0,0,0,0,0,0,0,0
330040,1,1,1992,0,0,0,0,0,0,0,0,0,0
330041,1,1,1992,20,20,20,20,20,20,20,20,20,20
330042,1,1,1992,0,0,0,0,0,0,0,0,0,0
330042,2,1,1992,0,0,0,0,0,0,0,0,0,0
330043,0,1,1992,32,18,29,24,6,19,17,13,22,8
330043,1,1,1992,0,0,0,0,0,0,0,12,0,0
330044,1,1,1992,14,10,5,19,22,28,18,24,10,20
330045,1,1,1992,0,0,17,18,0,9,16,0,22,8
330046,1,1,1992,17,17,17,17,17,17,17,17,17,17
330047,1,1,1992,0,0,0,0,0,0,0,0,0,0
330047,2,1,1992,0,0,0,0,0,0,0,0,0,0
330048,1,1,1992,0,0,0,0,0,0,0,0,0,0
330048,2,1,1992,0,0,0,0,0,0,0,0,0,0
330049,1,1,1992,0,0,0,0,0,0,0,0,0,0
330049,2,1,1992,18,18,18,18,18,18,18,18,18,18
330050,1,1,1992,17,17,17,17,17,17,17,17,17,17
330051,1,1,1992,0,0,17,0,14,0,0,15,21,0
330051,2,1,1992,19,19,19,19,19,19,19,19,19,19
330052,1,1,1992,0,0,0,0,0,0,0,4,0,0
330052,2,1,1992,0,0,0,0,0,0,0,0,0,0
330053,1,1,1992,0,0,0,0,0,0,0,0,0,0
330053,2,1,1992,0,0,0,0,0,0,0,0,0,0
330054,1,1,1992,0,0,0,0,0,0,0,0,0,0
330055,1,1,1992,0,0,0,0,0,0,0,0,0,0
330056,1,1,1992,0,0,0,0,0,0,0,0,0,0
330056,2,1,1992,0,0,0,0,0,0,0,0,0,0
330057,1,1,1992,0,0,0,0,0,0,0,0,0,0
330058,1,1,1992,0,0,0,0,0,0,0,0,0,0
330058,2,1,1992,14,11,11,8,11,9,18,5,21,0
330059,1,1,1992,0,0,0,0,0,0,13,0,0,0
330060,1,1,1992,0,0,0,0,0,0,0,0,0,0
330061,1,1,1992,9,9,9,9,9,9,9,9,9,9
330061,2,1,1992,0,10,13,0,0,0,0,23,19,6
330062,1,1,1992,9,9,9,9,9,9,9,9,9,9
330063,0,1,1992,0,0,0,0,0,0,0,0,0,0
330063,1,1,1992,0,0,0,0,0,0,0,0,0,0
330064,1,1,1992,0,0,0,0,0,0,0,0,0,0
330065,1,1,1992,21,21,21,21,21,21,21,21,21,21
330066,1,1,1992,0,0,0,0,0,0,0,0,0,0
330067,1,1,1992,17,0,4,8,24,0,0,12,6,0
330068,1,1,1992,19,15,39,11,11,24,10,42,13,7
330068,2,1,1992,12,11,10,0,12,10,15,0,20,19
330068,3,1,1992,0,0,0,0,0,0,0,0,0,0
330069,1,1,1992,0,0,0,0,0,0,0,0,0,0
330070,1,1,1992,18,18,18,18,18,18,18,18,18,18
330071,1,1,1992,0,0,0,0,0,0,0,0,7,0
330071,2,1,1992,0,0,0,0,0,0,0,0,0,0
330072,1,1,1992,17,9,13,30,9,0,35,27,24,11
330073,1,1,1992,14,0,0,0,0,0,0,0,0,0
330074,0,1,1992,0,0,0,0,0,0,0,0,0,0
330074,1,1,1992,0,0,0,0,0,0,0,0,0,0
330074,2,1,1992,0,0,0,0,0,0,0,0,0,0
330075,1,1,1992,1,1,1,1,1,1,1,1,1,1
330076,1,1,1992,0,0,0,0,9,0,0,0,13,0
330077,1,1,1992,34,34,34,34,34,34,34,34,34,34
330078,1,1,1992,0,0,0,0,0,0,0,0,0,0
330079,1,1,1992,15,15,15,15,15,15,15,15,15,15
330080,1,1,1992,12,0,0,7,0,20,0,0,0,0
330081,1,1,1992,0,0,0,0,0,0,0,0,0,0
330081,2,1,1992,0,0,0,0,0,0,0,6,0,0
330082,1,1,1992,0,0,0,0,0,0,0,0,0,0
330082,2,1,1992,0,0,0,14,9,0,0,0,0,0
330083,1,1,1992,40,0,20,31,0,11,4,0,4,0
330083,2,1,1992,0,0,0,0,0,0,0,0,0,0
330085,1,1,1992,19,19,19,19,19,19,19,19,19,19
330085,2,1,1992,8,8,8,8,8,8,8,8,8,8
330085,3,1,1992,11,16,8,7,21,5,7,21,15,15
330086,1,1,1992,0,0,21,0,0,0,0,3,0,0
330087,1,1,1992,0,0,0,0,16,0,18,0,0,9
330087,2,1,1992,0,0,0,0,0,0,0,0,0,0
330088,1,1,1992,27,22,27,12,24,6,15,11,9,24
330089,1,1,1992,12,12,12,12,12,12,12,12,12,12
330090,1,1,1992,0,0,0,0,0,0,0,0,0,0
330090,2,1,1992,0,0,0,0,0,0,0,0,0,0
330091,1,1,1992,0,0,0,0,0,18,0,9,0,0
330092,1,1,1992,0,10,0,0,0,0,0,0,6,0
330093,1,1,1992,9,9,9,9,9,9,9,9,9,9
330093,2,1,1992,0,0,0,0,0,0,0,0,0,0
330094,1,1,1992,0,0,0,0,0,0,0,0,0,0
330095,1,1,1992,0,0,0,0,0,0,0,0,0,0
330095,2,1,1992,0,0,0,0,0,0,0,0,0,0
330096,0,1,1992,0,0,0,39,0,0,0,0,0,0
330096,0,2,1992,0,0,0,11,0,20,0,0,0,0
330096,1,1,1992,0,0,0,0,0,0,0,0,0,0
330097,0,1,1992,0,0,0,19,0,0,0,0,0,0
330097,1,1,1992,0,0,0,0,0,0,0,0,0,0
330098,1,1,1992,0,0,0,0,0,0,0,0,0,0
330099,2,1,1992,0,0,0,0,0,0,0,0,0,0
330100,1,1,1992,0,0,0,0,0,0,0,0,24,0
330101,1,1,1992,0,0,0,0,0,0,0,0,0,0
330101,2,1,1992,0,0,0,0,0,0,0,0,0,0
330102,1,1,1992,0,0,0,0,0,0,0,0,0,0
330102,2,1,1992,0,0,0,0,0,0,0,0,0,0
330103,1,1,1992,0,0,0,0,0,31,0,0,0,0
330104,0,1,1992,0,0,0,0,0,0,0,0,0,0
330104,1,1,1992,0,0,0,0,0,0,0,0,0,0
330106,1,1,1992,0,0,0,0,0,0,0,0,0,0
330107,1,1,1992,0,0,0,0,0,0,0,0,0,0
330107,2,1,1992,0,4,0,0,0,0,0,0,0,0
330108,1,1,1992,0,0,0,0,17,0,18,14,0,0
330108,2,1,1992,0,18,0,0,0,0,0,10,0,0
330109,1,1,1992,0,0,0,0,0,0,0,0,0,0
330109,2,1,1992,0,0,0,0,0,0,0,0,0,0
330110,1,1,1992,0,0,0,0,0,0,0,0,0,0
330110,2,1,1992,0,0,0,0,0,0,0,0,0,0
330110,3,1,1992,0,0,0,2,0,0,0,0,0,0
330111,1,1,1992,0,0,0,0,0,0,0,0,0,0
330112,1,1,1992,0,0,0,0,0,0,0,0,0,0
330112,2,1,1992,0,0,0,0,0,0,0,0,0,0
330113,1,1,1992,0,0,0,0,0,0,0,0,0,0
330113,2,1,1992,0,0,0,0,0,0,0,0,0,0
340001,1,1,1992,0,0,0,0,0,26,0,0,0,0
340002,1,1,1992,13,13,13,13,13,13,13,13,13,13
340003,1,1,1992,0,0,0,0,0,0,0,0,0,0
340003,2,1,1992,0,0,0,0,0,0,2,0,0,16
340004,1,1,1992,0,0,0,0,14,21,16,0,0,16
340005,1,1,1992,20,20,20,20,20,20,20,20,20,20
340006,0,1,1992,0,0,0,0,0,0,0,0,0,0
340006,1,1,1992,0,0,0,0,0,0,0,0,0,0
340007,1,1,1992,0,0,0,0,20,0,0,0,0,6
340007,2,1,1992,0,6,0,12,0,0,0,0,0,0
340008,1,1,1992,4,4,4,4,4,4,4,4,4,4
340009,0,1,1992,0,0,0,0,0,0,0,0,0,0
340009,1,1,1992,0,0,0,0,0,0,0,0,0,0
340010,0,1,1992,22,22,22,22,22,22,22,22,22,22
340010,1,1,1992,0,0,0,11,0,0,0,0,0,0
340011,1,1,1992,0,0,0,0,0,0,0,0,0,0
340012,1,1,1992,11,11,11,11,11,11,11,11,11,11
340013,0,1,1992,19,19,19,19,19,19,19,19,19,19
340013,1,1,1992,0,0,0,0,0,0,0,0,0,0
340013,2,1,1992,0,0,0,0,0,0,0,0,0,0
340014,1,1,1992,0,0,0,0,0,0,0,0,0,0
340015,1,1,1992,14,14,14,14,14,14,14,14,14,14
340016,0,1,1992,0,0,0,0,0,0,0,0,0,0
340016,1,1,1992,0,0,0,0,0,0,0,0,0,0
340017,0,1,1992,0,0,0,0,0,0,0,0,0,9
340017,1,1,1992,0,0,0,0,0,0,0,0,0,0
340018,1,1,1992,0,0,0,0,0,0,0,0,0,0
340019,1,1,1992,0,0,0,0,0,0,0,0,0,0
340019,2,1,1992,0,0,0,0,0,0,0,0,0,0
340020,1,1,1992,0,0,0,0,0,0,0,0,0,0
340020,2,1,1992,0,0,0,0,0,0,0,0,0,0
340021,0,1,1992,0,0,0,0,0,0,0,0,0,0
340021,1,1,1992,17,17,17,17,17,17,17,17,17,17
340022,1,1,1992,0,0,0,0,0,0,0,0,0,0
340023,0,1,1992,29,29,29,29,29,29,29,29,29,29
340023,1,1,1992,0,0,0,0,0,0,0,0,0,0
340024,0,1,1992,0,0,0,23,0,15,6,0,19,20
340024,1,1,1992,0,0,0,0,0,0,0,0,0,0
340025,1,1,1992,0,0,0,0,0,0,0,0,0,0
340025,2,1,1992,18,18,18,18,18,18,18,18,18,18
340026,0,1,1992,0,0,0,0,0,0,0,0,0,0
340026,1,1,1992,0,0,0,0,0,0,0,0,0,0
340027,0,1,1992,0,0,0,26,23,30,25,6,0,0
340027,1,1,1992,0,0,0,0,0,0,0,0,4,0
340028,1,1,1992,0,0,0,25,0,0,0,0,15,0
340028,2,1,1992,0,0,0,0,0,0,0,0,0,0
340029,0,1,1992,7,7,7,7,7,7,7,7,7,7
340029,1,1,1992,7,7,7,7,7,7,7,7,7,7
340030,1,1,1992,0,0,0,16,0,0,0,8,31,0
340031,1,1,1992,16,16,16,16,16,16,16,16,16,16
340032,0,1,1992,0,0,0,0,0,0,0,0,0,0
340032,1,1,1992,0,0,0,0,0,0,0,0,0,0
340032,2,1,1992,0,0,0,0,0,0,0,0,0,0
340033,1,1,1992,18,18,18,18,18,18,18,18,18,18
340034,1,1,1992,0,0,0,0,0,0,0,0,0,0
340034,2,1,1992,0,0,0,0,0,0,0,0,0,0
340035,1,1,1992,0,0,0,0,0,0,0,0,0,0
340035,2,1,1992,0,0,0,0,0,0,0,0,0,0
340036,1,1,1992,0,0,0,0,0,0,0,0,0,0
340036,2,1,1992,0,0,0,0,0,0,0,0,0,0
340037,1,1,1992,0,0,0,0,0,0,0,0,0,0
340037,2,1,1992,27,27,27,27,27,27,27,27,27,27
340038,1,1,1992,0,0,0,0,0,0,0,0,10,0
340038,2,1,1992,0,0,0,0,0,0,0,0,0,0
340039,1,1,1992,0,0,0,0,0,0,0,0,0,0
340039,2,1,1992,0,0,0,0,0,0,0,0,0,0
340040,1,1,1992,0,0,0,0,0,0,0,0,0,0
340040,2,1,1992,0,0,0,0,0,0,0,0,0,0
340041,0,1,1992,0,0,0,0,0,0,0,0,0,0
340041,1,1,1992,14,14,14,14,14,14,14,14,14,14
340042,1,1,1992,0,0,0,0,0,0,0,0,0,0
340042,2,1,1992,0,0,0,0,0,0,0,0,0,0
340043,1,1,1992,0,0,0,0,0,0,0,0,0,0
340044,1,1,1992,0,0,0,0,0,0,0,0,0,0
340047,0,1,1992,0,0,0,0,0,0,0,0,0,0
340047,1,1,1992,0,0,0,0,0,0,0,0,0,0
340049,0,1,1992,0,0,0,0,27,12,0,0,7,0
340049,1,1,1992,0,0,0,0,0,0,0,0,0,0
340050,0,1,1992,5,21,8,37,12,32,12,30,16,11
340050,1,1,1992,0,0,0,0,0,0,0,0,0,0
340051,1,1,1992,16,16,16,16,16,16,16,16,16,16
340052,1,1,1992,30,30,30,30,30,30,30,30,30,30
340052,2,1,1992,0,0,0,0,0,0,0,0,0,0
340053,1,1,1992,0,0,0,0,0,0,0,0,0,0
340053,2,1,1992,0,0,0,0,0,0,0,0,0,0
340054,1,1,1992,19,19,19,19,19,19,19,19,19,19
340055,0,1,1992,23,23,23,23,23,23,23,23,23,23
340055,1,1,1992,0,0,0,0,0,0,0,0,0,0
340056,0,1,1992,26,26,26,26,26,26,26,26,26,26
340056,1,1,1992,0,0,0,0,0,3,0,0,0,0
340056,2,1,1992,0,0,0,0,0,0,0,0,0,0
340057,1,1,1992,0,0,0,0,0,0,0,0,0,0
340057,2,1,1992,0,0,0,0,0,0,0,0,0,0
340059,1,1,1992,18,18,18,18,18,18,18,18,18,18
340059,2,1,1992,5,5,5,5,5,5,5,5,5,5
340059,3,1,1992,0,0,0,0,0,0,0,0,0,0
340060,0,1,1992,14,14,14,14,14,14,14,14,14,14
340060,1,1,1992,0,0,0,0,0,0,0,0,0,0
340061,1,1,1992,0,0,0,0,0,0,0,0,0,0
340062,0,1,1992,24,0,0,30,0,0,0,0,0,0
340062,1,1,1992,0,0,0,0,0,0,0,0,0,0
340063,0,1,1992,19,19,19,19,19,19,19,19,19,19
340063,1,1,1992,0,0,0,0,0,3,0,11,0,8
340064,1,1,1992,0,0,0,0,0,0,0,0,0,0
340064,2,1,1992,0,0,0,0,0,0,0,0,0,0
340065,0,1,1992,0,36,33,39,0,0,0,0,0,0
340065,1,1,1992,0,0,18,0,0,0,0,0,0,0
340067,1,1,1992,0,0,0,0,0,0,0,11,0,0
340067,2,1,1992,0,0,0,0,0,0,0,0,0,0
340068,1,1,1992,0,0,0,0,0,0,0,0,0,0
340068,2,1,1992,0,0,0,0,0,0,0,0,0,0
340069,1,1,1992,0,0,0,0,0,0,0,0,0,0
340070,1,1,1992,0,0,0,0,0,0,0,0,0,0
340070,2,1,1992,0,0,0,0,0,0,0,0,0,0
340071,1,1,1992,19,19,19,19,19,19,19,19,19,19
340072,0,1,1992,0,0,0,0,0,0,0,0,0,0
340072,1,1,1992,0,0,0,0,0,0,0,0,0,0
340073,1,1,1992,6,6,6,6,6,6,6,6,6,6
340073,2,1,1992,0,0,0,0,0,0,0,0,0,0
340074,0,1,1992,0,0,0,0,0,0,0,0,0,0
340074,1,1,1992,0,0,0,0,0,0,0,0,0,0
340075,1,1,1992,0,0,0,0,0,0,0,0,0,0
340075,2,1,1992,7,7,7,7,7,7,7,7,7,7
340076,1,1,1992,0,0,0,0,0,0,0,0,0,0
340076,2,1,1992,18,18,18,18,18,18,18,18,18,18
340077,1,1,1992,0,0,0,0,0,0,0,0,0,0
340077,2,1,1992,0,0,0,0,0,0,0,0,0,0
340077,3,1,1992,0,0,0,0,0,0,0,0,0,0
340077,4,1,1992,0,0,0,0,0,0,0,0,0,0
340077,5,1,1992,0,0,0,0,0,0,0,0,0,0
340078,0,1,1992,27,27,27,27,27,27,27,27,27,27
340078,1,1,1992,0,0,0,0,0,0,0,0,0,0
340079,0,1,1992,0,0,0,0,0,0,0,0,0,0
340079,1,1,1992,10,24,0,17,15,17,0,21,0,0
340080,1,1,1992,0,0,0,0,0,0,0,0,0,0
340081,1,1,1992,0,0,0,0,0,0,0,0,0,0
340081,2,1,1992,0,0,0,0,0,0,0,0,0,0
340082,0,1,1992,0,0,0,0,0,0,0,0,0,0
340082,1,1,1992,21,21,21,21,21,21,21,21,21,21
340083,1,1,1992,0,0,0,0,0,0,0,0,0,0
340084,1,1,1992,0,0,0,0,0,0,0,12,0,0
340085,1,1,1992,0,0,0,0,0,0,0,0,0,0
340086,1,1,1992,0,0,0,0,0,0,0,0,0,0
340086,2,1,1992,0,5,0,0,0,0,0,0,0,0
340086,3,1,1992,21,0,0,0,0,0,0,0,0,0
340087,1,1,1992,0,0,0,0,3,0,0,0,0,0
340087,2,1,1992,0,0,0,0,0,0,0,0,0,0
340088,1,1,1992,16,16,16,16,16,16,16,16,16,16
340090,0,1,1992,38,38,38,38,38,38,38,38,38,38
340090,1,1,1992,0,0,0,0,0,0,0,0,0,0
340091,1,1,1992,23,23,23,23,23,23,23,23,23,23
340092,1,1,1992,17,0,0,0,0,0,0,0,0,0
340092,2,1,1992,0,0,0,0,0,0,0,0,0,0
340092,3,1,1992,0,0,0,0,0,0,0,0,0,0
340093,1,1,1992,10,10,10,10,10,10,10,10,10,10
340093,2,1,1992,0,0,0,0,0,0,0,0,0,0
340095,1,1,1992,39,39,39,39,39,39,39,39,39,39
340095,2,1,1992,0,0,0,0,0,0,0,0,0,0
340096,0,1,1992,0,0,0,0,0,0,0,0,0,0
340096,1,1,1992,0,0,0,0,0,0,0,0,0,0
340097,0,1,1992,0,0,0,0,0,0,0,0,0,0
340097,1,1,1992,0,0,0,0,0,0,0,0,0,0
340099,0,1,1992,0,0,0,0,0,0,0,0,0,0
340099,0,2,1992,0,0,0,0,0,0,0,0,0,0
340099,1,1,1992,0,0,0,0,0,0,0,0,0,0
340100,1,1,1992,0,0,0,0,0,0,0,0,0,0
340100,2,1,1992,0,0,0,0,0,0,0,0,0,0
340101,1,1,1992,0,0,0,0,0,0,0,0,0,16
340101,2,1,1992,0,0,0,0,0,0,0,0,0,0
340102,1,1,1992,19,19,19,19,19,19,19,19,19,19
340102,2,1,1992,0,0,0,0,0,0,0,0,0,0
340103,1,1,1992,0,0,0,0,0,0,0,0,0,0
340104,1,1,1992,0,0,0,0,0,0,0,0,0,0
340104,2,1,1992,0,0,0,0,0,0,0,0,0,0
340105,1,1,1992,29,29,29,29,29,29,29,29,29,29
340106,1,1,1992,19,19,19,19,19,19,19,19,19,19
340107,0,1,1992,0,0,0,0,0,0,0,0,0,0
340107,1,1,1992,0,0,0,0,0,0,0,0,0,0
340108,1,1,1992,0,0,0,0,0,0,0,0,0,0
340109,1,1,1992,0,0,0,0,0,0,0,0,0,0
340109,2,1,1992,0,0,0,0,0,0,0,0,0,0
340110,0,1,1992,26,26,26,26,26,26,26,26,26,26
340110,1,1,1992,0,0,0,0,0,0,0,0,0,0
340111,0,1,1992,0,0,0,0,0,0,0,0,0,0
340111,1,1,1992,0,0,0,0,0,7,9,0,0,17
340112,1,1,1992,26,26,26,26,26,26,26,26,26,26
340113,1,1,1992,29,6,16,19,23,20,8,25,11,21
340114,1,1,1992,0,0,0,0,0,0,0,0,0,0
340115,1,1,1992,22,22,22,22,22,22,22,22,22,22
340116,0,1,1992,0,0,0,0,0,0,0,0,0,0
340116,1,1,1992,0,0,0,0,0,0,0,0,0,0
340117,0,1,1992,0,0,0,0,0,0,0,0,0,0
340117,1,1,1992,0,0,0,0,0,0,0,0,0,0
340118,0,1,1992,27,27,27,27,27,27,27,27,27,27
340118,1,1,1992,0,0,0,0,0,0,0,0,0,0
340119,0,1,1992,0,0,0,0,0,0,0,0,0,0
340119,1,1,1992,0,0,10,0,0,0,0,0,0,0
340120,1,1,1992,0,0,0,0,0,0,0,0,0,0
340121,0,1,1992,0,0,0,0,0,0,0,0,0,0
340121,1,1,1992,0,0,0,0,0,0,0,0,0,0
340122,1,1,1992,0,0,0,0,0,0,0,0,0,0
340123,1,1,1992,0,0,0,0,0,0,0,0,0,0
340123,2,1,1992,0,0,0,0,0,0,0,0,0,0
340124,1,1,1992,0,0,0,0,0,0,0,0,0,0
340125,1,1,1992,0,0,0,0,0,0,0,0,0,0
340125,2,1,1992,0,0,0,0,0,0,0,0,0,0
340126,1,1,1992,0,0,0,0,0,0,0,0,0,0
340126,2,1,1992,23,23,23,23,23,23,23,23,23,23
340128,0,1,1992,0,0,0,16,9,0,12,9,0,0
340128,0,2,1992,15,15,15,15,15,15,15,15,15,15
340128,1,1,1992,15,15,15,15,15,15,15,15,15,15
340129,1,1,1992,7,7,7,7,7,7,7,7,7,7
340130,0,1,1992,34,34,34,34,34,34,34,34,34,34
340130,1,1,1992,0,0,0,0,0,0,0,0,0,0
340131,1,1,1992,13,0,0,0,0,0,0,0,0,0
340131,2,1,1992,0,0,0,0,0,0,0,0,0,0
340131,3,1,1992,0,0,0,0,0,0,0,0,0,0
340132,1,1,1992,0,0,0,0,0,0,0,0,0,0
340132,2,1,1992,0,0,0,0,0,0,0,0,0,0
340133,1,1,1992,18,0,0,0,0,0,0,0,0,0
340134,1,1,1992,0,0,0,0,0,0,0,0,0,0
340134,2,1,1992,0,0,0,0,0,0,0,0,0,0
340135,1,1,1992,0,0,0,0,0,0,0,0,0,0
340135,2,1,1992,0,0,0,0,0,0,0,0,9,0
340136,1,1,1992,0,0,0,0,0,0,0,0,0,0
340136,2,1,1992,0,0,15,0,0,0,0,0,0,0
340137,1,1,1992,25,25,25,25,25,25,25,25,25,25
340138,1,1,1992,0,0,0,0,0,0,0,0,0,0
340138,2,1,1992,0,0,0,0,0,0,0,0,0,0
340138,3,1,1992,6,0,0,0,0,0,0,0,0,0
340139,0,1,1992,1,1,1,1,1,1,1,1,1,1
340139,0,2,1992,10,16,0,18,0,31,0,20,19,0
340139,0,3,1992,28,28,10,0,0,15,19,18,17,13
340139,1,1,1992,0,0,18,0,0,0,0,0,0,0
340141,1,1,1992,0,0,0,0,0,0,0,0,0,0
340142,0,1,1992,16,16,16,16,16,16,16,16,16,16