ST_CASE,VEH_NO,PER_NO,YEAR,P1,P2,P3,P4,P5,P6,P7,P8,P9,P10
340479,1,1,1992,0,0,0,0,0,0,0,0,0,0
340479,2,1,1992,0,0,0,0,0,0,0,0,0,0
340480,1,1,1992,0,0,0,0,0,0,0,0,0,0
340480,2,1,1992,0,0,0,0,0,0,0,0,0,0
340480,3,1,1992,0,0,0,0,0,0,0,0,0,0
340481,0,1,1992,21,21,21,21,21,21,21,21,21,21
340481,1,1,1992,9,9,9,9,9,9,9,9,9,9
340484,1,1,1992,0,0,0,0,0,0,0,0,0,0
340484,2,1,1992,0,0,6,0,0,0,0,0,2,0
340484,3,1,1992,0,0,0,0,0,0,0,0,0,0
340485,1,1,1992,0,0,0,0,0,0,0,0,0,0
340485,2,1,1992,0,0,0,0,0,0,0,0,0,0
340486,1,1,1992,0,0,0,0,0,0,0,0,0,0
340486,2,1,1992,12,12,12,12,12,12,12,12,12,12
340491,1,1,1992,0,0,0,0,0,0,0,0,0,5
340492,1,1,1992,10,14,16,7,0,29,15,25,20,32
340493,1,1,1992,0,0,0,0,0,0,0,0,0,0
340493,2,1,1992,0,0,3,0,0,0,0,0,0,0
340494,1,1,1992,0,0,0,0,0,0,0,0,0,0
340495,1,1,1992,0,0,0,0,0,0,0,0,0,0
340497,0,1,1992,0,0,0,0,0,0,0,0,0,0
340497,1,1,1992,0,0,0,0,0,0,0,0,0,0
340498,0,1,1992,1,1,1,1,1,1,1,1,1,1
340498,1,1,1992,5,0,0,0,0,0,0,0,0,0
340499,1,1,1992,0,0,0,0,0,0,0,0,0,0
340500,1,1,1992,2,0,0,0,0,0,0,0,14,0
340501,1,1,1992,0,0,0,0,0,0,0,0,0,0
340502,1,1,1992,23,23,23,23,23,23,23,23,23,23
340502,2,1,1992,0,18,0,0,13,0,0,0,0,0
340503,1,1,1992,0,0,0,0,0,0,0,0,0,0
340503,2,1,1992,0,0,0,0,0,0,0,0,0,0
340504,1,1,1992,0,0,0,0,0,0,0,0,0,0
340504,2,1,1992,0,0,0,0,0,0,0,0,0,0
340506,1,1,1992,19,19,19,19,19,19,19,19,19,19
340507,1,1,1992,14,14,14,14,14,14,14,14,14,14
340508,0,1,1992,15,4,11,21,20,0,0,0,0,6
340508,0,2,1992,0,0,0,0,0,0,0,0,0,0
340508,1,1,1992,0,0,0,0,0,0,0,0,0,0
340510,1,1,1992,0,0,0,0,0,0,0,0,0,0
340510,2,1,1992,0,0,0,0,0,0,0,0,0,0
340511,1,1,1992,9,9,9,9,9,9,9,9,9,9
340511,2,1,1992,0,0,0,0,0,0,0,0,0,0
340512,1,1,1992,20,20,20,20,20,20,20,20,20,20
340513,1,1,1992,0,0,0,0,0,0,0,0,0,0
340513,2,1,1992,0,0,0,0,0,0,0,0,0,0
340513,3,1,1992,0,0,0,0,0,0,0,0,0,0
340515,1,1,1992,0,0,0,0,0,0,0,0,0,0
340516,1,1,1992,0,0,0,0,0,0,0,0,0,0
340517,1,1,1992,0,0,0,0,0,0,0,0,0,0
340518,1,1,1992,31,31,31,31,31,31,31,31,31,31
340519,0,1,1992,0,0,0,0,0,0,0,0,0,0
340519,1,1,1992,0,0,0,0,0,0,0,0,0,0
340520,1,1,1992,4,4,4,4,4,4,4,4,4,4
340520,2,1,1992,0,0,0,0,0,0,0,0,0,0
340520,3,1,1992,5,0,0,0,0,0,0,0,0,0
340521,1,1,1992,0,0,0,0,0,0,0,0,0,0
340523,1,1,1992,0,0,0,0,0,0,0,0,0,0
340524,1,1,1992,0,0,0,0,0,0,0,0,0,0
340525,1,1,1992,0,0,0,0,0,0,7,0,0,0
340525,2,1,1992,0,0,15,29,0,21,0,0,19,0
340526,1,1,1992,0,0,0,0,0,0,0,0,0,0
340526,2,1,1992,0,0,0,0,0,0,0,0,0,0
340526,3,1,1992,0,0,0,0,0,0,0,0,0,0
340528,0,1,1992,1,1,1,1,1,1,1,1,1,1
340528,1,1,1992,0,0,0,16,0,0,0,0,0,0
340528,2,1,1992,0,0,0,0,0,0,16,0,0,0
340529,1,1,1992,0,0,0,0,0,0,0,0,0,0
340529,2,1,1992,0,0,0,0,0,0,0,0,0,0
340530,1,1,1992,9,0,0,0,12,0,0,9,0,0
340531,1,1,1992,0,0,0,0,0,0,0,0,0,0
340531,2,1,1992,2,2,2,2,2,2,2,2,2,2
340532,1,1,1992,0,0,0,0,0,0,0,0,0,0
340532,2,1,1992,0,0,0,0,0,0,0,0,0,0
340533,1,1,1992,0,0,0,0,0,0,0,0,0,0
340533,2,1,1992,0,0,0,0,0,0,0,0,0,0
340534,1,1,1992,0,0,0,0,0,0,0,0,0,0
340534,2,1,1992,0,0,0,0,0,0,0,0,0,0
340535,1,1,1992,0,0,0,0,0,0,0,0,26,0
340539,0,1,1992,0,0,0,0,0,0,0,0,0,0
340539,1,1,1992,0,0,0,0,0,0,0,0,0,0
340541,1,1,1992,13,13,13,13,13,13,13,13,13,13
340543,1,1,1992,0,0,0,0,0,0,0,0,0,0
340545,1,1,1992,17,17,17,17,17,17,17,17,17,17
340545,2,1,1992,0,0,0,0,0,0,0,0,0,0
340545,3,1,1992,0,0,0,0,0,0,0,0,0,0
340545,4,1,1992,0,0,0,0,0,0,0,0,0,0
340546,0,1,1992,18,18,18,18,18,18,18,18,18,18
340546,1,1,1992,0,0,0,0,0,0,0,0,0,0
340547,1,1,1992,7,7,7,7,7,7,7,7,7,7
340549,1,1,1992,14,14,14,14,14,14,14,14,14,14
340549,2,1,1992,0,16,0,0,0,14,0,0,0,0
340550,1,1,1992,4,4,4,4,4,4,4,4,4,4
340550,2,1,1992,0,0,0,0,0,0,0,0,0,0
340551,1,1,1992,0,0,0,0,0,0,0,0,0,0
340551,2,1,1992,0,0,0,0,0,0,0,0,0,0
340552,1,1,1992,14,14,14,14,14,14,14,14,14,14
340553,0,1,1992,12,12,12,12,12,12,12,12,12,12
340553,1,1,1992,0,0,0,0,0,0,0,0,0,0
340554,1,1,1992,7,7,7,7,7,7,7,7,7,7
340554,2,1,1992,0,0,0,0,0,13,0,0,0,0
340555,1,1,1992,0,0,0,0,0,0,0,0,0,0
340555,2,1,1992,0,0,0,0,0,0,0,0,0,0
340556,1,1,1992,0,0,0,0,0,0,0,0,0,0
340557,1,1,1992,0,0,6,33,14,13,26,25,13,0
340558,1,1,1992,0,0,0,0,0,0,0,0,0,0
340558,2,1,1992,0,0,0,0,0,0,0,0,0,0
340559,0,1,1992,0,0,0,0,7,6,0,0,0,12
340559,0,2,1992,0,0,0,0,0,0,0,0,0,0
340559,0,3,1992,0,31,0,24,0,5,20,7,0,0
340559,0,4,1992,0,0,0,0,0,0,0,0,0,0
340559,0,5,1992,0,0,0,0,0,0,0,0,0,0
340559,1,1,1992,0,0,0,0,0,0,0,0,0,0
340560,1,1,1992,6,6,6,6,6,6,6,6,6,6
340561,1,1,1992,24,24,24,24,24,24,24,24,24,24
340561,2,1,1992,0,0,0,0,0,0,0,0,5,0
340562,1,1,1992,0,0,0,0,0,0,0,0,0,0
340564,1,1,1992,10,10,10,10,10,10,10,10,10,10
340565,1,1,1992,9,9,9,9,9,9,9,9,9,9
340566,1,1,1992,0,0,0,0,0,0,0,0,0,0
340567,0,1,1992,9,9,9,9,9,9,9,9,9,9
340567,1,1,1992,19,0,0,10,26,20,0,10,10,4
340568,1,1,1992,17,17,17,17,17,17,17,17,17,17
340569,1,1,1992,0,0,0,0,0,0,0,0,0,0
340569,2,1,1992,0,0,0,0,0,0,0,0,0,0
340571,1,1,1992,0,0,0,9,0,0,0,0,0,0
340571,2,1,1992,0,0,0,0,0,0,0,0,0,0
340572,0,1,1992,24,24,24,24,24,24,24,24,24,24
340572,1,1,1992,0,0,0,0,0,0,0,0,0,0
340573,1,1,1992,0,0,0,0,0,0,0,0,0,0
340575,0,1,1992,7,7,7,7,7,7,7,7,7,7
340575,1,1,1992,0,0,0,0,0,0,0,0,0,0
340576,1,1,1992,28,28,28,28,28,28,28,28,28,28
340577,1,1,1992,0,0,0,0,12,0,0,0,0,0
340577,2,1,1992,0,0,0,0,0,0,0,0,0,0
340578,0,1,1992,0,0,0,0,0,0,0,0,0,0
340578,1,1,1992,0,0,0,0,0,0,0,0,8,0
340579,1,1,1992,0,0,0,0,0,0,0,0,0,0
340579,2,1,1992,0,0,0,0,0,0,0,0,0,0
340579,3,1,1992,0,0,0,0,0,0,0,0,6,0
340580,1,1,1992,0,0,0,0,0,0,0,0,0,0
340581,0,1,1992,0,0,0,0,0,0,0,0,0,0
340581,1,1,1992,1,1,1,1,1,1,1,1,1,1
340582,0,1,1992,0,0,0,0,0,0,0,0,0,0
340582,1,1,1992,0,0,0,0,0,0,0,0,7,0
340583,1,1,1992,0,0,0,0,0,0,7,0,0,0
340584,1,1,1992,0,0,0,0,0,0,0,0,0,0
340584,2,1,1992,0,0,0,0,0,0,0,0,0,0
340584,3,1,1992,0,0,0,0,0,0,0,0,0,0
340586,1,1,1992,0,0,0,0,0,0,0,0,0,0
340587,1,1,1992,1,1,1,1,1,1,1,1,1,1
340587,2,1,1992,0,0,0,0,0,0,0,0,0,0
340588,0,1,1992,0,0,0,0,0,0,0,0,0,0
340588,1,1,1992,0,0,0,0,0,0,0,0,0,0
340589,0,1,1992,0,0,0,0,0,0,0,0,0,0
340589,1,1,1992,0,0,0,0,19,0,0,0,0,0
340590,1,1,1992,15,15,15,15,15,15,15,15,15,15
340591,0,1,1992,0,0,0,0,0,0,0,0,0,0
340591,1,1,1992,0,0,0,0,0,0,0,0,0,0
340592,0,1,1992,20,20,20,20,20,20,20,20,20,20
340592,1,1,1992,0,0,0,0,0,0,0,0,0,0
340593,0,1,1992,28,28,28,28,28,28,28,28,28,28
340593,1,1,1992,0,0,0,0,0,0,0,0,0,0
340594,1,1,1992,18,18,18,18,18,18,18,18,18,18
340595,1,1,1992,24,24,24,24,24,24,24,24,24,24
340596,1,1,1992,20,20,20,20,20,20,20,20,20,20
340597,1,1,1992,0,0,0,0,0,0,0,0,0,0
340597,2,1,1992,0,0,0,0,0,0,0,0,18,0
340598,1,1,1992,0,0,0,0,0,0,0,0,0,0
340599,1,1,1992,0,0,0,0,0,0,0,0,0,0
340600,1,1,1992,28,28,28,28,28,28,28,28,28,28
340601,1,1,1992,0,18,0,0,14,21,0,0,0,0
340602,0,1,1992,0,0,0,0,0,0,0,0,0,0
340602,1,1,1992,0,0,0,0,0,0,0,0,0,0
340603,1,1,1992,5,5,5,5,5,5,5,5,5,5
340604,1,1,1992,0,0,0,0,0,0,0,0,0,0
340604,2,1,1992,0,0,0,0,0,0,0,0,0,0
340605,1,1,1992,19,19,19,19,19,19,19,19,19,19
340606,1,1,1992,0,0,0,0,0,0,0,0,0,0
340606,2,1,1992,0,0,0,0,0,0,0,0,0,2
340607,1,1,1992,0,0,0,0,0,0,0,0,0,0
340607,2,1,1992,0,0,0,0,0,0,0,0,0,0
340608,1,1,1992,0,0,0,0,0,0,0,0,0,0
340608,2,1,1992,0,0,0,0,0,0,0,0,0,0
340609,1,1,1992,0,0,0,0,0,0,0,0,0,0
340609,2,1,1992,0,0,0,0,0,0,0,0,0,0
340610,1,1,1992,0,0,0,0,0,0,0,0,0,0
340610,2,1,1992,0,0,0,0,0,0,0,0,0,0
340611,1,1,1992,0,0,0,0,0,0,0,0,0,0
340611,2,1,1992,0,0,0,0,0,0,0,0,0,0
340612,0,1,1992,40,40,40,40,40,40,40,40,40,40
340612,1,1,1992,0,0,0,0,0,0,0,0,0,0
340613,0,1,1992,0,0,0,0,0,0,0,0,0,0
340613,1,1,1992,0,0,17,0,0,0,0,0,0,0
340614,0,1,1992,0,0,0,0,0,0,0,0,0,0
340614,1,1,1992,0,0,0,0,0,0,0,0,0,0
340615,1,1,1992,0,0,0,0,0,0,0,0,0,0
340615,2,1,1992,0,0,0,0,0,0,0,0,0,0
340616,1,1,1992,25,25,25,25,25,25,25,25,25,25
340617,1,1,1992,0,0,0,0,0,0,0,0,0,0
340617,2,1,1992,0,0,0,0,0,0,0,0,0,0
340618,1,1,1992,0,0,0,0,0,0,0,0,0,0
340618,2,1,1992,0,0,0,0,0,0,0,0,0,0
340619,0,1,1992,11,11,11,11,11,11,11,11,11,11
340619,1,1,1992,0,0,0,0,0,0,0,0,17,0
340620,1,1,1992,0,0,0,0,0,0,0,0,0,0
340621,1,1,1992,0,0,0,0,0,0,0,0,0,0
340621,2,1,1992,0,0,0,0,0,0,0,0,0,0
340622,1,1,1992,27,27,27,27,27,27,27,27,27,27
340623,1,1,1992,0,0,10,17,0,0,0,0,0,0
340623,2,1,1992,0,0,0,0,0,0,0,0,0,0
340624,1,1,1992,0,0,0,0,0,0,0,0,0,0
340625,0,1,1992,0,0,0,0,13,17,17,12,0,0
340625,0,2,1992,0,0,0,0,0,0,0,0,0,0
340625,1,1,1992,0,0,0,0,0,0,0,0,0,0
340627,0,1,1992,18,18,18,18,18,18,18,18,18,18
340627,1,1,1992,1,1,1,1,1,1,1,1,1,1
340628,1,1,1992,16,16,16,16,16,16,16,16,16,16
340628,2,1,1992,0,0,0,0,0,0,0,0,0,0
340629,0,1,1992,0,0,0,0,0,0,0,0,0,0
340629,1,1,1992,12,0,0,0,0,0,0,0,0,0
340631,1,1,1992,0,0,0,0,0,0,0,0,0,0
340632,1,1,1992,1,1,1,1,1,1,1,1,1,1
340632,2,1,1992,1,1,1,1,1,1,1,1,1,1
340633,1,1,1992,0,0,0,0,0,0,0,0,0,0
340633,2,1,1992,0,0,0,0,0,0,0,0,0,0
340635,1,1,1992,7,7,7,7,7,7,7,7,7,7
340635,2,1,1992,0,0,0,0,0,0,0,0,0,0
340636,1,1,1992,0,0,0,0,0,0,0,0,0,0
340637,1,1,1992,0,0,0,0,0,0,0,0,0,0
340637,2,1,1992,16,16,16,16,16,16,16,16,16,16
340638,0,1,1992,0,0,0,0,0,0,0,0,0,0
340638,0,2,1992,0,24,0,0,0,0,37,0,2,0
340638,1,1,1992,0,0,0,0,0,0,0,0,0,0
340640,1,1,1992,0,0,27,17,16,0,0,0,0,0
340641,1,1,1992,0,0,0,0,0,0,0,0,0,0
340641,2,1,1992,0,0,0,0,0,0,0,0,0,0
340642,1,1,1992,0,0,0,0,0,0,0,0,0,0
340642,2,1,1992,0,0,0,0,0,0,0,0,0,0
340643,1,1,1992,0,0,0,0,0,0,0,0,0,0
340644,0,1,1992,0,0,0,0,0,0,0,0,0,0
340644,1,1,1992,0,0,0,0,0,0,0,0,0,0
340645,1,1,1992,0,0,0,0,0,0,0,0,0,0
340646,0,1,1992,0,0,0,0,0,0,0,0,0,0
340646,1,1,1992,0,5,0,0,0,0,0,0,0,0
340647,1,1,1992,0,0,0,0,0,0,0,0,0,0
340648,1,1,1992,0,0,0,0,0,0,0,0,0,0
340649,0,1,1992,0,0,0,0,0,0,0,0,0,0
340649,1,1,1992,0,0,0,0,0,0,0,0,0,0
340650,1,1,1992,0,0,0,0,0,0,0,0,0,0
340650,2,1,1992,0,9,0,0,0,13,0,0,0,0
340650,3,1,1992,0,0,0,0,0,0,0,0,0,0
340652,1,1,1992,0,0,0,0,0,0,6,0,0,0
340652,2,1,1992,0,0,0,0,0,0,0,0,0,0
340653,0,1,1992,0,0,0,0,0,0,0,0,0,0
340653,1,1,1992,1,1,1,1,1,1,1,1,1,1
340654,1,1,1992,8,8,8,8,8,8,8,8,8,8
340655,1,1,1992,44,0,0,0,0,0,0,0,22,11
340655,2,1,1992,0,0,0,0,0,0,0,0,0,0
340656,1,1,1992,0,0,0,0,0,0,0,0,0,0
340657,1,1,1992,24,24,24,24,24,24,24,24,24,24
340658,1,1,1992,16,16,16,16,16,16,16,16,16,16
340659,0,1,1992,42,42,42,42,42,42,42,42,42,42
340659,1,1,1992,0,0,0,0,0,0,0,0,0,0
340660,1,1,1992,0,0,0,0,0,0,0,0,0,0
340660,2,1,1992,0,0,0,0,0,0,0,0,0,0
340661,1,1,1992,11,11,11,11,11,11,11,11,11,11
340664,0,1,1992,0,0,0,0,0,0,0,0,0,0
340664,1,1,1992,0,0,0,0,0,0,0,0,0,0
340665,1,1,1992,0,0,0,0,0,0,0,0,0,0
340666,1,1,1992,0,0,0,0,0,0,0,0,0,0
340666,2,1,1992,0,0,0,0,0,0,0,0,0,0
340667,1,1,1992,7,0,21,13,0,0,0,14,8,28
340669,0,1,1992,0,0,0,0,0,0,0,0,0,0
340669,1,1,1992,0,0,0,0,0,0,0,0,0,0
340670,0,1,1992,0,0,0,0,0,0,0,0,0,0
340670,0,2,1992,0,0,0,0,0,0,0,0,0,0
340670,1,1,1992,0,0,0,0,0,0,0,0,0,0
340671,0,1,1992,0,0,0,0,0,0,0,0,0,0
340671,1,1,1992,0,0,0,0,0,0,0,0,0,0
340672,1,1,1992,0,0,0,0,0,0,0,0,0,0
340673,1,1,1992,0,0,0,0,0,0,0,0,0,0
340673,2,1,1992,0,0,0,0,0,0,0,0,0,0
340674,0,1,1992,0,0,0,0,0,0,0,0,0,0
340674,1,1,1992,0,15,0,0,0,0,0,0,0,0
340675,1,1,1992,0,0,0,0,0,0,0,0,0,0
340676,1,1,1992,0,0,0,0,0,11,0,0,0,27
340677,0,1,1992,0,0,0,0,0,0,0,0,0,0
340677,1,1,1992,0,0,0,0,0,0,0,0,0,0
340678,1,1,1992,27,27,27,27,27,27,27,27,27,27
340678,2,1,1992,0,0,0,0,0,0,0,0,0,0
340680,0,1,1992,0,0,0,0,0,0,0,7,0,0
340680,1,1,1992,28,0,0,0,0,0,0,0,0,0
340682,1,1,1992,0,0,0,0,0,0,0,0,0,0
340682,2,1,1992,0,0,0,0,0,0,0,0,0,22
340683,1,1,1992,0,0,0,0,0,0,0,0,0,0
340684,1,1,1992,8,0,0,0,0,0,0,0,0,0
340684,2,1,1992,16,16,16,16,16,16,16,16,16,16
340685,1,1,1992,18,18,18,18,18,18,18,18,18,18
340686,1,1,1992,0,0,0,0,0,0,0,0,0,0
340687,0,1,1992,2,2,2,2,2,2,2,2,2,2
340687,0,2,1992,0,0,0,0,31,0,0,0,0,0
340687,1,1,1992,0,0,0,0,0,0,0,0,0,0
340688,1,1,1992,0,0,0,0,0,0,0,0,0,0
340689,1,1,1992,22,22,22,22,22,22,22,22,22,22
340690,1,1,1992,16,16,16,16,16,16,16,16,16,16
340691,1,1,1992,0,0,0,0,0,0,0,0,0,0
340692,1,1,1992,0,0,0,0,0,0,0,0,0,0
340694,0,1,1992,29,29,29,29,29,29,29,29,29,29
340694,1,1,1992,0,0,10,16,0,0,6,0,0,0
340696,0,1,1992,0,0,0,0,0,0,0,0,0,0
340696,1,1,1992,0,0,0,0,0,0,0,0,0,0
340697,0,1,1992,0,0,0,0,0,0,0,0,0,0
340697,1,1,1992,0,0,0,0,0,0,0,0,0,0
340698,1,1,1992,0,0,0,0,0,0,0,0,0,0
340698,2,1,1992,0,0,0,0,0,0,0,0,0,0
340699,1,1,1992,0,0,0,0,0,0,0,0,0,0
340701,1,1,1992,13,13,13,13,13,13,13,13,13,13
340702,0,1,1992,20,20,20,20,20,20,20,20,20,20
340702,1,1,1992,0,0,0,0,0,0,0,0,0,0
340705,0,1,1992,0,0,0,0,0,0,0,0,0,0
340705,1,1,1992,0,0,0,0,0,0,0,0,0,0
340708,0,1,1992,21,21,21,21,21,21,21,21,21,21
340708,1,1,1992,0,0,0,0,0,0,0,0,0,0
340710,0,1,1992,0,0,0,0,0,0,0,0,0,0
340710,1,1,1992,0,0,0,0,0,0,0,0,0,0
340711,1,1,1992,0,0,0,0,0,0,0,0,0,0
340713,0,1,1992,0,0,0,0,0,0,0,0,0,0
340713,1,1,1992,0,0,0,0,0,0,0,0,0,0
340716,0,1,1992,0,0,0,0,0,0,0,0,7,0
340716,1,1,1992,0,0,0,0,0,0,0,0,0,0
340718,0,1,1992,0,0,0,0,0,0,0,0,0,0
340718,0,2,1992,0,9,11,22,9,0,0,18,26,0
340718,1,1,1992,0,0,0,0,0,0,0,0,0,0
340719,1,1,1992,0,0,18,23,0,8,0,0,0,15
340722,1,1,1992,0,0,0,0,0,0,0,0,0,0
340722,2,1,1992,0,0,0,0,0,0,0,0,0,0
340723,1,1,1992,16,16,16,16,16,16,16,16,16,16
340724,0,1,1992,0,0,0,0,0,0,0,0,0,0
340724,1,1,1992,0,0,0,0,0,0,0,0,0,0
340725,1,1,1992,0,0,0,12,0,0,0,11,0,13
340728,1,1,1992,0,0,0,0,0,0,0,0,0,0
340728,2,1,1992,0,0,0,0,0,0,0,0,0,0
340731,1,1,1992,1,1,1,1,1,1,1,1,1,1
340731,2,1,1992,0,0,0,0,0,0,0,0,0,0
340732,1,1,1992,0,0,0,0,0,0,0,0,0,0
340734,1,1,1992,0,0,0,0,0,0,0,0,0,0
340735,0,1,1992,0,0,0,0,0,0,0,0,0,0
340735,1,1,1992,0,0,0,0,0,0,0,0,0,11
340737,1,1,1992,0,0,0,0,0,0,0,0,0,0
340737,2,1,1992,19,19,19,19,19,19,19,19,19,19
340738,1,1,1992,16,16,16,16,16,16,16,16,16,16
340739,0,1,1992,0,0,0,0,0,0,0,0,0,0
340739,1,1,1992,0,0,0,0,0,0,0,0,0,0
340740,0,1,1992,0,0,0,0,0,0,0,0,0,0
340740,1,1,1992,0,0,0,0,0,0,0,0,0,0
340741,1,1,1992,0,0,0,0,0,0,0,0,0,0
340741,2,1,1992,0,0,0,0,0,0,0,0,0,0
340742,1,1,1992,20,20,20,20,20,20,20,20,20,20
340743,0,1,1992,0,0,0,0,0,0,0,0,0,0
340743,1,1,1992,0,0,0,0,0,0,0,0,0,0
340744,1,1,1992,20,20,20,20,20,20,20,20,20,20
340744,2,1,1992,0,0,0,0,0,0,0,0,0,0
340745,1,1,1992,0,0,0,0,0,0,0,0,0,0
340746,0,1,1992,0,0,0,0,0,0,0,0,0,0
340746,1,1,1992,16,16,16,16,16,16,16,16,16,16
340747,1,1,1992,0,0,0,0,0,0,0,0,0,0
340749,1,1,1992,0,0,0,0,0,0,0,0,0,0
340749,2,1,1992,0,0,0,0,0,0,0,0,0,0
340750,1,1,1992,0,0,0,0,0,0,0,0,0,0
340750,2,1,1992,0,0,0,0,0,0,0,0,0,0
340752,1,1,1992,0,0,0,0,0,0,0,0,0,0
340754,0,1,1992,12,12,12,12,12,12,12,12,12,12
340754,1,1,1992,11,5,15,14,15,16,13,8,12,21
340756,1,1,1992,0,0,0,0,0,0,0,0,0,0
340756,2,1,1992,0,0,0,0,0,0,0,0,0,0
340757,0,1,1992,19,0,0,15,17,0,5,0,28,0
340757,1,1,1992,0,0,0,0,0,0,6,0,0,0
340758,1,1,1992,10,14,6,28,15,9,34,18,0,0
340759,1,1,1992,23,23,23,23,23,23,23,23,23,23
340762,1,1,1992,19,19,19,19,19,19,19,19,19,19
340763,1,1,1992,0,0,0,0,0,0,0,0,0,0
340764,0,1,1992,0,0,0,0,0,0,0,16,0,0
340764,1,1,1992,0,0,0,0,0,0,0,0,0,0
340765,0,1,1992,0,0,0,0,0,0,0,0,0,0
340765,1,1,1992,0,0,0,0,0,0,0,0,0,0
340766,0,1,1992,0,0,0,0,0,0,0,0,0,0
340766,1,1,1992,0,0,0,0,0,0,0,0,0,0
340768,1,1,1992,0,0,0,0,0,0,0,0,0,0
340768,2,1,1992,15,0,0,0,0,0,0,0,10,0
340769,1,1,1992,0,0,0,0,0,0,0,0,0,0
340770,1,1,1992,0,0,0,0,0,0,0,0,0,0
340770,2,1,1992,0,0,0,0,0,0,0,0,0,0
340771,0,1,1992,0,0,0,0,0,0,0,0,0,0
340771,1,1,1992,0,0,0,0,0,0,0,0,0,0
340772,0,1,1992,0,0,0,0,0,0,0,0,0,0
340772,1,1,1992,11,0,0,0,0,0,0,0,0,22
340773,1,1,1992,0,0,0,0,0,0,0,0,0,0
340773,2,1,1992,0,0,0,0,0,0,0,0,0,0
340774,0,1,1992,0,0,0,0,0,0,0,0,0,0
340774,1,1,1992,0,0,0,0,0,0,0,0,0,0
340778,1,1,1992,0,0,0,0,0,0,0,0,0,0
340778,2,1,1992,0,19,0,0,0,0,0,0,0,0
340779,1,1,1992,0,0,0,0,0,0,0,0,0,0
340779,2,1,1992,1,1,1,1,1,1,1,1,1,1
340783,0,1,1992,0,0,0,6,0,0,0,0,14,0
340783,1,1,1992,0,0,0,0,0,0,0,0,17,0
340784,1,1,1992,0,0,0,0,0,0,0,0,0,0
340786,1,1,1992,0,0,0,0,0,0,0,0,0,0
340789,1,1,1992,0,0,0,0,0,0,0,0,0,0
340789,2,1,1992,0,0,0,0,0,0,0,0,0,0
340790,1,1,1992,0,0,0,0,0,0,0,0,0,0
340790,2,1,1992,0,0,0,0,0,0,0,0,0,0
340791,1,1,1992,0,0,0,0,0,0,0,0,0,0
340791,2,1,1992,0,0,0,0,0,0,0,0,0,0
340792,1,1,1992,0,0,6,6,20,0,14,0,0,0
340793,1,1,1992,0,0,0,0,0,0,0,0,0,0
340793,2,1,1992,4,0,0,0,0,0,0,0,0,0
340794,1,1,1992,0,0,0,0,0,0,0,0,0,0
340794,2,1,1992,0,0,0,0,0,0,0,0,0,0
340795,0,1,1992,0,0,0,0,0,0,0,0,0,0
340795,1,1,1992,0,0,0,0,0,0,0,0,0,0
340797,1,1,1992,18,18,18,18,18,18,18,18,18,18
340798,1,1,1992,0,0,0,0,0,0,0,0,0,0
340798,2,1,1992,0,0,0,0,0,0,0,0,0,0
340799,0,1,1992,27,27,27,27,27,27,27,27,27,27
340799,1,1,1992,0,0,0,0,0,0,0,0,0,0
340799,2,1,1992,0,0,0,0,0,0,0,0,0,0
340800,1,1,1992,0,0,0,13,0,0,0,0,0,0
340800,2,1,1992,0,0,0,0,0,0,0,0,0,0
340801,0,1,1992,0,0,0,0,0,0,0,0,0,0
340801,2,1,1992,0,0,0,0,0,0,0,0,0,0
340801,3,1,1992,0,0,2,3,0,0,0,0,0,0
340802,0,1,1992,0,0,0,0,0,0,0,0,0,0
340802,1,1,1992,0,0,0,0,0,0,0,0,0,0
340803,1,1,1992,0,0,0,0,0,0,0,0,0,0
340803,2,1,1992,0,0,0,0,0,0,0,0,0,0
340805,1,1,1992,21,21,21,21,21,21,21,21,21,21
340805,2,1,1992,4,4,4,4,4,4,4,4,4,4
340805,3,1,1992,0,0,0,0,0,0,0,0,10,0
340806,1,1,1992,0,0,6,0,0,0,0,0,5,0
340806,2,1,1992,0,0,0,0,0,0,0,0,0,0
340807,1,1,1992,0,0,0,0,0,0,0,0,0,0
340807,2,1,1992,0,0,0,0,0,0,0,0,0,0
340808,0,1,1992,0,0,0,0,0,0,0,0,0,0
340808,1,1,1992,4,4,4,4,4,4,4,4,4,4
340809,1,1,1992,0,0,0,0,0,0,0,0,0,0
340809,2,1,1992,0,0,0,0,0,0,0,0,0,0
340810,1,1,1992,0,0,0,0,0,0,0,0,0,0
340810,2,1,1992,0,0,0,0,0,0,0,0,0,0
340811,1,1,1992,0,7,21,0,0,0,10,0,0,0
340811,2,1,1992,17,17,17,17,17,17,17,17,17,17
340812,1,1,1992,0,0,0,0,0,0,0,0,0,0
340812,2,1,1992,0,0,0,0,0,0,0,0,0,0
340812,3,1,1992,0,0,0,0,0,0,13,0,0,0
340812,4,1,1992,0,0,0,0,0,0,0,0,0,0
340812,5,1,1992,0,0,0,0,0,0,0,0,0,0
340812,6,1,1992,0,0,0,0,0,0,0,0,0,0
340813,1,1,1992,0,0,0,16,0,0,0,0,0,0
340814,0,1,1992,0,0,0,0,0,0,0,0,0,0
340814,1,1,1992,0,0,0,0,0,0,0,8,0,0
340815,0,1,1992,41,41,41,41,41,41,41,41,41,41
340815,1,1,1992,0,0,0,0,0,0,0,0,0,0
340816,1,1,1992,0,0,0,0,0,0,0,0,0,0
340816,2,1,1992,0,0,0,0,0,0,0,0,0,0
340817,1,1,1992,0,0,0,0,0,0,0,0,0,0
340817,2,1,1992,26,26,26,26,26,26,26,26,26,26
340817,3,1,1992,0,0,0,0,0,0,0,0,0,0
340818,1,1,1992,10,0,0,0,2,0,0,0,0,0