ST_CASE,VEH_NO,PER_NO,YEAR,P1,P2,P3,P4,P5,P6,P7,P8,P9,P10
350249,1,1,1992,0,0,0,0,0,0,0,0,0,0
350249,2,1,1992,0,0,0,0,0,0,0,0,0,0
350250,1,1,1992,7,7,7,7,7,7,7,7,7,7
350250,2,1,1992,0,0,0,0,0,0,0,0,7,0
350251,0,1,1992,28,28,28,28,28,28,28,28,28,28
350251,1,1,1992,0,0,0,0,0,0,0,0,0,0
350252,1,1,1992,0,0,0,0,0,0,0,0,0,0
350252,2,1,1992,0,0,0,0,0,0,0,0,0,0
350253,0,1,1992,34,34,34,34,34,34,34,34,34,34
350253,1,1,1992,0,0,18,0,0,2,0,0,0,0
350254,1,1,1992,0,0,0,0,0,0,0,0,0,0
350255,1,1,1992,15,15,15,15,15,15,15,15,15,15
350256,1,1,1992,0,0,0,0,0,0,0,0,0,0
350256,2,1,1992,0,0,9,0,0,0,12,0,9,0
350257,1,1,1992,0,0,10,0,0,14,0,0,0,5
350258,1,1,1992,12,12,12,12,12,12,12,12,12,12
350259,0,1,1992,17,17,17,17,17,17,17,17,17,17
350259,1,1,1992,0,0,0,0,0,0,0,0,0,0
350260,0,1,1992,7,15,21,8,0,6,0,23,21,19
350260,1,1,1992,0,0,0,0,0,0,0,0,15,0
350261,1,1,1992,26,26,26,26,26,26,26,26,26,26
350261,2,1,1992,0,0,0,0,0,0,0,0,0,0
350261,3,1,1992,0,0,0,0,0,0,0,0,0,0
350262,1,1,1992,2,2,2,2,2,2,2,2,2,2
350263,1,1,1992,6,6,6,6,6,6,6,6,6,6
350264,1,1,1992,0,0,0,0,0,0,0,0,0,0
350264,2,1,1992,0,0,0,0,0,0,0,0,0,0
350265,1,1,1992,0,0,0,0,0,0,0,0,0,0
350266,1,1,1992,0,0,0,0,0,0,0,0,0,0
350267,1,1,1992,0,0,14,0,0,0,0,0,0,0
350267,2,1,1992,0,0,0,0,0,0,0,0,0,0
350268,1,1,1992,10,9,0,9,0,5,8,0,8,0
350269,1,1,1992,8,8,8,8,8,8,8,8,8,8
350269,2,1,1992,0,0,0,0,0,0,0,0,0,0
350270,1,1,1992,0,0,0,0,0,0,1,0,0,0
350270,2,1,1992,0,0,0,0,0,0,0,0,0,0
350271,1,1,1992,0,0,0,0,0,0,0,0,0,0
350272,1,1,1992,25,25,25,25,25,25,25,25,25,25
350273,1,1,1992,0,0,7,0,0,0,0,0,11,0
350274,0,1,1992,24,24,24,24,24,24,24,24,24,24
350274,1,1,1992,0,0,0,0,0,0,0,0,0,0
350275,1,1,1992,33,33,33,33,33,33,33,33,33,33
350275,2,1,1992,0,0,0,0,0,0,0,0,0,0
350276,0,1,1992,26,26,26,26,26,26,26,26,26,26
350276,1,1,1992,0,0,8,0,0,0,0,0,0,0
350277,1,1,1992,0,0,0,0,0,0,0,0,0,0
350278,0,1,1992,28,28,28,28,28,28,28,28,28,28
350278,1,1,1992,0,0,0,0,0,0,0,0,0,0
350279,1,1,1992,9,9,9,9,9,9,9,9,9,9
350280,0,1,1992,20,20,20,20,20,20,20,20,20,20
350280,1,1,1992,11,11,11,11,11,11,11,11,11,11
350281,1,1,1992,0,0,0,0,0,0,0,9,0,0
350282,1,1,1992,23,23,23,23,23,23,23,23,23,23
350282,2,1,1992,0,9,0,0,0,0,0,0,22,0
350283,0,1,1992,0,0,0,0,0,0,0,0,0,0
350283,1,1,1992,17,17,17,17,17,17,17,17,17,17
350284,1,1,1992,24,24,24,24,24,24,24,24,24,24
350285,0,1,1992,40,40,40,40,40,40,40,40,40,40
350285,1,1,1992,0,18,0,0,0,0,0,0,0,0
350286,1,1,1992,0,0,0,0,0,0,0,0,12,0
350286,2,1,1992,0,0,0,0,0,0,0,0,0,0
350287,1,1,1992,0,0,0,0,0,0,0,0,0,0
350287,2,1,1992,0,0,0,0,0,0,0,0,0,0
350288,1,1,1992,14,14,14,14,14,14,14,14,14,14
350289,1,1,1992,0,0,0,0,0,0,0,0,0,0
350290,1,1,1992,5,5,5,5,5,5,5,5,5,5
350291,1,1,1992,0,0,27,10,0,0,14,0,13,0
350291,2,1,1992,29,29,29,29,29,29,29,29,29,29
350292,1,1,1992,17,17,17,17,17,17,17,17,17,17
350293,1,1,1992,19,19,19,19,19,19,19,19,19,19
350294,1,1,1992,11,0,0,13,0,0,0,0,0,0
350294,2,1,1992,0,0,0,0,0,0,0,0,0,0
350295,1,1,1992,20,20,20,20,20,20,20,20,20,20
350296,1,1,1992,17,17,17,17,17,17,17,17,17,17
350296,2,1,1992,0,0,0,0,0,0,0,0,0,0
350297,1,1,1992,0,0,0,0,0,0,0,0,0,0
350297,2,1,1992,1,1,1,1,1,1,1,1,1,1
350298,0,1,1992,0,0,0,0,0,0,0,0,0,0
350298,1,1,1992,18,0,0,0,0,0,0,0,29,0
350299,1,1,1992,0,0,0,0,0,0,0,0,0,0
350300,0,1,1992,0,0,0,0,0,0,0,0,0,0
350300,1,1,1992,0,0,0,0,0,0,0,0,8,0
350301,1,1,1992,0,0,0,0,0,0,0,0,0,0
350301,2,1,1992,15,14,17,13,17,10,23,16,11,13
350302,1,1,1992,31,31,31,31,31,31,31,31,31,31
350303,1,1,1992,0,0,0,0,0,0,0,0,0,0
350304,1,1,1992,2,2,2,2,2,2,2,2,2,2
350305,1,1,1992,0,0,0,0,0,0,0,0,0,0
350306,0,1,1992,30,30,30,30,30,30,30,30,30,30
350306,1,1,1992,0,0,0,0,0,0,0,0,19,0
350307,0,1,1992,35,35,35,35,35,35,35,35,35,35
350307,1,1,1992,0,0,0,0,0,0,0,0,0,0
350307,2,1,1992,0,0,0,0,0,0,0,0,0,0
350308,0,1,1992,30,30,30,30,30,30,30,30,30,30
350308,1,1,1992,0,0,0,0,0,0,0,0,0,0
350309,1,1,1992,31,31,31,31,31,31,31,31,31,31
350310,1,1,1992,27,35,0,12,11,28,10,25,23,25
350311,1,1,1992,0,0,0,0,0,0,0,0,0,0
350311,2,1,1992,24,10,13,0,0,0,0,0,0,0
350312,1,1,1992,0,0,0,0,0,0,0,0,0,0
350312,2,1,1992,0,0,0,0,0,0,0,0,0,0
350313,1,1,1992,31,31,31,31,31,31,31,31,31,31
350313,2,1,1992,0,0,0,0,0,0,0,0,0,0
350314,0,1,1992,0,0,0,0,0,0,0,0,0,0
350314,1,1,1992,5,0,18,10,23,10,7,22,10,17
350315,0,1,1992,0,0,0,0,0,0,0,0,0,0
350315,1,1,1992,0,0,0,0,0,0,0,0,0,0
350316,1,1,1992,0,0,0,0,0,0,0,0,0,0
350317,0,1,1992,0,0,0,0,0,0,0,0,0,0
350317,1,1,1992,0,0,0,0,0,0,0,0,0,0
350318,1,1,1992,0,0,0,0,0,0,0,0,0,0
350318,2,1,1992,9,16,21,0,0,0,0,0,0,3
350319,0,1,1992,38,38,38,38,38,38,38,38,38,38
350319,1,1,1992,0,0,0,0,0,0,0,0,0,0
350320,1,1,1992,17,17,17,17,17,17,17,17,17,17
350320,2,1,1992,15,15,15,15,15,15,15,15,15,15
350321,1,1,1992,0,0,0,0,0,0,0,0,0,0
350321,2,1,1992,0,0,0,0,0,0,0,0,0,0
350323,0,1,1992,0,0,0,0,0,0,0,0,0,0
350323,1,1,1992,1,1,1,1,1,1,1,1,1,1
350324,0,1,1992,0,0,0,0,0,0,0,0,0,0
350324,1,1,1992,0,0,0,0,0,0,0,0,0,0
350325,1,1,1992,25,25,25,25,25,25,25,25,25,25
350326,0,1,1992,21,21,21,21,21,21,21,21,21,21
350326,1,1,1992,15,15,15,15,15,15,15,15,15,15
350327,1,1,1992,0,0,0,0,0,0,0,0,0,0
350328,0,1,1992,6,0,0,0,26,0,20,0,0,0
350328,0,2,1992,0,0,0,0,0,0,0,0,0,0
350328,1,1,1992,0,0,0,0,0,0,0,0,0,0
350329,1,1,1992,9,9,9,9,9,9,9,9,9,9
350330,1,1,1992,21,21,21,21,21,21,21,21,21,21
350331,1,1,1992,19,9,13,9,5,10,14,2,20,15
350332,1,1,1992,0,0,0,0,0,0,0,0,0,0
350332,2,1,1992,0,0,0,0,0,0,0,0,0,0
350333,1,1,1992,0,0,0,0,0,0,0,0,0,0
350333,2,1,1992,0,0,0,0,0,0,0,0,0,0
350334,1,1,1992,8,14,11,20,23,19,57,24,11,17
350334,2,1,1992,0,0,0,0,0,0,0,0,0,0
350335,0,1,1992,26,26,26,26,26,26,26,26,26,26
350335,1,1,1992,0,0,0,0,0,0,0,0,0,0
350336,1,1,1992,14,14,14,14,14,14,14,14,14,14
350337,1,1,1992,38,38,38,38,38,38,38,38,38,38
350338,1,1,1992,0,0,0,0,0,0,0,0,0,0
350338,2,1,1992,0,0,0,0,0,0,0,0,0,0
350339,0,1,1992,14,14,14,14,14,14,14,14,14,14
350339,1,1,1992,14,14,14,14,14,14,14,14,14,14
350340,1,1,1992,0,0,0,0,0,0,0,0,0,0
350340,2,1,1992,24,24,24,24,24,24,24,24,24,24
350341,1,1,1992,14,14,14,14,14,14,14,14,14,14
350342,0,1,1992,0,0,0,0,0,0,0,0,0,0
350342,1,1,1992,0,0,0,0,0,8,0,0,0,0
350343,0,1,1992,0,0,0,0,0,0,0,0,0,0
350343,0,2,1992,0,0,0,0,0,0,0,0,0,0
350343,1,1,1992,5,5,5,5,5,5,5,5,5,5
350344,0,1,1992,23,23,23,23,23,23,23,23,23,23
350344,1,1,1992,0,0,0,0,0,0,0,0,0,0
350345,1,1,1992,0,0,0,0,0,0,0,0,0,0
350346,1,1,1992,0,0,0,0,0,0,0,0,0,0
350346,2,1,1992,0,0,0,0,0,0,0,0,0,0
350347,1,1,1992,23,15,7,21,14,19,14,6,12,22
350347,2,1,1992,15,15,15,15,15,15,15,15,15,15
350348,1,1,1992,0,0,0,0,0,0,0,0,0,0
350348,2,1,1992,0,0,0,0,0,0,0,0,0,0
350349,1,1,1992,0,0,0,0,0,0,0,0,0,0
350349,2,1,1992,27,27,27,27,27,27,27,27,27,27
350350,1,1,1992,0,0,0,0,0,0,0,0,0,0
350350,2,1,1992,0,0,0,0,0,0,0,0,0,0
350351,1,1,1992,0,0,0,0,0,0,0,0,0,0
350351,2,1,1992,15,2,20,11,11,4,24,17,24,15
350352,1,1,1992,16,16,16,16,16,16,16,16,16,16
350353,1,1,1992,8,8,8,8,8,8,8,8,8,8
350354,1,1,1992,0,0,0,0,0,7,0,15,0,0
350355,1,1,1992,16,0,8,0,0,0,0,0,12,0
350355,2,1,1992,27,27,27,27,27,27,27,27,27,27
350356,1,1,1992,23,8,12,14,23,7,10,32,17,32
350357,1,1,1992,0,0,0,0,0,0,0,0,0,0
350357,2,1,1992,31,31,31,31,31,31,31,31,31,31
350358,1,1,1992,0,0,0,0,0,0,0,0,0,0
350359,1,1,1992,26,26,26,26,26,26,26,26,26,26
350360,0,1,1992,15,15,9,21,15,25,12,18,18,22
350360,1,1,1992,16,16,16,16,16,16,16,16,16,16
350361,1,1,1992,0,0,0,0,0,0,0,0,0,0
350361,2,1,1992,0,0,0,0,0,0,0,0,0,0
350362,1,1,1992,0,0,0,0,0,0,0,0,0,0
350362,2,1,1992,0,0,0,0,0,0,0,0,0,0
350363,1,1,1992,0,0,0,0,0,0,0,0,0,0
350364,1,1,1992,23,23,23,23,23,23,23,23,23,23
350365,0,1,1992,31,31,31,31,31,31,31,31,31,31
350365,1,1,1992,0,0,0,0,0,0,0,0,0,0
350366,1,1,1992,0,0,0,0,0,0,0,0,0,0
350366,2,1,1992,0,0,0,0,0,0,0,0,0,0
350367,1,1,1992,20,20,20,20,20,20,20,20,20,20
350368,0,1,1992,0,0,0,0,0,0,0,0,0,0
350368,1,1,1992,0,0,0,0,0,0,0,0,0,0
350369,1,1,1992,0,0,0,0,0,0,0,0,0,0
350370,0,1,1992,16,16,16,16,16,16,16,16,16,16
350370,1,1,1992,0,0,0,0,0,0,0,0,0,0
350371,0,1,1992,9,19,18,20,11,27,20,39,29,17
350371,1,1,1992,0,0,0,0,0,0,0,0,0,0
350372,1,1,1992,0,0,0,0,0,0,0,0,0,0
350372,2,1,1992,0,0,0,0,0,0,0,0,0,0
350373,0,1,1992,20,20,20,20,20,20,20,20,20,20
350373,1,1,1992,0,0,0,0,0,0,0,0,0,0
350374,1,1,1992,0,0,0,0,0,0,0,0,0,0
350375,1,1,1992,0,0,0,0,0,0,0,0,0,0
350375,2,1,1992,0,0,0,0,0,0,0,0,0,0
350376,1,1,1992,16,16,16,16,16,16,16,16,16,16
350376,2,1,1992,11,7,16,6,9,29,13,11,15,19
350377,1,1,1992,0,0,0,0,0,0,0,0,31,0
350377,2,1,1992,0,0,0,0,0,0,0,0,0,0
350378,0,1,1992,0,0,0,0,0,0,0,0,0,0
350378,1,1,1992,0,0,0,0,0,0,0,0,0,0
350379,0,1,1992,45,45,45,45,45,45,45,45,45,45
350379,1,1,1992,0,0,0,0,0,0,0,0,0,0
350380,1,1,1992,0,0,0,0,0,0,0,0,0,0
350380,2,1,1992,0,0,0,0,0,0,0,0,0,0
350381,1,1,1992,0,0,0,0,0,0,0,0,0,0
350381,2,1,1992,0,0,0,0,0,0,0,0,0,0
350382,1,1,1992,14,0,0,0,0,0,0,0,15,0
350382,2,1,1992,0,0,0,0,0,0,0,0,0,0
350383,1,1,1992,0,0,0,0,0,0,0,0,0,0
350383,2,1,1992,0,0,0,0,0,0,0,0,0,0
350384,1,1,1992,0,0,0,0,0,0,0,0,0,0
350384,2,1,1992,13,13,13,13,13,13,13,13,13,13
350385,1,1,1992,0,0,0,0,0,0,0,0,0,0
350386,1,1,1992,0,0,0,0,0,0,0,0,0,0
350386,2,1,1992,10,10,10,10,10,10,10,10,10,10
350387,1,1,1992,0,0,0,0,0,0,0,0,0,0
350387,2,1,1992,0,0,0,0,0,0,0,0,0,0
350387,3,1,1992,0,0,0,0,0,0,0,0,0,0
350388,0,1,1992,21,21,21,21,21,21,21,21,21,21
350388,1,1,1992,12,16,0,0,0,0,0,0,0,0
350389,1,1,1992,0,0,0,0,0,0,0,0,0,0
350390,1,1,1992,29,29,29,29,29,29,29,29,29,29
350391,1,1,1992,12,12,12,12,12,12,12,12,12,12
350392,1,1,1992,3,14,7,6,10,8,13,8,15,21
350393,1,1,1992,25,25,25,25,25,25,25,25,25,25
350394,1,1,1992,0,0,0,0,0,0,0,0,0,0
350395,0,1,1992,0,0,0,0,0,0,0,0,0,0
350395,1,1,1992,0,0,17,0,0,0,0,14,0,0
350396,1,1,1992,17,4,21,13,18,8,5,11,4,11
350397,1,1,1992,7,7,7,7,7,7,7,7,7,7
350397,2,1,1992,0,0,0,0,0,0,0,0,0,0
350398,1,1,1992,18,18,18,18,18,18,18,18,18,18
350399,1,1,1992,15,15,15,15,15,15,15,15,15,15
350400,1,1,1992,0,0,0,0,0,0,0,0,0,0
350400,2,1,1992,19,19,19,19,19,19,19,19,19,19
360001,1,1,1992,0,0,0,0,0,0,0,0,0,0
360001,2,1,1992,0,0,0,0,0,0,0,0,0,0
360002,0,1,1992,0,0,0,0,0,0,0,0,0,0
360002,1,1,1992,0,0,0,23,0,0,0,0,0,0
360003,1,1,1992,0,0,0,0,0,0,0,0,0,0
360003,2,1,1992,0,0,0,0,0,0,0,0,0,0
360003,3,1,1992,0,0,0,0,0,0,0,0,0,0
360004,0,1,1992,0,0,0,0,0,0,0,0,0,0
360004,1,1,1992,0,0,0,0,0,0,0,0,16,0
360005,0,1,1992,20,20,20,20,20,20,20,20,20,20
360005,1,1,1992,0,0,14,10,0,0,0,0,26,0
360006,1,1,1992,27,19,15,9,16,21,4,9,5,5
360007,0,1,1992,0,0,0,0,0,0,0,0,0,0
360007,1,1,1992,0,19,0,10,0,0,0,0,0,0
360008,0,1,1992,15,11,0,0,32,24,0,30,0,0
360008,0,2,1992,0,0,0,0,20,0,0,0,0,0
360008,0,3,1992,0,0,0,0,0,0,11,0,5,0
360008,1,1,1992,0,0,0,0,0,0,0,6,0,0
360009,1,1,1992,0,0,0,0,0,0,0,0,0,0
360009,2,1,1992,0,0,0,0,0,0,11,0,0,0
360010,1,1,1992,0,10,0,22,0,0,0,0,14,8
360011,0,1,1992,0,23,0,0,28,11,0,0,0,0
360011,1,1,1992,0,0,0,0,0,0,0,0,0,0
360012,1,1,1992,0,0,0,0,0,0,0,0,0,0
360013,1,1,1992,0,0,0,0,0,0,0,0,0,0
360013,2,1,1992,0,0,0,0,0,0,0,0,0,0
360014,1,1,1992,0,0,0,0,0,0,0,0,0,0
360015,1,1,1992,0,0,0,0,0,0,0,0,0,0
360016,1,1,1992,10,10,10,10,10,10,10,10,10,10
360017,0,1,1992,16,16,16,16,16,16,16,16,16,16
360017,1,1,1992,0,0,0,0,0,0,0,0,0,0
360018,1,1,1992,19,19,19,19,19,19,19,19,19,19
360019,1,1,1992,0,0,0,0,0,0,0,0,0,0
360019,2,1,1992,0,0,0,0,0,0,0,0,0,0
360020,1,1,1992,5,5,5,5,5,5,5,5,5,5
360020,2,1,1992,18,18,18,18,18,18,18,18,18,18
360021,0,1,1992,0,0,0,0,0,0,0,0,0,0
360021,1,1,1992,0,4,0,0,0,0,0,0,0,0
360021,2,1,1992,0,0,14,0,0,0,0,0,0,0
360021,3,1,1992,0,0,0,0,0,0,0,0,0,0
360022,1,1,1992,4,12,10,15,17,10,24,3,19,18
360022,2,1,1992,0,0,0,0,0,0,0,0,0,0
360023,1,1,1992,0,0,13,0,0,0,0,0,0,0
360024,0,1,1992,28,28,28,28,28,28,28,28,28,28
360024,1,1,1992,0,0,0,0,0,0,0,0,0,0
360025,0,1,1992,0,0,0,0,0,0,0,0,0,0
360025,1,1,1992,21,26,0,0,0,0,0,0,0,0
360025,2,1,1992,0,0,0,0,0,0,0,0,0,0
360026,0,1,1992,0,0,0,37,0,0,8,0,0,0
360026,1,1,1992,0,20,0,0,0,0,0,0,0,0
360027,1,1,1992,0,0,0,0,0,0,14,0,0,0
360027,2,1,1992,0,0,0,0,0,0,0,0,0,0
360028,1,1,1992,0,0,0,0,0,0,0,0,0,0
360029,1,1,1992,0,0,0,0,0,0,0,0,0,0
360029,2,1,1992,0,0,0,0,0,0,0,0,0,0
360031,1,1,1992,0,0,0,0,0,0,0,0,0,0
360032,0,1,1992,0,0,0,0,0,0,0,0,0,0
360032,1,1,1992,0,0,0,0,0,0,12,0,0,0
360033,1,1,1992,0,0,0,0,0,0,0,0,0,0
360033,2,1,1992,0,0,0,0,0,0,0,0,0,0
360034,1,1,1992,0,0,0,0,0,0,0,0,0,0
360034,2,1,1992,0,0,0,0,0,0,0,0,0,0
360035,0,1,1992,24,24,24,24,24,24,24,24,24,24
360035,1,1,1992,0,0,0,0,0,0,9,0,0,0
360036,1,1,1992,0,0,14,19,0,0,0,0,0,0
360036,2,1,1992,0,0,0,0,0,8,0,0,0,0
360037,0,1,1992,11,11,11,11,11,11,11,11,11,11
360037,1,1,1992,0,0,0,0,0,0,0,0,0,0
360038,1,1,1992,6,9,5,8,10,18,11,25,13,27
360038,2,1,1992,0,0,0,0,0,0,0,0,0,0
360038,3,1,1992,0,0,0,0,0,0,0,0,0,0
360039,1,1,1992,20,20,20,20,20,20,20,20,20,20
360039,2,1,1992,0,0,0,0,0,0,0,0,0,0
360040,0,1,1992,0,0,0,0,0,0,0,0,0,0
360040,1,1,1992,0,0,0,0,0,0,0,0,0,14
360041,1,1,1992,7,7,7,7,7,7,7,7,7,7
360042,1,1,1992,0,0,0,0,0,0,0,0,0,0
360043,1,1,1992,0,0,0,0,0,0,0,0,0,0
360043,2,1,1992,0,0,0,0,0,0,0,0,0,0
360044,1,1,1992,29,29,29,29,29,29,29,29,29,29
360044,2,1,1992,0,0,0,0,0,0,0,0,0,0
360045,1,1,1992,24,24,24,24,24,24,24,24,24,24
360046,1,1,1992,0,0,0,0,0,0,0,0,0,0
360047,1,1,1992,14,13,23,15,17,18,11,16,22,12
360048,1,1,1992,0,0,0,0,0,0,0,0,0,0
360048,2,1,1992,0,0,0,0,0,0,0,0,0,0
360049,0,1,1992,0,0,0,37,0,0,0,0,0,0
360049,1,1,1992,0,0,0,0,0,0,0,0,0,0
360050,1,1,1992,0,0,0,0,0,0,0,0,0,0
360050,2,1,1992,0,0,0,0,0,0,0,0,0,0
360051,1,1,1992,0,0,0,0,0,0,0,0,0,0
360051,2,1,1992,0,0,0,0,0,0,0,0,0,0
360052,1,1,1992,0,0,0,0,0,0,0,0,0,0
360053,1,1,1992,0,0,0,0,0,0,0,0,0,0
360054,1,1,1992,0,0,0,0,0,0,0,0,0,0
360055,1,1,1992,26,26,26,26,26,26,26,26,26,26
360056,1,1,1992,14,14,14,14,14,14,14,14,14,14
360057,1,1,1992,0,0,0,0,0,0,0,11,0,0
360057,2,1,1992,21,21,21,21,21,21,21,21,21,21
360058,0,1,1992,0,0,0,0,0,0,0,0,0,0
360058,0,2,1992,30,22,0,17,0,0,0,0,19,22
360058,1,1,1992,13,14,11,13,40,13,14,6,9,15
360059,0,1,1992,0,0,0,0,0,0,0,0,0,0
360059,1,1,1992,0,0,0,0,0,0,0,0,0,0
360060,1,1,1992,0,13,0,0,0,0,0,0,0,0
360060,2,1,1992,0,0,0,0,0,0,0,0,0,0
360060,3,1,1992,0,0,0,0,0,0,0,0,0,0
360061,1,1,1992,18,18,18,18,18,18,18,18,18,18
360062,1,1,1992,0,0,0,0,0,0,0,0,0,0
360063,0,1,1992,0,0,0,0,0,0,0,0,0,0
360063,1,1,1992,0,0,0,0,0,0,0,0,0,0
360064,1,1,1992,0,0,0,0,0,0,0,0,0,0
360064,2,1,1992,0,0,0,0,0,0,0,0,0,0
360065,0,1,1992,0,0,0,0,0,0,0,0,0,0
360065,1,1,1992,0,0,0,0,0,0,0,0,0,0
360066,1,1,1992,0,0,0,0,0,0,0,0,0,0
360066,2,1,1992,0,0,0,0,0,0,0,0,0,0
360067,0,1,1992,0,0,0,0,0,0,0,0,0,0
360067,1,1,1992,11,23,0,0,11,0,0,10,8,4
360067,2,1,1992,0,0,0,0,11,0,0,0,0,0
360068,1,1,1992,6,6,6,6,6,6,6,6,6,6
360069,1,1,1992,0,0,0,0,0,0,0,0,0,0
360069,2,1,1992,0,0,0,0,0,0,0,0,0,0
360070,1,1,1992,0,0,0,0,6,0,5,0,10,0
360071,1,1,1992,0,0,0,0,0,0,0,0,0,0
360072,1,1,1992,0,0,0,0,0,0,0,0,16,0
360073,1,1,1992,0,0,0,0,0,0,0,0,0,0
360074,1,1,1992,21,8,15,10,12,21,3,36,6,13
360075,0,1,1992,0,0,0,0,0,0,0,0,0,0
360075,1,1,1992,0,0,0,0,0,0,0,0,0,12
360076,1,1,1992,12,12,12,12,12,12,12,12,12,12
360077,1,1,1992,0,0,0,0,0,0,0,0,0,0
360077,2,1,1992,12,12,12,12,12,12,12,12,12,12
360078,0,1,1992,0,0,0,0,0,0,0,0,0,0
360078,1,1,1992,0,0,0,0,0,0,0,0,0,0
360079,1,1,1992,23,23,23,23,23,23,23,23,23,23
360080,1,1,1992,21,15,13,19,6,21,20,14,6,7
360081,0,1,1992,0,0,0,0,0,0,0,0,0,0
360081,1,1,1992,0,0,0,0,23,0,0,0,0,0
360082,1,1,1992,15,14,19,27,19,5,33,18,15,11
360082,2,1,1992,0,0,0,0,0,0,0,0,0,0
360083,0,1,1992,0,0,0,0,0,0,0,0,0,0
360083,1,1,1992,0,0,0,0,0,0,0,0,0,0
360084,1,1,1992,7,0,0,7,0,0,0,0,0,0
360084,2,1,1992,0,0,0,8,0,0,6,0,0,0
360085,1,1,1992,0,0,0,5,0,10,0,0,0,0
360085,2,1,1992,0,0,0,0,0,0,0,0,0,0
360086,1,1,1992,0,0,0,0,0,0,0,0,0,0
360087,1,1,1992,0,0,0,4,0,0,0,0,0,0
360087,2,1,1992,0,0,0,0,0,23,0,0,0,0
360088,1,1,1992,0,0,0,0,0,0,0,0,0,0
360089,0,1,1992,0,0,0,0,0,0,0,0,0,0
360089,1,1,1992,0,0,0,0,0,0,0,0,0,0
360090,0,1,1992,0,0,0,0,11,0,0,0,0,0
360090,1,1,1992,0,0,0,0,0,0,0,0,0,0
360091,0,1,1992,0,0,0,0,0,0,0,0,0,0
360091,1,1,1992,0,0,0,0,0,0,0,0,0,0
360092,0,1,1992,32,32,32,32,32,32,32,32,32,32
360092,1,1,1992,0,0,0,0,0,0,0,17,0,0
360093,0,1,1992,0,0,0,0,0,0,0,0,0,0
360093,1,1,1992,0,0,0,0,0,0,0,0,0,0
360094,1,1,1992,19,19,19,19,19,19,19,19,19,19
360095,0,1,1992,0,0,0,0,0,0,0,15,0,12
360095,1,1,1992,0,0,0,0,0,0,0,0,0,0
360096,1,1,1992,18,18,18,18,18,18,18,18,18,18
360097,1,1,1992,19,23,0,0,11,0,4,11,9,15
360098,1,1,1992,0,14,0,0,6,17,0,0,0,0
360098,2,1,1992,0,0,0,0,0,0,12,12,0,0
360099,1,1,1992,6,17,12,3,36,0,11,29,0,7
360099,2,1,1992,0,0,0,0,0,0,0,0,0,0
360100,0,1,1992,0,0,0,0,0,0,0,0,0,0
360100,1,1,1992,0,0,0,0,0,0,0,0,0,0
360101,0,1,1992,0,20,0,25,0,18,0,0,0,0
360101,1,1,1992,0,0,0,0,0,0,0,11,0,0
360102,0,1,1992,5,5,5,5,5,5,5,5,5,5
360102,1,1,1992,0,0,0,0,0,0,0,0,0,11
360103,0,1,1992,0,0,0,0,0,0,0,0,0,0
360103,1,1,1992,0,0,0,0,0,0,0,0,0,0
360104,0,1,1992,0,0,0,0,0,0,0,0,0,0
360104,1,1,1992,0,0,0,0,0,0,0,0,0,0
360105,1,1,1992,0,0,0,0,0,0,0,0,0,0
360106,0,1,1992,0,0,0,0,0,0,0,0,0,0
360106,1,1,1992,0,0,0,0,0,0,0,0,0,0
360106,2,1,1992,0,0,0,0,0,0,0,0,0,0
360107,1,1,1992,10,10,10,10,10,10,10,10,10,10
360108,1,1,1992,0,0,0,0,0,0,0,0,0,0
360108,2,1,1992,0,0,0,0,0,0,0,0,0,0
360109,0,1,1992,0,0,0,0,0,0,0,0,0,0
360109,1,1,1992,15,0,12,10,3,14,0,0,0,0
360110,1,1,1992,0,0,0,0,0,0,0,0,0,0
360110,2,1,1992,0,0,0,0,0,0,0,0,0,0
360111,0,1,1992,4,4,4,4,4,4,4,4,4,4
360111,1,1,1992,0,0,0,4,0,0,0,0,12,3
360111,2,1,1992,0,0,0,0,0,0,0,0,0,0
360112,0,1,1992,0,0,0,0,0,0,0,0,0,0
360112,1,1,1992,5,0,0,0,0,0,0,0,0,0
360113,1,1,1992,0,0,0,0,0,0,0,0,0,0
360114,1,1,1992,0,0,0,0,0,0,0,0,0,0
360115,1,1,1992,0,0,0,0,0,0,0,0,0,0
360116,0,1,1992,0,0,52,12,19,0,25,17,30,0
360116,1,1,1992,0,12,0,7,0,0,0,0,0,0
360117,0,1,1992,0,0,0,0,0,0,0,0,0,0
360117,1,1,1992,0,0,0,0,0,0,0,8,0,0
360118,1,1,1992,0,0,0,0,0,0,0,0,0,0
360119,1,1,1992,0,0,0,0,0,0,0,0,0,0
360119,2,1,1992,0,0,0,0,0,0,0,0,0,0
360120,1,1,1992,0,0,0,0,0,0,0,0,0,0
360120,2,1,1992,0,0,0,0,0,0,0,0,0,0