ST_CASE,VEH_NO,PER_NO,YEAR,P1,P2,P3,P4,P5,P6,P7,P8,P9,P10
360387,1,1,1992,0,0,0,0,0,0,0,0,0,0
360388,0,1,1992,0,0,0,0,0,0,0,0,0,0
360388,0,2,1992,0,0,0,0,0,0,0,0,0,0
360388,0,3,1992,0,0,0,0,0,0,0,0,0,0
360388,0,4,1992,0,0,0,0,17,0,0,0,0,0
360388,0,5,1992,0,0,0,0,16,0,0,0,0,0
360388,0,6,1992,0,0,0,0,0,0,0,0,0,0
360388,0,7,1992,0,0,0,0,0,0,0,0,0,0
360388,0,8,1992,0,0,0,0,0,0,0,0,0,0
360388,0,9,1992,0,0,0,0,0,0,0,0,0,0
360388,0,10,1992,0,0,0,0,0,0,0,0,0,0
360388,0,11,1992,0,0,0,0,0,0,0,0,0,0
360388,0,12,1992,0,0,0,0,0,0,0,0,0,0
360388,0,13,1992,0,0,0,0,0,0,0,0,0,0
360388,0,14,1992,0,0,0,0,0,9,0,0,0,0
360388,0,15,1992,0,0,0,0,0,0,0,0,0,0
360388,0,16,1992,0,0,0,0,0,0,0,0,3,0
360388,0,17,1992,0,14,0,0,0,0,0,0,0,0
360388,0,18,1992,0,0,0,0,20,0,0,0,0,0
360388,0,19,1992,0,0,0,0,0,0,0,0,0,0
360388,0,20,1992,0,0,0,0,0,0,0,0,0,0
360388,0,21,1992,0,0,0,0,0,3,0,0,0,0
360388,0,22,1992,0,0,0,0,0,7,0,0,0,0
360388,0,23,1992,0,0,0,0,0,0,11,0,0,0
360388,0,24,1992,0,0,0,0,0,0,0,0,9,0
360388,0,25,1992,0,0,0,0,0,0,0,0,0,0
360388,0,26,1992,0,0,0,0,0,0,0,0,0,0
360388,0,27,1992,0,0,0,0,0,0,0,0,0,0
360388,0,28,1992,0,0,0,0,0,0,0,0,0,0
360388,0,29,1992,11,0,0,0,0,0,0,0,0,0
360388,0,30,1992,0,0,0,0,0,0,0,0,0,0
360388,0,31,1992,0,0,0,0,0,0,0,0,0,0
360388,1,1,1992,0,0,0,0,0,0,0,0,0,0
360389,0,1,1992,0,15,0,0,0,0,0,0,0,0
360389,1,1,1992,0,0,0,0,0,0,0,0,0,0
360389,2,1,1992,0,0,0,0,0,0,0,0,0,0
360390,1,1,1992,0,0,0,0,0,0,0,0,0,0
360391,0,1,1992,0,0,0,0,0,0,0,0,0,0
360391,1,1,1992,0,0,0,0,0,0,0,0,0,0
360392,0,1,1992,0,0,0,0,0,0,0,0,0,0
360392,1,1,1992,0,0,0,0,0,0,0,0,0,0
360393,1,1,1992,0,0,0,0,0,0,0,0,0,0
360393,2,1,1992,0,0,0,0,0,0,0,0,0,0
360394,1,1,1992,21,21,21,21,21,21,21,21,21,21
360395,1,1,1992,18,24,6,24,13,6,14,12,12,4
360395,2,1,1992,0,0,7,0,0,0,0,0,0,0
360396,0,1,1992,8,8,8,8,8,8,8,8,8,8
360396,1,1,1992,0,0,0,0,0,0,0,0,0,0
360397,1,1,1992,26,26,26,26,26,26,26,26,26,26
360398,0,1,1992,11,0,0,0,0,15,12,0,29,0
360398,0,2,1992,0,0,0,0,0,0,0,0,0,0
360398,1,1,1992,0,0,0,0,0,0,0,0,0,0
360398,2,1,1992,0,0,0,0,0,0,10,0,0,0
360399,1,1,1992,0,0,0,0,0,0,0,0,0,0
360400,1,1,1992,16,16,16,16,16,16,16,16,16,16
360400,2,1,1992,8,8,20,19,27,9,23,19,26,27
360401,1,1,1992,0,15,0,0,6,0,10,0,0,0
360401,2,1,1992,0,0,0,0,0,0,0,0,0,0
360402,1,1,1992,0,0,0,0,0,0,0,0,0,0
360403,0,1,1992,8,8,8,8,8,8,8,8,8,8
360403,1,1,1992,0,0,0,8,0,0,0,0,0,0
360404,1,1,1992,0,0,0,0,0,0,0,0,0,0
360404,2,1,1992,9,3,7,10,11,16,0,19,11,15
360405,1,1,1992,0,0,0,0,0,0,0,0,0,0
360405,2,1,1992,0,0,0,0,0,0,0,0,0,0
360406,1,1,1992,0,0,0,0,0,0,0,0,0,0
360407,1,1,1992,0,0,0,0,0,0,0,0,0,0
360407,2,1,1992,0,0,0,0,0,0,0,0,0,0
360408,1,1,1992,2,2,2,2,2,2,2,2,2,2
360409,1,1,1992,0,0,0,0,0,0,0,0,0,0
360410,1,1,1992,0,0,0,0,0,0,0,0,0,0
360410,2,1,1992,9,19,0,0,0,8,21,9,6,10
360411,0,1,1992,0,14,0,26,8,12,13,11,0,0
360411,1,1,1992,0,0,0,0,0,0,0,0,0,0
360412,1,1,1992,0,6,20,0,0,0,0,0,0,0
360412,2,1,1992,0,0,0,0,0,0,0,16,0,0
360413,1,1,1992,0,0,0,0,0,0,0,0,0,0
360414,1,1,1992,0,0,0,0,0,0,0,0,0,0
360414,2,1,1992,0,0,0,0,0,0,0,0,0,0
360415,0,1,1992,0,0,0,0,0,0,0,0,0,0
360415,1,1,1992,0,0,0,0,0,0,0,0,0,0
360416,1,1,1992,18,18,18,18,18,18,18,18,18,18
360417,0,1,1992,0,0,0,0,0,0,0,0,0,0
360417,1,1,1992,0,0,0,0,0,0,0,0,0,0
360418,0,1,1992,0,0,0,0,0,0,0,0,0,0
360418,1,1,1992,0,0,0,0,0,0,0,0,0,0
360419,1,1,1992,0,0,0,0,0,0,0,0,0,0
360419,2,1,1992,0,0,14,0,0,0,0,0,0,0
360420,1,1,1992,0,0,0,0,0,0,0,0,0,0
360421,0,1,1992,0,0,0,0,0,0,0,0,29,0
360421,1,1,1992,0,0,0,0,0,0,0,0,0,0
360422,0,1,1992,15,14,28,40,30,30,15,38,35,41
360422,1,1,1992,0,0,0,0,0,0,0,0,0,0
360423,1,1,1992,15,15,15,15,15,15,15,15,15,15
360424,0,1,1992,0,0,0,0,0,0,0,0,0,0
360424,1,1,1992,0,0,0,0,0,0,0,0,0,0
360425,1,1,1992,0,0,0,0,0,0,0,0,0,0
360425,2,1,1992,0,0,0,0,0,0,0,0,0,0
360426,1,1,1992,0,0,0,0,0,0,0,0,0,0
360426,2,1,1992,2,2,2,2,2,2,2,2,2,2
360427,0,1,1992,0,0,0,0,0,0,0,0,0,0
360427,1,1,1992,0,0,0,0,0,0,0,0,0,0
360428,1,1,1992,0,0,19,0,0,0,0,0,0,0
360428,2,1,1992,20,17,17,8,4,6,26,8,15,0
360429,1,1,1992,0,0,0,0,0,0,0,0,0,0
360429,2,1,1992,0,0,0,0,0,0,0,5,0,0
360430,0,1,1992,0,0,0,0,0,0,0,0,0,0
360430,1,1,1992,0,0,0,0,0,0,0,0,0,0
360431,1,1,1992,0,0,0,0,0,0,0,0,0,0
360431,2,1,1992,0,0,0,0,0,0,0,0,0,0
360432,1,1,1992,0,0,0,0,0,0,0,0,0,0
360433,1,1,1992,0,0,0,0,0,0,0,0,0,0
360433,2,1,1992,14,0,0,0,0,0,0,0,0,0
360434,1,1,1992,0,0,0,0,0,0,0,0,0,0
360434,2,1,1992,7,23,12,8,6,23,12,15,10,29
360435,1,1,1992,0,0,0,0,0,0,0,0,0,0
360436,1,1,1992,0,0,0,0,0,0,0,6,0,0
360437,1,1,1992,0,0,0,0,0,0,0,0,0,0
360437,2,1,1992,25,16,17,18,14,18,27,13,39,7
360438,1,1,1992,23,23,23,23,23,23,23,23,23,23
360439,1,1,1992,15,15,15,15,15,15,15,15,15,15
360440,1,1,1992,0,0,0,0,0,0,0,0,0,0
360441,1,1,1992,12,12,12,12,12,12,12,12,12,12
360442,1,1,1992,7,0,0,0,0,0,0,0,0,0
360442,2,1,1992,0,0,0,0,0,0,0,0,0,0
360443,1,1,1992,0,0,0,0,0,0,0,0,16,0
360443,2,1,1992,0,0,0,0,0,0,0,0,17,0
360444,1,1,1992,0,0,0,0,0,0,0,0,0,0
360445,0,1,1992,11,18,0,24,10,0,0,19,0,0
360445,1,1,1992,0,0,0,0,0,0,0,0,0,0
360446,0,1,1992,0,0,0,0,0,0,0,0,0,0
360446,1,1,1992,0,0,0,0,0,0,0,0,0,0
360447,1,1,1992,10,10,33,21,8,5,30,15,0,18
360447,2,1,1992,0,0,0,0,0,0,0,0,0,0
360448,1,1,1992,0,0,0,0,0,0,0,25,0,0
360449,1,1,1992,26,26,26,26,26,26,26,26,26,26
360449,2,1,1992,0,0,0,0,0,0,0,0,0,0
360450,1,1,1992,0,0,0,0,0,0,0,0,0,0
360450,2,1,1992,0,0,0,0,0,0,0,0,0,0
360451,1,1,1992,0,0,0,0,0,0,0,0,0,0
360451,2,1,1992,0,0,0,0,0,0,0,0,0,0
360452,1,1,1992,14,14,14,14,14,14,14,14,14,14
360453,1,1,1992,0,0,0,0,0,0,0,0,0,0
360453,2,1,1992,0,0,0,0,0,0,0,0,0,0
360454,1,1,1992,25,25,25,25,25,25,25,25,25,25
360455,1,1,1992,0,0,0,0,0,0,0,0,0,0
360455,2,1,1992,0,0,0,0,0,0,0,0,0,0
360456,1,1,1992,0,0,0,0,0,0,0,0,0,0
360457,1,1,1992,0,0,0,0,0,0,0,0,0,0
360457,2,1,1992,0,0,0,0,0,0,0,0,0,0
360458,0,1,1992,22,0,0,0,0,0,0,30,18,0
360458,1,1,1992,4,0,0,0,0,0,0,0,0,0
360459,1,1,1992,0,0,0,0,0,0,0,0,0,0
360459,2,1,1992,0,0,0,0,0,0,0,0,0,20
360460,1,1,1992,16,16,16,16,16,16,16,16,16,16
360461,0,1,1992,0,0,0,20,48,7,5,12,21,0
360461,1,1,1992,0,0,0,0,0,5,0,0,0,0
360462,0,1,1992,0,0,0,0,0,0,0,0,0,0
360462,0,2,1992,0,0,0,0,0,0,0,0,0,0
360462,1,1,1992,0,0,0,0,0,7,0,0,0,0
360463,1,1,1992,31,31,31,31,31,31,31,31,31,31
360465,1,1,1992,0,0,0,0,0,0,0,0,0,0
360465,2,1,1992,19,19,19,19,19,19,19,19,19,19
360466,1,1,1992,0,0,0,0,11,0,0,0,0,0
360466,2,1,1992,0,0,0,0,0,0,0,0,0,0
360467,0,1,1992,10,10,10,10,10,10,10,10,10,10
360467,1,1,1992,0,0,0,0,0,0,0,0,0,0
360468,1,1,1992,0,0,0,0,0,0,0,0,0,0
360468,2,1,1992,0,17,0,0,0,0,0,0,0,0
360470,1,1,1992,0,0,0,0,0,0,0,0,0,0
360470,2,1,1992,0,0,0,0,0,0,0,0,0,0
360471,1,1,1992,0,0,0,0,0,0,0,0,0,0
360472,1,1,1992,0,0,0,0,0,0,0,0,0,0
360472,2,1,1992,0,0,0,0,0,0,0,12,0,0
360472,3,1,1992,0,0,0,0,0,0,0,16,0,0
360473,0,1,1992,0,0,0,0,0,0,0,0,0,0
360473,1,1,1992,21,20,18,14,11,18,18,7,26,12
360474,1,1,1992,5,18,22,8,0,0,4,7,13,0
360475,1,1,1992,0,0,0,0,0,0,0,0,0,0
360476,0,1,1992,0,0,0,0,0,0,0,0,0,0
360476,1,1,1992,0,0,0,0,0,6,0,0,0,0
360477,0,1,1992,0,0,0,0,0,0,0,0,0,0
360477,1,1,1992,0,0,0,0,0,5,0,0,0,0
360478,1,1,1992,15,20,19,12,14,11,17,23,21,6
360478,2,1,1992,0,0,0,0,0,0,0,0,0,0
360479,2,1,1992,0,0,0,0,0,0,0,0,0,0
360480,1,1,1992,19,19,19,19,19,19,19,19,19,19
360481,1,1,1992,0,0,0,0,0,0,0,0,0,0
360481,2,1,1992,0,0,0,0,0,0,0,0,0,0
360482,1,1,1992,12,0,0,16,0,0,6,0,0,22
360483,1,1,1992,0,0,0,0,0,0,0,0,0,0
360484,0,1,1992,0,0,0,0,0,0,0,0,0,0
360484,1,1,1992,0,0,0,0,0,0,0,0,0,0
360485,0,1,1992,0,0,0,0,0,0,0,0,0,0
360485,1,1,1992,0,0,0,0,0,0,0,0,0,0
360486,1,1,1992,0,0,0,0,0,0,0,0,0,0
360487,1,1,1992,0,0,0,0,0,0,0,0,0,0
360487,2,1,1992,7,7,7,7,7,7,7,7,7,7
360488,0,1,1992,0,0,0,0,0,0,0,0,0,0
360488,1,1,1992,0,0,0,0,0,0,0,0,0,0
360489,1,1,1992,0,0,0,0,0,0,0,0,0,0
360490,1,1,1992,0,0,0,0,0,0,0,0,0,0
360491,1,1,1992,2,2,2,2,2,2,2,2,2,2
360491,2,1,1992,0,0,0,0,0,0,0,0,0,0
360492,1,1,1992,0,0,0,0,0,0,0,0,0,0
360492,2,1,1992,0,0,0,0,0,10,0,0,0,0
360492,3,1,1992,0,0,0,0,0,0,0,16,0,0
360493,0,1,1992,0,0,0,0,0,0,0,0,0,0
360493,1,1,1992,0,0,0,0,0,0,0,0,0,0
360494,1,1,1992,0,0,0,0,0,0,0,0,0,0
360494,2,1,1992,0,0,0,0,0,0,0,0,0,0
360495,1,1,1992,11,11,11,11,11,11,11,11,11,11
360495,2,1,1992,0,0,0,0,0,0,0,0,0,0
360496,1,1,1992,9,13,14,14,27,15,18,14,19,5
360497,1,1,1992,20,20,20,20,20,20,20,20,20,20
360498,1,1,1992,9,9,9,9,9,9,9,9,9,9
360499,1,1,1992,16,16,16,16,16,16,16,16,16,16
360499,2,1,1992,0,0,0,0,0,0,0,0,0,0
360500,1,1,1992,0,0,0,0,0,0,0,0,0,0
360500,2,1,1992,0,0,0,0,0,0,0,0,0,0
360501,1,1,1992,24,24,24,24,24,24,24,24,24,24
360502,1,1,1992,0,0,0,0,0,0,0,0,0,0
360503,1,1,1992,0,0,0,0,0,0,0,0,0,0
360504,1,1,1992,0,0,0,0,0,0,0,0,0,0
360504,2,1,1992,0,11,0,0,0,0,0,0,0,0
360505,0,1,1992,0,0,0,0,0,0,0,0,0,0
360505,1,1,1992,0,0,0,0,0,0,0,0,0,0
360506,1,1,1992,0,0,0,0,0,0,0,0,0,0
360507,1,1,1992,0,0,0,0,0,0,0,0,0,0
360508,1,1,1992,8,15,8,12,22,12,8,5,18,11
360508,2,1,1992,0,0,0,0,0,0,0,0,0,0
360509,1,1,1992,0,0,18,0,0,0,0,0,0,3
360509,2,1,1992,0,0,0,0,0,0,0,0,0,0
360510,0,1,1992,23,23,23,23,23,23,23,23,23,23
360510,1,1,1992,0,0,12,0,0,0,0,0,7,0
360511,0,1,1992,0,0,0,0,0,0,0,0,0,0
360511,0,2,1992,0,0,0,0,0,0,0,0,0,0
360511,1,1,1992,16,15,15,5,11,14,2,19,26,13
360511,2,1,1992,0,0,0,0,0,0,0,0,0,0
360512,1,1,1992,0,0,7,0,39,0,13,0,0,0
360512,2,1,1992,0,0,0,0,0,0,0,0,0,0
360513,1,1,1992,0,0,0,0,0,0,0,0,0,0
360514,0,1,1992,0,0,0,0,0,0,0,0,0,0
360514,1,1,1992,0,0,0,0,0,0,0,0,0,0
360515,1,1,1992,14,14,14,14,14,14,14,14,14,14
360516,1,1,1992,18,12,0,3,7,0,6,0,4,11
360517,1,1,1992,0,0,0,0,0,0,0,0,0,0
360518,1,1,1992,21,12,20,15,20,7,8,25,17,11
360519,1,1,1992,0,0,0,0,0,0,0,0,0,0
360520,1,1,1992,0,0,0,0,0,0,0,0,0,0
360521,0,1,1992,0,0,0,0,0,0,0,0,0,0
360521,1,1,1992,0,0,0,0,0,0,0,0,0,0
360521,2,1,1992,0,0,0,0,0,12,0,0,0,0
360522,0,1,1992,0,0,0,0,0,0,0,0,0,0
360522,1,1,1992,0,0,0,0,0,0,0,0,0,0
360523,1,1,1992,0,0,0,0,0,0,0,0,0,0
360523,2,1,1992,0,0,0,0,0,0,0,0,0,0
360524,1,1,1992,12,12,12,12,12,12,12,12,12,12
360525,1,1,1992,3,3,3,3,3,3,3,3,3,3
360526,0,1,1992,0,0,0,0,0,0,0,0,0,0
360526,1,1,1992,6,0,0,0,0,0,0,0,0,0
360527,0,1,1992,0,0,0,0,0,0,0,0,0,0
360527,1,1,1992,0,0,0,0,0,0,0,0,0,0
360528,1,1,1992,0,0,0,0,0,0,0,0,0,0
360528,2,1,1992,0,0,0,0,0,0,0,0,0,0
360529,1,1,1992,0,0,0,0,0,0,0,0,0,0
360529,2,1,1992,0,0,0,0,0,0,0,0,0,0
360530,1,1,1992,0,0,0,0,0,0,0,0,0,0
360530,2,1,1992,26,0,9,28,17,0,22,0,14,18
360531,1,1,1992,0,0,0,0,0,0,0,0,0,0
360531,2,1,1992,0,0,0,0,0,0,0,0,0,0
360532,1,1,1992,0,0,0,0,0,0,0,0,0,0
360533,0,1,1992,0,0,0,0,0,0,0,0,0,0
360533,1,1,1992,19,0,7,0,17,16,0,9,14,30
360534,1,1,1992,0,0,0,0,0,0,29,0,18,0
360534,2,1,1992,11,11,11,11,11,11,11,11,11,11
360535,1,1,1992,0,0,0,0,0,0,0,0,0,0
360535,2,1,1992,0,0,0,0,0,0,0,0,0,0
360536,1,1,1992,9,20,9,15,0,17,9,10,12,15
360536,2,1,1992,0,0,0,0,0,0,0,0,0,0
360537,1,1,1992,0,0,17,0,0,0,0,0,0,0
360537,2,1,1992,4,4,4,4,4,4,4,4,4,4
360538,1,1,1992,0,0,0,0,0,0,0,0,0,0
360538,2,1,1992,26,8,19,0,8,10,10,11,7,11
360539,1,1,1992,0,0,0,0,0,0,0,0,0,0
360539,2,1,1992,0,0,0,0,9,0,0,0,0,9
360540,1,1,1992,0,0,0,0,0,0,0,0,0,0
360540,2,1,1992,0,0,0,0,0,0,0,0,0,7
360541,0,1,1992,0,0,0,0,0,0,0,0,0,0
360541,1,1,1992,0,0,0,0,0,0,0,0,0,3
360542,1,1,1992,31,19,0,0,24,14,0,33,33,15
360543,0,1,1992,0,0,0,0,0,0,0,0,0,0
360543,1,1,1992,0,0,24,0,0,0,15,14,0,0
360544,1,1,1992,22,22,22,22,22,22,22,22,22,22
360545,1,1,1992,14,6,15,15,7,16,5,26,14,6
360545,2,1,1992,0,0,0,0,0,0,0,0,8,0
360546,0,1,1992,0,0,0,0,0,0,0,0,0,0
360546,1,1,1992,0,0,0,0,0,0,0,0,0,0
360547,1,1,1992,11,11,11,11,11,11,11,11,11,11
360547,2,1,1992,6,6,6,6,6,6,6,6,6,6
360548,0,1,1992,0,0,0,0,0,0,0,0,0,0
360548,0,2,1992,0,0,0,0,0,20,0,14,8,18
360548,1,1,1992,7,12,16,10,8,8,0,5,5,8
360549,0,1,1992,0,0,0,0,0,0,0,0,0,0
360549,1,1,1992,0,0,13,0,0,0,15,0,0,11
360550,1,1,1992,12,12,12,12,12,12,12,12,12,12
360551,1,1,1992,0,0,0,0,0,0,0,0,0,0
360551,2,1,1992,0,0,0,0,0,0,0,0,0,0
360552,1,1,1992,0,0,0,0,0,0,0,0,0,0
360552,2,1,1992,0,0,0,0,0,0,0,0,0,0
360553,1,1,1992,0,0,0,0,0,0,0,0,0,0
360553,2,1,1992,0,0,0,0,0,0,20,0,0,0
360554,0,1,1992,0,0,0,0,0,0,0,0,0,0
360554,1,1,1992,0,0,0,0,0,0,0,0,0,0
360555,1,1,1992,14,18,6,9,12,0,0,13,7,0
360556,1,1,1992,0,0,0,0,0,0,0,0,0,0
360556,2,1,1992,0,0,0,0,0,0,0,0,0,0
360557,1,1,1992,0,0,0,0,0,0,0,0,0,0
360557,2,1,1992,5,5,5,5,5,5,5,5,5,5
360558,0,1,1992,0,0,0,0,0,0,0,0,0,0
360558,1,1,1992,0,0,0,0,0,0,0,0,0,0
360559,1,1,1992,0,0,0,0,0,0,0,0,0,0
360559,2,1,1992,0,0,0,0,0,0,0,0,0,0
360560,1,1,1992,0,0,0,0,0,0,0,0,0,14
360561,0,1,1992,0,0,0,0,0,0,0,0,0,0
360561,1,1,1992,0,0,0,0,0,0,0,0,0,0
360562,0,1,1992,29,29,29,29,29,29,29,29,29,29
360562,1,1,1992,0,0,0,0,15,0,5,21,20,0
360563,0,1,1992,0,0,0,0,0,0,0,0,0,0
360563,1,1,1992,0,0,0,0,0,0,0,0,0,0
360565,0,1,1992,5,5,5,5,5,5,5,5,5,5
360565,1,1,1992,0,0,0,0,0,0,0,0,0,0
360566,0,1,1992,0,0,0,0,0,0,0,0,0,0
360566,0,2,1992,0,0,0,0,0,0,0,0,0,0
360566,1,1,1992,0,0,26,6,0,0,13,0,5,0
360567,1,1,1992,0,0,0,0,0,0,0,0,0,0
360568,0,1,1992,0,16,0,9,14,0,0,0,8,22
360568,1,1,1992,0,0,0,0,0,0,0,0,12,0
360569,0,1,1992,0,0,0,0,0,0,0,0,0,0
360569,0,2,1992,0,0,0,0,0,0,0,0,0,0
360569,1,1,1992,0,0,0,0,0,0,0,0,0,0
360569,2,1,1992,0,0,0,0,0,0,0,0,0,0
360570,0,1,1992,24,21,0,0,0,0,0,0,0,0
360570,1,1,1992,0,0,0,0,0,0,0,0,0,0
360571,0,1,1992,0,0,0,0,0,0,0,0,0,0
360571,1,1,1992,0,0,0,0,0,0,0,0,0,0
360572,0,1,1992,12,12,12,12,12,12,12,12,12,12
360572,1,1,1992,0,10,0,0,0,0,0,0,0,0
360573,1,1,1992,0,0,0,0,0,0,0,0,0,0
360574,0,1,1992,0,0,0,0,0,0,0,0,0,0
360574,1,1,1992,0,0,0,0,0,0,0,0,0,0
360575,1,1,1992,0,0,0,0,0,0,0,0,0,8
360576,1,1,1992,0,0,0,0,0,0,0,0,0,0
360576,2,1,1992,0,0,0,0,0,0,0,0,0,0
360576,3,1,1992,0,0,0,0,0,0,0,0,0,0
360576,4,1,1992,0,0,0,0,0,0,0,0,0,0
360577,0,1,1992,0,0,0,0,0,0,0,0,0,0
360577,1,1,1992,0,0,0,0,0,0,0,0,0,0
360578,0,1,1992,0,0,0,0,0,0,0,0,0,0
360578,1,1,1992,0,0,0,0,0,0,0,0,0,0
360579,0,1,1992,27,21,34,0,13,2,12,0,18,0
360579,1,1,1992,15,15,15,15,15,15,15,15,15,15
360580,1,1,1992,10,10,10,10,10,10,10,10,10,10
360581,1,1,1992,15,15,15,15,15,15,15,15,15,15
360582,1,1,1992,0,0,0,0,20,0,0,13,0,29
360583,1,1,1992,0,0,0,0,0,0,0,0,0,0
360584,1,1,1992,0,0,0,0,0,0,0,0,0,0
360584,2,1,1992,0,0,0,0,0,0,0,0,0,0
360585,1,1,1992,0,0,33,13,0,0,16,0,0,14
360586,1,1,1992,0,0,0,0,0,0,0,5,0,0
360586,2,1,1992,0,0,0,0,0,0,0,0,0,0
360587,1,1,1992,0,0,0,0,0,0,0,0,0,0
360587,2,1,1992,0,0,0,0,0,0,0,0,0,0
360588,1,1,1992,31,31,31,31,31,31,31,31,31,31
360589,1,1,1992,16,16,16,16,16,16,16,16,16,16
360590,0,1,1992,0,0,0,0,0,0,0,0,0,0
360590,1,1,1992,0,0,0,0,0,0,0,0,0,0
360591,1,1,1992,1,1,1,1,1,1,1,1,1,1
360592,1,1,1992,0,0,0,0,0,0,0,0,0,0
360592,2,1,1992,0,0,0,0,0,0,0,0,0,0
360593,1,1,1992,0,0,0,0,0,0,0,0,0,0
360593,2,1,1992,2,2,2,2,2,2,2,2,2,2
360594,1,1,1992,18,18,18,18,18,18,18,18,18,18
360595,1,1,1992,0,0,0,0,8,0,0,0,0,0
360595,2,1,1992,0,0,0,0,0,0,0,0,0,0
360596,1,1,1992,0,0,0,0,0,0,0,0,0,0
360596,2,1,1992,0,0,0,0,0,0,0,0,0,0
360596,3,1,1992,0,0,0,0,0,0,0,0,6,0
360597,1,1,1992,16,16,16,16,16,16,16,16,16,16
360597,2,1,1992,0,0,0,0,0,0,0,0,0,0
360598,1,1,1992,0,0,0,0,0,0,0,0,0,0
360598,2,1,1992,0,0,0,0,0,0,0,0,0,0
360599,1,1,1992,0,0,0,0,0,0,0,0,0,0
360599,2,1,1992,0,0,0,0,0,0,0,0,0,0
360600,1,1,1992,12,12,12,12,12,12,12,12,12,12
360600,2,1,1992,0,0,0,0,0,0,0,0,0,0
360601,0,1,1992,0,0,0,0,0,0,0,0,0,0
360601,1,1,1992,0,0,0,0,0,7,0,0,0,0
360602,0,1,1992,12,0,22,24,0,0,25,31,24,0
360602,1,1,1992,0,0,21,0,0,0,0,0,0,0
360603,0,1,1992,0,0,0,0,0,0,0,0,0,0
360603,1,1,1992,0,0,0,0,0,0,0,0,0,0
360604,0,1,1992,20,0,0,0,0,0,0,0,5,0
360604,1,1,1992,0,0,0,5,0,0,0,0,0,0
360605,1,1,1992,0,0,0,0,0,7,0,0,0,0
360606,1,1,1992,15,15,15,15,15,15,15,15,15,15
360607,0,1,1992,0,0,0,0,0,0,0,0,0,0
360607,1,1,1992,4,14,17,0,6,18,4,12,0,16
360608,1,1,1992,0,0,0,0,0,0,0,0,0,0
360609,1,1,1992,0,0,0,0,0,0,0,0,0,0
360610,0,1,1992,0,0,0,0,0,0,0,0,0,0
360610,1,1,1992,0,0,0,0,0,0,0,0,11,0
360611,1,1,1992,8,8,8,8,8,8,8,8,8,8
360612,0,1,1992,0,0,0,0,0,0,0,0,0,0
360612,1,1,1992,0,0,0,0,0,0,0,7,0,0
360613,1,1,1992,0,0,0,0,0,0,0,0,0,0
360613,2,1,1992,0,0,0,0,0,0,0,0,0,0
360614,0,1,1992,0,0,0,0,6,0,0,0,0,0
360614,0,2,1992,0,0,0,0,0,0,0,0,0,0
360614,1,1,1992,0,0,0,0,0,0,21,0,15,0
360615,1,1,1992,0,0,0,0,0,0,0,0,0,0
360615,2,1,1992,0,0,0,0,0,0,0,0,6,0
360615,3,1,1992,8,0,0,0,0,0,0,0,0,0
360615,4,1,1992,0,0,0,0,0,0,0,0,0,0
360616,0,1,1992,23,28,0,0,0,16,0,0,0,0
360616,1,1,1992,0,0,0,0,0,0,0,0,0,0
360617,1,1,1992,0,0,0,0,0,0,0,0,0,0
360618,1,1,1992,0,0,0,0,0,0,0,0,0,0
360618,2,1,1992,0,0,0,0,0,0,0,0,0,0
360618,3,1,1992,0,0,0,0,0,0,0,0,0,0
360619,1,1,1992,9,9,9,9,9,9,9,9,9,9
360620,1,1,1992,0,0,0,0,0,0,0,0,0,0
360620,2,1,1992,0,0,0,0,0,0,17,5,15,13
360621,1,1,1992,0,0,0,0,0,0,0,0,0,0
360621,2,1,1992,0,0,0,0,0,0,0,0,0,0
360622,1,1,1992,18,18,18,18,18,18,18,18,18,18
360623,1,1,1992,0,0,0,0,0,0,0,0,0,0
360624,1,1,1992,0,0,0,0,0,0,0,0,0,0
360624,2,1,1992,0,0,0,0,0,0,0,0,0,0
360625,1,1,1992,12,0,10,0,0,0,0,0,22,0
360625,2,1,1992,0,0,0,0,0,0,0,0,0,0
360625,3,1,1992,0,0,22,0,0,0,0,0,0,0
360626,1,1,1992,0,0,0,0,0,0,0,0,0,0
360626,2,1,1992,0,0,0,0,0,0,0,0,0,0
360627,1,1,1992,0,0,0,0,0,0,0,0,0,0
360627,2,1,1992,0,0,0,0,0,0,0,0,0,0
360628,1,1,1992,0,0,0,0,0,0,0,0,0,0
360628,2,1,1992,19,19,19,19,19,19,19,19,19,19
360628,3,1,1992,0,0,0,0,0,0,0,0,0,0
360629,0,1,1992,0,0,0,0,0,0,0,0,0,0
360629,1,1,1992,21,20,8,21,9,18,7,8,18,23
360630,1,1,1992,0,0,0,5,0,0,0,8,0,13
360631,1,1,1992,0,0,0,0,0,0,0,0,0,0
360631,2,1,1992,0,0,0,0,0,0,0,0,0,0
360632,1,1,1992,0,0,0,0,0,0,0,0,0,0
360632,2,1,1992,0,16,0,0,0,0,0,0,0,0
360632,3,1,1992,0,0,0,0,0,0,0,0,0,0
360632,4,1,1992,0,0,0,0,0,0,0,0,0,0
360632,5,1,1992,0,0,0,0,0,0,0,0,0,0
360633,1,1,1992,0,0,0,0,0,0,0,0,0,0
360633,2,1,1992,0,0,0,0,0,0,0,0,0,0
360634,1,1,1992,17,20,15,19,19,14,21,29,14,18
360635,0,1,1992,0,0,0,0,0,0,0,0,0,0
360635,1,1,1992,0,0,0,0,0,0,0,0,0,0
360636,1,1,1992,0,0,0,0,0,0,0,0,0,0
360636,2,1,1992,0,0,0,0,0,0,0,0,0,0
360637,1,1,1992,26,26,26,26,26,26,26,26,26,26
360638,0,1,1992,0,0,0,0,0,0,0,0,0,0