ST_CASE,VEH_NO,PER_NO,YEAR,P1,P2,P3,P4,P5,P6,P7,P8,P9,P10
361186,2,1,1992,0,0,0,0,0,0,0,0,0,0
361186,3,1,1992,0,0,0,0,0,0,0,0,0,0
361186,4,1,1992,0,0,0,0,0,0,0,0,0,0
361186,5,1,1992,0,0,0,0,0,0,0,0,0,0
361186,6,1,1992,0,0,0,0,0,0,0,0,0,0
361187,0,1,1992,0,0,0,0,0,0,0,0,0,0
361187,1,1,1992,0,0,0,0,0,0,0,0,0,0
361188,1,1,1992,0,0,0,0,0,0,0,0,0,0
361188,2,1,1992,0,0,0,0,0,0,0,0,0,0
361189,1,1,1992,22,22,22,22,22,22,22,22,22,22
361190,1,1,1992,0,0,0,0,0,0,0,0,0,0
361190,2,1,1992,0,0,0,0,0,0,0,0,0,0
361191,1,1,1992,0,0,0,0,0,0,0,0,0,0
361191,2,1,1992,0,0,0,0,0,0,0,0,0,0
361192,1,1,1992,0,0,17,0,0,0,0,0,0,0
361192,2,1,1992,9,9,9,9,9,9,9,9,9,9
361193,1,1,1992,0,0,0,0,0,0,0,0,0,0
361193,2,1,1992,0,0,0,0,0,0,0,0,0,0
361194,1,1,1992,0,0,0,0,0,0,0,0,0,0
361194,2,1,1992,15,15,15,15,15,15,15,15,15,15
361195,1,1,1992,11,11,11,11,11,11,11,11,11,11
361196,0,1,1992,0,0,0,0,0,0,0,10,0,0
361196,1,1,1992,0,0,0,0,0,0,0,0,0,0
361197,1,1,1992,10,0,0,0,0,0,0,0,0,0
361197,2,1,1992,0,0,0,0,0,0,0,0,0,0
361198,1,1,1992,0,21,12,0,0,8,10,0,0,0
361198,2,1,1992,23,0,0,0,0,0,0,0,0,4
361199,0,1,1992,0,0,0,0,0,0,0,0,0,0
361199,1,1,1992,0,0,0,0,0,0,0,0,0,0
361199,2,1,1992,0,0,0,0,0,0,0,0,0,0
361200,1,1,1992,0,0,0,0,0,0,0,0,4,0
361200,2,1,1992,20,22,12,20,12,19,19,8,15,23
361201,1,1,1992,1,1,1,1,1,1,1,1,1,1
361202,1,1,1992,0,0,0,0,0,0,0,0,0,0
361203,1,1,1992,0,0,0,0,0,0,0,0,0,0
361204,1,1,1992,0,0,0,0,0,0,0,0,0,0
361204,2,1,1992,0,0,0,0,0,0,0,0,0,0
361205,1,1,1992,0,0,0,0,5,0,0,0,0,0
361205,2,1,1992,0,0,0,0,0,0,0,0,0,0
361205,3,1,1992,0,15,0,0,0,0,0,0,0,0
361205,4,1,1992,0,0,0,0,0,0,0,0,0,0
361206,1,1,1992,24,24,24,24,24,24,24,24,24,24
361206,2,1,1992,0,0,0,0,0,0,0,0,0,0
361207,1,1,1992,19,19,19,19,19,19,19,19,19,19
361207,2,1,1992,0,0,0,0,0,0,0,0,0,0
361208,0,1,1992,0,0,0,0,0,0,0,0,0,0
361208,1,1,1992,0,0,0,0,0,0,0,0,0,0
361209,1,1,1992,0,0,0,0,0,0,0,0,0,0
361209,2,1,1992,4,11,13,8,9,7,23,13,15,16
361210,1,1,1992,0,0,0,0,0,0,0,0,0,0
361210,2,1,1992,0,21,0,3,0,0,0,0,0,0
361211,1,1,1992,0,0,0,0,0,0,0,0,0,0
361211,2,1,1992,0,0,0,0,0,0,0,0,0,0
361211,3,1,1992,0,0,0,0,0,0,0,0,0,0
361212,1,1,1992,0,0,0,0,0,0,0,0,0,0
361213,0,1,1992,0,0,0,0,0,0,0,0,0,0
361213,1,1,1992,0,0,0,0,0,0,0,0,0,0
361214,1,1,1992,3,0,0,0,0,0,0,0,17,0
361214,2,1,1992,0,0,0,0,0,0,0,0,0,0
361214,3,1,1992,0,0,0,0,0,0,0,0,0,0
361215,1,1,1992,0,0,0,0,0,0,0,14,0,0
361215,2,1,1992,6,6,6,6,6,6,6,6,6,6
361216,0,1,1992,0,0,0,0,0,0,0,0,0,0
361216,1,1,1992,0,0,0,0,0,0,0,0,0,0
361217,1,1,1992,2,2,2,2,2,2,2,2,2,2
361217,2,1,1992,6,23,20,16,19,15,8,16,13,25
361219,1,1,1992,0,0,0,0,0,0,0,0,0,0
361219,2,1,1992,0,0,0,0,0,0,0,0,0,0
361219,3,1,1992,0,0,0,7,0,0,0,0,0,0
361220,1,1,1992,0,0,0,0,0,0,0,0,0,0
361220,2,1,1992,0,0,0,0,0,0,0,0,0,0
361221,1,1,1992,0,0,0,0,0,21,0,0,0,0
361222,0,1,1992,0,0,0,22,31,0,0,0,0,13
361222,1,1,1992,0,0,0,0,0,0,0,0,0,0
361223,0,1,1992,0,0,0,0,0,0,0,0,0,0
361223,0,2,1992,0,0,0,0,32,0,0,0,0,0
361223,1,1,1992,0,0,0,0,0,0,0,0,0,0
361224,1,1,1992,0,0,0,0,0,0,0,0,0,0
361225,0,1,1992,31,31,31,31,31,31,31,31,31,31
361225,1,1,1992,0,0,0,0,0,0,0,0,0,10
361226,0,1,1992,0,0,0,0,0,0,0,0,0,0
361226,1,1,1992,11,0,0,0,0,0,0,0,0,0
361227,1,1,1992,0,0,0,0,0,0,0,0,0,0
361228,1,1,1992,21,15,6,17,20,0,14,8,15,19
361229,1,1,1992,8,0,0,0,0,0,0,17,0,0
361229,2,1,1992,0,0,0,0,0,0,0,0,0,0
361230,0,1,1992,0,0,0,0,0,0,0,0,0,0
361230,1,1,1992,0,0,0,0,0,0,0,0,0,0
361231,0,1,1992,0,0,0,2,0,0,0,0,0,0
361231,1,1,1992,0,0,0,0,0,0,0,0,0,0
361232,1,1,1992,0,0,0,0,0,0,0,0,0,0
361232,2,1,1992,0,0,0,0,0,0,0,0,0,0
361232,3,1,1992,0,0,0,9,0,0,0,0,0,0
361233,1,1,1992,13,13,13,13,13,13,13,13,13,13
361234,1,1,1992,0,0,0,0,0,0,0,0,6,0
361234,2,1,1992,0,0,0,0,0,0,0,0,0,0
361235,1,1,1992,0,0,0,0,0,0,0,0,0,0
361236,1,1,1992,0,0,0,0,0,0,0,0,0,0
361236,2,1,1992,0,0,0,0,0,0,0,0,0,0
361237,1,1,1992,0,0,0,0,0,0,0,0,0,0
361237,2,1,1992,0,0,0,0,0,0,0,0,0,0
361237,3,1,1992,0,0,0,0,0,0,0,0,0,0
361238,1,1,1992,0,18,0,14,0,0,0,0,0,0
361239,1,1,1992,12,12,12,12,12,12,12,12,12,12
361239,2,1,1992,0,0,0,0,0,0,0,0,0,0
361239,3,1,1992,0,0,0,17,0,0,10,6,0,0
361240,1,1,1992,10,0,0,0,0,0,0,0,0,0
361240,2,1,1992,0,5,0,0,0,0,0,0,0,10
361241,1,1,1992,0,0,0,0,0,0,0,0,0,0
361242,0,1,1992,0,0,0,0,0,0,0,0,0,0
361242,1,1,1992,8,8,8,8,8,8,8,8,8,8
361243,1,1,1992,0,0,0,0,0,0,0,0,0,0
361243,2,1,1992,0,10,0,0,0,0,18,29,5,0
361244,0,1,1992,0,0,0,0,0,0,0,0,0,0
361244,1,1,1992,0,0,0,0,0,0,0,0,0,0
361245,1,1,1992,0,0,0,0,0,0,0,0,0,0
361245,2,1,1992,0,0,0,0,0,0,0,0,0,5
361246,0,1,1992,0,0,0,0,0,0,0,0,0,0
361246,1,1,1992,0,0,0,0,0,0,0,0,0,0
361247,1,1,1992,0,0,0,0,0,0,0,0,0,0
361247,2,1,1992,0,0,0,0,0,0,0,0,0,0
361248,1,1,1992,0,0,0,0,0,0,22,0,0,0
361249,1,1,1992,0,0,0,0,0,0,0,0,0,0
361249,2,1,1992,0,0,0,0,0,0,0,0,0,0
361250,1,1,1992,0,0,0,0,0,0,0,0,0,0
361250,2,1,1992,0,0,0,0,0,0,0,0,0,0
361250,3,1,1992,0,0,0,0,0,0,0,0,0,0
361251,1,1,1992,0,0,0,0,0,0,0,0,0,0
361251,2,1,1992,0,0,0,0,0,0,0,0,0,0
361252,1,1,1992,0,0,0,0,0,0,0,0,0,0
361252,2,1,1992,0,0,0,0,0,0,0,0,0,0
361253,1,1,1992,0,0,0,0,0,0,0,0,0,0
361254,1,1,1992,10,10,10,10,10,10,10,10,10,10
361255,1,1,1992,0,0,0,0,0,0,0,0,0,0
361255,2,1,1992,0,19,0,19,0,0,0,0,0,0
361256,1,1,1992,0,0,9,0,0,0,0,0,0,0
361256,2,1,1992,0,0,0,0,0,0,0,0,0,0
361257,1,1,1992,23,23,23,23,23,23,23,23,23,23
361258,0,1,1992,0,0,0,0,0,0,0,0,0,0
361258,1,1,1992,7,26,10,13,4,9,10,11,25,26
361259,1,1,1992,0,0,0,0,0,0,0,0,0,0
361259,2,1,1992,0,0,0,0,0,0,0,0,0,0
361260,1,1,1992,24,24,24,24,24,24,24,24,24,24
361260,2,1,1992,0,0,0,0,0,0,0,0,0,0
361261,0,1,1992,18,18,18,18,18,18,18,18,18,18
361261,1,1,1992,15,24,16,23,16,13,17,14,20,7
361262,1,1,1992,0,10,0,0,0,0,0,0,15,0
361263,1,1,1992,0,0,0,0,0,0,0,0,0,0
361263,2,1,1992,0,0,0,0,0,0,0,0,0,0
361264,1,1,1992,8,8,8,8,8,8,8,8,8,8
361264,2,1,1992,0,0,0,0,0,0,0,0,0,0
361265,1,1,1992,0,0,0,0,0,0,0,0,8,0
361265,2,1,1992,0,0,0,0,8,0,0,0,0,0
361266,0,1,1992,0,0,0,0,0,0,0,0,0,0
361266,1,1,1992,8,3,17,0,13,19,15,18,12,14
361267,0,1,1992,17,17,17,17,17,17,17,17,17,17
361267,1,1,1992,0,0,0,0,0,0,0,0,0,0
361268,1,1,1992,0,0,0,0,0,0,0,0,0,0
361268,2,1,1992,0,0,0,0,0,0,0,0,0,0
361269,0,1,1992,26,26,26,26,26,26,26,26,26,26
361269,1,1,1992,0,0,0,0,0,0,0,0,0,0
361270,1,1,1992,0,0,0,0,19,0,0,0,0,0
361270,2,1,1992,0,0,0,0,0,0,0,0,0,0
361271,1,1,1992,0,0,0,0,0,0,0,0,0,0
361271,2,1,1992,0,0,0,0,11,0,0,0,0,0
361272,1,1,1992,21,21,21,21,21,21,21,21,21,21
361272,2,1,1992,0,0,0,0,0,0,0,0,0,0
361273,1,1,1992,14,15,12,14,12,13,5,13,17,6
361273,2,1,1992,0,0,0,0,0,0,0,0,0,0
361274,1,1,1992,0,0,0,0,0,0,0,0,0,0
361275,1,1,1992,0,0,0,0,0,0,0,0,0,21
361276,0,1,1992,0,0,0,0,0,0,0,0,23,0
361276,1,1,1992,12,0,18,0,0,0,0,0,0,0
361277,1,1,1992,9,10,15,26,16,0,23,15,15,15
361277,2,1,1992,0,0,0,0,0,0,0,0,0,0
361277,3,1,1992,0,0,0,0,0,0,0,0,0,0
361278,1,1,1992,10,10,10,10,10,10,10,10,10,10
361279,1,1,1992,0,0,0,0,0,0,0,0,0,0
361279,2,1,1992,0,0,0,0,0,0,0,0,0,0
361279,3,1,1992,0,0,0,0,0,0,0,0,0,0
361280,1,1,1992,0,0,0,0,0,0,0,0,0,0
361280,2,1,1992,0,0,0,0,0,0,0,0,0,0
361280,3,1,1992,0,0,0,0,0,0,0,0,0,0
361281,1,1,1992,0,0,0,0,0,0,0,0,0,22
361282,0,1,1992,19,19,19,19,19,19,19,19,19,19
361282,1,1,1992,0,0,0,0,0,0,0,0,0,0
361283,1,1,1992,21,21,21,21,21,21,21,21,21,21
361284,0,1,1992,0,21,9,36,33,37,10,0,0,0
361284,1,1,1992,0,0,0,0,0,0,0,0,11,0
361285,1,1,1992,0,0,0,0,0,0,0,0,0,0
361285,2,1,1992,0,0,0,0,0,0,0,0,0,0
361286,1,1,1992,0,0,0,0,0,0,0,0,0,0
361287,1,1,1992,0,0,0,0,0,0,0,0,22,0
361287,2,1,1992,0,0,0,0,0,0,0,0,0,0
361287,3,1,1992,0,0,0,18,0,0,0,0,0,0
361287,4,1,1992,0,0,0,0,0,0,0,0,0,0
361288,0,1,1992,0,0,0,0,0,0,0,0,0,0
361288,1,1,1992,0,0,0,0,0,0,0,0,0,0
361289,1,1,1992,0,0,0,0,7,0,0,0,0,0
361290,1,1,1992,0,0,0,0,0,0,0,0,0,0
361290,2,1,1992,0,0,0,0,0,8,0,0,0,0
361291,1,1,1992,24,24,24,24,24,24,24,24,24,24
361292,1,1,1992,0,0,0,0,0,0,0,0,0,0
361292,2,1,1992,0,0,0,0,0,0,0,0,0,0
361293,1,1,1992,0,0,0,0,0,0,0,0,0,0
361293,2,1,1992,0,0,0,0,0,0,0,0,0,0
361293,3,1,1992,0,0,0,0,0,0,0,0,0,0
361294,0,1,1992,30,30,30,30,30,30,30,30,30,30
361294,1,1,1992,0,0,0,0,0,0,0,0,0,0
361295,0,1,1992,24,24,24,24,24,24,24,24,24,24
361295,1,1,1992,0,0,0,0,0,0,0,0,0,0
361296,1,1,1992,0,0,0,0,0,0,0,0,0,0
361297,0,1,1992,0,0,0,0,0,0,0,0,0,0
361297,1,1,1992,23,23,23,23,23,23,23,23,23,23
361298,1,1,1992,0,0,0,0,3,0,0,0,0,0
361298,2,1,1992,0,0,0,0,0,0,0,0,0,0
361299,1,1,1992,0,0,0,0,0,0,0,0,0,0
361299,2,1,1992,0,0,0,0,0,0,0,0,0,0
361300,1,1,1992,9,9,9,9,9,9,9,9,9,9
361301,0,1,1992,0,0,9,0,0,10,0,19,0,0
361301,0,2,1992,0,0,0,0,0,0,0,0,0,0
361301,1,1,1992,0,0,0,0,0,0,0,0,0,0
361301,2,1,1992,0,0,0,0,0,0,0,0,0,0
361302,1,1,1992,0,0,0,0,0,0,0,0,0,0
361304,1,1,1992,0,0,0,0,0,0,0,0,0,0
361304,2,1,1992,0,0,0,0,0,0,0,0,0,0
361305,0,1,1992,0,0,0,0,0,0,0,0,0,0
361305,1,1,1992,0,0,0,0,0,0,0,0,0,0
361306,1,1,1992,0,0,0,0,0,0,0,0,0,0
361306,2,1,1992,0,0,0,0,0,0,0,0,0,0
361307,0,1,1992,26,26,26,26,26,26,26,26,26,26
361307,1,1,1992,0,0,0,0,19,0,0,0,0,0
361308,1,1,1992,0,0,0,0,0,0,0,0,0,0
361308,2,1,1992,0,0,0,0,0,0,0,0,0,0
361309,1,1,1992,11,29,14,14,12,14,6,12,19,24
361310,1,1,1992,0,0,0,0,12,0,0,0,0,0
361311,0,1,1992,0,0,0,0,0,0,31,0,0,0
361311,1,1,1992,0,0,0,0,0,0,0,0,0,0
361312,0,1,1992,0,0,0,0,0,0,0,0,0,0
361312,1,1,1992,0,0,0,0,0,0,0,0,0,0
361313,0,1,1992,0,0,0,0,0,0,0,0,0,0
361313,1,1,1992,5,0,0,0,0,0,0,0,0,0
361314,1,1,1992,0,0,0,0,0,0,0,0,0,0
361315,0,1,1992,0,0,0,0,0,0,0,0,0,0
361315,1,1,1992,15,0,0,0,0,0,0,0,0,0
361316,1,1,1992,15,12,23,4,9,10,14,5,14,23
361316,2,1,1992,0,0,0,0,0,0,0,0,0,0
361317,0,1,1992,0,0,0,27,0,0,0,0,0,0
361317,1,1,1992,0,0,0,0,0,0,0,0,0,0
361318,1,1,1992,0,0,0,0,0,0,0,0,0,0
361319,1,1,1992,0,0,0,0,0,0,0,0,0,0
361319,2,1,1992,0,0,0,0,0,0,0,0,0,0
361320,1,1,1992,0,6,0,0,0,0,0,0,0,0
361320,2,1,1992,0,0,0,0,0,0,0,17,0,0
361321,1,1,1992,0,0,0,0,0,0,0,0,0,0
361321,2,1,1992,0,0,0,0,0,0,0,0,0,0
361322,1,1,1992,0,0,0,0,0,0,0,0,0,0
361323,1,1,1992,16,11,20,6,15,17,14,12,0,19
361323,2,1,1992,9,5,21,2,16,26,23,8,13,3
361324,0,1,1992,0,0,0,0,0,0,0,0,0,0
361324,1,1,1992,0,0,0,0,0,0,0,0,0,0
361325,0,1,1992,0,0,0,0,0,0,0,0,0,0
361325,1,1,1992,15,12,0,9,9,20,15,18,14,8
361326,1,1,1992,7,7,7,7,7,7,7,7,7,7
361327,1,1,1992,0,0,0,0,0,0,0,0,0,0
361327,2,1,1992,0,0,0,0,0,0,0,0,0,0
361328,1,1,1992,24,0,10,9,3,0,0,11,0,0
361329,1,1,1992,0,0,11,0,0,0,0,6,0,0
361330,0,1,1992,4,4,4,4,4,4,4,4,4,4
361330,1,1,1992,0,0,0,0,0,0,0,0,0,0
361331,1,1,1992,0,0,0,0,0,0,0,0,0,0
361332,1,1,1992,0,0,0,0,0,0,0,0,0,0
361332,2,1,1992,0,0,0,0,0,0,0,0,0,0
361333,0,1,1992,0,0,0,0,0,0,0,0,0,0
361333,1,1,1992,0,0,0,0,10,0,0,0,0,0
361334,0,1,1992,0,0,9,12,7,4,0,0,21,0
361334,1,1,1992,28,0,5,0,0,0,0,0,0,0
361335,1,1,1992,0,0,0,0,0,0,0,0,0,0
361335,2,1,1992,0,0,0,0,0,0,0,0,0,0
361335,3,1,1992,0,0,0,0,0,0,0,0,0,0
361335,4,1,1992,0,0,0,0,0,0,0,0,0,0
361335,5,1,1992,0,0,0,0,0,0,0,0,0,0
361336,0,1,1992,0,0,0,0,0,0,0,0,0,0
361336,1,1,1992,0,0,0,0,0,0,0,0,0,0
361337,0,1,1992,5,5,5,5,5,5,5,5,5,5
361337,1,1,1992,0,0,12,0,0,0,0,0,0,0
361339,1,1,1992,0,0,0,0,0,0,0,0,0,0
361339,2,1,1992,0,0,0,0,0,0,0,0,0,0
361340,1,1,1992,0,0,0,0,0,0,0,0,0,0
361341,0,1,1992,0,16,5,10,0,28,0,0,0,15
361341,1,1,1992,0,0,0,0,0,0,0,0,0,0
361342,1,1,1992,0,0,0,0,0,0,0,0,0,0
361343,0,1,1992,24,24,24,24,24,24,24,24,24,24
361343,1,1,1992,0,0,7,19,0,0,0,19,12,0
361344,0,1,1992,0,0,0,0,0,0,0,0,0,0
361344,1,1,1992,0,0,0,26,0,0,0,0,0,0
361345,0,1,1992,24,13,10,42,6,45,21,43,22,0
361345,1,1,1992,0,8,23,0,0,0,0,0,0,0
361346,1,1,1992,21,21,21,21,21,21,21,21,21,21
361347,0,1,1992,0,0,0,0,0,0,0,0,0,0
361347,1,1,1992,0,0,0,0,0,0,0,0,0,0
361348,0,1,1992,12,12,12,12,12,12,12,12,12,12
361348,1,1,1992,0,0,0,0,0,0,0,0,0,0
361349,1,1,1992,9,9,9,9,9,9,9,9,9,9
361349,2,1,1992,0,0,0,0,0,0,0,0,0,0
361350,1,1,1992,0,0,0,0,0,0,0,0,0,0
361350,2,1,1992,0,0,0,0,0,0,0,0,0,0
361351,1,1,1992,6,0,0,12,12,8,16,18,22,11
361352,1,1,1992,0,0,0,0,0,0,0,20,0,0
361352,2,1,1992,0,0,0,0,0,0,0,0,0,8
361353,0,1,1992,7,0,0,0,0,0,0,0,0,10
361353,1,1,1992,0,0,0,0,0,0,0,0,0,0
361354,1,1,1992,0,0,0,0,0,0,0,0,0,0
361355,1,1,1992,0,0,0,0,0,0,0,0,0,0
361356,1,1,1992,0,0,0,0,0,0,0,0,0,0
361356,2,1,1992,0,0,4,0,0,0,11,0,18,0
361357,0,1,1992,0,0,0,0,0,0,0,0,0,0
361357,1,1,1992,0,0,0,0,0,0,0,0,0,0
361358,1,1,1992,30,14,19,18,32,22,31,40,32,30
361359,1,1,1992,0,0,0,0,0,0,0,0,0,0
361360,1,1,1992,0,0,0,0,0,0,0,0,0,0
361361,0,1,1992,0,0,0,0,0,0,0,0,0,0
361361,1,1,1992,0,0,0,0,0,0,0,0,0,0
361362,1,1,1992,0,0,0,0,0,0,0,0,0,0
361362,2,1,1992,0,0,0,0,0,0,0,0,0,0
361363,1,1,1992,0,0,0,0,0,0,0,0,3,0
361363,2,1,1992,0,0,9,9,0,0,20,0,0,0
361364,1,1,1992,0,0,11,0,0,0,0,0,0,0
361365,0,1,1992,24,0,0,0,0,0,0,12,21,0
361365,1,1,1992,0,0,0,0,0,0,0,0,0,0
361366,0,1,1992,0,0,0,0,0,0,0,0,0,0
361366,1,1,1992,0,0,0,0,0,0,0,0,0,6
361367,0,1,1992,0,0,31,19,0,0,0,0,0,34
361367,1,1,1992,0,0,0,0,0,0,0,0,0,0
361368,1,1,1992,10,7,12,4,6,0,12,4,22,19
361368,2,1,1992,0,0,0,0,0,0,0,10,0,0
361369,1,1,1992,0,0,0,0,0,0,0,0,0,0
361370,1,1,1992,0,0,0,0,0,0,0,0,0,0
361370,2,1,1992,0,0,0,0,0,0,0,0,0,0
361371,1,1,1992,22,26,8,5,11,23,4,16,10,13
361372,0,1,1992,0,0,0,0,0,0,0,0,0,0
361372,1,1,1992,0,0,0,0,0,0,0,0,0,0
361373,1,1,1992,0,0,0,0,0,0,0,0,0,0
361373,2,1,1992,0,0,0,0,0,0,0,0,0,0
361374,1,1,1992,0,0,0,0,0,0,0,0,0,0
361375,1,1,1992,0,0,0,0,0,0,0,0,0,0
361375,2,1,1992,0,0,0,0,0,0,0,0,0,0
361376,1,1,1992,0,23,0,0,0,0,0,0,0,23
361377,1,1,1992,28,43,27,25,40,26,7,19,7,27
361378,1,1,1992,0,0,0,0,0,0,0,0,0,0
361378,2,1,1992,22,22,22,22,22,22,22,22,22,22
361379,1,1,1992,0,0,0,0,0,0,0,0,0,0
361379,2,1,1992,0,0,0,0,0,0,0,0,0,0
361380,1,1,1992,0,0,0,0,0,0,0,0,0,0
361380,2,1,1992,0,0,0,0,0,0,0,0,0,0
361380,3,1,1992,0,0,0,0,0,0,0,0,0,0
361381,1,1,1992,0,0,0,0,0,0,0,0,0,0
361381,2,1,1992,0,0,0,0,0,0,0,0,0,0
361382,0,1,1992,0,4,9,0,8,0,0,0,0,0
361382,1,1,1992,0,0,0,0,0,0,0,0,0,0
361383,1,1,1992,24,24,24,24,24,24,24,24,24,24
361384,1,1,1992,0,0,22,20,0,0,0,0,0,0
361384,2,1,1992,0,0,15,0,22,0,0,9,0,0
361385,1,1,1992,0,0,0,0,0,0,0,0,0,0
361385,2,1,1992,0,0,0,0,0,0,0,0,0,0
361386,0,1,1992,0,0,0,0,0,0,0,0,0,0
361386,1,1,1992,0,0,0,0,0,0,0,0,0,0
361387,1,1,1992,0,0,0,0,0,0,0,0,0,0
361387,2,1,1992,0,0,0,0,0,0,0,0,0,0
361388,1,1,1992,6,13,4,18,15,9,6,15,9,5
361388,2,1,1992,25,15,11,0,19,14,0,6,6,0
361389,1,1,1992,0,0,0,0,0,0,0,0,0,0
361390,0,1,1992,0,0,0,0,0,0,0,0,0,0
361390,1,1,1992,0,0,0,0,0,0,0,0,0,0
361391,1,1,1992,0,0,0,0,0,0,0,13,0,0
361391,2,1,1992,7,12,9,15,18,22,17,16,6,17
361392,0,1,1992,0,0,0,0,0,0,0,0,0,0
361392,1,1,1992,0,11,0,0,0,0,0,0,10,13
361393,1,1,1992,0,0,0,0,0,0,0,0,0,0
361393,2,1,1992,0,0,0,0,3,0,0,0,0,0
361395,1,1,1992,6,0,0,4,0,0,0,0,0,0
361395,2,1,1992,0,0,0,0,0,0,0,0,0,0
361396,1,1,1992,15,15,15,15,15,15,15,15,15,15
361397,1,1,1992,0,0,0,0,0,0,19,0,0,0
361397,2,1,1992,12,10,0,0,0,0,0,0,0,0
361398,1,1,1992,21,21,21,21,21,21,21,21,21,21
361399,1,1,1992,34,31,14,20,15,18,20,24,22,9
361400,0,1,1992,19,19,19,19,19,19,19,19,19,19
361400,1,1,1992,29,29,14,14,0,8,18,18,13,5
361401,1,1,1992,20,20,20,20,20,20,20,20,20,20
361402,1,1,1992,0,21,0,0,0,0,25,0,17,0
361403,1,1,1992,0,0,0,0,0,0,0,0,0,0
361403,2,1,1992,0,0,0,0,0,14,0,0,0,6
361404,0,1,1992,0,0,0,0,0,0,0,0,0,0
361404,1,1,1992,0,0,0,0,0,0,0,0,0,0
361405,1,1,1992,0,0,0,0,0,0,0,0,0,0
361405,2,1,1992,0,0,0,0,0,0,0,0,0,0
361406,1,1,1992,0,0,0,0,0,0,0,0,0,0
361406,2,1,1992,0,0,0,0,0,0,0,0,0,0
361407,0,1,1992,0,0,0,0,0,0,0,0,0,0
361407,1,1,1992,0,0,0,0,0,0,0,19,0,0
361408,1,1,1992,0,0,0,0,0,0,0,0,0,0
361408,2,1,1992,0,0,0,0,0,0,0,0,0,0
361409,1,1,1992,0,3,0,0,0,9,0,0,0,16
361409,2,1,1992,0,0,0,0,0,0,0,0,0,0
361410,1,1,1992,0,0,0,0,0,0,0,0,0,0
361410,2,1,1992,0,0,0,0,0,0,0,0,0,0
361411,1,1,1992,0,0,0,0,0,0,0,0,0,0
361412,0,1,1992,25,0,0,0,0,17,19,14,0,14
361412,1,1,1992,0,0,0,0,0,7,0,0,0,0
361413,1,1,1992,22,22,22,22,22,22,22,22,22,22
361414,1,1,1992,0,0,0,0,21,0,0,0,0,0
361414,2,1,1992,0,0,0,0,0,0,0,0,0,0
361415,1,1,1992,0,0,0,0,0,0,0,0,0,0
361416,1,1,1992,25,25,25,25,25,25,25,25,25,25
361417,1,1,1992,34,27,6,23,10,10,17,7,6,20
361417,2,1,1992,0,0,0,0,0,0,0,0,0,0
361418,1,1,1992,32,32,32,32,32,32,32,32,32,32
361419,0,1,1992,0,0,0,0,0,0,0,0,0,0
361419,1,1,1992,0,0,0,0,0,0,0,0,0,0
361420,1,1,1992,0,0,0,0,0,0,0,0,0,0
361420,2,1,1992,0,0,0,0,0,0,0,0,0,0
361421,0,1,1992,0,0,0,0,0,0,0,0,0,0
361421,1,1,1992,0,0,0,0,0,0,0,0,0,0
361422,1,1,1992,0,0,0,0,0,0,0,0,0,0
361422,2,1,1992,0,0,0,0,0,0,0,0,0,0
361423,1,1,1992,0,18,0,0,0,0,0,0,0,0
361423,2,1,1992,0,0,0,3,0,0,9,2,0,0
361423,3,1,1992,0,0,0,0,0,0,0,0,0,0
361424,1,1,1992,0,0,0,0,0,0,0,0,0,0
361424,2,1,1992,0,0,0,0,0,0,0,0,0,0
361425,0,1,1992,0,0,0,0,0,0,0,0,0,0
361425,1,1,1992,0,0,0,0,0,0,0,0,0,0
361426,1,1,1992,5,5,5,5,5,5,5,5,5,5
361427,1,1,1992,0,0,0,17,0,20,17,12,20,0
361428,0,1,1992,0,0,0,0,0,0,0,0,0,0
361428,1,1,1992,20,9,0,22,11,21,4,20,20,0
361430,1,1,1992,0,0,0,0,0,0,0,0,0,0
361430,2,1,1992,0,0,16,0,0,0,0,0,0,16
361431,0,1,1992,6,6,6,6,6,6,6,6,6,6
361431,1,1,1992,0,0,0,0,0,0,0,18,15,0
361432,0,1,1992,0,0,0,0,0,0,0,0,0,0
361432,1,1,1992,0,0,0,0,0,0,0,0,0,0
361433,0,1,1992,0,0,0,0,0,0,0,0,0,0
361433,1,1,1992,0,11,0,0,0,0,0,0,0,0
361434,1,1,1992,0,4,0,0,0,8,0,0,0,0
361434,2,1,1992,0,0,0,0,0,0,0,0,0,0
361435,1,1,1992,0,0,0,0,0,0,5,0,4,0
361436,1,1,1992,8,8,8,8,8,8,8,8,8,8
361437,1,1,1992,0,0,0,0,0,0,0,0,0,0
361437,2,1,1992,0,0,0,0,0,0,0,0,0,0
361438,1,1,1992,8,8,8,8,8,8,8,8,8,8
361439,0,1,1992,0,0,0,0,0,0,0,0,0,0
361439,1,1,1992,0,10,0,0,0,0,0,7,0,15
361440,0,4,1992,0,26,10,24,19,0,0,24,23,0
361440,1,1,1992,0,0,0,0,0,0,0,0,0,0
361440,2,1,1992,0,0,0,0,0,0,0,0,0,0
361440,3,1,1992,0,0,0,0,0,0,0,0,0,0
361441,1,1,1992,13,13,13,13,13,13,13,13,13,13
361441,2,1,1992,0,0,0,0,0,0,0,0,0,0
361442,1,1,1992,18,30,14,8,11,16,40,18,0,16
361443,0,1,1992,1,1,1,1,1,1,1,1,1,1
361443,1,1,1992,0,0,0,0,0,0,0,0,0,0
361443,2,1,1992,0,0,5,0,0,0,0,0,0,0
361443,3,1,1992,0,0,0,0,0,0,0,9,0,0
361444,1,1,1992,0,0,0,0,0,0,0,0,0,0
361445,1,1,1992,0,0,0,0,0,0,0,0,0,0
361446,1,1,1992,21,21,21,21,21,21,21,21,21,21
361447,1,1,1992,34,34,34,34,34,34,34,34,34,34