ST_CASE,VEH_NO,PER_NO,YEAR,P1,P2,P3,P4,P5,P6,P7,P8,P9,P10
361448,0,1,1992,10,10,10,10,10,10,10,10,10,10
361448,1,1,1992,0,0,0,0,0,0,0,0,0,0
361449,1,1,1992,5,14,8,9,6,14,4,9,28,0
361450,1,1,1992,0,0,0,0,0,0,0,0,0,0
361450,2,1,1992,0,0,0,0,0,0,0,0,0,0
361451,1,1,1992,6,24,11,13,27,0,13,9,13,17
361451,2,1,1992,23,0,0,0,10,0,4,0,0,9
361452,1,1,1992,0,0,0,0,0,0,0,0,0,0
361453,1,1,1992,12,12,12,12,12,12,12,12,12,12
361453,2,1,1992,0,0,0,0,0,0,0,0,0,0
361454,1,1,1992,12,21,16,13,12,13,12,10,13,19
361455,1,1,1992,0,0,0,0,0,0,0,4,0,0
361455,2,1,1992,0,0,0,0,0,0,0,0,0,0
361456,0,1,1992,0,0,0,0,0,0,0,0,0,0
361456,1,1,1992,0,0,0,0,0,0,0,0,0,0
361457,1,1,1992,0,0,0,0,0,0,0,0,0,0
361458,0,1,1992,0,0,0,0,0,0,0,0,0,0
361458,1,1,1992,0,0,0,0,0,0,0,0,0,0
361459,0,1,1992,0,0,0,0,0,0,0,0,0,0
361459,1,1,1992,0,0,0,0,0,0,0,0,0,0
361460,0,1,1992,0,0,0,0,0,0,0,0,0,0
361460,1,1,1992,0,0,0,0,0,0,0,0,0,0
361461,0,1,1992,0,0,0,0,0,0,0,0,0,0
361461,1,1,1992,0,0,0,0,0,0,0,0,0,0
361461,2,1,1992,0,0,0,0,0,0,0,0,0,0
361462,0,1,1992,0,0,0,0,0,0,0,0,0,0
361462,1,1,1992,0,0,0,23,0,0,0,0,0,0
361463,1,1,1992,0,17,0,0,0,0,0,0,0,3
361463,2,1,1992,0,0,0,0,0,0,0,0,0,0
361463,3,1,1992,0,0,0,0,0,0,0,0,0,0
361463,4,1,1992,0,0,0,0,0,0,0,0,0,0
361464,1,1,1992,0,0,0,0,0,0,0,0,0,0
361464,2,1,1992,0,0,0,0,0,0,0,0,0,0
361465,1,1,1992,0,0,0,0,0,0,0,0,0,0
361465,2,1,1992,21,0,0,0,0,14,0,0,13,0
361466,1,1,1992,0,0,0,0,0,0,0,0,0,0
361466,2,1,1992,0,0,0,0,0,0,0,0,0,0
361467,1,1,1992,17,10,0,25,12,17,19,9,0,0
361468,0,1,1992,32,0,28,26,0,0,4,0,0,20
361468,1,1,1992,0,0,0,0,0,0,0,0,0,0
361469,1,1,1992,0,0,0,0,0,0,0,0,0,0
361469,2,1,1992,17,17,17,17,17,17,17,17,17,17
361470,0,1,1992,17,17,17,17,17,17,17,17,17,17
361470,1,1,1992,23,14,12,7,13,10,11,28,12,9
361471,1,1,1992,0,0,0,0,0,0,0,0,0,0
361471,2,1,1992,0,0,0,0,0,0,0,0,0,0
361472,0,1,1992,0,0,0,0,0,0,0,0,0,0
361472,1,1,1992,0,0,13,0,0,0,0,0,0,0
361473,1,1,1992,12,12,12,12,12,12,12,12,12,12
361473,2,1,1992,0,0,0,0,0,0,0,0,0,0
361474,0,1,1992,0,0,0,0,0,0,0,0,35,2
361474,1,1,1992,0,0,0,0,0,0,0,0,0,0
361475,0,1,1992,0,0,0,0,0,0,0,0,0,0
361475,1,1,1992,0,0,0,0,0,0,0,0,0,0
361476,0,1,1992,10,0,0,0,0,0,0,0,0,0
361476,1,1,1992,0,0,0,0,0,0,0,0,0,0
361477,1,1,1992,0,0,0,0,0,0,0,0,0,0
361477,2,1,1992,0,0,0,0,0,0,0,0,0,0
361478,1,1,1992,0,0,0,0,0,0,0,0,0,0
361478,2,1,1992,0,0,0,0,0,0,0,0,0,0
361478,3,1,1992,0,0,0,0,0,0,0,0,0,0
361479,0,1,1992,0,0,0,0,0,0,0,0,0,0
361479,0,2,1992,0,0,0,0,0,0,0,0,0,0
361479,1,1,1992,0,0,0,0,0,0,0,0,0,0
361480,1,1,1992,0,0,0,0,0,0,0,0,0,0
361480,2,1,1992,0,0,0,0,0,0,0,0,0,0
361481,0,1,1992,6,6,6,6,6,6,6,6,6,6
361481,1,1,1992,0,21,0,0,0,0,0,0,0,0
361482,1,1,1992,0,0,0,0,0,0,0,0,0,0
361483,1,1,1992,0,0,0,0,0,0,0,0,0,0
361483,2,1,1992,0,0,0,0,0,0,0,0,0,0
361483,3,1,1992,0,0,11,0,0,0,0,0,0,0
361484,1,1,1992,0,0,0,0,0,0,0,0,0,0
361484,2,1,1992,0,0,0,0,0,0,0,0,0,0
361485,1,1,1992,0,0,0,0,0,0,0,0,0,0
361485,2,1,1992,0,14,0,0,0,0,0,0,0,5
361485,3,1,1992,0,0,0,0,0,0,0,0,0,0
361485,4,1,1992,0,0,0,0,0,0,0,0,0,0
361486,0,1,1992,28,28,28,28,28,28,28,28,28,28
361486,1,1,1992,0,0,0,0,0,0,0,0,0,0
361487,1,1,1992,0,0,0,0,0,0,0,0,0,0
361487,2,1,1992,0,0,0,0,0,0,0,0,0,0
361488,0,1,1992,0,0,0,0,0,0,0,0,0,0
361488,1,1,1992,0,0,0,0,0,0,0,0,0,0
361489,1,1,1992,12,12,12,12,12,12,12,12,12,12
361490,1,1,1992,0,0,0,0,0,0,0,0,0,0
361492,1,1,1992,0,0,0,0,0,15,0,0,0,0
361492,2,1,1992,0,0,0,0,0,0,0,0,0,0
361493,1,1,1992,0,0,0,0,0,0,0,0,0,0
361493,2,1,1992,0,0,0,0,0,0,0,0,0,0
361495,1,1,1992,0,0,0,0,0,0,0,0,0,0
361495,2,1,1992,0,0,0,0,0,0,0,0,0,0
361496,0,1,1992,1,1,1,1,1,1,1,1,1,1
361496,1,1,1992,0,0,0,0,0,0,0,0,0,0
361496,2,1,1992,0,0,0,0,0,0,0,0,0,0
361497,0,1,1992,43,43,43,43,43,43,43,43,43,43
361497,1,1,1992,0,0,0,0,0,0,0,0,4,0
361497,2,1,1992,0,0,0,0,0,0,0,0,0,0
361498,1,1,1992,0,0,0,0,0,0,0,0,0,0
361498,2,1,1992,0,0,0,0,0,0,0,5,0,0
361499,1,1,1992,12,8,25,0,13,15,17,14,19,16
361500,1,1,1992,0,0,0,0,0,0,0,0,0,0
361501,1,1,1992,0,0,0,0,0,0,0,0,0,0
361501,2,1,1992,30,14,12,16,19,10,6,15,18,25
361502,0,1,1992,0,0,0,0,0,0,0,0,0,0
361502,1,1,1992,0,0,0,0,0,0,0,0,0,0
361503,0,1,1992,0,0,0,5,23,0,10,0,0,0
361503,0,2,1992,8,0,0,9,11,7,20,0,0,13
361503,1,1,1992,0,0,0,0,0,0,0,0,0,0
361504,0,1,1992,0,0,0,0,0,0,0,0,0,0
361504,1,1,1992,0,0,0,0,0,0,0,0,0,0
361505,1,1,1992,27,27,27,27,27,27,27,27,27,27
361506,1,1,1992,0,0,0,0,0,0,0,0,0,0
361506,2,1,1992,0,0,0,0,18,0,0,0,0,0
361507,1,1,1992,0,0,0,0,0,0,0,0,0,0
361507,2,1,1992,0,0,0,0,0,0,0,0,0,0
361507,3,1,1992,0,0,0,0,0,0,0,0,3,0
361508,1,1,1992,0,0,0,0,0,0,0,0,0,0
361509,0,1,1992,0,0,0,0,0,0,0,0,0,0
361509,1,1,1992,0,0,0,0,0,0,0,0,0,0
361510,1,1,1992,0,0,0,0,0,0,0,0,0,0
361510,2,1,1992,0,0,0,0,0,0,0,0,0,0
361511,1,1,1992,0,0,0,0,0,0,0,0,0,0
361511,2,1,1992,0,0,0,0,0,0,0,0,0,0
361511,3,1,1992,0,0,0,0,0,0,0,0,0,0
361512,0,1,1992,0,0,0,0,0,0,0,0,0,0
361512,1,1,1992,0,0,0,0,0,0,0,0,0,0
361513,1,1,1992,0,0,0,0,0,0,0,0,0,0
361513,2,1,1992,0,0,0,0,0,0,0,0,0,0
361514,1,1,1992,0,0,0,0,0,0,0,0,0,0
361515,1,1,1992,0,0,0,0,0,0,0,0,0,0
361516,1,1,1992,0,11,0,0,0,0,0,0,6,0
361517,1,1,1992,20,20,20,20,20,20,20,20,20,20
361517,2,1,1992,0,0,0,0,0,0,0,0,0,0
361518,1,1,1992,0,0,0,0,0,0,0,0,0,0
361519,1,1,1992,0,0,0,0,0,0,0,0,0,0
361519,2,1,1992,0,0,0,0,0,0,0,0,0,0
361520,1,1,1992,0,0,0,25,0,0,0,0,0,0
361520,2,1,1992,0,0,0,0,0,0,0,0,0,0
361521,1,1,1992,16,16,16,16,16,16,16,16,16,16
361522,1,1,1992,0,0,0,0,0,0,0,0,0,0
361523,1,1,1992,0,0,0,0,0,0,0,0,0,0
361523,2,1,1992,0,0,0,0,0,0,0,0,0,0
361524,1,1,1992,28,40,21,10,25,15,25,30,0,31
361525,1,1,1992,0,0,0,0,0,0,0,0,0,0
361526,1,1,1992,14,8,10,12,17,20,11,11,16,22
361527,0,1,1992,0,0,0,0,0,0,0,0,0,0
361527,1,1,1992,0,8,0,0,0,0,0,0,0,0
361528,1,1,1992,0,0,0,0,0,0,0,0,0,0
361529,1,1,1992,0,0,0,0,0,0,0,0,0,0
361530,0,1,1992,0,0,0,0,0,0,0,0,0,0
361530,1,1,1992,0,0,0,0,0,0,0,0,0,4
361531,0,1,1992,0,32,0,0,0,0,0,0,0,0
361531,0,2,1992,0,0,0,0,0,0,0,0,0,0
361531,1,1,1992,0,0,0,0,0,0,0,0,0,0
361532,0,1,1992,0,0,0,0,0,0,0,0,0,0
361532,1,1,1992,0,0,0,0,0,0,0,0,0,0
361533,0,1,1992,0,0,0,0,0,0,0,0,0,0
361533,1,1,1992,0,0,0,0,0,0,0,0,6,0
361534,1,1,1992,18,18,18,18,18,18,18,18,18,18
361535,1,1,1992,0,0,0,0,0,4,0,0,0,0
361535,2,1,1992,8,0,0,0,0,0,0,0,3,0
361536,1,1,1992,0,0,0,0,0,0,0,0,0,0
361537,0,1,1992,0,0,0,0,0,0,0,0,0,0
361537,1,1,1992,0,0,0,0,0,0,0,0,0,0
361538,1,1,1992,12,8,19,11,17,20,23,9,7,10
361538,2,1,1992,0,0,0,0,0,0,0,0,0,0
361539,0,1,1992,0,0,0,0,0,0,0,0,0,0
361539,1,1,1992,0,0,0,0,0,0,0,0,0,0
361540,0,1,1992,11,11,11,11,11,11,11,11,11,11
361540,1,1,1992,0,0,0,0,0,0,0,0,0,0
361541,0,1,1992,0,0,0,0,0,0,0,0,0,0
361541,1,1,1992,0,0,0,0,0,0,0,0,0,0
361542,0,1,1992,0,0,0,0,0,0,0,0,0,0
361542,1,1,1992,0,0,0,0,0,0,0,0,0,0
361543,0,1,1992,0,0,0,0,0,0,0,0,0,0
361543,1,1,1992,0,0,0,0,11,0,0,0,0,0
361544,1,1,1992,0,0,0,0,0,0,0,0,0,0
361545,1,1,1992,0,0,0,0,0,0,0,0,0,0
361547,1,1,1992,21,21,21,21,21,21,21,21,21,21
361548,1,1,1992,0,0,0,0,0,0,0,0,0,0
361549,1,1,1992,0,0,0,0,0,0,0,0,0,0
361549,2,1,1992,0,0,0,0,0,0,0,0,0,0
361550,0,1,1992,10,10,10,10,10,10,10,10,10,10
361550,1,1,1992,0,0,0,0,0,0,0,0,0,9
361551,0,1,1992,0,0,0,0,0,0,0,0,0,0
361551,1,1,1992,0,0,0,13,0,0,0,0,0,0
361552,1,1,1992,0,0,0,0,0,0,0,0,0,0
361553,0,1,1992,30,30,30,30,30,30,30,30,30,30
361553,1,1,1992,0,0,0,0,0,7,0,0,0,0
361554,1,1,1992,0,0,0,4,0,0,0,0,0,0
361555,1,1,1992,0,0,0,0,0,0,0,0,0,0
361556,0,1,1992,0,0,0,0,0,0,0,0,0,0
361556,1,1,1992,0,0,0,0,0,0,0,0,0,0
361557,0,1,1992,0,0,0,0,0,0,0,0,0,0
361557,1,1,1992,0,0,0,0,0,0,0,0,0,0
361558,1,1,1992,6,6,6,6,6,6,6,6,6,6
361559,1,1,1992,0,0,0,0,0,0,0,0,0,0
361559,2,1,1992,0,0,0,0,0,0,0,0,0,0
361560,1,1,1992,0,0,10,0,0,0,0,0,0,0
361560,2,1,1992,0,0,0,0,0,0,0,0,0,0
361561,1,1,1992,0,0,0,0,0,0,0,0,0,0
361562,0,1,1992,23,23,23,23,23,23,23,23,23,23
361562,1,1,1992,0,9,0,0,0,0,11,0,12,6
361563,0,1,1992,0,0,0,0,0,0,0,0,0,0
361563,1,1,1992,14,19,0,0,0,0,7,0,0,19
361564,1,1,1992,0,13,23,20,16,7,0,25,12,13
361564,2,1,1992,0,0,0,0,0,0,0,0,0,0
361565,1,1,1992,23,23,23,23,23,23,23,23,23,23
361566,0,1,1992,12,12,12,12,12,12,12,12,12,12
361566,1,1,1992,0,0,14,14,9,0,0,0,0,0
361568,1,1,1992,0,0,0,0,0,0,0,0,0,0
361568,2,1,1992,0,0,0,0,0,0,0,0,0,0
361569,0,1,1992,0,0,0,0,0,0,0,0,0,0
361569,1,1,1992,0,0,0,0,0,0,0,0,0,0
361570,0,1,1992,0,0,0,0,0,0,0,0,0,0
361570,1,1,1992,0,0,11,16,0,0,0,0,0,0
361571,1,1,1992,24,24,24,24,24,24,24,24,24,24
361572,0,1,1992,17,17,17,17,17,17,17,17,17,17
361572,1,1,1992,12,10,12,20,0,6,16,13,3,22
361573,1,1,1992,11,7,0,31,11,11,28,11,0,0
361574,0,1,1992,0,0,0,0,0,0,0,0,0,0
361574,1,1,1992,0,0,0,0,0,0,0,0,0,0
361575,1,1,1992,0,0,0,0,0,0,0,0,0,0
361575,2,1,1992,0,0,0,0,0,0,0,0,0,0
361576,0,1,1992,37,37,37,37,37,37,37,37,37,37
361576,1,1,1992,0,0,0,0,0,0,0,0,0,0
361577,0,1,1992,0,0,0,0,0,0,0,0,0,0
361577,1,1,1992,0,0,0,0,0,0,0,0,0,0
361578,1,1,1992,16,0,19,29,12,11,19,29,21,0
361578,2,1,1992,0,0,0,0,0,0,0,0,0,16
361579,0,1,1992,0,0,0,0,0,0,0,10,0,0
361579,1,1,1992,0,0,0,0,0,0,0,0,0,0
361580,1,1,1992,0,0,0,0,0,0,0,0,0,0
361580,2,1,1992,0,0,0,0,0,0,0,0,0,0
361581,1,1,1992,0,0,0,0,0,0,0,0,0,0
361581,2,1,1992,0,0,0,0,0,0,0,0,0,0
361582,0,1,1992,0,0,0,0,0,0,0,0,0,0
361582,1,1,1992,0,0,0,0,0,0,0,0,0,0
361583,0,1,1992,0,0,0,0,0,0,0,0,0,0
361583,1,1,1992,8,0,0,0,0,0,0,0,0,0
361583,2,1,1992,0,0,0,0,0,0,0,0,0,0
361585,0,1,1992,34,34,34,34,34,34,34,34,34,34
361585,1,1,1992,0,0,0,0,0,0,0,0,0,0
361585,2,1,1992,0,18,0,0,13,0,0,0,0,0
361586,1,1,1992,30,30,30,30,30,30,30,30,30,30
361587,0,1,1992,0,0,0,0,0,0,0,0,0,0
361587,1,1,1992,0,0,0,0,0,0,0,0,0,0
361587,2,1,1992,0,0,0,0,0,0,0,0,0,0
361588,1,1,1992,0,0,0,0,0,0,0,0,0,0
361588,2,1,1992,0,0,0,0,0,0,0,0,0,0
361589,1,1,1992,16,24,10,19,10,20,19,26,22,15
361590,1,1,1992,0,0,0,0,0,0,0,0,0,0
361591,0,1,1992,0,0,0,0,0,0,0,0,0,0
361591,1,1,1992,4,19,22,27,17,13,15,4,8,8
361593,1,1,1992,8,8,8,8,8,8,8,8,8,8
361594,1,1,1992,0,0,0,0,0,0,0,0,0,0
361595,1,1,1992,11,18,36,8,25,12,28,0,27,18
361595,2,1,1992,0,0,0,0,0,0,0,0,0,0
361595,3,1,1992,0,0,0,0,0,0,0,0,0,0
361596,0,1,1992,0,0,0,0,0,0,0,0,0,0
361596,1,1,1992,0,0,0,0,0,16,0,0,0,0
361597,1,1,1992,12,29,25,25,25,32,6,21,21,17
361598,0,1,1992,0,0,0,0,0,0,0,0,0,0
361598,1,1,1992,0,0,0,0,0,0,0,0,0,0
361599,1,1,1992,0,7,0,4,0,16,6,16,17,0
361600,1,1,1992,0,0,0,0,0,0,0,0,0,0
361600,2,1,1992,0,0,0,0,0,0,0,0,0,0
361601,0,1,1992,0,0,0,0,0,0,0,0,0,0
361601,1,1,1992,0,0,0,0,0,0,0,0,0,0
361602,0,1,1992,8,8,8,8,8,8,8,8,8,8
361602,1,1,1992,14,26,22,19,25,15,31,19,4,6
361602,2,1,1992,0,0,0,0,0,0,0,0,10,0
361603,0,1,1992,0,0,0,0,0,0,0,0,0,0
361603,1,1,1992,0,0,0,0,0,0,0,0,0,0
361604,0,1,1992,0,0,0,0,0,0,0,0,0,0
361604,1,1,1992,0,0,0,0,0,0,0,0,7,0
361605,0,1,1992,0,0,0,0,0,0,0,0,0,0
361605,1,1,1992,0,0,0,0,0,0,0,0,0,0
361606,0,1,1992,0,0,0,0,0,0,0,0,0,0
361606,1,1,1992,0,0,0,0,24,0,0,0,11,0
361607,0,1,1992,0,0,0,0,0,0,0,0,0,0
361607,1,1,1992,0,0,0,0,0,0,0,0,0,0
361608,1,1,1992,0,0,0,0,0,0,0,0,0,0
361608,2,1,1992,0,0,0,0,0,0,0,0,0,0
361609,1,1,1992,1,1,1,1,1,1,1,1,1,1
361610,0,1,1992,15,15,15,15,15,15,15,15,15,15
361610,1,1,1992,0,0,0,0,0,0,0,0,0,0
361611,1,1,1992,0,0,0,0,0,0,0,0,0,0
361612,1,1,1992,0,0,12,0,0,0,0,0,0,0
361612,2,1,1992,0,0,0,0,0,0,0,0,0,0
361612,3,1,1992,0,0,0,0,0,0,0,0,0,0
361613,0,1,1992,0,0,0,0,0,0,0,0,0,0
361613,1,1,1992,0,0,0,0,0,0,0,0,0,0
361615,0,1,1992,0,0,0,0,0,0,0,0,0,0
361615,1,1,1992,0,0,0,0,0,0,0,0,0,0
361616,0,1,1992,15,15,15,15,15,15,15,15,15,15
361616,1,1,1992,0,0,0,0,0,0,0,0,0,0
361617,1,1,1992,0,0,0,0,0,0,6,0,0,0
361617,2,1,1992,0,0,0,0,0,0,0,0,0,0
361618,1,1,1992,0,0,0,0,0,0,0,0,0,0
361619,0,1,1992,0,0,0,0,0,0,0,0,0,0
361619,1,1,1992,9,14,14,20,11,13,10,6,6,28
361620,1,1,1992,0,0,0,0,0,0,0,0,15,0
361620,2,1,1992,0,0,0,0,0,0,0,0,0,0
361621,0,1,1992,9,9,9,9,9,9,9,9,9,9
361621,1,1,1992,0,0,0,0,0,0,0,0,0,0
361622,0,1,1992,0,0,0,0,0,0,0,0,0,0
361622,1,1,1992,0,0,12,15,0,0,0,0,15,0
361623,0,1,1992,0,0,0,0,0,0,0,0,0,0
361623,1,1,1992,0,0,0,0,0,0,0,0,0,8
361624,1,1,1992,0,27,11,0,11,21,0,22,0,0
361625,1,1,1992,0,0,0,0,0,15,0,0,0,14
361625,2,1,1992,0,0,0,0,0,0,0,0,0,0
361626,1,1,1992,2,2,2,2,2,2,2,2,2,2
361626,2,1,1992,10,0,0,0,0,0,0,0,0,0
361626,3,1,1992,0,10,0,6,0,0,8,0,10,6
361626,4,1,1992,0,11,10,0,15,15,26,0,12,12
361627,0,1,1992,0,0,0,0,27,0,0,0,0,0
361627,1,1,1992,0,0,0,0,0,0,0,0,0,0
361628,0,1,1992,0,0,0,0,0,0,0,0,0,0
361628,1,1,1992,12,16,0,0,0,0,0,4,16,0
361629,1,1,1992,0,0,0,0,0,0,0,0,0,0
361630,1,1,1992,0,0,0,0,0,0,0,0,0,0
361631,0,1,1992,0,0,0,0,0,0,0,0,0,0
361631,1,1,1992,0,0,0,0,0,0,0,0,0,0
361632,1,1,1992,0,0,0,0,0,0,0,0,0,7
361632,2,1,1992,0,0,0,0,0,0,0,0,0,0
361633,1,1,1992,5,5,5,5,5,5,5,5,5,5
361634,1,1,1992,0,0,0,0,0,0,0,0,0,0
361634,2,1,1992,0,0,0,0,0,0,0,0,0,0
361635,0,1,1992,0,0,0,0,0,0,0,0,0,0
361635,1,1,1992,0,0,24,0,0,0,0,0,0,0
361636,1,1,1992,0,18,0,0,0,0,0,0,0,0
361636,2,1,1992,0,0,0,0,0,0,0,0,0,0
361637,1,1,1992,18,0,0,0,27,16,14,12,9,4
361637,2,1,1992,0,0,0,0,0,0,0,0,0,0
361638,0,1,1992,0,0,0,0,0,0,0,0,0,0
361638,1,1,1992,0,0,0,0,0,0,0,0,0,0
361640,0,1,1992,18,18,18,18,18,18,18,18,18,18
361640,1,1,1992,9,0,10,0,0,8,0,0,0,0
361641,0,1,1992,20,20,20,20,20,20,20,20,20,20
361641,1,1,1992,0,0,0,0,0,0,0,0,0,0
361642,0,1,1992,0,0,0,0,0,0,0,0,0,0
361642,1,1,1992,0,0,0,0,0,0,0,0,0,0
361643,1,1,1992,0,0,0,0,0,0,0,0,9,0
361644,1,1,1992,0,0,0,0,0,0,0,0,0,0
361645,1,1,1992,15,15,15,15,15,15,15,15,15,15
361646,1,1,1992,0,0,0,0,0,0,0,0,0,0
361646,2,1,1992,0,0,0,0,0,0,0,0,0,0
361647,1,1,1992,0,0,0,0,0,0,0,0,10,0
361648,0,1,1992,0,0,0,0,0,0,0,0,0,0
361648,1,1,1992,0,0,0,0,0,0,0,0,0,0
361649,1,1,1992,31,31,31,31,31,31,31,31,31,31
361650,0,1,1992,28,28,28,28,28,28,28,28,28,28
361650,1,1,1992,20,0,0,27,0,0,4,0,0,0
361651,1,1,1992,0,0,0,0,0,0,0,0,0,0
361651,2,1,1992,1,1,1,1,1,1,1,1,1,1
361652,1,1,1992,0,0,0,0,0,0,0,0,0,0
361653,0,1,1992,0,0,0,0,0,0,0,0,0,0
361653,1,1,1992,0,0,0,0,0,0,0,0,0,0
361653,2,1,1992,0,0,0,0,0,0,0,0,0,0
361653,3,1,1992,0,0,0,0,0,0,0,0,0,0
361654,0,1,1992,0,0,0,0,0,0,0,0,0,0
361654,1,1,1992,0,0,0,0,0,0,0,0,0,0
361655,1,1,1992,0,0,22,0,0,0,0,0,0,0
361656,0,1,1992,27,23,0,27,15,0,12,25,17,0
361656,1,1,1992,0,0,0,0,0,0,0,0,0,0
361657,0,1,1992,0,0,0,0,0,0,0,0,0,0
361657,1,1,1992,0,0,0,0,0,0,0,0,0,0
361658,0,1,1992,0,0,0,0,0,0,0,0,0,0
361658,0,2,1992,0,0,0,0,0,18,0,0,9,0
361658,0,3,1992,12,0,0,0,0,0,0,0,16,0
361658,1,1,1992,0,0,0,0,0,0,0,0,0,0
361659,0,1,1992,0,0,0,0,0,0,0,0,0,0
361659,1,1,1992,0,0,0,0,0,0,0,0,0,5
361660,1,1,1992,0,0,0,0,0,0,0,0,0,0
361660,2,1,1992,0,0,14,0,0,0,0,0,0,0
361661,2,1,1992,0,0,0,0,0,16,0,0,0,16
361661,3,1,1992,0,0,0,0,0,0,0,0,0,0
361662,1,1,1992,14,14,14,14,14,14,14,14,14,14
361663,0,1,1992,28,28,28,28,28,28,28,28,28,28
361663,1,1,1992,0,0,0,0,0,0,0,0,12,0
361663,2,1,1992,0,0,0,0,0,0,8,0,0,0
361664,1,1,1992,17,17,17,17,17,17,17,17,17,17
361664,2,1,1992,0,0,0,0,0,0,0,0,0,0
361665,1,1,1992,0,0,0,0,0,0,0,0,0,0
361665,2,1,1992,0,0,0,0,0,0,0,0,0,0
361666,1,1,1992,0,0,0,11,0,0,0,0,0,0
361666,2,1,1992,0,0,0,0,0,0,0,18,0,0
361666,3,1,1992,0,0,0,0,0,0,0,0,0,0
361667,0,1,1992,0,0,0,0,0,0,0,0,0,0
361667,1,1,1992,0,0,0,0,0,0,0,0,0,0
361668,1,1,1992,17,10,9,19,14,8,6,13,23,46
361668,2,1,1992,1,1,1,1,1,1,1,1,1,1
361669,0,1,1992,0,0,0,0,0,0,0,0,0,0
361669,1,1,1992,0,0,0,0,0,0,0,0,0,0
361670,1,1,1992,0,8,0,0,0,0,15,0,0,0
361670,2,1,1992,0,0,0,0,0,0,0,0,0,0
361670,3,1,1992,0,0,0,0,0,0,0,0,0,0
361671,0,1,1992,4,4,4,4,4,4,4,4,4,4
361671,1,1,1992,15,29,0,0,7,0,0,13,17,0
361672,0,1,1992,0,0,0,0,18,0,23,10,20,0
361672,1,1,1992,14,0,27,15,0,0,0,11,14,0
361673,1,1,1992,0,0,0,0,0,0,0,0,0,0
361673,2,1,1992,0,0,0,0,0,0,0,0,0,0
361674,0,1,1992,0,0,0,0,0,0,0,0,0,0
361674,1,1,1992,0,0,0,0,0,0,0,0,0,0
361675,0,1,1992,0,0,0,0,0,0,18,11,0,0
361675,1,1,1992,0,0,0,0,0,0,0,0,0,0
361676,1,1,1992,0,0,0,0,0,0,0,0,0,0
361676,2,1,1992,0,0,0,0,0,0,0,0,0,0
361677,0,1,1992,18,17,20,0,0,9,0,25,0,18
361677,1,1,1992,0,0,0,0,0,0,0,0,0,0
361678,1,1,1992,0,0,0,0,0,0,0,0,0,0
361678,2,1,1992,0,0,0,0,0,0,0,0,0,0
361679,0,1,1992,0,0,0,0,0,0,0,0,0,0
361679,1,1,1992,0,0,0,0,0,0,0,0,0,0
361679,2,1,1992,0,0,0,0,0,0,0,0,0,0
361680,1,1,1992,0,0,0,0,0,0,0,0,0,0
361680,2,1,1992,0,0,0,0,0,0,13,0,0,0
361681,1,1,1992,0,0,0,2,0,0,0,0,7,0
361682,0,1,1992,30,30,30,30,30,30,30,30,30,30
361682,1,1,1992,0,0,0,0,0,0,0,0,0,0
361683,1,1,1992,0,0,0,0,0,0,0,0,0,0
361683,2,1,1992,0,0,0,0,0,0,0,0,0,0
361684,0,1,1992,19,22,0,0,0,0,0,0,0,0
361684,1,1,1992,0,9,0,0,0,0,0,0,0,0
361685,0,1,1992,0,0,0,0,0,0,0,0,0,0
361685,1,1,1992,0,0,0,0,0,0,0,10,0,0
361686,1,1,1992,0,0,0,0,0,0,0,0,0,0
361686,2,1,1992,17,15,10,19,0,8,27,20,22,33
361687,0,1,1992,0,0,0,0,0,0,0,0,0,0
361687,1,1,1992,0,0,0,0,0,0,0,0,0,0
361688,1,1,1992,0,0,3,0,0,0,0,0,0,0
361689,1,1,1992,0,0,0,0,0,0,0,0,0,0
361689,2,1,1992,0,0,0,0,0,0,0,0,0,0
361690,1,1,1992,16,5,22,23,26,24,8,16,15,17
370001,1,1,1992,31,31,31,31,31,31,31,31,31,31
370002,1,1,1992,0,0,0,0,0,0,0,0,0,0
370002,2,1,1992,0,0,0,0,0,0,0,0,0,0
370003,1,1,1992,0,0,0,0,0,5,0,0,15,0
370003,2,1,1992,0,0,0,0,0,0,0,0,0,0
370004,1,1,1992,0,0,0,0,12,0,0,0,0,0
370004,2,1,1992,0,0,0,0,0,0,0,0,0,0
370005,0,1,1992,33,33,33,33,33,33,33,33,33,33
370005,1,1,1992,0,0,0,0,0,0,0,0,0,0
370006,1,1,1992,8,0,0,0,0,0,0,0,0,0
370006,2,1,1992,0,0,0,8,0,0,0,0,0,0
370007,0,1,1992,30,15,17,27,15,26,21,0,0,0
370007,1,1,1992,0,0,0,0,0,0,0,0,0,0
370008,1,1,1992,8,7,0,16,0,0,0,0,0,0
370008,2,1,1992,0,0,0,0,0,0,0,0,0,0
370009,1,1,1992,0,0,0,0,0,0,0,0,0,0
370010,1,1,1992,0,0,0,0,0,0,0,0,0,0
370010,2,1,1992,0,0,0,0,0,13,0,0,0,0
370011,0,1,1992,0,0,0,0,0,0,0,0,0,0
370011,1,1,1992,0,0,0,0,0,0,0,0,0,0
370012,0,1,1992,8,8,8,8,8,8,8,8,8,8
370012,1,1,1992,0,0,0,0,0,0,0,0,0,0
370013,1,1,1992,11,11,11,11,11,11,11,11,11,11
370014,0,1,1992,44,44,44,44,44,44,44,44,44,44
370014,1,1,1992,0,0,0,0,10,0,0,0,0,0
370015,1,1,1992,13,13,13,13,13,13,13,13,13,13
370016,1,1,1992,4,4,4,4,4,4,4,4,4,4
370017,0,1,1992,0,0,0,0,0,0,0,0,0,0
370017,1,1,1992,0,8,0,0,0,0,0,16,0,2
370018,0,1,1992,18,18,18,18,18,18,18,18,18,18
370018,1,1,1992,0,0,0,0,0,0,11,0,0,0