ST_CASE,VEH_NO,PER_NO,YEAR,P1,P2,P3,P4,P5,P6,P7,P8,P9,P10
370019,1,1,1992,0,0,0,0,0,0,0,0,0,0
370019,2,1,1992,0,0,15,0,0,0,0,0,0,0
370020,1,1,1992,20,20,20,20,20,20,20,20,20,20
370021,1,1,1992,0,0,0,0,0,0,0,0,0,0
370022,1,1,1992,0,0,0,0,0,0,0,0,0,0
370023,1,1,1992,0,0,0,0,0,0,0,0,0,0
370023,2,1,1992,0,0,0,0,0,0,0,0,0,0
370024,1,1,1992,0,0,0,0,0,0,0,0,0,0
370024,2,1,1992,0,0,0,0,15,0,0,0,0,0
370025,1,1,1992,5,11,12,17,16,13,15,9,12,18
370025,2,1,1992,0,0,0,0,0,0,0,0,0,0
370026,1,1,1992,0,0,0,0,0,0,0,0,0,0
370027,1,1,1992,0,0,0,0,0,0,0,0,0,0
370028,0,1,1992,0,0,0,0,0,0,0,0,0,0
370028,1,1,1992,0,0,0,0,0,0,0,0,0,0
370029,1,1,1992,0,0,0,0,0,0,0,0,0,0
370030,1,1,1992,0,0,0,0,0,0,0,0,0,0
370030,2,1,1992,0,0,0,0,0,0,0,0,0,0
370031,1,1,1992,5,5,5,5,5,5,5,5,5,5
370032,1,1,1992,0,0,0,0,0,0,0,0,0,0
370032,2,1,1992,0,0,0,0,0,0,0,0,0,0
370033,0,1,1992,18,18,18,18,18,18,18,18,18,18
370033,1,1,1992,0,0,0,0,0,0,0,0,0,0
370034,1,1,1992,0,0,0,0,0,0,0,0,0,0
370035,1,1,1992,9,9,9,9,9,9,9,9,9,9
370036,1,1,1992,0,0,0,0,0,0,0,0,0,0
370036,2,1,1992,17,11,9,12,13,0,6,19,0,0
370037,1,1,1992,13,13,13,13,13,13,13,13,13,13
370038,1,1,1992,0,16,0,0,0,0,0,0,0,0
370038,2,1,1992,0,0,0,0,0,0,0,0,0,0
370039,1,1,1992,0,0,0,0,0,0,0,0,0,0
370039,2,1,1992,0,0,0,0,0,0,0,0,0,0
370039,3,1,1992,0,0,0,0,0,0,0,0,0,0
370040,0,1,1992,0,0,0,0,0,0,0,0,0,0
370040,1,1,1992,0,0,0,0,0,0,0,0,0,0
370041,1,1,1992,0,0,0,0,0,0,0,0,0,0
370041,2,1,1992,0,0,0,0,0,0,0,0,0,0
370042,1,1,1992,6,7,0,0,18,10,8,20,31,24
370043,1,1,1992,0,0,20,17,0,30,0,0,0,0
370044,1,1,1992,0,0,0,0,0,0,0,0,0,0
370044,2,1,1992,0,0,0,0,0,0,9,0,0,0
370045,1,1,1992,16,16,16,16,16,16,16,16,16,16
370046,1,1,1992,0,0,0,0,0,0,0,0,0,0
370046,2,1,1992,0,0,0,0,0,0,13,0,0,0
370046,3,1,1992,25,0,0,0,0,0,0,0,0,0
370047,1,1,1992,0,0,0,0,0,0,0,0,0,0
370047,2,1,1992,0,0,0,0,0,0,0,0,0,0
370048,1,1,1992,0,0,0,0,0,0,0,0,0,0
370048,2,1,1992,0,0,0,0,0,0,0,0,0,0
370049,1,1,1992,0,0,0,0,0,0,0,0,0,0
370049,2,1,1992,0,0,0,0,0,0,0,0,0,0
370050,1,1,1992,0,0,0,0,0,0,0,0,0,0
370050,2,1,1992,0,0,0,0,0,0,0,0,0,0
370051,1,1,1992,0,0,0,0,0,0,0,0,0,0
370051,2,1,1992,0,0,0,0,0,0,0,0,0,0
370052,1,1,1992,0,0,0,0,0,0,0,0,0,0
370053,0,1,1992,28,28,28,28,28,28,28,28,28,28
370053,0,2,1992,0,0,0,0,0,0,0,0,0,0
370053,1,1,1992,0,0,0,0,0,0,0,0,0,0
370054,1,1,1992,32,32,32,32,32,32,32,32,32,32
370055,1,1,1992,28,28,28,28,28,28,28,28,28,28
370056,0,1,1992,0,0,0,0,0,0,0,0,0,0
370056,0,2,1992,24,24,24,24,24,24,24,24,24,24
370056,0,3,1992,16,15,0,0,9,19,16,0,15,31
370056,1,1,1992,0,0,0,0,0,0,0,0,0,11
370057,1,1,1992,0,0,0,0,0,0,0,0,0,0
370057,2,1,1992,0,0,0,0,0,0,0,0,0,0
370058,1,1,1992,10,0,0,0,0,0,0,0,0,0
370058,2,1,1992,0,0,0,0,0,0,0,0,0,0
370059,1,1,1992,17,17,17,17,17,17,17,17,17,17
370060,1,1,1992,0,0,0,0,0,0,0,0,0,0
370060,2,1,1992,0,0,18,0,0,0,0,0,0,0
370060,3,1,1992,0,0,0,0,0,0,0,0,0,0
370061,1,1,1992,0,0,0,0,0,0,0,0,0,0
370062,1,1,1992,20,18,10,9,20,15,7,5,7,14
370062,2,1,1992,1,7,13,16,23,7,24,23,5,7
370063,1,1,1992,0,0,0,0,0,0,0,0,0,0
370063,2,1,1992,0,0,0,0,0,0,0,0,0,0
370064,1,1,1992,0,0,0,0,0,0,0,0,0,0
370064,2,1,1992,0,0,12,0,0,0,0,0,0,0
370065,1,1,1992,11,23,18,11,22,11,19,20,12,13
370067,1,1,1992,31,31,31,31,31,31,31,31,31,31
370068,0,1,1992,0,0,0,0,0,0,0,0,0,0
370068,1,1,1992,20,7,11,22,7,0,13,5,11,3
370069,1,1,1992,0,0,0,0,0,0,0,0,0,0
370069,2,1,1992,0,0,0,0,0,0,0,0,0,0
370070,1,1,1992,7,0,0,8,14,23,22,9,11,15
370070,2,1,1992,0,0,0,0,0,0,0,0,0,0
370071,1,1,1992,20,20,20,20,20,20,20,20,20,20
370072,1,1,1992,0,0,0,0,0,0,0,0,0,0
370072,2,1,1992,0,0,0,0,0,0,0,0,0,0
370073,1,1,1992,0,0,0,0,0,0,0,0,0,0
370074,1,1,1992,0,0,0,0,0,0,0,0,0,0
370075,1,1,1992,12,12,12,12,12,12,12,12,12,12
370076,1,1,1992,19,19,19,19,19,19,19,19,19,19
370077,1,1,1992,5,11,4,25,0,15,15,5,37,13
370077,2,1,1992,0,0,0,0,0,0,0,0,0,0
370078,1,1,1992,0,0,0,0,0,0,0,0,0,0
370079,0,1,1992,15,15,15,15,15,15,15,15,15,15
370079,1,1,1992,19,11,19,10,17,14,4,9,27,11
370080,0,1,1992,0,0,0,0,0,0,0,0,0,0
370080,1,1,1992,0,0,0,0,0,0,0,0,0,0
370081,1,1,1992,28,28,28,28,28,28,28,28,28,28
370082,1,1,1992,8,8,8,8,8,8,8,8,8,8
370082,2,1,1992,5,23,19,0,19,8,9,16,0,18
370083,1,1,1992,0,0,0,0,0,0,0,0,0,0
370084,1,1,1992,13,13,13,13,13,13,13,13,13,13
370085,1,1,1992,19,19,19,19,19,19,19,19,19,19
370086,1,1,1992,0,0,0,0,0,0,0,0,0,0
370086,2,1,1992,0,0,0,0,5,0,0,0,0,0
370087,1,1,1992,19,19,19,19,19,19,19,19,19,19
370087,2,1,1992,0,0,0,0,0,0,0,0,0,0
370088,1,1,1992,0,0,0,0,0,0,0,0,0,0
370088,2,1,1992,0,0,0,0,0,0,0,0,0,12
370089,1,1,1992,0,0,0,0,0,0,0,0,0,0
370089,2,1,1992,0,0,0,0,0,0,0,0,0,0
370090,1,1,1992,0,0,0,0,0,0,0,0,0,0
370090,2,1,1992,0,0,0,0,0,0,0,0,0,0
370091,0,1,1992,31,31,31,31,31,31,31,31,31,31
370091,1,1,1992,0,0,0,0,0,0,0,0,0,0
370092,1,1,1992,0,0,0,0,0,0,0,0,0,0
370093,0,1,1992,26,26,26,26,26,26,26,26,26,26
370093,1,1,1992,11,18,10,29,13,13,21,5,0,0
370094,1,1,1992,4,4,4,4,4,4,4,4,4,4
370094,2,1,1992,0,0,0,0,0,0,0,0,0,0
370096,0,1,1992,0,0,0,0,0,0,0,0,0,0
370096,1,1,1992,0,0,0,0,0,0,0,0,0,0
370097,0,1,1992,3,3,3,3,3,3,3,3,3,3
370097,1,1,1992,0,0,0,0,0,0,0,0,0,0
370098,1,1,1992,0,0,0,0,0,0,0,0,0,0
370099,1,1,1992,0,0,0,0,0,0,0,0,0,0
370099,2,1,1992,21,10,12,26,19,5,15,14,10,0
370100,1,1,1992,8,8,8,8,8,8,8,8,8,8
370101,1,1,1992,22,22,22,22,22,22,22,22,22,22
370102,0,1,1992,14,14,14,14,14,14,14,14,14,14
370102,1,1,1992,3,0,9,0,0,9,0,31,30,31
370103,0,1,1992,17,17,17,17,17,17,17,17,17,17
370103,1,1,1992,0,0,0,0,0,14,0,0,0,0
370104,1,1,1992,18,18,18,18,18,18,18,18,18,18
370105,0,1,1992,9,9,9,9,9,9,9,9,9,9
370105,1,1,1992,0,0,0,0,0,0,0,0,0,0
370105,2,1,1992,0,0,0,0,0,0,0,0,0,0
370106,1,1,1992,0,0,0,0,0,0,0,0,0,0
370106,2,1,1992,0,0,0,0,0,0,0,0,0,0
370107,1,1,1992,0,0,0,0,0,0,0,0,0,0
370108,1,1,1992,0,0,0,0,0,0,0,0,0,0
370108,2,1,1992,0,0,0,0,0,0,0,0,0,0
370109,1,1,1992,20,20,20,20,20,20,20,20,20,20
370110,1,1,1992,20,20,20,20,20,20,20,20,20,20
370111,1,1,1992,0,9,13,15,11,13,7,0,0,0
370112,1,1,1992,0,0,0,0,0,0,0,0,0,0
370112,2,1,1992,0,0,0,0,0,0,0,0,0,0
370113,1,1,1992,0,0,0,0,0,0,0,0,0,0
370114,1,1,1992,0,0,0,0,0,0,0,0,0,0
370114,2,1,1992,0,0,0,0,0,0,0,0,0,0
370115,0,1,1992,23,23,23,23,23,23,23,23,23,23
370115,1,1,1992,0,4,0,0,0,0,0,0,0,0
370117,1,1,1992,0,0,0,0,0,0,0,0,0,0
370118,0,1,1992,27,27,27,27,27,27,27,27,27,27
370118,1,1,1992,0,0,0,0,0,0,0,0,0,0
370119,1,1,1992,19,19,17,13,23,16,25,14,25,12
370120,1,1,1992,11,11,11,11,11,11,11,11,11,11
370121,1,1,1992,21,21,21,21,21,21,21,21,21,21
370122,1,1,1992,0,0,0,0,0,0,0,0,0,0
370122,2,1,1992,0,0,0,0,0,0,0,0,0,0
370123,1,1,1992,0,0,0,0,0,8,0,0,0,0
370124,1,1,1992,0,0,0,0,0,0,0,0,0,0
370124,2,1,1992,0,0,0,0,0,0,0,0,0,0
370125,1,1,1992,19,19,19,19,19,19,19,19,19,19
370126,1,1,1992,9,3,12,10,29,21,15,17,22,18
370126,2,1,1992,0,0,0,0,0,0,0,0,0,0
370126,3,1,1992,0,0,0,16,0,0,0,0,0,0
370128,1,1,1992,0,0,0,0,0,0,0,0,0,0
370128,2,1,1992,0,0,0,0,0,0,0,0,0,0
370128,3,1,1992,0,0,0,0,0,0,0,0,0,0
370129,1,1,1992,0,0,0,0,0,0,0,0,0,0
370130,0,1,1992,14,14,14,14,14,14,14,14,14,14
370130,1,1,1992,17,11,23,22,19,16,17,6,22,5
370131,1,1,1992,0,0,0,0,12,0,0,0,0,0
370131,2,1,1992,0,0,0,0,0,0,0,0,0,0
370132,1,1,1992,14,14,14,14,14,14,14,14,14,14
370133,1,1,1992,27,27,27,27,27,27,27,27,27,27
370133,2,1,1992,8,5,11,8,12,6,3,12,7,5
370134,0,1,1992,0,0,0,0,0,0,0,0,0,0
370134,1,1,1992,0,0,0,0,0,0,0,0,0,0
370135,0,1,1992,0,0,0,0,0,0,0,0,0,0
370135,1,1,1992,0,0,0,0,0,0,0,0,0,0
370136,0,1,1992,0,0,0,0,0,0,0,0,0,0
370136,1,1,1992,0,0,0,0,0,0,0,0,0,0
370137,0,1,1992,32,32,32,32,32,32,32,32,32,32
370137,1,1,1992,0,0,8,0,0,12,0,0,0,0
370138,1,1,1992,0,0,0,0,0,0,0,0,0,0
370138,2,1,1992,0,0,0,0,0,0,0,0,0,0
370139,1,1,1992,0,0,0,0,0,0,0,0,0,0
370140,1,1,1992,0,0,0,0,0,0,0,0,0,0
370141,1,1,1992,0,0,0,0,0,0,0,0,0,25
370143,0,1,1992,0,0,0,0,0,0,0,0,0,0
370143,1,1,1992,14,0,0,0,0,16,0,0,0,0
370144,1,1,1992,0,0,0,0,0,0,0,0,0,0
370144,2,1,1992,0,0,0,0,0,0,0,0,0,0
370145,0,1,1992,25,25,25,25,25,25,25,25,25,25
370145,1,1,1992,0,0,0,0,0,0,0,0,0,0
370146,1,1,1992,29,23,11,17,8,15,14,16,12,17
370146,2,1,1992,0,0,0,0,0,0,3,0,0,0
370146,3,1,1992,0,0,0,0,0,0,0,0,0,0
370147,0,1,1992,35,35,35,35,35,35,35,35,35,35
370147,1,1,1992,0,0,0,0,0,12,0,0,13,0
370148,0,1,1992,4,4,4,4,4,4,4,4,4,4
370148,1,1,1992,0,0,0,0,0,0,0,0,6,0
370149,1,1,1992,0,6,0,0,0,0,0,0,0,0
370150,1,1,1992,0,0,0,0,0,0,0,0,0,0
370151,1,1,1992,15,8,7,20,13,7,0,5,9,0
370153,0,1,1992,20,20,20,20,20,20,20,20,20,20
370153,1,1,1992,4,0,0,0,0,0,0,0,0,0
370154,1,1,1992,0,9,0,0,0,0,0,0,0,0
370154,2,1,1992,0,0,0,0,0,0,0,0,0,0
370155,1,1,1992,0,0,0,17,0,0,0,0,0,0
370155,2,1,1992,0,0,0,0,0,0,0,0,0,0
370156,1,1,1992,15,15,15,15,15,15,15,15,15,15
370157,1,1,1992,0,0,0,0,0,0,0,0,0,0
370158,1,1,1992,22,22,22,22,22,22,22,22,22,22
370159,1,1,1992,0,0,0,0,0,0,0,0,0,0
370159,2,1,1992,0,0,0,0,0,0,0,0,0,0
370160,1,1,1992,0,0,0,0,0,0,0,0,0,0
370160,2,1,1992,0,0,0,0,0,0,0,0,0,0
370161,1,1,1992,0,0,0,0,0,0,0,0,0,0
370161,2,1,1992,0,0,0,0,0,0,0,0,0,0
370162,1,1,1992,18,18,18,18,18,18,18,18,18,18
370163,0,1,1992,0,0,0,0,0,0,0,0,0,0
370163,1,1,1992,0,0,0,0,0,0,0,0,0,0
370164,1,1,1992,29,29,29,29,29,29,29,29,29,29
370165,1,1,1992,22,22,22,22,22,22,22,22,22,22
370166,1,1,1992,0,0,0,0,0,0,0,0,0,0
370166,2,1,1992,30,30,30,30,30,30,30,30,30,30
370167,1,1,1992,5,5,5,5,5,5,5,5,5,5
370168,1,1,1992,12,13,9,13,17,5,20,7,11,16
370169,0,1,1992,0,0,0,0,0,0,0,0,0,0
370169,1,1,1992,20,10,24,22,10,15,14,25,18,18
370170,0,1,1992,0,0,0,0,0,0,0,0,0,0
370170,1,1,1992,0,0,0,0,0,0,0,0,0,0
370171,1,1,1992,17,17,17,17,17,17,17,17,17,17
370172,1,1,1992,15,15,3,0,0,5,9,0,4,20
370173,1,1,1992,0,0,0,0,0,0,0,0,0,0
370173,2,1,1992,0,0,0,0,0,0,0,0,0,0
370174,1,1,1992,21,23,26,9,15,12,25,10,21,24
370175,0,1,1992,0,0,0,0,0,0,0,0,0,0
370175,1,1,1992,0,0,0,0,0,0,0,0,0,0
370176,1,1,1992,21,21,21,21,21,21,21,21,21,21
370177,1,1,1992,18,15,0,0,7,0,0,9,2,0
370177,2,1,1992,0,5,0,0,0,0,0,0,0,0
370178,1,1,1992,0,0,0,0,0,0,0,0,0,0
370179,0,1,1992,18,18,18,18,18,18,18,18,18,18
370179,1,1,1992,0,0,0,0,0,0,0,0,0,0
370180,1,1,1992,16,0,0,0,0,0,0,0,0,0
370180,2,1,1992,0,0,0,0,0,0,0,0,0,0
370182,1,1,1992,0,0,0,0,0,0,0,0,0,0
370183,1,1,1992,20,14,17,17,24,26,22,10,14,32
370184,1,1,1992,23,23,23,23,23,23,23,23,23,23
370185,1,1,1992,0,0,0,8,0,0,0,0,0,0
370185,2,1,1992,0,0,0,0,0,0,0,0,0,0
370185,3,1,1992,0,0,0,0,0,0,0,0,0,0
370185,4,1,1992,0,0,0,0,0,0,0,0,0,0
370185,5,1,1992,0,0,0,0,0,0,0,0,0,0
370186,1,1,1992,0,0,0,0,0,0,0,0,0,0
370187,1,1,1992,0,0,0,0,0,0,0,0,0,0
370187,2,1,1992,5,0,0,4,0,0,0,0,9,0
370187,3,1,1992,0,0,0,0,0,0,0,0,0,0
370188,1,1,1992,0,0,0,0,0,0,0,0,0,0
370188,2,1,1992,13,13,13,13,13,13,13,13,13,13
370189,1,1,1992,0,0,0,0,0,0,0,0,0,0
370189,2,1,1992,0,0,0,0,0,0,0,0,0,0
370189,3,1,1992,0,0,0,0,0,0,0,0,0,0
370189,4,1,1992,0,0,0,0,0,21,0,0,0,0
370190,1,1,1992,0,0,0,0,0,0,0,0,0,0
370190,2,1,1992,0,0,0,0,0,0,0,0,0,0
370191,1,1,1992,0,0,0,0,0,0,0,0,0,0
370192,1,1,1992,0,0,0,0,0,0,0,0,0,0
370192,2,1,1992,0,0,0,0,0,0,0,0,0,0
370193,1,1,1992,10,10,10,10,10,10,10,10,10,10
370194,1,1,1992,0,0,0,0,0,0,0,0,0,0
370195,1,1,1992,0,0,0,0,0,0,0,0,0,0
370195,2,1,1992,0,0,0,0,0,0,0,0,0,0
370195,3,1,1992,0,0,0,0,0,0,0,0,0,0
370196,1,1,1992,0,0,0,0,0,0,0,0,0,0
370197,1,1,1992,7,35,25,5,4,0,15,12,0,0
370197,2,1,1992,0,0,0,0,0,0,0,0,0,0
370197,3,1,1992,0,0,0,0,0,0,0,0,0,0
370198,1,1,1992,21,21,21,21,21,21,21,21,21,21
370199,1,1,1992,25,25,25,25,25,25,25,25,25,25
370200,0,1,1992,0,0,0,0,0,0,0,0,0,0
370200,1,1,1992,0,0,0,0,0,0,0,0,0,0
370201,0,1,1992,0,0,0,0,0,0,0,0,0,0
370201,1,1,1992,0,0,0,0,0,0,0,0,0,0
370202,1,1,1992,0,0,0,0,0,0,0,0,0,0
370202,2,1,1992,7,7,7,7,7,7,7,7,7,7
370202,3,1,1992,0,0,0,0,0,0,0,0,0,0
370203,1,1,1992,0,0,0,0,0,0,0,0,0,0
370203,2,1,1992,0,0,0,0,0,0,0,0,0,0
370204,1,1,1992,21,21,21,21,21,21,21,21,21,21
370205,1,1,1992,6,2,19,16,10,3,8,22,13,15
370205,2,1,1992,0,0,0,0,0,0,0,0,0,0
370205,3,1,1992,0,0,0,0,0,0,0,0,0,0
370205,4,1,1992,0,0,0,0,0,0,0,0,0,0
370206,1,1,1992,0,0,0,0,0,0,0,0,0,0
370206,2,1,1992,0,0,0,0,0,0,0,0,0,0
370207,0,1,1992,19,19,19,19,19,19,19,19,19,19
370207,1,1,1992,0,0,0,0,0,18,0,0,0,0
370208,1,1,1992,0,0,0,0,0,0,0,0,0,0
370209,1,1,1992,0,0,0,0,0,0,0,0,0,0
370209,2,1,1992,0,0,0,0,0,0,0,0,0,0
370210,1,1,1992,0,0,0,0,0,0,0,0,0,0
370211,1,1,1992,0,0,0,0,0,0,0,0,0,0
370212,1,1,1992,20,27,22,5,22,23,4,20,22,25
370212,2,1,1992,0,0,0,0,0,0,0,0,0,0
370213,1,1,1992,0,0,0,0,0,0,0,0,0,0
370213,2,1,1992,0,0,0,0,0,0,0,0,0,0
370214,1,1,1992,0,0,0,0,0,0,0,0,0,0
370214,2,1,1992,0,0,0,8,0,0,0,0,0,0
370215,1,1,1992,11,7,7,11,15,9,3,9,4,8
370215,2,1,1992,0,0,0,0,0,0,0,0,0,0
370215,3,1,1992,0,0,0,0,0,0,0,0,0,0
370216,1,1,1992,16,21,12,20,17,17,16,22,4,17
370217,1,1,1992,19,19,19,19,19,19,19,19,19,19
370218,1,1,1992,7,19,19,20,30,19,17,13,5,14
370219,1,1,1992,0,0,0,0,6,0,0,0,0,0
370220,1,1,1992,12,12,12,12,12,12,12,12,12,12
370221,1,1,1992,16,16,16,16,16,16,16,16,16,16
370222,1,1,1992,0,0,18,4,0,0,15,0,20,18
370222,2,1,1992,9,9,9,9,9,9,9,9,9,9
370223,1,1,1992,0,0,0,0,0,0,0,0,0,0
370223,2,1,1992,0,0,0,0,0,0,0,0,0,0
370224,1,1,1992,0,0,0,0,0,0,0,0,0,0
370224,2,1,1992,0,0,0,0,0,0,0,0,0,0
370225,1,1,1992,0,0,0,0,0,0,0,0,0,0
370225,2,1,1992,0,0,0,0,0,0,0,0,0,0
370226,1,1,1992,0,21,0,0,0,0,0,0,0,0
370227,0,1,1992,0,0,0,0,0,0,0,0,0,0
370227,1,1,1992,0,0,0,0,0,0,0,0,0,0
370228,1,1,1992,0,0,0,0,0,0,0,0,0,0
370229,1,1,1992,19,19,19,19,19,19,19,19,19,19
370229,2,1,1992,0,0,0,0,0,0,0,7,5,0
370230,1,1,1992,0,0,0,0,0,0,0,0,0,0
370231,1,1,1992,0,0,0,0,0,0,0,0,0,0
370231,2,1,1992,0,0,0,0,0,0,0,0,0,0
370232,1,1,1992,0,0,0,0,0,0,0,0,0,0
370232,2,1,1992,0,0,0,0,0,0,0,0,0,0
370233,1,1,1992,0,0,0,0,0,0,0,0,0,0
370233,2,1,1992,10,0,14,4,14,27,35,9,0,15
370234,1,1,1992,14,0,8,21,28,27,11,12,18,16
370235,1,1,1992,12,12,12,12,12,12,12,12,12,12
370236,1,1,1992,25,25,25,25,25,25,25,25,25,25
370236,2,1,1992,0,0,0,0,14,0,0,0,0,3
370237,1,1,1992,19,15,0,8,18,6,0,8,15,13
370238,1,1,1992,0,0,0,0,0,0,0,0,0,0
370238,2,1,1992,0,15,24,0,16,0,0,25,0,12
370239,1,1,1992,13,13,13,13,13,13,13,13,13,13
370240,1,1,1992,13,21,14,12,8,20,29,7,8,7
370240,2,1,1992,0,0,0,0,0,0,0,0,0,0
370240,3,1,1992,0,0,0,0,0,0,0,0,0,0
370241,1,1,1992,12,12,12,12,12,12,12,12,12,12
370242,0,1,1992,0,0,0,0,0,0,0,0,0,0
370242,1,1,1992,0,0,0,0,0,0,0,0,0,0
370243,0,1,1992,0,0,0,13,0,0,0,0,0,12
370243,1,1,1992,0,0,0,0,0,0,0,0,0,0
370244,1,1,1992,41,41,41,41,41,41,41,41,41,41
370245,0,1,1992,25,25,25,25,25,25,25,25,25,25
370245,1,1,1992,0,0,0,0,0,0,0,0,0,0
370245,2,1,1992,2,0,0,0,0,0,0,0,0,0
370246,0,1,1992,0,0,0,0,0,0,0,0,0,0
370246,1,1,1992,0,0,0,13,0,0,0,0,0,0
370247,1,1,1992,19,19,19,19,19,19,19,19,19,19
370248,1,1,1992,24,24,24,24,24,24,24,24,24,24
370249,1,1,1992,17,17,17,17,17,17,17,17,17,17
370250,1,1,1992,0,0,0,0,0,0,0,0,0,0
370251,1,1,1992,0,0,0,0,0,0,0,0,0,0
370251,2,1,1992,11,11,11,11,11,11,11,11,11,11
370252,1,1,1992,0,0,0,0,0,0,0,0,0,0
370252,2,1,1992,0,0,0,0,0,10,0,0,0,0
370253,1,1,1992,5,8,14,11,0,18,17,20,11,0
370253,2,1,1992,0,0,0,0,0,14,0,0,0,0
370254,1,1,1992,0,0,0,0,0,0,0,0,0,0
370254,2,1,1992,32,32,32,32,32,32,32,32,32,32
370255,0,1,1992,0,0,0,0,0,0,0,0,0,0
370255,1,1,1992,0,0,0,0,0,0,0,0,0,0
370255,2,1,1992,0,0,0,0,0,0,0,0,11,0
370256,1,1,1992,0,0,0,0,0,0,0,0,0,0
370257,1,1,1992,5,0,0,0,0,0,0,0,0,0
370257,2,1,1992,31,31,31,31,31,31,31,31,31,31
370258,0,1,1992,0,0,0,0,0,0,0,0,0,0
370258,0,2,1992,16,0,18,12,21,0,2,33,0,0
370258,1,1,1992,0,0,0,0,0,0,0,0,0,0
370259,1,1,1992,0,0,0,0,0,0,0,0,0,0
370260,1,1,1992,22,22,22,22,22,22,22,22,22,22
370261,0,1,1992,0,0,0,0,0,0,0,0,0,0
370261,0,2,1992,0,0,0,0,6,0,0,7,0,6
370261,0,3,1992,2,0,0,0,0,0,6,0,0,15
370261,1,1,1992,0,0,0,0,0,0,0,0,0,0
370262,1,1,1992,0,0,0,0,0,0,0,0,0,0
370262,2,1,1992,0,0,0,0,0,0,0,0,0,0
370263,0,1,1992,11,0,23,11,14,0,0,28,0,12
370263,1,1,1992,0,0,13,0,0,0,0,14,0,0
370264,0,1,1992,28,28,28,28,28,28,28,28,28,28
370264,1,1,1992,0,0,0,0,0,0,0,0,0,0
370265,1,1,1992,4,30,16,9,29,18,11,14,14,11
370265,2,1,1992,0,0,0,0,0,0,0,0,0,0
370266,1,1,1992,0,0,0,0,0,0,0,0,0,0
370267,1,1,1992,0,0,0,0,0,0,0,0,0,0
370268,1,1,1992,19,19,19,19,19,19,19,19,19,19
370270,1,1,1992,0,0,0,0,0,0,0,0,0,0
370271,1,1,1992,15,18,30,4,35,15,10,8,19,29
370272,0,1,1992,23,23,23,23,23,23,23,23,23,23
370272,1,1,1992,0,0,0,0,0,0,0,0,0,0
370273,1,1,1992,0,0,0,0,0,0,0,0,0,0
370273,2,1,1992,0,0,0,0,0,0,0,0,0,0
370274,1,1,1992,0,0,0,0,0,0,0,0,0,0
370274,2,1,1992,0,0,0,0,0,0,0,0,0,0
370275,1,1,1992,0,0,0,0,0,0,0,0,0,0
370276,1,1,1992,11,18,30,6,9,13,24,18,28,20
370277,1,1,1992,22,22,22,22,22,22,22,22,22,22
370278,1,1,1992,0,0,0,0,0,0,0,0,0,0
370278,2,1,1992,0,0,0,0,0,0,0,0,18,0
370279,0,1,1992,0,0,0,0,0,0,0,0,0,0
370279,1,1,1992,0,0,0,0,0,0,0,0,0,0
370281,1,1,1992,0,0,0,0,0,0,0,0,0,0
370281,2,1,1992,0,0,0,0,0,0,0,0,0,0
370282,1,1,1992,0,0,0,0,0,0,0,1,0,0
370282,2,1,1992,0,0,0,0,0,0,0,0,0,0
370283,1,1,1992,13,13,13,13,13,13,13,13,13,13
370283,2,1,1992,0,0,0,0,0,0,0,0,0,0
370284,1,1,1992,0,0,0,0,7,0,0,0,0,0
370285,1,1,1992,0,0,0,7,0,0,0,0,0,0
370286,1,1,1992,0,0,0,0,0,0,0,0,0,0
370286,2,1,1992,3,15,14,22,4,5,5,10,0,16
370287,1,1,1992,0,0,0,0,0,0,0,0,0,0
370287,2,1,1992,0,0,0,0,0,0,0,0,0,0
370287,3,1,1992,0,0,0,0,0,0,0,0,0,0
370288,1,1,1992,0,0,0,0,0,0,0,0,0,0
370289,1,1,1992,0,0,0,0,0,0,0,0,0,0
370289,2,1,1992,0,0,0,0,0,0,0,0,0,0
370290,1,1,1992,14,9,21,10,20,20,20,11,15,7
370291,1,1,1992,0,0,0,0,0,0,0,0,0,0
370291,2,1,1992,0,0,0,0,0,0,0,0,0,0
370292,1,1,1992,0,0,0,0,0,0,0,0,0,0
370292,2,1,1992,0,0,0,0,0,0,0,0,0,0
370293,1,1,1992,0,0,0,0,0,0,0,0,0,0
370294,1,1,1992,18,18,18,18,18,18,18,18,18,18
370295,1,1,1992,0,0,0,0,0,0,0,0,0,0
370295,2,1,1992,0,0,0,0,0,0,0,0,0,0
370296,1,1,1992,17,16,21,18,10,26,16,13,21,12
370297,1,1,1992,0,0,0,0,0,0,0,0,0,0
370297,2,1,1992,8,16,17,0,11,0,20,25,14,6
370298,1,1,1992,20,20,20,20,20,20,20,20,20,20
370299,1,1,1992,0,0,0,0,0,0,0,0,0,0
370300,1,1,1992,0,0,0,0,0,0,0,0,0,0
370300,2,1,1992,0,0,0,0,0,0,0,0,0,0
370301,1,1,1992,0,0,0,0,0,0,0,0,0,0
370301,2,1,1992,0,0,0,0,0,0,0,0,11,0