ST_CASE,VEH_NO,PER_NO,YEAR,P1,P2,P3,P4,P5,P6,P7,P8,P9,P10
370301,3,1,1992,9,0,0,0,0,0,0,0,0,0
370302,1,1,1992,0,0,0,0,0,0,0,0,0,0
370302,2,1,1992,0,0,0,0,0,0,0,0,0,0
370302,3,1,1992,0,0,0,0,0,0,0,0,0,0
370303,1,1,1992,0,0,0,0,0,0,0,0,0,0
370304,1,1,1992,8,9,18,24,18,19,12,15,19,23
370305,1,1,1992,0,0,0,0,0,0,0,0,0,0
370305,2,1,1992,0,0,0,0,0,0,0,0,0,0
370306,1,1,1992,3,7,16,7,9,10,8,15,16,8
370307,1,1,1992,5,14,6,0,9,0,15,11,8,11
370308,1,1,1992,0,0,0,0,0,0,0,0,0,0
370308,2,1,1992,15,17,9,24,14,14,11,15,37,9
370309,1,1,1992,22,22,22,22,22,22,22,22,22,22
370310,1,1,1992,0,0,0,0,0,0,0,0,0,0
370311,1,1,1992,22,22,22,22,22,22,22,22,22,22
370312,1,1,1992,12,12,12,12,12,12,12,12,12,12
370313,1,1,1992,16,16,16,16,16,16,16,16,16,16
370314,1,1,1992,0,0,0,0,0,0,0,0,0,0
370314,2,1,1992,0,0,0,0,0,0,0,0,0,0
370315,1,1,1992,0,0,0,0,0,0,0,0,0,0
370315,2,1,1992,0,0,0,0,0,0,0,0,0,0
370316,1,1,1992,0,0,0,0,0,0,0,0,0,0
370316,2,1,1992,0,0,0,0,0,0,0,0,0,0
370317,1,1,1992,0,0,0,0,0,0,0,0,0,0
370317,2,1,1992,0,0,0,0,0,0,0,0,0,0
370318,1,1,1992,14,14,14,14,14,14,14,14,14,14
370319,1,1,1992,0,0,0,0,0,0,0,8,0,0
370319,2,1,1992,19,19,19,19,19,19,19,19,19,19
370320,1,1,1992,0,0,0,0,0,0,0,0,0,0
370320,2,1,1992,0,0,0,0,0,0,0,0,0,0
370320,3,1,1992,0,0,0,0,0,0,0,0,0,0
370321,1,1,1992,8,8,8,8,8,8,8,8,8,8
370322,1,1,1992,0,0,0,0,0,0,0,0,0,0
370323,1,1,1992,0,0,0,0,0,0,0,0,0,0
370323,2,1,1992,0,0,0,0,0,0,0,0,0,0
370324,1,1,1992,0,0,0,0,0,0,0,0,0,0
370325,1,1,1992,11,19,14,24,14,8,17,10,15,27
370326,1,1,1992,0,10,0,0,0,0,0,4,0,0
370327,1,1,1992,0,0,0,0,0,0,0,0,0,0
370327,2,1,1992,0,0,0,0,0,0,0,10,0,0
370328,1,1,1992,8,8,8,8,8,8,8,8,8,8
370329,1,1,1992,21,21,21,21,21,21,21,21,21,21
370330,1,1,1992,0,0,0,0,0,0,0,0,0,0
370330,2,1,1992,0,0,0,0,0,0,0,0,0,0
370331,1,1,1992,31,31,31,31,31,31,31,31,31,31
370332,1,1,1992,18,12,18,16,14,13,18,18,15,9
370332,2,1,1992,0,0,0,0,0,0,0,0,0,0
370333,1,1,1992,0,0,0,0,0,0,0,0,0,0
370333,2,1,1992,0,0,0,0,0,0,0,0,0,0
370333,3,1,1992,0,0,0,0,0,0,0,0,0,0
370334,1,1,1992,0,0,0,0,0,0,0,0,0,0
370334,2,1,1992,0,0,0,0,0,0,0,0,0,0
370335,1,1,1992,15,15,15,15,15,15,15,15,15,15
370335,2,1,1992,0,0,0,0,0,0,0,0,0,0
370336,1,1,1992,18,13,0,21,18,2,9,13,20,8
370336,2,1,1992,0,0,0,0,0,0,0,0,0,0
370337,1,1,1992,37,37,37,37,37,37,37,37,37,37
370338,1,1,1992,13,4,23,15,7,30,16,8,28,0
370338,2,1,1992,0,0,0,0,0,0,0,0,0,0
370339,1,1,1992,0,0,0,0,0,0,0,0,0,0
370340,1,1,1992,0,0,0,0,0,0,0,0,0,0
370340,2,1,1992,0,0,0,0,0,0,0,0,0,0
370341,1,1,1992,0,0,0,0,0,0,0,0,0,0
370341,2,1,1992,0,0,0,0,0,0,0,0,0,0
370342,1,1,1992,0,0,0,0,0,0,0,0,0,0
370342,2,1,1992,13,6,13,7,16,27,11,11,17,22
370343,1,1,1992,0,0,0,0,0,0,0,0,0,0
370343,2,1,1992,0,0,0,0,0,0,0,0,0,0
370344,0,1,1992,14,14,14,14,14,14,14,14,14,14
370344,1,1,1992,0,0,0,0,0,0,0,0,0,0
370345,1,1,1992,0,0,0,0,0,0,0,0,0,0
370345,2,1,1992,0,10,0,0,11,0,0,0,0,0
370346,1,1,1992,0,0,0,0,0,0,0,0,0,0
370346,2,1,1992,0,0,0,0,0,0,0,0,0,0
370347,0,1,1992,3,3,3,3,3,3,3,3,3,3
370347,1,1,1992,0,0,0,0,0,0,0,0,0,0
370348,1,1,1992,0,0,0,0,0,0,0,0,0,0
370348,2,1,1992,14,14,14,14,14,14,14,14,14,14
370349,1,1,1992,0,0,0,0,0,0,0,0,0,0
370349,2,1,1992,0,0,0,0,0,0,0,0,0,0
370350,0,1,1992,19,19,19,19,19,19,19,19,19,19
370350,1,1,1992,0,0,0,0,0,0,0,0,0,0
370351,1,1,1992,25,25,25,25,25,25,25,25,25,25
370351,2,1,1992,14,0,0,0,0,0,0,0,0,17
370352,0,1,1992,0,0,0,0,0,0,0,0,0,0
370352,1,1,1992,0,0,0,0,0,0,0,0,0,0
370353,1,1,1992,0,0,0,0,0,0,0,0,0,0
370353,2,1,1992,0,0,0,0,0,0,0,0,0,0
370354,0,1,1992,19,19,19,19,19,19,19,19,19,19
370354,1,1,1992,0,0,0,0,0,0,0,0,0,0
370355,1,1,1992,0,0,0,0,0,0,0,0,0,11
370356,0,1,1992,33,33,33,33,33,33,33,33,33,33
370356,1,1,1992,0,0,0,0,0,0,0,0,0,0
370357,1,1,1992,0,0,0,0,0,0,0,0,0,0
370358,1,1,1992,0,0,0,0,0,0,0,0,0,0
370359,1,1,1992,0,0,0,0,0,0,0,0,0,0
370359,2,1,1992,0,0,0,0,0,0,0,0,0,0
370360,1,1,1992,17,17,17,17,17,17,17,17,17,17
370361,1,1,1992,0,0,0,0,0,0,0,0,0,0
370361,2,1,1992,0,0,0,0,0,0,0,0,0,0
370362,1,1,1992,0,0,0,0,0,0,0,11,0,0
370363,1,1,1992,0,0,0,0,0,0,0,0,0,0
370365,1,1,1992,0,0,0,0,0,0,0,0,0,0
370365,2,1,1992,0,0,0,0,0,0,0,0,0,0
370366,1,1,1992,21,11,26,27,9,23,3,20,18,13
370367,1,1,1992,0,0,0,0,0,0,0,0,0,0
370367,2,1,1992,0,0,0,0,0,0,0,0,0,0
370368,1,1,1992,0,0,0,0,0,0,0,0,0,0
370368,2,1,1992,0,0,0,0,0,0,0,0,0,0
370369,1,1,1992,17,25,20,9,9,10,0,7,19,6
370370,1,1,1992,13,12,21,12,12,20,10,12,14,15
370371,1,1,1992,0,0,0,0,0,0,0,0,0,0
370371,2,1,1992,0,0,0,0,0,0,0,0,0,0
370372,1,1,1992,0,0,0,0,0,0,0,0,0,0
370372,2,1,1992,0,0,0,0,0,0,0,0,0,0
370373,0,1,1992,32,32,32,32,32,32,32,32,32,32
370373,1,1,1992,21,29,28,21,9,13,16,0,25,15
370374,1,1,1992,0,0,0,0,0,0,0,0,0,0
370374,2,1,1992,0,0,0,0,0,0,0,0,0,0
370375,1,1,1992,0,0,0,0,0,0,0,0,0,0
370375,2,1,1992,0,0,0,0,0,0,0,0,0,0
370376,1,1,1992,0,0,0,0,0,0,0,0,0,0
370377,1,1,1992,0,0,0,0,0,0,0,0,0,0
370378,1,1,1992,0,0,0,0,0,0,0,0,0,0
370378,2,1,1992,0,0,0,0,0,0,6,0,0,0
370379,0,1,1992,27,27,27,27,27,27,27,27,27,27
370379,1,1,1992,0,0,0,0,0,0,0,0,0,0
370381,1,1,1992,16,22,11,10,12,2,12,17,24,7
370381,2,1,1992,0,0,0,0,0,0,0,0,0,0
370382,1,1,1992,0,0,0,0,0,0,0,0,0,0
370382,2,1,1992,0,0,15,0,0,0,0,0,0,0
370382,3,1,1992,0,0,0,0,0,0,0,0,0,0
370383,1,1,1992,3,3,3,3,3,3,3,3,3,3
370384,1,1,1992,0,0,0,0,0,0,0,0,0,0
370384,2,1,1992,0,0,0,0,0,0,0,0,0,0
370385,1,1,1992,0,0,0,0,0,0,0,0,0,0
370385,2,1,1992,0,0,0,0,0,0,0,0,0,0
370386,1,1,1992,0,0,0,0,0,0,0,0,0,0
370386,2,1,1992,0,0,0,0,0,0,0,0,0,0
370387,1,1,1992,0,0,0,0,0,0,0,0,0,0
370388,1,1,1992,16,16,16,16,16,16,16,16,16,16
370388,2,1,1992,0,0,0,0,0,0,0,0,0,0
370389,1,1,1992,7,10,7,9,21,7,15,13,14,15
370389,2,1,1992,0,0,0,0,0,0,0,0,0,0
370389,3,1,1992,0,0,0,0,0,0,0,0,0,9
370390,1,1,1992,0,0,0,0,0,0,0,0,0,0
370390,2,1,1992,0,0,0,0,0,0,0,0,0,0
370391,1,1,1992,31,31,31,31,31,31,31,31,31,31
370392,1,1,1992,21,26,20,13,24,26,32,20,15,14
370393,1,1,1992,0,0,0,0,0,0,0,0,0,0
370394,1,1,1992,0,0,0,0,0,0,0,0,0,0
370396,1,1,1992,0,0,0,0,0,0,0,0,0,0
370396,2,1,1992,0,0,0,0,0,0,0,0,0,0
370397,0,1,1992,0,0,0,0,0,0,0,0,0,0
370397,1,1,1992,0,0,0,0,0,0,0,0,0,0
370398,1,1,1992,17,17,17,17,17,17,17,17,17,17
370399,1,1,1992,26,34,10,17,19,30,24,22,20,14
370400,1,1,1992,27,27,27,27,27,27,27,27,27,27
370401,1,1,1992,0,0,0,0,0,0,0,0,0,0
370402,1,1,1992,0,0,0,0,0,0,0,0,0,0
370402,2,1,1992,0,0,0,0,0,0,0,0,0,0
370402,3,1,1992,0,0,0,0,0,0,0,0,0,0
370403,1,1,1992,23,23,23,23,23,23,23,23,23,23
370404,1,1,1992,10,15,15,11,26,4,12,18,24,8
370405,1,1,1992,0,0,0,0,0,0,0,0,0,0
370406,1,1,1992,13,18,12,23,28,19,24,14,12,15
370406,2,1,1992,0,0,0,0,0,0,0,0,0,0
370407,0,1,1992,18,18,18,18,18,18,18,18,18,18
370407,1,1,1992,0,0,0,0,0,0,0,0,0,0
370408,1,1,1992,0,0,0,0,0,0,0,0,0,0
370408,2,1,1992,0,0,0,0,0,0,0,0,0,0
370409,1,1,1992,0,0,0,0,0,0,0,0,0,0
370409,2,1,1992,0,0,0,0,0,0,0,0,0,0
370410,1,1,1992,0,0,0,0,0,0,0,0,0,0
370410,2,1,1992,0,0,11,0,0,0,0,0,5,0
370411,0,1,1992,16,16,16,16,16,16,16,16,16,16
370411,1,1,1992,0,0,20,0,0,0,0,12,0,0
370412,1,1,1992,16,16,16,16,16,16,16,16,16,16
370413,1,1,1992,17,17,21,18,21,13,20,15,24,29
370414,1,1,1992,20,20,20,20,20,20,20,20,20,20
370415,1,1,1992,0,0,0,0,0,0,0,0,0,0
370416,0,1,1992,0,0,0,0,0,0,0,0,0,0
370416,1,1,1992,0,0,0,0,0,0,0,0,0,0
370417,1,1,1992,0,0,0,0,0,0,0,0,0,0
370418,1,1,1992,0,0,12,0,0,9,0,0,0,0
370418,2,1,1992,0,0,0,0,0,0,0,0,0,0
370419,1,1,1992,8,19,20,6,0,19,0,15,10,16
370419,2,1,1992,0,0,0,0,0,0,0,0,0,0
370420,1,1,1992,0,0,0,0,0,0,0,0,0,0
370420,2,1,1992,0,0,0,0,0,0,0,0,0,0
370421,1,1,1992,0,0,0,0,0,0,0,0,0,0
370421,2,1,1992,0,0,0,0,0,0,0,0,0,0
370422,1,1,1992,0,0,0,0,0,0,0,0,0,0
370422,2,1,1992,0,0,0,0,0,0,0,0,0,0
370423,1,1,1992,0,0,0,0,0,0,0,0,0,0
370423,2,1,1992,0,0,0,0,0,0,0,0,0,0
370423,3,1,1992,0,0,0,0,0,0,0,0,0,0
370424,1,1,1992,5,5,5,5,5,5,5,5,5,5
370425,1,1,1992,38,38,38,38,38,38,38,38,38,38
370426,1,1,1992,0,0,0,0,0,0,0,0,0,0
370426,2,1,1992,0,0,0,10,0,0,0,0,0,0
370427,1,1,1992,0,0,0,0,0,0,0,0,0,0
370428,1,1,1992,13,13,13,13,13,13,13,13,13,13
370429,1,1,1992,0,0,0,0,0,0,0,0,0,0
370429,2,1,1992,0,0,0,0,0,0,0,0,0,0
370430,1,1,1992,0,0,13,0,0,0,0,0,2,0
370430,2,1,1992,4,0,0,0,0,0,0,0,0,0
370431,1,1,1992,0,0,0,0,0,0,0,0,0,0
370432,1,1,1992,0,0,0,0,0,0,0,0,0,0
370433,1,1,1992,0,0,0,0,0,0,0,0,0,0
370433,2,1,1992,5,28,9,11,11,17,21,5,16,14
370434,1,1,1992,0,0,0,0,0,0,0,0,0,0
370434,2,1,1992,0,10,0,0,0,0,0,0,0,0
370434,3,1,1992,0,0,0,0,0,0,0,0,0,0
370435,1,1,1992,0,0,0,0,0,0,0,0,0,0
370435,2,1,1992,0,16,0,0,38,19,30,0,0,0
370436,0,1,1992,18,18,18,18,18,18,18,18,18,18
370436,1,1,1992,0,0,14,5,7,22,22,16,17,0
370437,1,1,1992,0,0,0,0,0,0,0,0,0,0
370437,2,1,1992,0,0,0,0,0,0,0,0,16,0
370438,0,1,1992,0,0,0,0,0,0,0,0,0,0
370438,1,1,1992,0,0,0,0,0,19,4,0,0,0
370439,1,1,1992,0,0,0,0,7,0,0,0,0,0
370439,2,1,1992,0,0,0,0,0,0,0,0,0,0
370439,3,1,1992,0,0,0,0,0,0,0,0,0,0
370440,1,1,1992,10,17,13,20,10,10,11,8,15,17
370442,1,1,1992,0,0,0,0,0,0,0,0,0,0
370443,1,1,1992,6,6,6,6,6,6,6,6,6,6
370444,1,1,1992,0,0,0,0,0,0,0,0,0,0
370445,1,1,1992,0,0,0,0,0,0,0,0,0,0
370445,2,1,1992,0,0,0,0,0,0,0,0,0,0
370447,1,1,1992,23,23,23,23,23,23,23,23,23,23
370448,1,1,1992,35,35,35,35,35,35,35,35,35,35
370448,2,1,1992,0,0,0,0,0,0,0,0,0,0
370449,1,1,1992,0,0,0,0,0,0,0,0,0,0
370449,2,1,1992,0,0,0,0,0,0,0,0,0,0
370450,1,1,1992,0,0,15,0,0,0,0,0,0,0
370451,1,1,1992,0,0,0,0,0,0,0,0,0,0
370452,0,1,1992,26,26,26,26,26,26,26,26,26,26
370452,1,1,1992,0,0,0,0,0,0,0,0,0,0
370453,1,1,1992,22,0,11,20,7,23,15,10,0,10
370453,2,1,1992,0,0,0,0,0,0,0,0,0,0
370454,1,1,1992,0,0,0,0,0,0,0,0,0,0
370454,2,1,1992,0,0,0,0,0,0,0,0,0,0
370455,1,1,1992,0,0,0,0,0,0,0,0,0,0
370455,2,1,1992,0,0,0,0,0,0,0,0,0,0
370456,1,1,1992,0,0,0,0,0,0,0,0,0,0
370456,2,1,1992,9,18,16,19,28,15,14,19,0,12
370457,0,1,1992,0,0,0,0,0,0,0,0,0,0
370457,1,1,1992,0,0,0,0,0,0,0,0,0,0
370458,1,1,1992,0,0,0,0,0,0,0,0,0,0
370458,2,1,1992,0,0,0,0,0,0,0,0,0,0
370459,1,1,1992,0,0,0,0,0,0,0,0,0,0
370460,1,1,1992,19,14,9,3,0,0,26,9,20,27
370460,2,1,1992,0,0,0,0,0,0,0,0,0,0
370461,1,1,1992,0,0,0,0,0,0,0,0,0,0
370462,0,1,1992,11,11,11,11,11,11,11,11,11,11
370462,1,1,1992,6,0,0,0,0,0,0,0,0,0
370463,0,1,1992,11,11,11,11,11,11,11,11,11,11
370463,1,1,1992,0,0,0,0,0,0,0,0,0,0
370464,1,1,1992,0,0,0,0,0,0,0,0,0,0
370464,2,1,1992,0,0,0,0,0,0,0,0,0,0
370465,1,1,1992,27,27,27,27,27,27,27,27,27,27
370465,2,1,1992,0,0,0,0,0,0,0,0,0,0
370465,3,1,1992,0,0,0,0,0,0,0,0,0,0
370466,1,1,1992,0,0,0,0,0,0,0,0,0,0
370467,1,1,1992,0,0,0,0,0,0,0,0,0,0
370467,2,1,1992,0,0,0,0,0,0,0,0,0,0
370468,1,1,1992,15,19,23,14,19,10,24,12,29,3
370468,2,1,1992,0,0,0,0,0,0,0,0,0,0
370469,1,1,1992,28,28,28,28,28,28,28,28,28,28
370470,1,1,1992,20,3,8,15,16,41,24,5,26,13
370470,2,1,1992,0,0,15,0,15,8,0,0,9,0
370471,1,1,1992,12,12,12,12,12,12,12,12,12,12
370471,2,1,1992,0,0,0,0,0,0,0,0,0,0
370472,0,1,1992,33,33,33,33,33,33,33,33,33,33
370472,1,1,1992,8,0,11,13,0,18,10,6,18,21
370473,1,1,1992,0,0,0,0,0,0,0,0,0,0
370473,2,1,1992,0,0,0,0,0,0,0,0,0,0
370474,0,1,1992,19,19,19,19,19,19,19,19,19,19
370474,1,1,1992,0,0,13,0,0,0,0,0,13,13
370475,1,1,1992,0,0,0,0,0,0,0,0,0,0
370475,2,1,1992,0,0,0,0,0,0,0,0,0,0
370475,3,1,1992,0,0,0,0,0,0,0,0,0,0
370476,1,1,1992,12,16,10,20,12,27,24,23,9,10
370477,1,1,1992,0,12,15,17,23,0,9,17,16,0
370478,1,1,1992,9,16,18,21,8,18,16,11,18,12
370479,1,1,1992,0,0,0,0,0,0,0,0,0,0
370479,2,1,1992,0,0,0,0,0,0,0,0,0,0
370480,1,1,1992,0,0,0,0,0,0,0,0,0,0
370480,2,1,1992,0,0,0,0,0,0,0,0,0,0
370481,0,1,1992,0,0,0,0,0,0,0,0,0,0
370481,1,1,1992,0,0,0,0,0,0,0,0,0,0
370482,1,1,1992,0,0,0,0,0,0,0,0,0,0
370482,2,1,1992,0,0,0,0,0,6,0,0,0,0
370482,3,1,1992,0,0,0,0,0,0,0,0,0,0
370482,4,1,1992,0,0,0,0,0,0,0,0,0,0
370482,5,1,1992,0,0,0,0,0,0,0,0,0,0
370483,1,1,1992,0,0,0,0,10,0,0,0,0,0
370483,2,1,1992,14,0,14,25,8,0,13,6,30,8
370484,1,1,1992,16,16,16,16,16,16,16,16,16,16
370485,1,1,1992,0,0,6,0,0,0,0,0,0,0
370485,2,1,1992,0,0,0,0,0,0,0,0,0,0
370487,1,1,1992,22,11,13,29,17,6,10,4,17,7
370487,2,1,1992,9,9,9,9,9,9,9,9,9,9
370488,1,1,1992,20,20,20,20,20,20,20,20,20,20
370489,1,1,1992,14,14,14,14,14,14,14,14,14,14
370490,1,1,1992,0,0,0,0,0,0,0,0,0,0
370490,2,1,1992,0,0,0,0,0,0,0,0,0,0
370491,1,1,1992,0,0,0,0,0,0,0,0,0,0
370491,2,1,1992,0,0,0,0,0,0,0,0,0,0
370491,3,1,1992,0,0,0,0,0,0,0,0,0,0
370492,1,1,1992,14,14,14,14,14,14,14,14,14,14
370493,1,1,1992,0,0,0,0,0,0,0,0,0,0
370493,2,1,1992,0,0,0,0,0,0,0,0,0,20
370494,1,1,1992,0,0,0,0,0,0,0,0,0,0
370494,2,1,1992,0,0,0,0,0,0,0,0,0,0
370495,1,1,1992,19,19,19,19,19,19,19,19,19,19
370496,1,1,1992,30,30,30,30,30,30,30,30,30,30
370497,1,1,1992,0,0,0,0,0,0,5,0,0,0
370497,2,1,1992,0,0,0,0,0,0,0,0,0,0
370498,0,1,1992,19,19,19,19,19,19,19,19,19,19
370498,1,1,1992,0,0,0,0,0,0,0,0,0,0
370499,0,1,1992,0,0,0,0,0,0,0,0,0,0
370499,1,1,1992,0,0,0,0,0,0,0,0,0,0
370499,2,1,1992,0,0,0,0,0,0,0,0,0,0
370499,3,1,1992,0,0,0,0,0,0,0,0,0,0
370500,1,1,1992,0,0,0,0,0,0,0,0,0,0
370500,2,1,1992,0,0,0,0,0,0,0,0,0,0
370501,1,1,1992,5,0,0,0,0,0,0,0,0,0
370501,2,1,1992,0,0,0,0,0,0,0,0,0,0
370502,1,1,1992,18,18,18,18,18,18,18,18,18,18
370503,1,1,1992,6,6,6,6,6,6,6,6,6,6
370504,1,1,1992,0,0,0,0,0,0,0,0,0,0
370504,2,1,1992,0,0,0,0,0,0,0,0,0,0
370505,1,1,1992,0,0,0,0,0,0,0,0,0,0
370506,1,1,1992,0,0,0,0,0,0,0,0,0,0
370506,2,1,1992,0,0,0,0,0,0,0,0,0,0
370506,3,1,1992,0,0,0,0,0,0,0,0,0,0
370507,1,1,1992,18,18,18,18,18,18,18,18,18,18
370508,1,1,1992,0,0,0,0,0,0,0,0,0,0
370508,2,1,1992,0,0,0,0,0,0,0,0,0,0
370508,3,1,1992,0,0,0,0,0,0,0,0,0,0
370509,1,1,1992,15,15,15,15,15,15,15,15,15,15
370510,1,1,1992,0,0,0,0,0,0,0,0,0,0
370510,2,1,1992,0,0,0,0,0,0,0,0,0,0
370511,1,1,1992,10,10,10,10,10,10,10,10,10,10
370512,1,1,1992,0,0,0,0,0,0,0,0,0,0
370513,1,1,1992,0,0,0,0,0,0,0,0,0,0
370513,2,1,1992,0,0,0,0,0,0,0,0,0,0
370514,1,1,1992,16,16,16,16,16,16,16,16,16,16
370514,2,1,1992,0,0,0,0,0,0,0,0,0,0
370515,1,1,1992,0,0,0,0,0,0,0,0,0,0
370515,2,1,1992,0,0,0,0,0,0,0,0,0,0
370516,1,1,1992,12,7,10,0,0,7,8,3,22,13
370516,2,1,1992,0,0,0,0,0,0,0,0,0,0
370517,1,1,1992,0,0,0,0,0,0,0,0,0,0
370518,1,1,1992,8,14,20,25,0,20,10,11,8,14
370519,1,1,1992,0,0,0,0,0,0,0,0,0,0
370520,1,1,1992,0,0,0,0,0,0,0,0,0,0
370520,2,1,1992,0,0,0,0,0,0,0,0,0,0
370521,1,1,1992,0,0,0,0,0,0,0,0,0,0
370521,2,1,1992,0,0,0,0,0,0,0,0,0,0
370522,1,1,1992,0,0,0,0,0,0,0,0,0,0
370522,2,1,1992,0,0,0,0,0,0,0,0,0,0
370523,1,1,1992,17,17,17,17,17,17,17,17,17,17
370523,2,1,1992,0,0,0,0,0,0,0,0,0,0
370524,0,1,1992,4,4,4,4,4,4,4,4,4,4
370524,1,1,1992,0,0,0,0,0,0,0,0,0,0
370525,1,1,1992,0,6,9,0,18,0,21,14,0,8
370526,1,1,1992,7,7,7,7,7,7,7,7,7,7
370527,1,1,1992,8,7,9,13,14,12,8,10,0,0
370527,2,1,1992,0,0,0,0,0,0,0,0,0,0
370528,0,1,1992,0,0,0,0,0,0,0,0,0,0
370528,1,1,1992,0,0,0,0,0,0,0,12,0,0
370529,0,1,1992,19,19,19,19,19,19,19,19,19,19
370529,1,1,1992,0,0,0,0,0,0,0,0,0,0
370530,1,1,1992,25,0,0,0,0,0,0,0,0,0
370530,2,1,1992,0,0,0,0,0,0,0,0,0,0
370531,1,1,1992,11,13,14,13,21,0,12,16,8,8
370531,2,1,1992,0,0,0,0,0,0,0,0,0,0
370532,1,1,1992,0,0,0,0,0,0,0,0,0,0
370532,2,1,1992,0,0,0,0,0,0,0,0,0,0
370533,1,1,1992,0,0,0,0,0,0,0,0,0,0
370533,2,1,1992,0,0,0,0,0,0,0,0,0,0
370534,1,1,1992,0,0,0,0,0,0,0,0,0,0
370535,1,1,1992,0,0,0,3,0,0,0,0,0,29
370536,1,1,1992,0,0,0,0,0,0,0,0,0,0
370536,2,1,1992,0,0,0,0,0,0,0,0,0,0
370537,1,1,1992,0,0,0,0,0,0,0,0,0,0
370537,2,1,1992,14,14,14,14,14,14,14,14,14,14
370538,0,1,1992,4,4,4,4,4,4,4,4,4,4
370538,1,1,1992,0,0,0,0,0,0,0,0,0,0
370539,1,1,1992,24,24,24,24,24,24,24,24,24,24
370540,1,1,1992,0,0,0,0,0,0,0,0,0,0
370541,0,1,1992,21,21,21,21,21,21,21,21,21,21
370541,1,1,1992,17,9,5,12,5,23,10,0,7,17
370542,1,1,1992,0,0,0,0,0,0,0,0,0,0
370542,2,1,1992,0,0,0,10,0,0,0,0,0,0
370542,3,1,1992,0,0,0,0,0,0,0,0,0,0
370543,1,1,1992,0,0,0,0,0,0,0,0,0,0
370544,1,1,1992,24,24,24,24,24,24,24,24,24,24
370545,1,1,1992,16,16,16,16,16,16,16,16,16,16
370546,1,1,1992,0,0,0,0,0,0,0,0,0,0
370547,1,1,1992,0,0,0,10,0,0,0,0,0,0
370547,2,1,1992,0,0,0,0,0,0,0,0,0,0
370548,0,1,1992,15,15,15,15,15,15,15,15,15,15
370548,0,2,1992,0,17,0,0,0,5,24,0,0,0
370548,1,1,1992,0,0,0,0,21,0,0,0,0,0
370549,1,1,1992,23,23,23,23,23,23,23,23,23,23
370550,1,1,1992,0,0,0,0,0,0,0,0,0,0
370551,1,1,1992,0,0,0,0,0,0,0,0,0,0
370551,2,1,1992,0,0,0,0,0,0,0,0,0,0
370551,3,1,1992,0,0,0,0,0,0,0,0,0,0
370552,1,1,1992,0,0,0,0,0,0,0,0,0,0
370552,2,1,1992,26,26,26,26,26,26,26,26,26,26
370553,1,1,1992,0,0,0,0,0,0,0,0,0,0
370553,2,1,1992,0,0,0,0,0,0,0,0,0,0
370554,1,1,1992,0,0,0,0,0,0,0,0,0,0
370554,2,1,1992,0,0,0,0,0,0,0,0,0,0
370555,1,1,1992,28,28,28,28,28,28,28,28,28,28
370556,1,1,1992,0,0,0,0,0,0,0,0,0,0
370557,1,1,1992,0,0,0,0,0,0,0,0,0,0
370558,0,1,1992,18,18,18,18,18,18,18,18,18,18
370558,1,1,1992,0,0,0,0,0,0,0,0,0,0
370559,0,1,1992,37,0,0,0,10,16,20,7,20,29
370559,1,1,1992,17,16,8,9,23,13,5,4,17,23
370560,1,1,1992,15,15,15,15,15,15,15,15,15,15
370561,1,1,1992,17,17,17,17,17,17,17,17,17,17
370561,2,1,1992,0,0,0,0,0,0,0,0,0,0
370561,3,1,1992,0,0,0,0,0,19,5,0,0,0
370562,0,1,1992,22,22,22,22,22,22,22,22,22,22
370562,1,1,1992,0,0,0,0,0,9,0,0,6,0
370563,0,1,1992,17,17,17,17,17,17,17,17,17,17
370563,1,1,1992,0,0,0,0,0,0,0,0,0,0
370564,1,1,1992,0,0,0,0,0,0,0,0,0,0
370565,0,1,1992,28,28,28,28,28,28,28,28,28,28
370565,1,1,1992,0,0,0,0,0,0,0,0,0,0
370566,1,1,1992,30,30,30,30,30,30,30,30,30,30
370567,1,1,1992,0,0,0,0,0,0,0,0,0,0
370568,0,1,1992,0,0,0,0,0,0,0,0,0,0
370568,1,1,1992,0,0,0,0,0,0,0,0,0,0
370569,1,1,1992,0,0,0,0,0,0,0,0,0,0
370569,2,1,1992,0,0,0,0,0,0,0,0,0,0
370570,1,1,1992,0,0,0,0,0,0,0,0,0,0
370571,1,1,1992,0,0,0,0,0,0,0,0,0,0
370571,2,1,1992,0,0,0,0,0,0,0,0,0,0
370572,1,1,1992,0,0,0,0,0,0,0,0,0,0
370572,2,1,1992,0,0,0,0,0,0,0,0,0,0
370573,1,1,1992,0,0,0,0,0,0,0,0,0,0
370574,0,1,1992,32,32,32,32,32,32,32,32,32,32
370574,1,1,1992,0,0,0,0,0,0,0,0,0,0
370575,1,1,1992,14,14,14,14,14,14,14,14,14,14
370575,2,1,1992,0,0,0,0,0,0,0,0,0,0
370576,1,1,1992,0,0,0,0,0,0,0,0,0,0
370576,2,1,1992,0,0,0,0,0,0,0,0,0,0
370577,0,1,1992,0,0,0,0,0,0,0,0,0,0
370577,1,1,1992,0,0,0,0,0,0,0,0,0,0