ST_CASE,VEH_NO,PER_NO,YEAR,P1,P2,P3,P4,P5,P6,P7,P8,P9,P10
370867,0,1,1992,0,0,0,0,0,0,0,0,0,0
370867,1,1,1992,0,0,0,0,0,0,0,0,0,0
370868,1,1,1992,25,25,25,25,25,25,25,25,25,25
370869,1,1,1992,0,0,0,0,0,0,0,0,0,0
370869,2,1,1992,0,0,0,0,0,0,0,0,0,0
370870,1,1,1992,26,26,26,26,26,26,26,26,26,26
370871,1,1,1992,26,12,38,9,10,26,12,16,14,21
370872,1,1,1992,0,0,0,0,0,0,0,0,0,0
370873,1,1,1992,0,4,0,0,0,10,0,23,0,6
370873,2,1,1992,0,0,0,0,0,0,0,0,0,0
370874,1,1,1992,0,0,0,0,0,0,0,0,0,0
370874,2,1,1992,0,0,0,0,0,0,0,0,0,0
370875,1,1,1992,22,22,22,22,22,22,22,22,22,22
370875,2,1,1992,0,0,0,0,0,0,0,0,0,0
370876,1,1,1992,0,0,0,0,0,0,0,0,0,0
370876,2,1,1992,0,0,0,0,0,0,0,0,0,0
370877,1,1,1992,0,0,0,0,0,0,0,0,0,0
370877,2,1,1992,0,0,0,0,0,0,0,0,0,0
370878,0,1,1992,23,23,23,23,23,23,23,23,23,23
370878,0,2,1992,0,15,20,8,15,31,34,29,28,0
370878,1,1,1992,0,0,0,0,0,0,0,0,0,0
370879,0,1,1992,26,26,26,26,26,26,26,26,26,26
370879,1,1,1992,0,0,0,0,0,0,0,0,0,0
370880,1,1,1992,0,0,0,24,0,0,0,16,0,0
370881,1,1,1992,31,26,28,16,0,12,16,37,23,18
370881,2,1,1992,0,3,0,0,0,0,0,0,0,0
370883,1,1,1992,0,0,0,0,0,0,0,0,0,0
370883,2,1,1992,0,0,0,0,0,0,0,0,11,0
370884,1,1,1992,0,33,0,23,0,0,18,0,0,12
370885,1,1,1992,0,0,0,0,0,0,0,0,0,0
370886,1,1,1992,15,15,15,15,15,15,15,15,15,15
370887,1,1,1992,0,0,0,0,0,0,0,0,0,0
370887,2,1,1992,0,0,0,0,0,0,0,0,0,0
370888,1,1,1992,21,21,21,21,21,21,21,21,21,21
370889,1,1,1992,10,20,18,0,23,0,21,7,8,0
370890,0,1,1992,13,13,13,13,13,13,13,13,13,13
370890,1,1,1992,21,0,5,0,0,0,16,0,0,0
370891,1,1,1992,21,16,17,21,17,20,11,18,13,20
370892,1,1,1992,0,0,10,16,0,26,0,0,9,0
370893,0,1,1992,6,6,6,6,6,6,6,6,6,6
370893,1,1,1992,0,0,0,0,0,0,0,0,0,0
370894,1,1,1992,14,4,38,19,6,9,14,19,16,10
370894,2,1,1992,0,0,0,0,10,9,0,0,0,0
370895,1,1,1992,0,0,0,0,0,0,0,0,0,0
370896,0,1,1992,0,0,0,0,0,0,0,0,0,0
370896,1,1,1992,0,0,0,0,0,0,0,0,0,0
370897,0,1,1992,37,37,37,37,37,37,37,37,37,37
370897,1,1,1992,0,0,0,0,0,0,0,0,0,0
370898,1,1,1992,0,0,20,16,0,0,0,0,0,0
370899,1,1,1992,0,0,0,0,0,0,0,0,0,0
370900,1,1,1992,0,0,0,0,0,0,0,0,0,0
370900,2,1,1992,0,0,0,0,0,0,0,0,0,0
370901,1,1,1992,0,0,0,0,0,0,0,0,0,0
370902,1,1,1992,0,0,0,0,0,0,0,0,0,0
370902,2,1,1992,0,0,0,0,0,0,0,0,0,0
370903,1,1,1992,0,0,0,0,0,0,0,0,0,0
370904,1,1,1992,15,15,15,15,15,15,15,15,15,15
370905,0,1,1992,0,0,0,0,0,0,0,0,0,0
370905,1,1,1992,0,0,0,0,0,0,0,0,0,0
370906,1,1,1992,0,0,0,0,0,0,0,0,0,0
370906,2,1,1992,16,15,12,43,0,24,0,0,0,0
370907,0,1,1992,11,11,11,11,11,11,11,11,11,11
370907,1,1,1992,0,0,0,0,0,0,0,0,4,0
370908,0,1,1992,26,26,26,26,26,26,26,26,26,26
370908,1,1,1992,11,17,15,0,8,10,10,14,16,13
370909,0,1,1992,26,26,26,26,26,26,26,26,26,26
370909,1,1,1992,5,11,0,8,5,22,0,22,13,17
370910,1,1,1992,20,21,15,30,14,27,8,22,20,25
370911,1,1,1992,0,0,0,0,0,0,0,0,0,0
370911,2,1,1992,0,0,0,0,0,0,0,0,0,0
370912,1,1,1992,16,16,16,16,16,16,16,16,16,16
370913,1,1,1992,0,0,0,0,0,0,0,0,0,0
370914,1,1,1992,20,10,8,10,17,30,26,14,21,26
370915,1,1,1992,31,31,31,31,31,31,31,31,31,31
370916,1,1,1992,0,0,0,0,0,0,0,0,0,0
370916,2,1,1992,0,0,0,0,0,0,0,0,0,0
370917,1,1,1992,19,12,40,17,10,17,0,24,11,13
370918,1,1,1992,29,29,29,29,29,29,29,29,29,29
370919,1,1,1992,0,0,0,0,0,0,0,0,0,0
370920,1,1,1992,0,0,0,0,0,0,0,0,0,0
370920,2,1,1992,0,0,0,0,0,0,0,0,0,0
370921,1,1,1992,0,0,0,0,0,0,0,0,0,0
370921,2,1,1992,0,0,0,0,0,0,0,0,0,0
370922,1,1,1992,0,0,0,0,0,0,0,0,0,8
370922,2,1,1992,5,0,0,0,0,0,0,0,0,0
370923,1,1,1992,28,28,28,28,28,28,28,28,28,28
370924,1,1,1992,2,2,2,2,2,2,2,2,2,2
370924,2,1,1992,0,0,0,0,6,0,21,0,0,0
370925,1,1,1992,21,20,21,31,28,23,16,26,13,23
370926,1,1,1992,0,0,0,0,0,0,0,0,0,0
370926,2,1,1992,0,0,0,0,0,0,0,0,0,0
370927,1,1,1992,0,0,0,0,0,0,0,0,0,0
370927,2,1,1992,0,0,0,0,0,0,0,0,0,0
370927,3,1,1992,0,0,0,0,0,0,0,0,0,0
370927,4,1,1992,0,0,0,0,0,0,0,0,0,0
370928,1,1,1992,0,0,0,0,0,0,0,0,0,0
370929,1,1,1992,0,0,0,0,0,0,0,0,0,0
370930,0,1,1992,7,25,16,33,23,23,23,17,10,27
370930,1,1,1992,0,0,0,0,0,0,0,0,0,0
370931,0,1,1992,13,13,13,13,13,13,13,13,13,13
370931,1,1,1992,0,0,0,0,0,0,0,0,0,0
370932,1,1,1992,19,19,19,19,19,19,19,19,19,19
370933,1,1,1992,26,26,26,26,26,26,26,26,26,26
370934,1,1,1992,0,0,0,0,0,0,0,0,0,0
370935,1,1,1992,2,2,2,2,2,2,2,2,2,2
370935,2,1,1992,0,0,0,0,0,0,0,0,0,0
370936,1,1,1992,24,24,24,24,24,24,24,24,24,24
370937,1,1,1992,0,0,0,0,0,0,0,0,0,0
370937,2,1,1992,0,0,0,0,0,0,0,0,0,0
370937,3,1,1992,0,0,0,0,0,0,0,0,0,0
370938,1,1,1992,0,0,0,0,0,0,0,0,0,0
370938,2,1,1992,0,0,0,0,0,0,0,0,0,0
370938,3,1,1992,0,8,0,0,0,0,0,0,0,0
370939,0,1,1992,24,24,24,24,24,24,24,24,24,24
370939,1,1,1992,0,0,0,0,0,0,0,0,0,0
370940,0,1,1992,23,23,23,23,23,23,23,23,23,23
370940,1,1,1992,0,0,0,0,0,0,0,0,0,0
370941,1,1,1992,0,0,0,0,0,0,0,0,0,0
370941,2,1,1992,0,0,0,0,0,0,0,0,0,0
370942,1,1,1992,30,30,30,30,30,30,30,30,30,30
370943,1,1,1992,24,24,24,24,24,24,24,24,24,24
370944,0,1,1992,23,23,23,23,23,23,23,23,23,23
370944,1,1,1992,0,0,0,0,0,0,0,0,0,0
370945,0,1,1992,33,23,28,37,29,23,24,26,21,11
370945,1,1,1992,0,0,0,0,0,0,0,0,0,0
370946,1,1,1992,0,0,0,0,0,0,0,0,0,0
370947,1,1,1992,0,0,0,0,0,0,0,0,0,0
370947,2,1,1992,0,0,0,0,0,0,0,0,0,0
370948,1,1,1992,0,0,0,0,0,0,0,0,0,0
370948,2,1,1992,0,0,0,0,0,0,0,0,0,0
370949,1,1,1992,0,0,0,0,0,0,0,0,0,0
370950,1,1,1992,0,0,0,0,0,0,0,0,0,0
370950,2,1,1992,0,0,0,0,0,0,0,0,0,0
370951,1,1,1992,0,0,0,0,0,0,0,0,0,0
370951,2,1,1992,0,0,0,0,0,0,0,0,0,0
370952,1,1,1992,0,0,0,0,0,0,0,0,0,0
370952,2,1,1992,0,0,0,0,0,0,0,0,0,0
370953,1,1,1992,0,0,0,0,0,0,0,0,0,0
370953,2,1,1992,0,0,0,0,0,0,0,0,0,0
370954,1,1,1992,0,0,0,0,0,0,0,0,0,0
370954,2,1,1992,3,3,3,3,3,3,3,3,3,3
370955,0,1,1992,20,20,20,20,20,20,20,20,20,20
370955,1,1,1992,0,0,21,0,0,0,0,0,0,0
370956,0,1,1992,0,0,0,0,0,0,0,0,0,0
370956,1,1,1992,0,0,0,0,0,0,0,0,0,0
370956,2,1,1992,14,13,28,0,12,20,8,16,17,18
370957,1,1,1992,0,0,0,0,0,0,0,0,0,0
370957,2,1,1992,25,20,14,3,10,28,15,20,15,0
370958,1,1,1992,0,0,0,0,0,0,0,0,0,0
370959,1,1,1992,0,0,0,0,0,0,0,0,0,0
370960,0,1,1992,36,36,36,36,36,36,36,36,36,36
370960,1,1,1992,0,0,0,0,0,0,0,0,0,0
370961,0,1,1992,17,17,17,17,17,17,17,17,17,17
370961,1,1,1992,0,0,0,0,0,0,0,0,0,0
370962,1,1,1992,0,0,0,0,0,0,0,0,0,0
370963,1,1,1992,0,0,0,0,0,0,0,22,0,0
370965,0,1,1992,0,0,0,0,0,0,0,0,0,0
370965,1,1,1992,0,0,0,0,0,0,0,0,0,0
370966,0,1,1992,25,25,25,25,25,25,25,25,25,25
370966,1,1,1992,0,0,0,0,0,0,0,0,0,0
370967,1,1,1992,0,0,0,0,0,0,0,0,0,0
370967,2,1,1992,0,0,0,0,0,0,0,0,0,0
370968,1,1,1992,0,0,0,0,0,0,0,0,0,0
370968,2,1,1992,0,0,0,0,0,0,0,0,0,0
370969,1,1,1992,0,0,0,0,0,0,0,0,0,0
370969,2,1,1992,0,0,0,0,0,0,0,0,0,0
370970,1,1,1992,24,24,24,24,24,24,24,24,24,24
370971,0,1,1992,0,0,0,0,0,0,0,0,0,0
370971,1,1,1992,0,0,0,0,0,0,0,0,0,0
370972,0,1,1992,0,0,0,0,0,0,0,0,0,0
370972,1,1,1992,0,0,0,0,0,0,0,0,0,0
370973,1,1,1992,0,0,0,0,0,0,0,0,0,0
370973,2,1,1992,0,0,0,0,0,0,0,0,0,0
370974,1,1,1992,0,0,0,0,0,0,0,0,0,0
370974,2,1,1992,0,0,0,0,0,0,0,0,0,0
370975,1,1,1992,0,0,0,0,0,0,0,0,0,0
370975,2,1,1992,0,0,0,0,0,0,0,0,0,0
370976,1,1,1992,0,0,0,0,0,0,0,0,0,0
370976,2,1,1992,0,0,0,0,0,0,0,0,0,0
370977,0,1,1992,0,0,0,0,0,0,0,0,0,0
370977,1,1,1992,0,0,0,0,0,0,0,0,16,0
370979,1,1,1992,0,0,0,0,0,0,0,0,0,0
370980,0,1,1992,0,0,0,0,0,0,0,0,0,0
370980,1,1,1992,0,0,0,0,0,0,0,0,0,0
370981,1,1,1992,15,15,15,15,15,15,15,15,15,15
370982,1,1,1992,34,34,34,34,34,34,34,34,34,34
370983,1,1,1992,0,0,0,0,0,0,0,0,0,0
370984,0,1,1992,0,0,0,0,0,0,0,0,0,0
370984,1,1,1992,0,0,0,0,0,0,0,0,0,0
370985,1,1,1992,0,0,0,0,0,0,0,0,0,0
370985,2,1,1992,0,0,0,0,0,0,0,0,0,0
370985,3,1,1992,0,0,0,0,0,0,0,0,0,0
370986,0,1,1992,13,13,13,13,13,13,13,13,13,13
370986,1,1,1992,0,0,6,0,0,0,0,0,0,0
370987,1,1,1992,9,15,5,20,27,22,15,11,37,12
370988,1,1,1992,0,0,0,0,0,0,0,0,0,0
370989,1,1,1992,16,16,16,16,16,16,16,16,16,16
370990,0,1,1992,16,2,16,13,12,20,17,0,15,0
370990,0,2,1992,11,9,21,12,13,0,19,0,21,0
370990,1,1,1992,14,33,29,9,6,13,0,0,22,0
370991,1,1,1992,10,10,10,10,10,10,10,10,10,10
370991,2,1,1992,0,0,0,0,0,0,0,0,0,0
370992,0,1,1992,12,12,12,12,12,12,12,12,12,12
370992,1,1,1992,0,0,0,0,0,0,0,0,0,0
370993,1,1,1992,0,0,0,0,0,0,0,0,0,0
370994,1,1,1992,0,0,0,0,0,0,20,0,0,0
370994,2,1,1992,0,0,0,0,0,0,0,0,0,0
370995,1,1,1992,0,0,0,0,0,0,0,0,0,0
370995,2,1,1992,0,0,0,0,0,0,0,0,0,0
370996,0,1,1992,35,35,35,35,35,35,35,35,35,35
370996,1,1,1992,0,0,0,0,0,0,0,0,0,0
370997,1,1,1992,0,0,0,0,0,0,0,0,0,0
370998,1,1,1992,16,16,16,16,16,16,16,16,16,16
370998,2,1,1992,0,0,0,0,0,0,0,0,0,0
370999,1,1,1992,0,0,0,0,0,0,0,16,0,0
370999,2,1,1992,0,0,0,0,0,0,0,0,0,0
370999,3,1,1992,0,0,0,0,0,0,0,0,0,0
371000,1,1,1992,0,0,0,0,0,0,0,0,0,0
371000,2,1,1992,0,0,0,0,0,0,0,0,0,0
371000,3,1,1992,0,0,0,0,0,0,0,0,0,0
371001,1,1,1992,0,0,0,0,0,0,0,0,0,0
371002,1,1,1992,0,0,0,0,0,0,0,0,11,0
371002,2,1,1992,0,0,0,0,0,0,0,0,0,0
371003,0,1,1992,0,0,0,0,0,0,0,3,0,0
371003,1,1,1992,0,0,0,0,0,0,0,0,0,0
371004,1,1,1992,0,0,0,0,0,0,0,0,0,0
371004,2,1,1992,0,0,0,0,0,0,0,0,0,0
371005,1,1,1992,0,0,0,0,0,0,0,0,0,0
371005,2,1,1992,0,0,0,0,0,0,0,0,0,0
371005,3,1,1992,0,0,0,0,0,0,0,0,0,0
371006,1,1,1992,0,0,0,0,0,0,0,0,0,0
371006,2,1,1992,0,0,0,0,0,0,0,0,0,0
371007,1,1,1992,22,22,22,22,22,22,22,22,22,22
371008,1,1,1992,0,0,0,0,0,0,0,0,0,0
371009,1,1,1992,0,0,0,0,0,0,0,0,0,0
371009,2,1,1992,0,0,0,0,0,0,0,0,0,0
371010,1,1,1992,0,0,0,0,0,0,0,0,0,0
371010,2,1,1992,0,0,0,0,0,0,0,0,0,0
371011,1,1,1992,0,0,0,0,0,0,0,0,0,0
371011,2,1,1992,0,0,0,0,0,0,0,0,0,0
371012,1,1,1992,0,0,0,0,0,0,0,0,0,0
371012,2,1,1992,0,0,0,0,0,0,0,0,0,0
371012,3,1,1992,0,0,0,0,0,0,0,0,0,0
371013,1,1,1992,0,0,0,0,0,0,0,0,0,0
371013,2,1,1992,0,0,0,0,0,0,0,0,0,0
371014,1,1,1992,28,28,28,28,28,28,28,28,28,28
371015,0,1,1992,10,7,28,22,29,17,30,19,25,28
371015,1,1,1992,0,0,0,0,0,0,0,0,0,0
371016,1,1,1992,0,0,0,0,0,0,0,0,0,0
371017,1,1,1992,0,0,0,0,0,0,0,0,0,0
371017,2,1,1992,0,0,0,0,0,0,0,0,0,0
371018,1,1,1992,9,9,9,9,9,9,9,9,9,9
371019,1,1,1992,28,28,28,28,28,28,28,28,28,28
371020,1,1,1992,9,9,9,9,9,9,9,9,9,9
371021,1,1,1992,0,0,0,0,0,0,0,0,0,0
371021,2,1,1992,0,0,0,0,0,0,0,0,0,0
371021,3,1,1992,0,0,0,0,0,0,0,0,0,0
371022,1,1,1992,0,0,0,0,0,0,0,0,0,0
371022,2,1,1992,0,0,0,0,0,0,0,0,0,0
371022,3,1,1992,0,0,0,0,0,0,0,0,0,0
371023,0,1,1992,21,21,21,21,21,21,21,21,21,21
371023,1,1,1992,5,8,10,10,23,0,6,9,0,0
371024,0,1,1992,37,37,37,37,37,37,37,37,37,37
371024,1,1,1992,0,0,0,0,0,0,0,0,0,0
371025,1,1,1992,15,7,9,13,17,4,0,9,8,5
371025,2,1,1992,3,10,6,12,9,0,8,9,28,18
371026,1,1,1992,0,0,0,0,0,10,0,0,0,0
371026,2,1,1992,0,0,0,0,0,0,0,0,0,0
371026,3,1,1992,0,0,0,0,0,0,0,0,0,0
371027,1,1,1992,13,13,13,13,13,13,13,13,13,13
371028,1,1,1992,0,0,0,0,0,0,0,0,0,0
371028,2,1,1992,0,0,0,0,0,0,0,0,0,0
371029,1,1,1992,0,0,0,0,0,0,0,0,0,0
371030,1,1,1992,5,5,5,5,5,5,5,5,5,5
371030,2,1,1992,0,0,0,0,0,0,0,0,0,0
371031,1,1,1992,20,0,11,4,9,8,13,9,8,25
371031,2,1,1992,0,0,0,0,0,0,0,0,0,0
371032,1,1,1992,0,0,0,0,0,0,0,0,0,0
371032,2,1,1992,0,0,0,0,0,0,0,0,0,0
371033,1,1,1992,0,0,0,0,0,0,0,0,0,0
371033,2,1,1992,0,0,0,0,0,0,0,0,0,0
371034,1,1,1992,0,0,0,0,0,0,24,0,0,0
371034,2,1,1992,0,0,0,0,0,0,0,0,0,0
371035,1,1,1992,26,26,26,26,26,26,26,26,26,26
371035,2,1,1992,0,0,0,0,0,0,0,0,0,0
371036,0,1,1992,0,0,0,0,0,0,0,0,0,0
371036,1,1,1992,0,0,0,0,0,0,0,0,0,0
371037,1,1,1992,8,8,8,8,8,8,8,8,8,8
371037,2,1,1992,0,0,0,0,0,0,0,0,0,0
371038,1,1,1992,0,0,0,0,0,0,0,0,0,0
371038,2,1,1992,0,0,0,0,0,0,0,0,0,0
371039,0,1,1992,37,37,37,37,37,37,37,37,37,37
371039,1,1,1992,0,0,0,0,0,0,0,0,0,0
371040,1,1,1992,10,9,16,9,23,4,16,13,8,0
371041,1,1,1992,22,22,22,22,22,22,22,22,22,22
371042,1,1,1992,0,0,0,0,0,0,0,0,0,0
371042,2,1,1992,0,32,18,9,21,10,11,18,21,15
371043,1,1,1992,0,0,0,0,0,0,0,0,0,0
371043,2,1,1992,0,0,3,0,0,0,0,0,0,0
371044,1,1,1992,0,0,0,0,0,0,0,0,0,0
371044,2,1,1992,0,0,0,0,0,0,0,0,0,0
371045,1,1,1992,0,0,0,0,0,0,0,0,0,0
371046,0,1,1992,3,3,3,3,3,3,3,3,3,3
371046,1,1,1992,0,0,0,0,0,0,0,0,0,0
371047,1,1,1992,0,0,0,10,0,0,0,0,0,0
371047,2,1,1992,0,0,0,0,0,0,0,0,0,0
371049,0,1,1992,0,0,11,0,0,11,0,0,0,0
371049,1,1,1992,11,7,24,11,0,20,25,10,0,25
371050,1,1,1992,0,0,0,0,0,0,0,0,0,0
371050,2,1,1992,0,0,0,0,0,0,0,0,0,0
371052,1,1,1992,0,0,0,0,0,0,0,0,0,0
371052,2,1,1992,0,0,0,0,0,0,0,0,0,0
371053,1,1,1992,26,26,26,26,26,26,26,26,26,26
371054,1,1,1992,0,0,0,0,0,0,0,0,0,0
371054,2,1,1992,0,0,0,0,0,0,0,0,0,0
371055,1,1,1992,31,31,31,31,31,31,31,31,31,31
371056,0,1,1992,41,41,41,41,41,41,41,41,41,41
371056,1,1,1992,0,0,0,0,0,0,0,0,0,0
371057,1,1,1992,0,0,0,0,0,0,0,0,0,0
371057,2,1,1992,0,0,0,8,0,20,0,9,0,0
371058,1,1,1992,0,0,0,0,0,0,0,0,0,0
371058,2,1,1992,0,0,0,0,0,0,0,0,0,0
371059,1,1,1992,8,0,0,0,0,0,0,0,0,0
371059,2,1,1992,28,6,11,5,17,27,5,5,13,9
371060,1,1,1992,26,18,21,13,19,18,5,21,16,13
371061,1,1,1992,0,0,0,0,0,0,0,0,0,0
371061,2,1,1992,0,0,0,23,0,11,0,0,0,0
371062,1,1,1992,0,0,0,0,0,0,0,0,0,0
371062,2,1,1992,0,0,0,0,11,0,0,0,0,0
371063,1,1,1992,0,0,0,0,0,0,0,0,0,0
371063,2,1,1992,13,13,13,13,13,13,13,13,13,13
371064,1,1,1992,9,9,9,9,9,9,9,9,9,9
371064,2,1,1992,0,0,0,0,0,0,0,0,0,0
371065,1,1,1992,0,21,0,0,0,0,0,0,0,0
371066,0,1,1992,0,0,0,0,0,0,0,0,0,0
371066,1,1,1992,0,0,0,0,0,0,0,0,0,0
371067,1,1,1992,0,0,0,0,0,0,0,0,0,0
371067,2,1,1992,0,0,0,0,0,0,0,0,0,0
371068,1,1,1992,0,0,0,0,0,0,0,0,0,0
371069,1,1,1992,0,0,0,0,0,0,0,0,0,0
371070,1,1,1992,0,0,0,0,0,0,0,0,0,0
371070,2,1,1992,0,0,0,0,0,0,0,0,0,0
371070,3,1,1992,0,0,0,0,0,0,0,0,0,0
371070,4,1,1992,0,0,0,0,0,0,0,0,0,0
371070,5,1,1992,0,0,0,0,0,0,0,0,0,0
371071,0,1,1992,27,27,27,27,27,27,27,27,27,27
371071,1,1,1992,0,0,0,0,0,0,0,0,0,0
371072,1,1,1992,0,0,0,0,0,0,0,0,0,0
371073,1,1,1992,0,0,0,0,0,0,0,0,0,0
371073,2,1,1992,0,0,0,0,0,0,0,0,0,0
371074,0,1,1992,14,14,14,14,14,14,14,14,14,14
371074,1,1,1992,0,0,0,0,0,0,0,0,0,0
371075,1,1,1992,0,0,0,0,0,0,0,0,0,0
371076,1,1,1992,0,0,0,0,0,0,0,0,0,0
371076,2,1,1992,0,0,0,0,0,0,0,0,0,0
371077,1,1,1992,27,27,27,27,27,27,27,27,27,27
371078,1,1,1992,0,0,11,0,0,0,0,0,0,0
371079,1,1,1992,0,0,0,0,0,0,0,0,0,0
371079,2,1,1992,0,0,0,0,0,0,0,0,0,0
371079,3,1,1992,0,0,0,0,0,0,0,0,0,0
371080,1,1,1992,0,22,11,26,0,31,8,0,22,15
371081,1,1,1992,0,0,0,0,0,0,0,0,0,0
371081,2,1,1992,0,0,0,0,0,0,0,0,0,0
371082,1,1,1992,0,0,0,0,0,0,0,0,0,0
371082,2,1,1992,0,0,0,0,0,0,0,0,0,0
371083,1,1,1992,8,8,8,8,8,8,8,8,8,8
371084,1,1,1992,0,0,0,0,0,0,0,0,0,0
371084,2,1,1992,0,0,0,0,0,0,0,0,0,0
371084,3,1,1992,0,0,0,0,0,0,0,0,0,0
371084,4,1,1992,0,0,0,0,0,0,0,0,0,0
371085,1,1,1992,0,0,0,0,0,0,0,0,0,0
371085,2,1,1992,14,0,0,19,0,0,0,0,0,0
371086,1,1,1992,11,11,11,11,11,11,11,11,11,11
371087,0,1,1992,0,0,0,0,0,0,0,0,0,0
371087,1,1,1992,0,0,0,0,0,0,0,0,0,0
371088,1,1,1992,4,4,4,4,4,4,4,4,4,4
371088,2,1,1992,0,7,12,22,25,27,8,23,9,15
371089,1,1,1992,20,9,24,17,12,10,11,6,9,22
371090,1,1,1992,11,15,9,16,24,13,10,15,24,22
371091,1,1,1992,18,13,24,0,13,18,27,14,21,11
371092,0,1,1992,26,26,26,26,26,26,26,26,26,26
371092,1,1,1992,25,12,11,17,14,0,11,24,18,15
371093,0,1,1992,27,27,27,27,27,27,27,27,27,27
371093,1,1,1992,8,18,18,9,22,32,17,6,15,14
371094,1,1,1992,22,22,22,22,22,22,22,22,22,22
371094,2,1,1992,0,0,0,0,0,0,0,0,0,0
371096,1,1,1992,0,0,0,0,0,0,0,0,0,0
371096,2,1,1992,0,0,0,0,0,0,0,0,0,0
371097,1,1,1992,0,27,7,7,13,11,20,15,5,11
371098,1,1,1992,19,0,0,0,0,0,0,0,0,0
371099,1,1,1992,17,17,17,17,17,17,17,17,17,17
371100,1,1,1992,0,0,0,0,0,0,0,0,0,0
371100,2,1,1992,0,0,0,0,0,0,0,0,0,0
371101,1,1,1992,21,21,21,21,21,21,21,21,21,21
371102,1,1,1992,18,18,18,18,18,18,18,18,18,18
371103,0,1,1992,33,33,33,33,33,33,33,33,33,33
371103,1,1,1992,0,0,0,10,0,0,0,0,0,0
371104,0,1,1992,27,27,27,27,27,27,27,27,27,27
371104,1,1,1992,0,0,0,0,0,0,0,0,0,0
371105,1,1,1992,18,29,24,22,10,17,27,16,9,15
371106,1,1,1992,23,23,23,23,23,23,23,23,23,23
371107,1,1,1992,0,0,0,0,0,0,0,0,0,0
371107,2,1,1992,0,0,0,0,0,0,0,0,0,0
371108,1,1,1992,0,0,0,0,0,0,0,0,0,0
371108,2,1,1992,0,0,0,0,0,0,0,0,0,0
371109,1,1,1992,22,22,22,22,22,22,22,22,22,22
371109,2,1,1992,19,21,10,5,9,15,23,10,0,0
371110,1,1,1992,0,0,0,0,0,0,0,0,0,0
371110,2,1,1992,0,0,0,0,0,0,0,0,0,0
371111,1,1,1992,11,5,15,4,26,24,8,25,3,16
371111,2,1,1992,0,0,0,0,0,0,0,0,0,0
371112,0,1,1992,0,16,12,0,0,0,20,0,0,0
371112,1,1,1992,0,0,0,0,0,0,0,0,0,0
371112,2,1,1992,0,0,0,0,0,0,0,0,0,14
371113,1,1,1992,0,0,0,0,8,18,0,0,0,19
371114,0,1,1992,0,0,0,0,0,0,0,0,0,0
371114,0,2,1992,0,0,0,0,0,0,0,0,0,0
371114,1,1,1992,9,6,8,12,13,3,0,10,21,6
371115,1,1,1992,13,15,8,13,4,7,12,19,11,21
371115,2,1,1992,10,0,0,0,0,0,0,0,0,0
371116,1,1,1992,0,0,12,0,6,0,0,0,0,0
371116,2,1,1992,0,0,0,0,0,0,0,0,0,0
371117,1,1,1992,7,7,7,7,7,7,7,7,7,7
371118,1,1,1992,0,0,0,0,0,0,0,0,0,0
371118,2,1,1992,0,0,0,0,0,0,0,0,0,0
371119,1,1,1992,0,0,0,0,0,0,0,0,0,0
371120,1,1,1992,23,23,23,23,23,23,23,23,23,23
371121,1,1,1992,21,21,21,21,21,21,21,21,21,21
371122,1,1,1992,0,0,0,0,0,0,0,0,0,0
371123,0,1,1992,0,0,0,0,0,0,0,0,0,0
371124,1,1,1992,0,0,0,0,0,0,0,0,0,0
371124,2,1,1992,0,0,0,0,0,0,0,0,0,0
371124,3,1,1992,0,0,0,0,0,0,0,0,0,0
371124,4,1,1992,0,0,0,0,0,0,0,0,0,0
371124,5,1,1992,0,0,0,0,0,0,0,0,0,0
371125,1,1,1992,0,0,0,0,0,0,0,0,0,0
371125,2,1,1992,0,5,0,0,0,0,0,0,0,0
371126,1,1,1992,0,0,0,0,0,0,0,0,0,0
371127,1,1,1992,0,0,0,0,0,0,0,0,0,0
371128,1,1,1992,0,0,0,0,0,0,0,0,0,0
371128,2,1,1992,0,0,0,0,0,0,0,0,0,0
371129,0,1,1992,32,32,32,32,32,32,32,32,32,32
371129,1,1,1992,0,0,0,0,0,0,0,0,0,11
371130,0,1,1992,23,23,23,23,23,23,23,23,23,23
371130,1,1,1992,0,0,0,0,0,0,0,0,0,0
371131,1,1,1992,19,19,19,19,19,19,19,19,19,19
371132,1,1,1992,0,0,0,0,0,15,0,0,0,0
371132,2,1,1992,0,0,0,0,0,0,0,0,0,0
371133,0,1,1992,27,27,27,27,27,27,27,27,27,27
371133,1,1,1992,0,0,20,12,0,0,16,0,0,14
371134,1,1,1992,0,0,0,0,0,0,0,0,0,0
371134,2,1,1992,0,0,0,0,0,0,0,0,0,0
371135,1,1,1992,0,0,2,29,0,0,0,0,0,0
371136,1,1,1992,0,0,0,0,0,0,0,0,0,0
371136,2,1,1992,0,0,0,0,0,0,0,0,0,0
371137,1,1,1992,10,10,10,10,10,10,10,10,10,10
371138,0,1,1992,19,18,3,0,12,12,0,15,4,0
371138,0,2,1992,27,0,0,6,23,15,17,0,0,20