ST_CASE,VEH_NO,PER_NO,YEAR,P1,P2,P3,P4,P5,P6,P7,P8,P9,P10
371138,0,3,1992,18,0,6,0,17,0,16,23,0,0
371138,0,4,1992,0,0,0,0,0,0,0,0,0,0
371138,1,1,1992,0,0,0,0,0,16,0,0,0,0
371139,0,1,1992,20,18,57,25,30,37,26,27,20,16
371139,1,1,1992,0,0,0,0,0,0,0,0,0,0
371141,1,1,1992,0,0,0,0,0,0,0,0,0,0
371141,2,1,1992,0,0,0,0,0,0,0,0,0,0
371142,1,1,1992,25,25,25,25,25,25,25,25,25,25
371143,1,1,1992,0,0,0,0,0,0,0,0,0,0
371143,2,1,1992,0,0,17,0,0,0,0,0,0,0
371143,3,1,1992,0,0,0,0,0,0,0,0,0,0
371144,1,1,1992,0,0,0,0,0,0,0,0,0,0
371144,2,1,1992,0,0,0,0,0,0,0,0,0,0
371145,1,1,1992,15,15,15,15,15,15,15,15,15,15
371146,1,1,1992,0,0,0,0,0,0,0,0,0,0
371146,2,1,1992,0,0,0,0,0,0,0,0,0,0
371147,1,1,1992,5,0,0,0,0,0,0,0,0,0
371147,2,1,1992,0,0,0,0,0,0,0,0,0,0
371148,1,1,1992,0,0,26,10,23,0,15,0,0,15
371148,2,1,1992,9,12,0,6,16,8,14,17,19,19
371149,1,1,1992,24,24,24,24,24,24,24,24,24,24
371150,0,1,1992,31,0,0,0,17,6,21,16,0,0
371150,1,1,1992,0,0,0,0,0,0,0,0,0,0
380001,1,1,1992,0,0,0,0,0,0,0,0,0,0
380002,0,1,1992,0,0,0,0,0,0,24,0,0,0
380002,1,1,1992,0,0,0,0,0,0,0,0,0,0
380003,1,1,1992,16,10,24,0,0,19,30,0,25,11
380003,2,1,1992,0,0,0,0,0,0,0,0,0,0
380004,1,1,1992,0,0,0,0,0,0,0,0,0,0
380005,1,1,1992,0,0,0,0,0,0,0,0,0,0
380005,2,1,1992,0,0,0,0,0,0,0,11,0,0
380006,1,1,1992,0,0,0,0,0,0,0,0,0,0
380006,2,1,1992,0,0,0,0,0,0,0,0,0,0
380007,1,1,1992,0,0,0,0,0,0,0,0,0,0
380008,1,1,1992,24,24,24,24,24,24,24,24,24,24
380008,2,1,1992,0,0,0,0,0,0,0,0,0,0
380009,1,1,1992,0,0,0,0,0,0,0,0,0,0
380010,1,1,1992,6,6,6,6,6,6,6,6,6,6
380010,2,1,1992,0,0,15,0,5,0,0,0,10,0
380011,1,1,1992,0,19,0,0,0,0,0,0,0,26
380011,2,1,1992,0,0,0,0,0,0,0,0,0,0
380012,1,1,1992,0,0,0,0,0,0,0,0,0,0
380013,1,1,1992,27,27,27,27,27,27,27,27,27,27
380014,1,1,1992,24,24,24,24,24,24,24,24,24,24
380015,1,1,1992,0,0,0,0,0,0,0,0,0,0
380015,2,1,1992,0,0,0,0,0,0,0,0,0,0
380016,1,1,1992,16,0,0,0,0,0,0,0,0,0
380016,2,1,1992,0,0,0,0,0,0,0,0,0,0
380016,3,1,1992,0,0,0,0,0,0,0,0,0,0
380017,1,1,1992,0,0,0,0,0,0,0,0,0,0
380017,2,1,1992,0,0,0,0,0,0,0,0,0,0
380018,1,1,1992,18,18,18,18,18,18,18,18,18,18
380019,1,1,1992,30,30,30,30,30,30,30,30,30,30
380020,1,1,1992,0,10,0,0,0,0,0,0,0,0
380021,1,1,1992,23,23,23,23,23,23,23,23,23,23
380022,1,1,1992,0,0,0,0,0,0,0,0,0,0
380023,1,1,1992,15,15,15,15,15,15,15,15,15,15
380023,2,1,1992,3,3,3,3,3,3,3,3,3,3
380024,1,1,1992,0,0,0,0,0,0,0,0,0,17
380024,2,1,1992,6,0,0,0,0,16,0,12,0,4
380025,1,1,1992,0,0,0,0,23,0,30,0,0,19
380026,1,1,1992,29,29,29,29,29,29,29,29,29,29
380027,0,1,1992,0,0,0,0,0,0,0,0,0,0
380027,1,1,1992,0,0,6,0,0,0,0,0,8,12
380028,1,1,1992,0,0,0,0,0,0,0,0,0,0
380029,0,1,1992,0,0,0,0,0,0,0,0,0,0
380030,1,1,1992,0,0,0,0,0,0,0,0,0,0
380031,1,1,1992,0,0,0,0,0,0,0,0,0,0
380031,2,1,1992,0,0,0,0,0,0,0,0,0,0
380032,1,1,1992,0,0,0,0,0,0,0,0,0,10
380033,1,1,1992,29,11,13,27,26,39,24,11,14,25
380034,1,1,1992,0,0,0,0,0,0,0,0,0,0
380035,1,1,1992,18,18,18,18,18,18,18,18,18,18
380035,2,1,1992,0,0,0,0,0,0,0,0,0,0
380037,1,1,1992,24,24,24,24,24,24,24,24,24,24
380038,0,1,1992,0,0,0,0,0,0,0,0,0,0
380038,1,1,1992,0,0,0,0,0,0,0,0,0,0
380039,1,1,1992,0,0,0,0,0,0,0,0,0,0
380039,2,1,1992,0,0,0,7,21,0,5,19,0,0
380040,1,1,1992,0,0,0,0,0,0,0,0,0,0
380041,1,1,1992,30,30,30,30,30,30,30,30,30,30
380041,2,1,1992,0,2,0,0,0,0,0,0,0,0
380042,1,1,1992,20,20,20,20,20,20,20,20,20,20
380043,0,1,1992,15,15,7,22,16,12,0,20,25,8
380043,1,1,1992,8,11,24,7,16,4,19,23,7,6
380044,1,1,1992,24,24,24,24,24,24,24,24,24,24
380045,1,1,1992,24,19,18,32,10,19,14,5,0,37
380045,2,1,1992,13,13,13,13,13,13,13,13,13,13
380046,1,1,1992,0,0,0,0,0,3,0,5,0,0
380046,2,1,1992,0,0,5,0,0,0,0,0,16,0
380047,1,1,1992,0,0,0,0,20,0,0,0,0,0
380047,2,1,1992,0,0,0,0,0,0,0,0,0,0
380048,1,1,1992,0,0,0,0,0,0,0,0,0,0
380049,1,1,1992,0,0,0,0,0,0,0,0,0,0
380050,1,1,1992,14,0,0,0,0,0,10,0,0,0
380050,2,1,1992,0,0,0,0,0,0,0,0,0,0
380051,1,1,1992,22,22,22,22,22,22,22,22,22,22
380052,1,1,1992,0,0,17,0,0,0,17,0,15,0
380053,1,1,1992,18,18,18,18,18,18,18,18,18,18
380054,1,1,1992,0,0,0,0,0,0,0,0,0,0
380055,1,1,1992,0,0,0,0,0,0,0,0,0,0
380056,1,1,1992,0,0,6,0,13,0,0,0,0,11
380056,2,1,1992,0,0,0,0,0,0,0,0,0,0
380057,1,1,1992,0,0,0,0,0,0,0,0,0,0
380057,2,1,1992,0,0,0,0,0,0,0,0,0,0
380058,1,1,1992,22,22,22,22,22,22,22,22,22,22
380059,1,1,1992,0,0,0,0,0,0,0,0,0,0
380060,1,1,1992,0,0,0,0,0,0,0,0,0,0
380060,2,1,1992,0,0,0,0,0,0,0,0,0,6
380061,1,1,1992,0,0,0,0,0,19,19,0,15,0
380061,2,1,1992,0,0,0,0,0,0,0,0,25,0
380062,0,1,1992,17,0,19,0,0,18,0,0,0,13
380062,1,1,1992,0,0,0,0,0,0,0,0,0,0
380063,1,1,1992,0,0,0,0,0,0,0,0,0,0
380063,2,1,1992,0,0,0,0,0,0,0,0,0,0
380064,1,1,1992,14,14,14,14,14,14,14,14,14,14
380065,1,1,1992,0,0,0,0,0,0,0,0,0,0
380066,1,1,1992,10,10,10,10,10,10,10,10,10,10
380067,1,1,1992,23,23,23,23,23,23,23,23,23,23
380068,1,1,1992,22,22,19,20,20,24,26,0,0,24
380069,1,1,1992,19,8,0,5,0,0,0,0,0,6
380069,2,1,1992,0,0,0,0,0,0,0,0,0,0
380069,3,1,1992,13,13,13,13,13,13,13,13,13,13
380070,1,1,1992,23,23,23,23,23,23,23,23,23,23
380071,1,1,1992,25,25,25,25,25,25,25,25,25,25
380072,1,1,1992,0,0,15,0,0,0,0,0,0,0
380072,2,1,1992,0,0,0,0,0,0,0,0,0,0
380073,1,1,1992,33,33,33,33,33,33,33,33,33,33
380074,1,1,1992,0,0,15,0,0,0,0,0,0,14
380074,2,1,1992,0,0,0,0,0,0,0,0,0,0
380075,1,1,1992,0,0,0,0,0,0,0,0,18,0
380075,2,1,1992,0,0,0,0,0,0,0,0,0,0
380077,0,1,1992,19,19,19,19,19,19,19,19,19,19
380077,1,1,1992,4,0,0,0,0,0,0,0,21,0
380078,1,1,1992,0,0,0,0,0,0,0,0,0,0
380079,1,1,1992,13,13,13,13,13,13,13,13,13,13
380080,1,1,1992,18,18,18,18,18,18,18,18,18,18
380081,1,1,1992,0,0,0,0,0,0,0,0,0,0
390001,1,1,1992,0,0,0,0,0,0,0,0,0,0
390002,1,1,1992,0,0,0,0,0,0,0,0,0,0
390002,2,1,1992,0,0,0,0,0,0,0,0,0,0
390003,1,1,1992,16,16,16,16,16,16,16,16,16,16
390004,0,1,1992,0,15,0,28,0,12,30,0,0,0
390004,1,1,1992,4,10,11,11,15,8,3,19,27,0
390005,1,1,1992,0,0,0,0,0,0,0,0,0,0
390005,2,1,1992,0,0,0,0,0,0,0,0,0,0
390006,0,1,1992,0,0,0,0,0,0,0,0,0,0
390006,1,1,1992,0,0,0,0,0,0,4,0,0,0
390007,1,1,1992,0,0,0,0,0,0,0,0,0,0
390007,2,1,1992,0,0,0,0,0,0,0,0,0,0
390008,1,1,1992,0,0,0,0,0,0,0,0,0,0
390009,1,1,1992,0,0,0,0,0,0,0,0,0,0
390009,2,1,1992,0,0,0,0,0,0,0,0,0,0
390009,3,1,1992,0,0,0,0,0,0,0,0,0,0
390010,1,1,1992,0,0,0,0,0,0,0,0,0,0
390011,1,1,1992,2,0,0,0,0,0,0,0,0,0
390012,1,1,1992,19,19,19,19,19,19,19,19,19,19
390013,0,1,1992,13,0,0,24,13,15,0,24,0,0
390013,1,1,1992,0,0,9,13,11,0,0,4,0,14
390014,1,1,1992,0,0,0,0,0,0,0,0,9,0
390015,1,1,1992,0,0,0,0,0,0,0,0,0,0
390017,1,1,1992,0,0,0,0,0,0,0,0,0,0
390017,2,1,1992,0,0,0,0,0,0,0,0,0,0
390018,1,1,1992,0,0,0,0,0,0,0,0,0,0
390018,2,1,1992,0,0,0,0,0,0,0,0,0,0
390019,1,1,1992,0,0,0,0,0,0,0,0,0,0
390019,2,1,1992,0,0,0,0,0,0,0,0,0,0
390019,3,1,1992,0,0,0,0,0,0,0,0,0,0
390020,1,1,1992,0,0,0,0,0,0,0,0,0,0
390020,2,1,1992,0,0,24,0,0,9,13,0,0,0
390021,1,1,1992,0,0,0,0,0,0,0,0,0,0
390021,2,1,1992,0,0,0,0,0,0,0,0,0,0
390022,0,1,1992,0,0,22,21,0,10,22,27,0,0
390022,1,1,1992,0,0,0,0,0,0,0,0,0,0
390023,1,1,1992,26,3,0,17,0,0,9,24,0,0
390024,1,1,1992,9,9,9,9,9,9,9,9,9,9
390024,2,1,1992,17,0,0,0,0,0,0,0,0,0
390025,1,1,1992,0,0,0,0,0,0,0,0,0,0
390025,2,1,1992,0,0,0,0,0,0,0,0,0,0
390026,1,1,1992,16,16,16,16,16,16,16,16,16,16
390027,1,1,1992,11,16,41,19,37,17,8,26,14,15
390028,1,1,1992,14,14,14,14,14,14,14,14,14,14
390029,1,1,1992,0,0,0,0,0,0,0,0,0,0
390030,1,1,1992,0,0,0,0,0,0,0,0,0,6
390030,2,1,1992,0,0,0,0,0,0,32,0,0,0
390031,0,1,1992,0,0,7,0,0,0,0,0,0,0
390031,1,1,1992,0,0,0,0,0,0,0,0,0,0
390032,0,1,1992,0,0,0,0,15,0,0,0,0,16
390032,1,1,1992,0,0,0,0,0,10,0,0,0,0
390034,1,1,1992,0,0,0,0,0,0,0,0,0,0
390034,2,1,1992,0,0,0,0,0,0,0,0,0,0
390034,3,1,1992,0,0,0,0,0,0,0,0,0,0
390035,1,1,1992,0,0,0,0,0,0,0,0,0,0
390036,1,1,1992,0,0,0,0,0,0,0,0,0,0
390036,2,1,1992,0,0,0,0,0,0,0,0,0,0
390037,1,1,1992,0,0,0,0,0,0,0,0,0,0
390037,2,1,1992,2,0,0,0,0,0,0,0,14,0
390038,1,1,1992,0,0,0,0,0,0,0,0,0,0
390039,0,1,1992,0,0,14,27,0,0,10,40,15,11
390039,1,1,1992,0,0,0,0,0,0,0,0,0,0
390040,1,1,1992,0,0,0,0,0,4,0,0,0,0
390040,2,1,1992,0,0,0,0,0,0,0,0,0,0
390041,1,1,1992,0,0,0,0,0,0,0,0,0,0
390042,1,1,1992,0,0,0,0,0,0,0,10,0,0
390042,2,1,1992,0,11,0,0,0,0,16,0,0,17
390043,1,1,1992,0,0,0,0,0,0,0,0,0,0
390043,2,1,1992,0,0,0,0,0,0,0,0,0,0
390044,1,1,1992,0,0,0,0,0,0,0,0,0,0
390044,2,1,1992,0,0,0,0,0,0,0,0,0,0
390045,1,1,1992,0,0,7,0,0,0,0,0,0,0
390045,2,1,1992,0,0,0,0,0,0,0,0,0,0
390047,1,1,1992,10,8,23,9,14,28,24,19,6,5
390048,1,1,1992,0,0,0,0,0,0,0,0,0,0
390049,1,1,1992,0,0,0,0,0,0,0,0,0,0
390049,2,1,1992,0,0,0,0,0,0,0,0,0,0
390050,1,1,1992,0,0,24,0,13,16,0,22,16,0
390051,1,1,1992,0,0,0,0,0,0,0,0,0,0
390051,2,1,1992,0,0,19,0,0,0,0,0,0,0
390053,1,1,1992,0,12,0,0,0,11,0,0,0,0
390054,1,1,1992,0,0,0,0,0,0,0,0,0,0
390054,2,1,1992,0,0,0,0,0,0,0,0,0,0
390055,1,1,1992,13,13,13,13,13,13,13,13,13,13
390056,1,1,1992,0,0,0,0,0,0,0,0,0,0
390056,2,1,1992,0,0,0,0,0,0,0,0,0,0
390058,1,1,1992,0,0,0,0,0,0,0,0,0,0
390058,2,1,1992,0,0,0,0,0,0,0,0,0,0
390059,1,1,1992,0,0,0,0,0,0,0,0,0,0
390059,2,1,1992,23,0,13,16,0,27,0,0,6,20
390060,1,1,1992,0,0,0,0,0,0,0,0,0,0
390061,1,1,1992,0,29,41,19,0,0,15,0,10,0
390061,2,1,1992,26,26,26,26,26,26,26,26,26,26
390062,1,1,1992,20,12,0,12,11,27,0,26,23,14
390063,1,1,1992,0,0,0,0,0,17,0,0,0,0
390064,1,1,1992,0,0,0,0,0,0,0,0,0,0
390064,2,1,1992,0,0,0,12,0,0,0,0,0,29
390065,1,1,1992,0,0,0,0,0,0,0,0,0,0
390065,2,1,1992,20,0,0,0,0,5,0,0,0,0
390066,1,1,1992,0,0,0,0,0,0,0,0,0,0
390066,2,1,1992,0,0,0,0,0,0,0,0,0,0
390067,1,1,1992,20,20,20,20,20,20,20,20,20,20
390068,1,1,1992,0,0,0,0,11,0,0,0,0,0
390068,2,1,1992,0,0,0,0,0,0,0,0,0,0
390069,1,1,1992,13,13,13,13,13,13,13,13,13,13
390070,1,1,1992,0,0,0,0,0,0,0,0,0,0
390070,2,1,1992,0,0,0,0,0,0,0,0,0,0
390071,1,1,1992,0,0,0,0,0,0,0,0,0,0
390071,2,1,1992,0,0,0,0,0,0,0,0,0,0
390072,1,1,1992,26,8,25,25,18,22,25,13,29,16
390073,1,1,1992,0,0,0,0,0,0,0,0,0,0
390073,2,1,1992,0,0,0,0,0,0,0,0,0,0
390074,1,1,1992,0,0,0,0,0,0,0,0,0,0
390074,2,1,1992,0,0,0,0,0,0,0,0,0,0
390075,1,1,1992,0,0,0,0,0,0,0,0,0,0
390076,1,1,1992,0,0,0,0,0,0,0,0,0,0
390076,2,1,1992,8,0,0,0,0,0,0,0,0,0
390077,1,1,1992,0,0,0,0,0,0,0,0,0,0
390078,1,1,1992,0,0,0,0,0,0,0,0,0,0
390079,1,1,1992,1,1,1,1,1,1,1,1,1,1
390080,1,1,1992,23,0,0,0,0,0,14,21,0,0
390080,2,1,1992,0,0,0,0,10,11,0,0,0,0
390081,0,1,1992,0,0,0,0,0,0,0,0,0,0
390081,1,1,1992,0,9,17,9,14,15,21,11,11,15
390082,1,1,1992,0,0,0,0,0,0,0,0,0,0
390082,2,1,1992,0,0,0,0,0,0,0,0,0,0
390083,1,1,1992,24,24,24,24,24,24,24,24,24,24
390084,1,1,1992,13,13,13,13,13,13,13,13,13,13
390085,1,1,1992,21,21,21,21,21,21,21,21,21,21
390086,1,1,1992,0,0,0,0,0,0,0,16,0,0
390086,2,1,1992,0,0,0,0,0,0,0,0,0,0
390087,1,1,1992,0,0,0,0,0,0,0,0,0,0
390087,2,1,1992,0,0,0,0,0,0,0,0,0,0
390088,1,1,1992,2,2,2,2,2,2,2,2,2,2
390089,1,1,1992,10,10,10,10,10,10,10,10,10,10
390090,1,1,1992,0,0,0,0,0,0,0,0,0,0
390090,2,1,1992,0,0,0,0,0,0,0,0,0,0
390090,3,1,1992,0,0,0,0,0,0,0,0,0,0
390091,1,1,1992,21,21,21,21,21,21,21,21,21,21
390092,1,1,1992,0,0,0,0,0,0,0,0,0,0
390092,2,1,1992,0,0,0,0,0,0,0,0,0,0
390093,1,1,1992,20,39,0,18,0,26,0,20,0,22
390094,1,1,1992,23,23,23,23,23,23,23,23,23,23
390094,2,1,1992,0,0,0,0,0,0,0,0,0,0
390095,1,1,1992,0,0,0,0,0,0,0,0,0,0
390095,2,1,1992,0,0,0,0,0,0,0,0,0,0
390096,1,1,1992,0,0,0,0,0,0,0,0,0,0
390096,2,1,1992,0,0,0,0,4,0,0,0,0,0
390097,1,1,1992,0,0,9,0,0,0,0,24,0,0
390099,1,1,1992,24,24,24,24,24,24,24,24,24,24
390100,1,1,1992,0,0,0,0,10,0,0,0,0,0
390101,1,1,1992,0,0,0,0,0,0,0,0,0,0
390101,2,1,1992,0,0,0,0,0,0,0,0,0,0
390102,1,1,1992,0,0,0,0,0,0,0,0,0,21
390103,1,1,1992,2,4,5,8,5,0,9,18,6,4
390103,2,1,1992,0,0,0,0,0,0,0,0,0,0
390104,1,1,1992,0,0,0,0,0,0,0,0,0,0
390104,2,1,1992,0,0,0,0,0,0,0,0,0,0
390106,0,1,1992,0,0,0,0,0,0,0,0,0,0
390106,1,1,1992,0,0,0,0,0,0,0,0,0,0
390107,1,1,1992,0,0,0,15,0,0,0,0,0,0
390107,2,1,1992,0,0,0,0,0,0,0,0,0,0
390108,1,1,1992,0,13,35,23,12,17,34,15,0,13
390108,2,1,1992,0,0,0,0,0,0,0,0,0,0
390109,1,1,1992,18,18,18,18,18,18,18,18,18,18
390110,1,1,1992,28,28,28,28,28,28,28,28,28,28
390111,0,1,1992,0,0,0,0,0,0,0,0,0,0
390111,1,1,1992,12,0,0,0,0,0,0,0,0,0
390112,1,1,1992,0,0,0,0,0,0,0,0,0,0
390112,2,1,1992,0,0,0,0,0,0,0,0,0,0
390113,1,1,1992,0,0,0,0,0,0,0,0,0,0
390113,2,1,1992,0,0,0,0,0,0,0,0,0,0
390114,1,1,1992,11,16,16,17,0,18,17,19,15,28
390114,2,1,1992,0,0,0,0,0,0,0,0,0,0
390115,1,1,1992,3,3,3,3,3,3,3,3,3,3
390116,1,1,1992,5,21,11,13,4,0,0,10,0,19
390116,2,1,1992,0,0,0,0,0,0,0,0,0,0
390117,1,1,1992,0,0,0,0,0,0,0,0,0,0
390117,2,1,1992,0,0,0,0,0,0,0,0,0,0
390118,1,1,1992,0,0,0,0,0,0,0,0,0,0
390118,2,1,1992,0,0,0,0,0,0,0,0,0,0
390119,1,1,1992,0,0,0,0,0,0,0,0,0,0
390120,1,1,1992,0,0,0,0,0,0,0,14,0,0
390121,1,1,1992,22,22,22,22,22,22,22,22,22,22
390122,1,1,1992,0,0,22,11,0,13,0,8,0,0
390123,1,1,1992,0,0,0,0,0,0,0,0,0,0
390123,2,1,1992,0,0,0,0,0,0,0,0,0,0
390123,3,1,1992,0,0,0,0,0,0,0,0,12,0
390124,1,1,1992,0,0,0,0,0,0,0,0,0,0
390125,1,1,1992,19,19,19,19,19,19,19,19,19,19
390126,1,1,1992,0,0,0,0,0,0,0,0,0,0
390126,2,1,1992,9,0,0,0,0,0,20,0,12,0
390127,1,1,1992,8,0,7,0,0,12,0,0,0,0
390127,2,1,1992,0,0,0,0,0,0,0,0,0,0
390127,3,1,1992,0,0,0,0,0,0,0,0,0,0
390128,1,1,1992,0,0,0,0,0,0,0,0,0,0
390128,2,1,1992,0,0,0,0,0,0,0,0,0,0
390129,1,1,1992,0,0,0,0,0,0,0,0,0,0
390129,2,1,1992,0,0,0,0,0,0,0,0,0,0
390130,1,1,1992,0,0,0,0,0,0,0,0,0,0
390131,1,1,1992,21,21,21,21,21,21,21,21,21,21
390132,1,1,1992,0,0,0,0,0,0,0,0,0,0
390132,2,1,1992,0,0,0,0,0,0,0,0,0,0
390133,1,1,1992,0,0,0,0,0,0,0,0,0,0
390133,2,1,1992,0,0,0,0,0,0,0,0,0,0
390134,1,1,1992,26,24,39,51,15,21,14,23,21,40
390135,1,1,1992,0,0,0,0,0,19,0,0,0,0
390135,2,1,1992,0,0,0,0,0,0,0,0,0,0
390135,3,1,1992,0,0,0,0,0,0,0,0,0,0
390135,4,1,1992,0,0,0,0,0,0,0,0,0,0
390136,1,1,1992,9,9,9,9,9,9,9,9,9,9
390137,1,1,1992,14,14,14,14,14,14,14,14,14,14
390138,1,1,1992,12,12,12,12,12,12,12,12,12,12
390139,1,1,1992,0,0,0,0,0,0,0,0,0,0
390140,1,1,1992,0,0,0,0,0,0,0,0,0,0
390140,2,1,1992,0,0,0,0,0,0,0,0,0,0
390141,1,1,1992,18,18,18,18,18,18,18,18,18,18
390142,0,1,1992,0,0,0,0,0,0,0,0,0,0
390142,1,1,1992,10,10,10,10,10,10,10,10,10,10
390143,0,1,1992,0,0,0,0,0,0,0,0,25,0
390143,1,1,1992,0,16,0,0,0,0,0,0,0,0
390144,1,1,1992,0,0,0,0,0,0,0,0,0,0
390145,1,1,1992,0,0,0,0,0,0,0,0,0,0
390145,2,1,1992,3,18,12,12,30,29,0,26,0,18
390146,0,1,1992,23,0,0,30,0,22,0,23,0,23
390146,1,1,1992,0,0,0,0,0,0,0,0,0,16
390147,1,1,1992,16,9,20,18,17,20,21,25,23,23
390148,1,1,1992,0,0,0,0,0,0,0,0,0,0
390148,2,1,1992,0,0,0,0,0,0,0,10,0,0
390149,1,1,1992,0,0,0,0,0,0,0,0,0,0
390150,1,1,1992,0,0,0,0,0,0,0,0,0,0
390150,2,1,1992,10,10,10,10,10,10,10,10,10,10
390151,1,1,1992,0,0,0,0,0,0,0,0,0,0
390151,2,1,1992,0,0,0,0,0,0,0,0,0,0
390152,1,1,1992,0,0,0,0,0,0,0,0,0,0
390152,2,1,1992,0,0,0,0,0,0,0,0,0,0
390153,1,1,1992,0,0,0,0,0,0,0,0,0,0
390154,0,1,1992,14,0,0,18,12,29,12,17,13,7
390154,1,1,1992,0,0,0,0,0,0,0,0,0,0
390154,2,1,1992,0,0,0,0,0,0,0,0,0,0
390155,1,1,1992,0,0,0,0,0,0,0,0,0,0
390156,0,1,1992,0,19,0,0,0,0,0,0,18,0
390156,1,1,1992,0,0,0,0,0,0,0,0,7,0
390157,1,1,1992,0,0,0,0,0,21,0,0,13,0
390158,1,1,1992,0,0,0,0,0,0,0,0,0,0
390158,2,1,1992,0,0,0,0,0,0,0,0,0,0
390159,1,1,1992,0,0,0,0,0,0,0,0,0,0
390160,1,1,1992,0,0,0,0,0,0,0,0,0,0
390160,2,1,1992,0,0,0,0,0,0,0,0,0,0
390161,1,1,1992,34,28,8,18,10,17,22,12,18,9
390162,1,1,1992,20,20,20,20,20,20,20,20,20,20
390163,1,1,1992,0,0,16,0,0,0,16,0,4,0
390164,1,1,1992,6,0,0,23,0,0,0,0,0,0
390165,0,1,1992,0,36,0,0,0,0,6,0,5,0
390165,1,1,1992,0,0,0,0,0,0,0,0,0,0
390166,0,1,1992,0,12,0,0,0,0,0,0,0,0
390166,1,1,1992,0,0,0,0,0,0,0,0,0,0
390167,1,1,1992,0,0,0,0,0,0,0,0,0,0
390167,2,1,1992,0,0,0,0,0,0,0,0,0,0
390168,1,1,1992,10,10,10,10,10,10,10,10,10,10
390169,1,1,1992,0,0,0,0,0,0,0,0,0,0
390170,1,1,1992,0,0,0,0,0,0,0,0,0,0
390172,1,1,1992,0,12,0,13,0,0,11,3,0,0
390173,0,1,1992,23,23,23,23,23,23,23,23,23,23
390173,1,1,1992,0,0,0,0,0,0,0,0,0,0
390174,0,1,1992,31,23,14,13,20,3,0,0,14,20
390174,1,1,1992,0,0,16,0,0,0,20,0,0,6
390175,1,1,1992,0,0,0,0,0,0,0,0,0,5
390176,1,1,1992,0,0,0,0,0,0,0,0,13,0
390176,2,1,1992,10,0,15,19,26,0,13,0,0,0
390177,1,1,1992,0,0,0,0,0,0,0,0,0,0
390177,2,1,1992,0,0,0,0,0,0,0,0,0,0
390178,1,1,1992,13,21,18,19,16,10,0,21,0,20
390179,1,1,1992,26,0,0,0,0,0,23,0,0,20
390180,1,1,1992,11,19,18,8,7,23,26,21,21,22
390181,1,1,1992,0,0,0,0,5,13,0,0,0,0
390181,2,1,1992,0,0,5,0,0,0,0,0,0,0
390182,0,1,1992,0,0,0,0,0,0,0,0,0,0
390182,1,1,1992,0,0,0,0,0,0,0,0,0,0
390183,0,1,1992,18,18,18,18,18,18,18,18,18,18
390183,1,1,1992,0,0,0,0,0,6,2,0,0,0
390184,1,1,1992,17,17,17,17,17,17,17,17,17,17
390185,1,1,1992,43,43,43,43,43,43,43,43,43,43
390186,1,1,1992,6,0,31,9,40,0,26,29,8,19
390187,1,1,1992,14,14,14,14,14,14,14,14,14,14
390187,2,1,1992,0,0,0,0,0,0,0,0,0,0
390188,1,1,1992,0,0,0,0,0,0,0,0,0,0
390188,2,1,1992,0,0,0,0,0,0,0,0,0,0
390189,1,1,1992,0,0,0,41,0,0,6,0,0,17
390190,1,1,1992,0,6,0,0,0,0,13,0,0,13
390191,1,1,1992,0,0,0,0,0,0,0,0,0,0
390192,1,1,1992,0,0,0,0,0,0,0,0,0,0
390192,2,1,1992,0,0,0,0,0,0,0,0,0,0
390193,1,1,1992,7,7,7,7,7,7,7,7,7,7
390193,2,1,1992,17,5,10,0,7,0,15,17,27,31
390194,1,1,1992,0,12,13,0,0,11,0,12,15,0
390195,1,1,1992,0,0,0,0,0,0,0,0,0,0
390197,1,1,1992,17,17,17,17,17,17,17,17,17,17
390198,1,1,1992,0,0,0,0,0,0,0,0,0,0
390198,2,1,1992,0,0,8,0,0,0,0,0,0,0
390199,1,1,1992,0,0,0,0,0,0,0,0,0,0
390199,2,1,1992,0,0,0,0,0,0,0,0,0,0
390200,1,1,1992,0,0,0,0,0,0,0,0,0,0
390200,2,1,1992,0,0,0,0,0,0,0,0,0,0
390201,1,1,1992,0,0,0,0,0,0,0,0,0,0
390201,2,1,1992,0,0,0,0,0,0,0,0,0,0
390202,1,1,1992,9,24,0,0,0,0,11,0,0,0
390203,1,1,1992,0,0,0,12,4,21,0,0,6,0
390204,0,1,1992,21,21,21,21,21,21,21,21,21,21
390204,1,1,1992,0,0,0,0,0,0,0,0,0,0
390205,1,1,1992,13,0,20,0,0,0,0,0,0,26
390206,1,1,1992,0,0,0,0,0,0,0,0,0,0
390206,2,1,1992,21,21,21,21,21,21,21,21,21,21
390207,0,1,1992,3,20,13,13,12,27,0,19,30,19
390207,1,1,1992,0,0,0,0,0,0,0,0,0,0
390208,1,1,1992,17,17,17,17,17,17,17,17,17,17
390209,1,1,1992,0,0,0,0,0,0,0,0,0,0
390209,2,1,1992,0,0,0,0,0,0,0,0,0,0
390210,1,1,1992,0,0,0,0,0,0,0,0,0,0
390210,2,1,1992,15,15,15,15,15,15,15,15,15,15
390211,1,1,1992,0,0,0,0,0,0,0,0,0,0