ST_CASE,VEH_NO,PER_NO,YEAR,P1,P2,P3,P4,P5,P6,P7,P8,P9,P10
391079,2,1,1992,0,0,0,0,0,0,0,0,0,0
391080,1,1,1992,0,0,0,0,0,0,0,0,0,0
391080,2,1,1992,0,0,15,0,0,0,0,0,0,0
391081,1,1,1992,0,0,0,0,0,0,0,0,0,0
391081,2,1,1992,0,0,0,0,0,0,0,0,0,0
391082,1,1,1992,16,22,7,0,18,28,40,0,29,0
391084,0,1,1992,0,0,0,0,0,0,0,0,0,0
391084,1,1,1992,0,0,0,0,0,0,0,0,0,0
391085,0,1,1992,0,13,0,0,0,0,0,0,0,0
391085,0,2,1992,0,0,0,0,0,0,0,25,0,0
391085,1,1,1992,22,22,22,22,22,22,22,22,22,22
391086,1,1,1992,0,0,0,10,0,0,0,0,0,0
391086,2,1,1992,0,0,0,0,0,0,0,0,0,0
391087,1,1,1992,0,0,0,0,0,2,0,0,0,0
391088,1,1,1992,0,0,0,0,0,0,0,0,0,0
391088,2,1,1992,0,0,0,0,0,0,0,0,0,0
391089,1,1,1992,0,0,0,0,0,0,0,0,0,0
391089,2,1,1992,0,0,0,0,0,0,0,0,0,0
391090,0,1,1992,23,23,23,23,23,23,23,23,23,23
391090,1,1,1992,0,0,0,0,0,0,0,0,0,0
391091,1,1,1992,0,0,0,0,0,0,0,0,0,0
391091,2,1,1992,0,0,0,0,0,0,0,0,0,0
391092,1,1,1992,0,0,0,0,0,0,0,0,0,0
391093,1,1,1992,15,12,17,41,21,24,26,19,14,3
391094,1,1,1992,1,1,1,1,1,1,1,1,1,1
391095,1,1,1992,17,26,13,19,29,0,0,13,0,0
391096,1,1,1992,0,0,0,0,0,0,0,13,0,0
391096,2,1,1992,0,0,0,0,0,0,0,0,0,0
391097,1,1,1992,0,0,0,0,0,0,0,0,0,0
391097,2,1,1992,0,0,0,0,0,0,0,0,0,0
391098,1,1,1992,0,0,0,0,0,0,0,0,0,0
391098,2,1,1992,0,0,0,0,0,0,0,0,0,0
391099,1,1,1992,23,23,23,23,23,23,23,23,23,23
391099,2,1,1992,8,0,0,0,0,0,0,0,0,0
391100,1,1,1992,0,0,0,0,0,0,0,0,0,0
391101,1,1,1992,0,0,0,0,0,0,0,0,0,0
391101,2,1,1992,0,0,0,0,0,0,0,0,0,0
391102,1,1,1992,0,0,0,0,0,0,0,0,0,0
391103,1,1,1992,0,0,0,0,0,0,0,0,0,0
391103,2,1,1992,0,0,0,0,0,0,0,0,0,0
391104,1,1,1992,0,0,0,0,0,0,0,0,0,0
391104,2,1,1992,0,0,0,0,0,0,0,0,0,0
391105,1,1,1992,0,0,0,0,0,0,0,0,0,0
391105,2,1,1992,0,0,0,0,0,0,0,0,0,0
391106,1,1,1992,23,11,17,6,0,29,17,12,14,7
391107,1,1,1992,0,0,0,0,0,0,0,0,0,0
391108,1,1,1992,0,0,0,0,0,0,23,16,0,0
391109,1,1,1992,23,23,23,23,23,23,23,23,23,23
391110,1,1,1992,18,38,16,25,11,22,12,17,10,18
391111,1,1,1992,0,0,0,0,0,10,0,0,0,0
391111,2,1,1992,1,1,1,1,1,1,1,1,1,1
391112,1,1,1992,0,0,0,0,0,0,0,0,0,0
391112,2,1,1992,0,0,0,0,0,0,0,0,0,0
391113,1,1,1992,0,0,0,0,0,0,0,0,0,0
391113,2,1,1992,0,0,0,0,0,0,24,0,0,0
391114,1,1,1992,29,29,29,29,29,29,29,29,29,29
391115,1,1,1992,11,21,17,16,12,17,16,23,16,11
391116,1,1,1992,14,14,14,14,14,14,14,14,14,14
391117,1,1,1992,10,10,10,10,10,10,10,10,10,10
391118,1,1,1992,0,0,19,0,0,0,0,0,0,0
391118,2,1,1992,0,0,0,0,0,0,0,0,0,0
391119,1,1,1992,23,23,23,23,23,23,23,23,23,23
391120,0,1,1992,0,0,0,35,14,12,0,0,15,0
391120,1,1,1992,0,34,0,0,0,0,0,0,0,0
391121,1,1,1992,0,21,0,0,12,0,0,0,16,10
391121,2,1,1992,0,0,0,0,0,15,0,0,0,0
391122,1,1,1992,0,0,0,0,0,0,0,0,0,0
391122,2,1,1992,0,0,0,0,0,0,0,0,0,0
391123,1,1,1992,0,0,0,20,0,0,0,0,0,24
391123,2,1,1992,0,0,0,0,0,0,0,0,0,0
391124,1,1,1992,25,25,25,25,25,25,25,25,25,25
391125,1,1,1992,12,12,12,12,12,12,12,12,12,12
391126,1,1,1992,14,19,8,14,3,0,23,23,14,0
391126,2,1,1992,0,0,0,20,0,0,0,0,0,0
391127,1,1,1992,6,8,17,9,0,16,0,0,17,0
391128,1,1,1992,8,0,3,5,0,69,0,0,5,4
391129,1,1,1992,0,0,0,0,0,0,0,0,0,0
391129,2,1,1992,0,0,0,33,0,0,13,0,0,19
391130,1,1,1992,0,0,0,0,0,0,0,0,0,0
391130,2,1,1992,0,0,0,0,0,0,0,0,0,0
391131,0,1,1992,0,0,0,0,0,0,0,0,0,0
391131,1,1,1992,0,0,0,0,0,0,0,0,0,0
391132,1,1,1992,0,0,0,0,0,0,0,0,0,14
391133,0,1,1992,19,0,0,0,0,0,0,4,0,0
391133,1,1,1992,0,0,0,0,0,0,0,0,0,0
391135,1,1,1992,0,0,0,0,0,0,0,0,0,0
391136,1,1,1992,0,19,0,0,8,23,20,0,0,23
391137,1,1,1992,18,6,25,26,7,18,14,16,10,9
391138,0,1,1992,0,0,0,0,0,0,0,0,0,0
391138,1,1,1992,0,0,0,0,0,0,0,0,0,0
391139,1,1,1992,19,19,19,19,19,19,19,19,19,19
391140,1,1,1992,27,16,52,36,0,19,29,28,40,20
391141,1,1,1992,18,18,18,18,18,18,18,18,18,18
391142,1,1,1992,31,31,31,31,31,31,31,31,31,31
391142,2,1,1992,0,0,0,0,0,0,0,0,0,0
391142,3,1,1992,0,0,0,0,0,0,0,0,0,0
391143,1,1,1992,0,0,0,0,0,0,0,0,0,0
391143,2,1,1992,16,0,0,0,0,0,0,0,0,0
391144,1,1,1992,0,0,0,0,0,0,0,0,0,0
391144,2,1,1992,0,0,0,0,0,0,0,0,0,11
391145,1,1,1992,11,11,11,11,11,11,11,11,11,11
391146,1,1,1992,0,0,0,0,0,0,0,0,0,0
391146,2,1,1992,0,0,0,0,0,0,0,0,0,0
391147,1,1,1992,0,0,0,0,0,16,0,0,0,0
391148,1,1,1992,30,21,0,13,0,37,8,23,31,34
391149,0,1,1992,0,0,0,0,0,0,0,0,0,0
391149,1,1,1992,0,0,0,0,0,0,0,0,0,0
391150,1,1,1992,0,0,19,0,18,0,0,0,21,0
391151,1,1,1992,0,0,0,0,0,0,0,0,0,0
391151,2,1,1992,0,0,0,0,0,0,0,0,0,0
391152,1,1,1992,0,0,0,0,0,0,0,0,0,0
391152,2,1,1992,0,6,0,10,0,0,0,0,8,0
391153,1,1,1992,0,0,0,0,0,0,0,0,0,0
391153,2,1,1992,0,0,0,0,0,0,0,0,0,0
391154,1,1,1992,0,0,0,0,0,0,0,0,0,0
391155,1,1,1992,18,18,18,18,18,18,18,18,18,18
391156,1,1,1992,11,22,16,0,13,11,6,23,22,0
391157,1,1,1992,25,25,25,25,25,25,25,25,25,25
391157,2,1,1992,7,0,0,0,0,0,0,0,0,0
391158,1,1,1992,0,0,0,0,0,0,16,0,0,0
391158,2,1,1992,0,0,0,0,0,0,0,0,0,0
391159,1,1,1992,18,18,14,0,0,0,22,0,22,21
391159,2,1,1992,0,4,7,0,26,0,16,0,10,0
391160,1,1,1992,0,0,0,0,0,0,0,0,0,0
391160,2,1,1992,0,0,0,0,0,0,0,0,0,0
391161,1,1,1992,0,0,0,0,0,0,0,0,0,0
391161,2,1,1992,0,0,0,0,0,0,0,0,0,0
391162,1,1,1992,0,0,0,0,0,0,0,0,0,0
391162,2,1,1992,0,12,0,0,0,0,0,16,0,0
391163,2,1,1992,21,18,0,16,21,12,13,0,30,17
391164,1,1,1992,0,0,0,0,0,0,10,0,0,0
391164,2,1,1992,0,0,0,0,0,0,0,0,0,0
391165,1,1,1992,0,22,26,27,0,9,0,0,13,0
391166,1,1,1992,0,0,0,0,0,0,0,0,0,0
391167,1,1,1992,0,0,0,0,0,0,0,0,0,0
391167,2,1,1992,0,0,0,0,0,0,0,0,0,0
391168,1,1,1992,0,0,0,0,0,0,0,0,0,0
391169,1,1,1992,21,0,0,21,0,0,0,0,0,10
391170,1,1,1992,7,0,21,0,0,0,4,0,0,0
391172,1,1,1992,18,0,25,0,0,36,17,0,0,32
391172,2,1,1992,0,0,0,0,0,0,0,0,0,0
391173,1,1,1992,0,0,0,0,0,0,0,0,0,0
391173,2,1,1992,0,0,0,0,0,0,0,0,0,0
391174,1,1,1992,0,9,0,0,0,0,6,0,10,0
391174,2,1,1992,0,0,0,0,11,0,18,0,0,0
391175,1,1,1992,0,0,0,0,0,0,0,0,0,0
391175,2,1,1992,0,0,0,0,0,0,0,0,0,0
391175,3,1,1992,0,0,0,0,0,0,0,0,0,0
391176,1,1,1992,0,0,0,0,0,0,0,0,0,0
391176,2,1,1992,22,6,0,0,0,0,1,0,0,16
391177,1,1,1992,13,13,13,13,13,13,13,13,13,13
391178,1,1,1992,0,0,0,0,4,8,0,0,0,0
391178,2,1,1992,0,0,0,0,0,0,0,0,0,0
391179,1,1,1992,0,0,0,0,0,0,0,0,0,0
391179,2,1,1992,0,0,0,0,0,0,0,0,0,0
391179,3,1,1992,0,0,0,0,0,0,0,0,0,0
391179,4,1,1992,0,0,0,0,0,0,0,0,0,0
391180,1,1,1992,0,0,0,0,0,0,0,0,0,0
391180,2,1,1992,0,0,0,0,0,0,0,0,0,0
391181,1,1,1992,0,0,0,0,0,0,0,0,0,0
391181,2,1,1992,0,0,0,0,0,0,0,0,0,0
391182,1,1,1992,0,11,0,0,0,0,0,0,0,0
391185,1,1,1992,0,0,0,0,0,13,0,0,0,0
391185,2,1,1992,0,0,0,0,0,0,0,0,0,0
391186,1,1,1992,4,6,0,19,0,0,0,10,0,0
391186,2,1,1992,0,0,0,0,0,0,0,0,0,0
391187,1,1,1992,0,0,0,0,0,0,0,0,0,0
391188,1,1,1992,0,0,0,0,0,0,0,0,0,0
391188,2,1,1992,0,0,0,0,0,0,0,0,0,0
391189,1,1,1992,0,0,0,0,0,0,0,0,0,0
391189,2,1,1992,0,0,0,0,0,0,0,0,0,0
391190,1,1,1992,0,0,0,0,0,0,0,0,0,0
391191,1,1,1992,23,0,0,0,0,0,0,0,23,0
391191,2,1,1992,0,0,0,0,0,0,0,0,0,0
391191,3,1,1992,0,0,0,0,0,0,0,0,0,0
391192,1,1,1992,0,0,32,0,0,0,0,11,0,13
391193,1,1,1992,16,16,16,16,16,16,16,16,16,16
391194,1,1,1992,0,0,0,0,0,0,0,0,0,0
391195,1,1,1992,0,0,0,0,0,0,0,0,0,0
391195,2,1,1992,0,0,0,0,0,0,0,0,0,0
391195,3,1,1992,0,0,0,0,0,0,0,0,0,0
391196,1,1,1992,0,0,0,0,0,0,0,0,0,0
391197,1,1,1992,0,0,0,0,0,0,0,0,0,0
391197,2,1,1992,0,0,0,0,0,0,0,0,0,0
391198,1,1,1992,33,0,15,21,10,20,15,0,28,12
391199,1,1,1992,0,0,0,13,0,0,0,0,0,0
391199,2,1,1992,0,0,0,0,0,0,17,0,0,0
391199,3,1,1992,0,0,0,0,0,0,0,0,0,0
391200,0,1,1992,0,0,0,0,0,0,0,0,0,0
391200,0,2,1992,0,0,0,0,0,17,0,0,0,0
391200,1,1,1992,0,0,0,0,0,0,0,0,0,0
391201,1,1,1992,0,0,0,0,0,0,0,14,0,0
391201,2,1,1992,0,0,0,0,0,0,0,0,0,0
391202,0,1,1992,10,10,10,10,10,10,10,10,10,10
391202,1,1,1992,0,0,0,0,0,0,0,31,0,0
391203,1,1,1992,6,6,6,6,6,6,6,6,6,6
391204,1,1,1992,0,0,0,0,0,0,0,0,0,0
391204,2,1,1992,0,0,0,0,0,0,0,0,0,0
391205,1,1,1992,0,0,0,0,0,0,0,0,0,0
391206,1,1,1992,16,16,16,16,16,16,16,16,16,16
391207,1,1,1992,0,0,0,0,0,0,0,0,0,0
391207,2,1,1992,16,10,23,0,31,0,29,20,25,5
391208,1,1,1992,14,14,14,14,14,14,14,14,14,14
391209,1,1,1992,0,0,0,0,0,0,0,0,0,0
391210,0,1,1992,0,0,0,0,15,0,0,0,0,27
391210,1,1,1992,0,0,0,0,0,0,0,0,0,0
391211,0,1,1992,0,0,0,0,0,0,0,0,0,0
391211,1,1,1992,0,0,0,0,0,0,0,0,0,0
391212,1,1,1992,0,0,0,0,0,0,0,0,0,0
391213,1,1,1992,0,0,0,0,0,0,0,0,0,0
391213,2,1,1992,0,0,0,0,0,0,0,0,0,0
391214,1,1,1992,0,0,0,0,0,0,0,0,0,0
391214,2,1,1992,0,0,0,0,0,0,0,0,0,0
391215,1,1,1992,0,0,0,0,0,0,0,0,0,0
391215,2,1,1992,0,0,0,0,0,0,0,0,0,0
391216,1,1,1992,0,0,0,0,0,0,0,0,0,0
391216,2,1,1992,0,0,0,0,0,0,0,0,0,0
391217,1,1,1992,0,0,0,0,0,0,0,0,0,0
391218,1,1,1992,13,20,0,36,0,2,14,16,0,17
391219,1,1,1992,0,0,0,0,0,0,0,0,0,0
391219,2,1,1992,0,0,0,0,0,0,0,0,0,0
391220,0,1,1992,18,6,0,0,0,7,0,0,0,0
391220,1,1,1992,0,0,0,0,0,0,0,0,0,0
391221,1,1,1992,0,0,0,0,0,0,0,0,0,0
391221,2,1,1992,0,0,0,0,0,0,0,0,0,0
391222,1,1,1992,0,0,0,0,0,0,0,0,0,0
391222,2,1,1992,0,0,18,0,0,0,0,0,0,0
391223,1,1,1992,29,29,29,29,29,29,29,29,29,29
391223,2,1,1992,0,0,0,0,0,0,0,0,0,0
391224,1,1,1992,0,0,0,0,0,0,0,0,0,0
391225,1,1,1992,0,0,0,0,0,0,0,0,0,0
391225,2,1,1992,0,0,0,0,0,0,0,0,0,0
391227,1,1,1992,15,31,19,17,15,8,19,34,22,12
391228,1,1,1992,0,0,0,0,0,0,0,0,0,0
391228,2,1,1992,0,0,0,0,0,0,0,0,0,0
391228,3,1,1992,0,0,0,0,0,0,0,0,0,0
391229,1,1,1992,0,0,0,0,0,0,0,0,0,0
391229,2,1,1992,0,0,0,0,0,0,0,0,0,0
391230,1,1,1992,0,0,23,18,0,0,0,0,0,13
391231,1,1,1992,0,0,3,0,0,0,0,0,5,0
391232,1,1,1992,0,0,0,0,0,0,0,0,0,0
391233,1,1,1992,0,0,0,0,0,0,0,0,0,0
391234,1,1,1992,0,0,0,0,0,0,0,0,0,0
391234,2,1,1992,0,0,0,0,0,0,0,0,0,0
391235,1,1,1992,0,0,0,0,0,0,0,0,0,0
391235,2,1,1992,0,0,0,0,0,0,0,0,0,0
391236,1,1,1992,0,0,0,0,0,0,0,0,0,0
391236,2,1,1992,0,0,0,0,0,0,0,0,0,0
391237,1,1,1992,0,0,0,0,0,0,0,0,0,0
391237,2,1,1992,0,0,0,0,0,0,0,0,0,0
391238,1,1,1992,0,0,0,0,0,0,0,0,0,0
391239,1,1,1992,0,0,0,0,0,0,0,0,0,0
391239,2,1,1992,0,0,0,0,0,0,0,0,0,0
391239,3,1,1992,0,0,0,0,0,14,0,0,0,0
391239,4,1,1992,0,0,0,0,0,0,0,0,0,0
391240,1,1,1992,0,0,0,0,0,0,0,0,0,0
391241,1,1,1992,6,11,16,18,13,14,12,13,7,32
391242,1,1,1992,0,0,0,0,0,0,0,0,0,0
391242,2,1,1992,0,0,0,0,0,0,0,0,0,0
391242,3,1,1992,16,13,15,24,40,9,5,17,15,14
391243,1,1,1992,0,0,0,0,0,0,0,0,0,0
391243,2,1,1992,0,0,0,0,0,7,0,0,0,0
391244,0,1,1992,0,0,0,14,0,0,0,0,0,0
391244,1,1,1992,0,0,0,0,0,0,0,0,0,0
391245,1,1,1992,0,0,0,0,0,0,0,0,0,0
391245,2,1,1992,0,4,0,0,13,0,0,0,0,0
391246,1,1,1992,0,0,0,0,0,0,0,0,0,0
391247,1,1,1992,0,0,0,0,0,0,0,0,0,0
391247,2,1,1992,0,0,0,0,0,0,0,0,0,0
391248,1,1,1992,0,0,0,0,0,0,0,0,0,0
391248,2,1,1992,0,0,0,0,6,9,0,9,0,0
391249,1,1,1992,4,0,0,0,0,0,0,0,0,0
391250,0,1,1992,24,14,5,26,35,20,22,31,12,32
391250,1,1,1992,19,14,0,0,0,0,0,0,13,13
391251,1,1,1992,4,4,4,4,4,4,4,4,4,4
391251,2,1,1992,4,4,4,4,4,4,4,4,4,4
391252,1,1,1992,0,0,0,0,0,0,8,0,0,0
391253,1,1,1992,0,0,0,0,19,0,14,7,0,0
391254,1,1,1992,0,0,0,0,0,0,0,0,0,0
391255,1,1,1992,27,27,27,27,27,27,27,27,27,27
391256,1,1,1992,29,14,13,0,0,31,0,0,0,0
391257,1,1,1992,0,0,0,0,0,0,0,0,0,0
391257,2,1,1992,0,0,0,0,0,0,0,0,0,0
391257,3,1,1992,0,0,0,0,0,0,16,0,0,0
391258,1,1,1992,4,4,4,4,4,4,4,4,4,4
391259,1,1,1992,0,11,0,0,25,0,15,13,0,0
391260,1,1,1992,0,0,0,0,0,0,0,0,15,0
391260,2,1,1992,0,0,0,0,0,0,0,0,0,0
391261,1,1,1992,0,0,0,0,0,0,0,0,0,0
391261,2,1,1992,0,0,0,0,0,0,0,0,0,0
391262,0,1,1992,17,6,0,0,0,0,0,0,0,0
391262,1,1,1992,0,0,0,0,0,0,0,0,0,0
391263,1,1,1992,0,0,0,0,0,0,0,0,0,0
391264,0,1,1992,0,0,0,0,0,0,0,0,0,0
391264,1,1,1992,0,0,0,0,0,0,0,0,0,0
391265,1,1,1992,0,0,0,0,0,0,0,9,0,0
391266,1,1,1992,11,29,0,0,8,7,0,11,0,0
391267,1,1,1992,18,0,14,0,0,14,0,0,14,11
391268,1,1,1992,0,0,0,0,0,0,0,0,0,0
391269,1,1,1992,3,3,3,3,3,3,3,3,3,3
391270,1,1,1992,0,0,0,0,0,0,0,0,0,0
391271,1,1,1992,19,19,19,19,19,19,19,19,19,19
391272,1,1,1992,0,0,0,0,0,0,0,0,0,0
391272,2,1,1992,0,0,0,0,0,0,0,0,0,0
391272,3,1,1992,0,0,0,0,0,0,0,0,0,0
391273,1,1,1992,0,0,0,0,0,0,0,0,30,0
391273,2,1,1992,0,0,12,0,0,9,0,0,0,0
391274,1,1,1992,0,0,0,0,0,0,0,0,0,0
391274,2,1,1992,0,0,0,0,0,0,23,0,9,0
391275,0,1,1992,29,29,29,29,29,29,29,29,29,29
391275,1,1,1992,0,0,0,0,0,0,0,0,0,0
391276,1,1,1992,31,12,17,5,19,12,13,14,20,13
391277,1,1,1992,0,0,0,0,16,0,0,0,0,0
391278,1,1,1992,0,0,0,0,0,0,0,0,0,0
391279,1,1,1992,0,0,0,0,0,0,0,0,0,0
391279,2,1,1992,0,0,0,0,0,0,0,0,0,0
391280,1,1,1992,0,0,17,0,0,0,0,0,0,0
391281,1,1,1992,0,0,0,0,0,0,0,0,0,0
391282,1,1,1992,0,0,0,0,0,0,0,0,0,0
391282,2,1,1992,26,0,0,0,0,0,18,23,0,9
391284,1,1,1992,15,19,24,11,35,7,17,11,27,26
391285,1,1,1992,0,0,18,0,28,0,0,0,0,0
391286,0,1,1992,0,0,0,13,0,0,0,0,12,0
391286,1,1,1992,0,0,0,0,0,0,0,0,0,0
391287,1,1,1992,0,0,0,0,0,0,0,0,0,0
391288,1,1,1992,0,0,0,0,0,0,0,0,0,0
391289,1,1,1992,0,0,0,0,0,0,0,0,0,0
391289,2,1,1992,0,0,0,0,0,0,0,0,0,0
391291,1,1,1992,13,16,10,16,18,5,25,6,25,0
391292,1,1,1992,0,0,0,0,0,0,0,0,0,0
391293,1,1,1992,0,0,0,0,0,0,0,14,0,0
391293,2,1,1992,13,0,0,0,0,0,0,0,0,2
391294,1,1,1992,4,4,4,4,4,4,4,4,4,4
391295,0,1,1992,0,0,0,0,0,0,0,12,0,0
391295,1,1,1992,0,0,0,0,10,0,0,0,4,0
391296,1,1,1992,0,0,0,0,0,0,0,0,0,0
391296,2,1,1992,4,4,4,4,4,4,4,4,4,4
391297,1,1,1992,0,0,0,0,0,0,0,0,15,0
391297,2,1,1992,0,0,0,0,0,0,0,0,0,0
391299,1,1,1992,0,0,0,7,0,0,0,6,0,0
391299,2,1,1992,0,0,0,0,0,0,0,0,0,0
391300,1,1,1992,0,0,0,0,0,0,0,0,0,0
391300,2,1,1992,0,0,0,0,0,0,0,0,0,0
391301,1,1,1992,8,8,8,8,8,8,8,8,8,8
391302,1,1,1992,0,0,0,0,0,0,0,0,0,0
391303,0,1,1992,0,0,0,0,0,0,0,20,12,0
391304,1,1,1992,14,0,0,0,0,0,0,0,0,0
391305,1,1,1992,0,0,0,0,0,15,0,15,0,0
391306,1,1,1992,0,19,11,0,0,15,0,0,0,0
391307,1,1,1992,0,0,0,0,0,0,0,0,0,0
391307,2,1,1992,0,0,0,0,0,0,0,0,0,0
391308,0,1,1992,0,0,0,0,0,0,0,0,0,0
391308,1,1,1992,0,0,0,0,0,0,0,0,0,6
391309,1,1,1992,0,0,0,0,0,0,0,0,9,0
391310,1,1,1992,7,0,0,9,17,0,0,0,13,0
391311,1,1,1992,17,20,11,0,9,0,12,48,15,0
391311,2,1,1992,0,0,0,0,0,0,0,0,0,0
391312,1,1,1992,0,0,0,0,0,0,0,0,0,0
391312,2,1,1992,0,0,0,0,0,0,0,0,0,0
391313,1,1,1992,15,15,15,15,15,15,15,15,15,15
391314,1,1,1992,0,0,0,0,0,0,0,0,0,0
391315,1,1,1992,0,20,0,0,8,0,0,0,0,0
391316,1,1,1992,0,0,0,0,0,0,0,0,0,0
391316,2,1,1992,0,0,0,0,0,17,0,0,0,0
391317,1,1,1992,0,0,0,0,0,0,0,0,0,0
391318,1,1,1992,23,23,23,23,23,23,23,23,23,23
391318,2,1,1992,0,0,0,0,0,8,0,0,0,0
391319,1,1,1992,2,2,2,2,2,2,2,2,2,2
391320,1,1,1992,0,0,0,0,0,0,0,0,0,0
391321,1,1,1992,11,11,11,11,11,11,11,11,11,11
391321,2,1,1992,0,0,0,0,0,0,0,0,0,12
391322,1,1,1992,0,0,0,0,0,0,0,0,0,0
391323,1,1,1992,12,0,7,32,0,0,0,9,41,17
391324,1,1,1992,0,0,0,0,0,0,0,0,0,0
391324,2,1,1992,0,0,0,0,0,0,0,0,0,0
391325,1,1,1992,0,0,0,0,0,0,0,0,0,0
391325,2,1,1992,0,0,0,0,0,0,0,0,0,0
391326,0,1,1992,0,0,0,0,0,0,0,0,0,0
391326,1,1,1992,28,5,12,0,0,23,8,0,0,6
391327,1,1,1992,0,0,0,0,0,0,0,0,0,0
391327,2,1,1992,0,0,0,0,0,0,0,0,0,0
391328,1,1,1992,0,0,0,0,0,0,0,0,0,0
391328,2,1,1992,35,35,35,35,35,35,35,35,35,35
391329,1,1,1992,0,0,0,0,0,0,0,0,0,0
391329,2,1,1992,15,15,15,15,15,15,15,15,15,15
391330,0,1,1992,11,0,3,41,0,0,0,0,0,0
391330,1,1,1992,0,0,0,0,0,0,0,0,0,0
391331,1,1,1992,0,0,0,0,28,0,0,0,0,0
391333,1,1,1992,26,26,26,26,26,26,26,26,26,26
391334,1,1,1992,0,0,0,0,0,0,0,0,0,0
391335,1,1,1992,0,0,0,0,0,0,0,0,0,0
391335,2,1,1992,0,5,6,0,7,0,0,0,13,0
391336,0,1,1992,0,0,0,0,0,0,0,0,10,0
391336,1,1,1992,0,0,0,0,0,0,0,0,0,0
391337,1,1,1992,0,0,0,0,0,0,0,0,0,0
391337,2,1,1992,0,0,0,0,0,0,0,0,0,0
391338,1,1,1992,0,0,0,0,0,0,0,0,0,0
391338,2,1,1992,11,0,0,0,0,0,0,19,0,0
391339,0,1,1992,0,0,0,0,0,0,0,0,0,0
391339,1,1,1992,0,0,0,0,0,0,0,0,0,0
391340,1,1,1992,0,0,0,0,0,0,0,0,0,0
391340,2,1,1992,0,0,0,0,0,0,0,0,0,0
391342,0,1,1992,22,28,17,11,17,0,25,17,12,10
391342,1,1,1992,10,7,0,11,0,0,5,10,0,0
391344,0,1,1992,0,0,0,0,0,0,0,0,0,0
391344,1,1,1992,0,0,0,0,0,0,0,0,0,0
391345,1,1,1992,0,19,0,15,0,0,0,0,0,24
391346,1,1,1992,0,0,0,0,0,0,0,0,0,0
391347,1,1,1992,0,0,0,0,0,0,0,0,0,0
391348,0,1,1992,0,0,0,0,0,0,0,0,0,0
391348,1,1,1992,0,0,0,0,0,0,0,0,0,0
391349,1,1,1992,18,0,0,0,0,13,6,15,0,0
391350,1,1,1992,0,0,0,0,0,0,0,0,0,0
391350,2,1,1992,0,0,0,0,0,0,0,0,0,0
391351,1,1,1992,26,26,26,26,26,26,26,26,26,26
391352,1,1,1992,27,17,0,0,0,0,13,14,0,0
391352,2,1,1992,0,0,0,0,0,0,0,0,0,0
391353,1,1,1992,20,0,0,0,0,0,0,0,0,0
391353,2,1,1992,0,0,0,0,0,0,0,0,0,0
391354,1,1,1992,0,0,0,0,0,0,0,0,0,0
391355,0,1,1992,0,0,0,0,0,0,0,0,0,0
391355,1,1,1992,0,0,0,0,0,0,0,0,0,0
391356,1,1,1992,0,0,0,0,0,0,0,0,0,0
391356,2,1,1992,0,0,0,0,0,0,0,0,0,0
391357,1,1,1992,0,0,0,0,0,0,0,0,0,0
391358,1,1,1992,0,0,0,0,0,0,0,0,0,0
391358,2,1,1992,0,0,0,0,0,0,0,0,0,0
391359,1,1,1992,0,0,0,0,0,0,0,0,0,0
391361,1,1,1992,0,0,0,0,0,0,0,0,32,0
391361,2,1,1992,0,0,0,0,0,0,0,0,0,0
391363,1,1,1992,0,0,0,0,0,0,0,0,0,0
391363,2,1,1992,0,0,0,0,0,9,0,0,0,0
400001,1,1,1992,11,11,11,11,11,11,11,11,11,11
400002,0,1,1992,0,0,0,0,0,0,0,0,0,0
400002,1,1,1992,0,0,0,0,0,0,0,0,0,0
400003,1,1,1992,32,32,32,32,32,32,32,32,32,32
400004,1,1,1992,17,17,17,17,17,17,17,17,17,17
400005,1,1,1992,34,34,34,34,34,34,34,34,34,34
400006,1,1,1992,0,0,0,0,0,7,0,0,0,0
400008,1,1,1992,4,11,0,0,0,0,4,0,0,0
400009,1,1,1992,8,8,8,8,8,8,8,8,8,8
400009,2,1,1992,0,0,0,0,0,0,0,0,0,0
400010,1,1,1992,16,16,16,16,16,16,16,16,16,16
400011,0,1,1992,0,0,0,0,0,0,0,0,0,0
400011,1,1,1992,0,0,0,0,0,0,0,0,0,0
400012,1,1,1992,0,0,0,0,0,0,0,0,0,0
400012,2,1,1992,0,0,0,0,0,0,0,0,0,0
400014,1,1,1992,0,0,0,0,0,0,0,0,0,0
400014,2,1,1992,0,0,0,0,0,0,0,0,0,0
400015,1,1,1992,3,0,0,0,0,0,0,0,0,0
400015,2,1,1992,0,0,0,0,0,0,0,0,0,0
400016,1,1,1992,32,29,46,16,21,11,15,22,18,24
400017,1,1,1992,15,15,15,15,15,15,15,15,15,15
400018,1,1,1992,0,0,0,0,0,18,0,0,17,10
400019,1,1,1992,0,0,0,0,28,0,0,0,0,0
400020,0,1,1992,10,12,6,55,28,17,7,16,10,35
400020,1,1,1992,0,19,13,7,9,11,20,11,12,17
400021,0,1,1992,0,0,0,0,0,0,0,0,0,0
400021,1,1,1992,0,0,0,0,0,0,0,0,0,0
400022,1,1,1992,19,12,19,22,16,16,15,20,27,7
400022,2,1,1992,0,0,0,0,0,0,0,0,0,0
400023,1,1,1992,0,0,0,0,0,0,0,0,0,0
400024,1,1,1992,11,0,17,18,21,7,15,11,0,0
400026,1,1,1992,17,17,17,17,17,17,17,17,17,17
400027,1,1,1992,27,10,16,28,0,18,17,11,13,27
400028,1,1,1992,0,0,0,0,0,0,0,0,0,0