ST_CASE,VEH_NO,PER_NO,YEAR,P1,P2,P3,P4,P5,P6,P7,P8,P9,P10
410069,1,1,1992,20,20,20,20,20,20,20,20,20,20
410070,1,1,1992,0,0,0,0,0,0,0,0,0,0
410070,2,1,1992,0,0,0,0,0,0,0,0,0,0
410071,1,1,1992,0,0,0,0,0,0,0,0,0,0
410072,1,1,1992,0,0,0,0,0,0,0,0,0,0
410072,2,1,1992,0,0,0,0,0,0,0,0,0,0
410072,3,1,1992,0,0,0,0,0,0,0,0,0,0
410073,1,1,1992,14,20,9,14,10,10,27,11,27,5
410074,1,1,1992,0,0,0,0,0,0,0,0,0,0
410074,2,1,1992,0,0,0,0,0,0,0,0,0,0
410075,1,1,1992,12,12,12,12,12,12,12,12,12,12
410075,2,1,1992,0,0,0,0,0,0,0,0,0,0
410076,1,1,1992,28,28,28,28,28,28,28,28,28,28
410076,2,1,1992,0,0,0,0,0,0,0,0,0,0
410077,1,1,1992,22,22,22,22,22,22,22,22,22,22
410078,1,1,1992,0,0,0,0,0,0,0,0,0,0
410078,2,1,1992,0,0,0,0,0,0,0,0,0,0
410079,1,1,1992,0,0,0,0,0,0,0,0,0,0
410080,1,1,1992,1,1,1,1,1,1,1,1,1,1
410081,1,1,1992,29,29,29,29,29,29,29,29,29,29
410082,1,1,1992,0,0,0,0,0,0,0,0,0,0
410082,2,1,1992,3,3,3,3,3,3,3,3,3,3
410083,0,1,1992,23,23,23,23,23,23,23,23,23,23
410083,1,1,1992,0,0,0,0,0,0,0,0,0,0
410084,1,1,1992,0,0,0,0,0,0,0,0,0,0
410084,2,1,1992,1,1,1,1,1,1,1,1,1,1
410086,1,1,1992,0,0,0,0,0,0,0,0,0,0
410086,2,1,1992,0,0,0,0,0,0,0,0,0,0
410087,1,1,1992,0,0,0,0,0,0,0,0,0,0
410087,2,1,1992,0,0,0,0,0,0,0,0,0,0
410088,1,1,1992,0,0,0,0,0,0,0,0,0,0
410089,1,1,1992,0,0,0,0,0,0,0,0,0,0
410089,2,1,1992,0,0,0,0,0,0,0,0,0,0
410090,1,1,1992,42,42,42,42,42,42,42,42,42,42
410090,2,1,1992,0,0,0,0,0,0,0,0,0,0
410091,0,1,1992,35,35,35,35,35,35,35,35,35,35
410091,1,1,1992,0,0,0,0,0,0,0,0,0,0
410092,0,1,1992,0,0,0,0,0,0,0,0,0,0
410092,1,1,1992,0,0,0,0,0,0,0,0,0,0
410093,1,1,1992,15,15,15,15,15,15,15,15,15,15
410094,1,1,1992,0,0,0,0,0,0,0,0,0,0
410094,2,1,1992,0,0,0,0,0,0,0,0,0,0
410095,1,1,1992,8,8,8,8,8,8,8,8,8,8
410096,1,1,1992,1,1,1,1,1,1,1,1,1,1
410097,1,1,1992,0,0,0,0,0,30,0,0,0,0
410098,0,1,1992,0,0,0,0,0,0,0,0,0,0
410098,1,1,1992,0,0,0,0,0,0,0,0,0,0
410099,1,1,1992,0,0,0,0,0,0,0,0,0,0
410100,1,1,1992,0,0,0,0,0,0,0,0,0,0
410100,2,1,1992,0,0,0,0,0,0,0,0,0,0
410101,1,1,1992,0,0,0,0,0,0,0,0,0,2
410102,1,1,1992,8,8,8,8,8,8,8,8,8,8
410103,1,1,1992,8,8,8,8,8,8,8,8,8,8
410104,1,1,1992,24,24,24,24,24,24,24,24,24,24
410105,1,1,1992,21,21,21,21,21,21,21,21,21,21
410105,2,1,1992,4,4,4,4,4,4,4,4,4,4
410106,1,1,1992,0,0,0,0,0,0,0,0,0,0
410107,1,1,1992,0,0,9,0,0,0,0,0,0,0
410108,0,1,1992,27,27,27,27,27,27,27,27,27,27
410108,1,1,1992,0,0,0,0,0,0,0,0,0,0
410109,1,1,1992,15,15,15,15,15,15,15,15,15,15
410110,0,1,1992,0,0,0,0,0,0,0,0,0,0
410110,1,1,1992,0,0,0,0,0,0,0,0,0,0
410111,1,1,1992,6,6,6,6,6,6,6,6,6,6
410112,0,1,1992,0,0,0,0,0,0,0,0,0,0
410112,1,1,1992,0,0,0,0,0,0,0,0,0,0
410113,0,1,1992,0,0,16,19,9,0,0,16,6,14
410113,1,1,1992,0,0,0,0,0,0,0,0,0,0
410114,1,1,1992,3,3,3,3,3,3,3,3,3,3
410114,2,1,1992,0,0,0,0,0,0,0,0,0,0
410115,2,1,1992,0,0,0,0,0,0,0,0,0,0
410116,1,1,1992,0,0,0,0,0,0,0,0,0,0
410116,2,1,1992,1,1,1,1,1,1,1,1,1,1
410117,1,1,1992,16,16,16,16,16,16,16,16,16,16
410118,1,1,1992,0,0,0,0,0,0,0,0,0,0
410118,2,1,1992,0,0,0,0,0,0,0,0,0,0
410119,0,1,1992,0,29,0,14,0,0,0,18,11,15
410119,1,1,1992,9,29,0,0,0,0,34,0,0,9
410120,1,1,1992,0,0,0,0,0,0,0,0,0,0
410121,1,1,1992,20,20,20,20,20,20,20,20,20,20
410122,0,1,1992,0,0,0,0,0,0,0,0,0,0
410122,1,1,1992,0,0,0,0,0,0,0,0,0,0
410123,1,1,1992,1,1,1,1,1,1,1,1,1,1
410124,1,1,1992,0,0,0,0,0,0,0,0,0,0
410125,1,1,1992,1,1,1,1,1,1,1,1,1,1
410126,0,1,1992,0,0,0,0,0,0,0,0,0,0
410126,1,1,1992,0,0,0,0,0,0,0,0,0,0
410127,1,1,1992,7,18,14,18,9,17,26,17,35,13
410128,1,1,1992,13,13,13,13,13,13,13,13,13,13
410128,2,1,1992,0,0,0,0,0,0,0,0,0,0
410129,1,1,1992,0,0,0,0,0,0,0,0,0,0
410130,1,1,1992,0,0,0,0,0,0,4,8,0,0
410130,2,1,1992,0,0,0,0,0,0,0,0,0,0
410131,1,1,1992,0,0,0,0,0,0,0,0,0,0
410132,0,1,1992,0,0,0,0,0,0,0,0,0,0
410132,1,1,1992,0,0,0,0,0,0,0,0,0,0
410133,1,1,1992,0,0,0,0,0,0,0,0,0,0
410134,1,1,1992,16,16,16,16,16,16,16,16,16,16
410135,1,1,1992,0,0,14,0,0,0,0,0,0,0
410135,2,1,1992,18,18,18,18,18,18,18,18,18,18
410135,3,1,1992,0,0,0,0,0,0,0,0,10,11
410136,1,1,1992,0,0,0,0,0,0,0,0,0,0
410136,2,1,1992,0,0,0,0,0,0,0,0,0,0
410136,3,1,1992,0,0,0,0,0,0,0,0,0,0
410137,1,1,1992,0,0,0,0,0,0,0,0,0,0
410137,2,1,1992,0,0,0,11,0,0,0,0,0,0
410138,1,1,1992,10,10,10,10,10,10,10,10,10,10
410139,1,1,1992,12,12,12,12,12,12,12,12,12,12
410140,1,1,1992,0,0,0,0,0,0,0,0,0,0
410140,2,1,1992,5,13,3,0,13,14,22,0,0,23
410141,1,1,1992,9,9,9,9,9,9,9,9,9,9
410141,2,1,1992,0,0,0,0,0,0,0,0,0,0
410141,3,1,1992,0,0,0,0,0,0,0,0,0,0
410141,4,1,1992,0,0,0,0,0,0,0,0,0,0
410142,1,1,1992,0,0,0,0,0,0,0,0,0,0
410143,1,1,1992,0,0,0,0,0,0,0,0,0,0
410144,1,1,1992,14,14,14,14,14,14,14,14,14,14
410145,1,1,1992,0,0,0,0,0,0,0,0,0,0
410146,0,1,1992,22,33,19,6,23,14,16,5,0,26
410146,1,1,1992,0,0,0,0,0,0,0,0,0,0
410147,1,1,1992,0,0,0,0,0,0,0,0,0,0
410148,1,1,1992,17,17,17,17,17,17,17,17,17,17
410149,1,1,1992,0,0,0,0,0,0,0,0,0,0
410149,2,1,1992,0,0,0,0,0,0,0,0,0,0
410150,1,1,1992,0,0,0,0,0,0,0,0,0,0
410150,2,1,1992,0,0,0,0,0,0,0,0,0,0
410151,0,1,1992,0,0,0,0,0,0,0,0,0,0
410151,0,2,1992,0,0,0,0,0,0,0,0,0,0
410151,1,1,1992,0,0,0,0,0,0,0,0,0,0
410152,1,1,1992,0,0,0,0,0,0,0,0,0,0
410153,1,1,1992,0,0,0,0,0,0,0,0,0,0
410154,1,1,1992,24,24,24,24,24,24,24,24,24,24
410155,1,1,1992,19,19,19,19,19,19,19,19,19,19
410155,2,1,1992,0,0,0,0,0,0,0,0,0,0
410156,1,1,1992,26,26,26,26,26,26,26,26,26,26
410157,1,1,1992,11,11,11,11,11,11,11,11,11,11
410158,1,1,1992,20,20,20,20,20,20,20,20,20,20
410159,1,1,1992,0,0,0,0,0,0,0,0,0,0
410160,1,1,1992,0,0,0,0,0,0,0,0,0,0
410160,2,1,1992,0,0,0,0,0,0,0,0,0,0
410161,1,1,1992,0,0,0,0,0,0,0,0,0,0
410161,2,1,1992,0,0,0,0,0,0,0,0,0,0
410162,1,1,1992,0,0,0,0,0,0,0,0,0,0
410163,1,1,1992,0,0,0,0,0,0,0,0,0,0
410163,2,1,1992,13,13,13,13,13,13,13,13,13,13
410164,1,1,1992,0,14,0,0,0,0,0,0,0,0
410164,2,1,1992,0,0,0,0,0,0,0,0,0,0
410165,1,1,1992,0,0,0,0,0,0,0,0,0,0
410165,2,1,1992,0,0,0,0,0,0,0,0,0,0
410166,1,1,1992,5,5,5,5,5,5,5,5,5,5
410167,1,1,1992,20,20,20,20,20,20,20,20,20,20
410168,0,1,1992,19,0,0,0,21,0,24,22,7,0
410168,1,1,1992,0,0,0,0,0,0,0,0,0,0
410169,1,1,1992,0,0,0,0,0,0,0,0,0,0
410169,2,1,1992,0,0,0,0,0,0,0,0,0,0
410170,1,1,1992,8,8,8,8,8,8,8,8,8,8
410171,1,1,1992,13,13,13,13,13,13,13,13,13,13
410172,1,1,1992,0,0,0,0,0,0,0,0,0,0
410172,2,1,1992,0,0,0,0,0,0,0,0,0,0
410172,3,1,1992,0,0,0,0,0,0,0,0,0,0
410172,4,1,1992,0,0,0,0,0,0,0,0,0,0
410172,5,1,1992,0,0,0,0,0,0,0,0,0,0
410172,6,1,1992,0,0,0,0,0,0,12,0,0,0
410173,1,1,1992,35,35,35,35,35,35,35,35,35,35
410174,1,1,1992,0,0,0,0,0,0,0,0,0,0
410174,2,1,1992,13,13,13,13,13,13,13,13,13,13
410175,1,1,1992,15,15,15,15,15,15,15,15,15,15
410176,1,1,1992,0,0,0,0,0,0,0,0,0,0
410177,1,1,1992,24,24,24,24,24,24,24,24,24,24
410178,1,1,1992,0,0,0,0,0,0,0,0,0,0
410179,1,1,1992,14,14,14,14,14,14,14,14,14,14
410180,1,1,1992,32,32,32,32,32,32,32,32,32,32
410181,1,1,1992,20,20,20,20,20,20,20,20,20,20
410181,2,1,1992,0,0,16,16,0,0,19,0,0,29
410183,1,1,1992,19,19,19,19,19,19,19,19,19,19
410183,2,1,1992,17,6,9,0,0,0,0,0,0,19
410184,1,1,1992,0,0,0,0,0,0,0,0,0,0
410185,1,1,1992,7,7,7,7,7,7,7,7,7,7
410186,0,1,1992,0,0,0,0,0,0,0,0,0,0
410186,1,1,1992,0,0,0,0,0,0,0,0,0,0
410187,1,1,1992,29,29,29,29,29,29,29,29,29,29
410189,1,1,1992,13,13,13,13,13,13,13,13,13,13
410189,2,1,1992,0,0,0,0,0,0,0,0,0,0
410190,1,1,1992,20,20,20,20,20,20,20,20,20,20
410190,2,1,1992,2,2,2,2,2,2,2,2,2,2
410190,3,1,1992,0,0,0,0,0,0,0,0,0,0
410191,0,1,1992,0,0,0,0,0,0,0,0,0,0
410191,1,1,1992,0,0,0,10,0,0,0,0,0,0
410192,1,1,1992,0,0,0,0,0,0,0,0,0,0
410192,2,1,1992,0,0,0,0,0,0,0,0,0,0
410193,1,1,1992,25,25,25,25,25,25,25,25,25,25
410194,1,1,1992,0,0,0,0,0,0,0,0,0,0
410194,2,1,1992,0,0,0,0,0,0,0,0,0,0
410195,1,1,1992,0,0,0,0,0,0,0,0,0,0
410195,2,1,1992,0,0,0,0,0,0,18,0,0,0
410196,0,1,1992,8,8,8,8,8,8,8,8,8,8
410196,1,1,1992,11,11,11,11,11,11,11,11,11,11
410197,1,1,1992,0,0,0,0,0,0,0,0,0,0
410197,2,1,1992,0,0,0,0,0,0,0,0,0,0
410197,3,1,1992,0,0,0,0,0,0,0,0,0,0
410198,1,1,1992,20,20,20,20,20,20,20,20,20,20
410199,0,1,1992,0,0,0,0,0,0,0,0,0,0
410199,1,1,1992,0,0,8,0,0,0,0,15,0,6
410200,0,1,1992,0,0,0,0,0,0,0,0,0,0
410200,1,1,1992,0,0,0,0,0,0,0,0,0,13
410201,1,1,1992,18,18,18,18,18,18,18,18,18,18
410202,1,1,1992,14,14,14,14,14,14,14,14,14,14
410203,0,1,1992,0,0,0,0,0,0,0,0,0,0
410203,1,1,1992,0,0,0,0,9,0,0,0,0,0
410204,1,1,1992,0,0,0,0,0,0,0,0,0,0
410204,2,1,1992,0,0,0,0,0,0,0,0,0,0
410205,1,1,1992,0,0,0,0,0,0,0,0,0,0
410205,2,1,1992,0,0,0,0,0,0,0,0,0,0
410206,1,1,1992,13,13,13,13,13,13,13,13,13,13
410207,1,1,1992,14,14,14,14,14,14,14,14,14,14
410208,1,1,1992,0,0,0,0,0,0,0,0,0,0
410208,2,1,1992,0,0,0,0,0,0,0,0,0,0
410209,1,1,1992,11,11,11,11,11,11,11,11,11,11
410210,1,1,1992,0,0,0,0,0,0,0,0,0,0
410210,2,1,1992,0,0,0,0,0,0,0,0,0,0
410211,1,1,1992,27,27,27,27,27,27,27,27,27,27
410212,1,1,1992,0,0,0,0,0,0,0,0,0,0
410212,2,1,1992,0,17,0,0,0,0,0,0,0,0
410213,1,1,1992,0,0,0,0,0,0,0,0,0,0
410214,1,1,1992,28,28,28,28,28,28,28,28,28,28
410215,0,1,1992,29,29,29,29,29,29,29,29,29,29
410215,1,1,1992,0,0,0,0,0,0,12,3,0,0
410216,1,1,1992,35,13,20,22,16,7,13,15,18,18
410217,1,1,1992,3,3,3,3,3,3,3,3,3,3
410218,1,1,1992,0,0,0,0,0,0,0,0,0,0
410218,2,1,1992,0,0,0,0,0,0,0,0,0,0
410218,3,1,1992,0,0,0,0,0,0,0,0,16,0
410219,1,1,1992,0,0,0,0,0,8,0,0,0,0
410220,1,1,1992,8,8,8,8,8,8,8,8,8,8
410220,2,1,1992,0,0,0,0,0,0,0,0,0,0
410221,1,1,1992,0,0,0,0,0,0,0,0,0,0
410221,2,1,1992,21,21,21,21,21,21,21,21,21,21
410222,1,1,1992,16,16,16,16,16,16,16,16,16,16
410224,0,1,1992,26,26,26,26,26,26,26,26,26,26
410224,1,1,1992,0,0,0,0,0,0,0,0,0,0
410225,1,1,1992,0,0,0,0,0,0,0,0,0,0
410225,2,1,1992,0,0,0,0,0,0,0,0,0,0
410226,1,1,1992,0,0,0,0,0,0,0,0,0,0
410226,2,1,1992,0,0,0,0,0,0,0,0,0,0
410227,1,1,1992,22,22,22,22,22,22,22,22,22,22
410228,1,1,1992,0,0,0,0,0,0,0,0,10,0
410228,2,1,1992,17,17,17,17,17,17,17,17,17,17
410229,1,1,1992,0,0,0,0,0,0,0,0,0,0
410230,0,1,1992,0,0,0,0,0,0,0,0,0,0
410230,1,1,1992,0,0,0,0,11,0,0,0,0,0
410231,1,1,1992,1,1,1,1,1,1,1,1,1,1
410231,2,1,1992,0,0,0,0,0,0,0,0,0,0
410232,1,1,1992,0,0,0,0,0,0,0,0,0,0
410232,2,1,1992,0,0,0,0,0,0,0,0,0,0
410233,0,1,1992,0,0,0,0,0,0,0,0,0,0
410233,1,1,1992,0,0,0,0,0,0,0,0,0,0
410234,1,1,1992,0,0,0,0,0,0,0,0,0,0
410234,2,1,1992,0,0,0,0,0,0,0,0,0,0
410235,1,1,1992,1,1,1,1,1,1,1,1,1,1
410235,2,1,1992,0,0,0,0,0,0,0,0,0,0
410236,1,1,1992,0,0,0,0,0,0,0,0,0,0
410236,2,1,1992,0,0,0,0,0,0,0,0,0,0
410237,1,1,1992,0,0,0,0,0,0,0,0,0,0
410238,1,1,1992,13,13,13,13,13,13,13,13,13,13
410239,1,1,1992,0,0,0,0,0,0,0,0,0,0
410239,2,1,1992,0,0,0,0,0,0,0,0,0,0
410240,1,1,1992,22,22,22,22,22,22,22,22,22,22
410241,1,1,1992,0,0,0,0,0,0,0,0,0,0
410241,2,1,1992,0,0,0,0,0,0,0,0,0,0
410242,1,1,1992,10,10,10,10,10,10,10,10,10,10
410243,1,1,1992,0,0,0,0,0,0,0,0,0,0
410244,0,1,1992,0,0,0,0,0,0,0,0,0,0
410244,1,1,1992,0,0,0,0,0,0,0,0,0,0
410245,1,1,1992,0,0,0,0,0,0,0,0,0,0
410245,2,1,1992,0,0,0,0,0,0,0,0,0,0
410245,3,1,1992,0,0,0,0,0,0,0,0,0,0
410246,1,1,1992,0,0,0,0,0,0,0,0,0,0
410247,1,1,1992,0,0,0,0,0,0,0,0,0,0
410248,1,1,1992,0,0,0,0,0,0,0,0,0,0
410249,1,1,1992,18,18,18,18,18,18,18,18,18,18
410249,2,1,1992,0,0,0,0,0,0,0,0,0,0
410251,1,1,1992,13,13,13,13,13,13,13,13,13,13
410251,2,1,1992,0,0,0,0,0,0,0,0,0,0
410252,1,1,1992,0,0,0,0,0,0,0,0,0,0
410252,2,1,1992,0,0,0,0,0,0,0,0,0,0
410253,1,1,1992,7,7,7,7,7,7,7,7,7,7
410254,0,1,1992,38,38,38,38,38,38,38,38,38,38
410254,1,1,1992,0,0,0,0,0,0,0,0,0,0
410255,0,1,1992,0,0,0,0,0,0,0,0,0,0
410255,1,1,1992,0,0,0,0,0,0,0,0,0,0
410256,1,1,1992,0,0,0,0,0,0,0,0,0,0
410257,1,1,1992,18,18,18,18,18,18,18,18,18,18
410258,1,1,1992,0,0,0,0,0,0,0,0,0,0
410258,2,1,1992,0,0,0,0,0,0,0,0,0,0
410259,1,1,1992,22,22,22,22,22,22,22,22,22,22
410260,1,1,1992,22,22,22,22,22,22,22,22,22,22
410261,1,1,1992,0,0,0,0,0,0,0,0,0,0
410261,2,1,1992,0,0,0,0,0,0,0,0,0,0
410262,1,1,1992,28,28,28,28,28,28,28,28,28,28
410262,2,1,1992,0,0,0,0,0,0,0,0,0,0
410263,1,1,1992,17,17,17,17,17,17,17,17,17,17
410264,1,1,1992,7,7,7,7,7,7,7,7,7,7
410265,1,1,1992,18,18,18,18,18,18,18,18,18,18
410266,1,1,1992,27,27,27,27,27,27,27,27,27,27
410267,1,1,1992,8,8,8,8,8,8,8,8,8,8
410268,1,1,1992,19,19,19,19,19,19,19,19,19,19
410269,1,1,1992,0,0,0,0,0,0,0,0,0,0
410269,2,1,1992,0,0,0,0,0,0,0,0,0,0
410270,1,1,1992,0,0,0,0,0,0,0,0,0,0
410271,1,1,1992,0,0,0,0,0,0,0,0,0,0
410271,2,1,1992,0,0,0,0,0,0,0,0,0,0
410272,1,1,1992,0,0,0,0,0,0,0,0,0,0
410273,1,1,1992,0,0,0,0,0,0,0,0,0,0
410273,2,1,1992,0,0,0,0,0,0,0,0,0,0
410274,0,1,1992,17,17,17,17,17,17,17,17,17,17
410274,1,1,1992,0,0,0,0,0,0,0,0,0,0
410275,1,1,1992,28,28,28,28,28,28,28,28,28,28
410276,1,1,1992,0,0,0,0,0,0,0,0,0,0
410276,2,1,1992,0,0,0,0,0,0,0,0,0,0
410278,1,1,1992,0,0,0,0,0,20,0,0,0,0
410278,2,1,1992,0,0,0,0,0,0,0,2,0,0
410279,0,1,1992,0,0,0,0,0,0,0,0,0,0
410279,1,1,1992,0,0,0,0,0,0,0,0,0,0
410281,0,1,1992,2,2,2,2,2,2,2,2,2,2
410281,0,2,1992,0,0,0,0,0,0,0,0,0,0
410281,1,1,1992,0,0,3,0,0,0,0,0,0,0
410281,2,1,1992,0,0,0,0,0,0,17,0,0,0
410282,1,1,1992,0,0,0,0,0,0,0,0,0,0
410283,1,1,1992,27,27,27,27,27,27,27,27,27,27
410284,1,1,1992,0,0,0,0,0,0,0,0,0,0
410286,0,1,1992,2,2,2,2,2,2,2,2,2,2
410286,0,2,1992,0,0,0,0,0,0,0,0,0,0
410286,1,1,1992,17,17,17,17,17,17,17,17,17,17
410288,1,1,1992,0,0,0,0,0,0,0,0,0,0
410289,0,1,1992,27,27,27,27,27,27,27,27,27,27
410289,1,1,1992,0,0,0,0,0,0,0,0,0,0
410290,1,1,1992,0,0,0,0,0,0,0,0,0,0
410290,2,1,1992,0,2,0,0,0,0,4,0,0,0
410292,1,1,1992,0,0,0,0,0,0,0,0,0,0
410292,2,1,1992,0,0,0,0,0,0,0,0,0,0
410293,1,1,1992,0,12,0,0,0,0,0,0,0,0
410294,1,1,1992,27,27,27,27,27,27,27,27,27,27
410295,1,1,1992,13,13,13,13,13,13,13,13,13,13
410296,1,1,1992,0,0,0,0,0,0,0,0,0,0
410297,1,1,1992,14,14,14,14,14,14,14,14,14,14
410298,1,1,1992,0,0,0,20,0,12,0,0,0,4
410298,2,1,1992,0,0,0,0,0,0,0,0,0,0
410299,1,1,1992,0,0,0,0,0,0,0,0,0,0
410300,1,1,1992,29,29,29,29,29,29,29,29,29,29
410300,2,1,1992,0,0,0,0,0,0,0,0,0,0
410301,1,1,1992,0,0,0,0,0,0,0,0,0,0
410302,1,1,1992,3,3,3,3,3,3,3,3,3,3
410304,1,1,1992,0,0,0,0,0,0,0,0,0,0
410305,1,1,1992,18,18,18,18,18,18,18,18,18,18
410306,1,1,1992,0,0,0,0,0,0,0,0,0,0
410306,2,1,1992,0,0,0,0,0,0,0,0,0,0
410307,1,1,1992,0,0,0,0,0,0,0,0,0,0
410308,1,1,1992,0,0,0,0,0,0,0,0,0,0
410308,2,1,1992,0,0,0,15,0,0,0,0,0,0
410308,3,1,1992,0,0,0,0,0,0,0,0,0,0
410309,1,1,1992,0,0,0,0,0,0,0,0,0,0
410309,2,1,1992,0,0,0,0,0,0,0,0,0,0
410310,1,1,1992,40,40,40,40,40,40,40,40,40,40
410311,1,1,1992,8,8,8,8,8,8,8,8,8,8
410312,0,1,1992,0,0,0,0,0,0,0,0,0,0
410312,1,1,1992,0,0,0,0,0,0,0,11,0,0
410313,1,1,1992,27,27,27,27,27,27,27,27,27,27
410314,1,1,1992,0,0,0,0,0,0,0,0,0,0
410314,2,1,1992,0,0,0,0,6,0,0,0,0,0
410315,1,1,1992,22,22,22,22,22,22,22,22,22,22
410315,2,1,1992,0,0,0,0,0,0,0,0,0,0
410317,1,1,1992,22,22,22,22,22,22,22,22,22,22
410318,1,1,1992,24,24,24,24,24,24,24,24,24,24
410319,1,1,1992,0,0,0,0,0,0,0,0,0,0
410319,2,1,1992,0,0,0,0,0,0,0,0,0,0
410320,0,1,1992,24,24,24,24,24,24,24,24,24,24
410320,1,1,1992,0,0,0,0,0,0,0,0,0,0
410321,0,1,1992,0,0,0,0,0,0,0,0,0,0
410321,1,1,1992,0,0,0,0,0,0,0,0,0,0
410322,1,1,1992,0,0,0,0,0,0,0,0,0,0
410322,2,1,1992,0,0,0,0,0,0,0,0,0,0
410323,0,1,1992,0,0,0,0,0,0,0,0,0,0
410323,1,1,1992,0,0,0,9,0,0,5,0,0,0
410323,2,1,1992,0,0,0,0,0,0,0,0,0,0
410323,3,1,1992,0,0,0,0,0,0,0,0,0,0
410324,1,1,1992,0,0,0,0,0,0,0,0,0,0
410325,1,1,1992,0,0,0,0,0,0,0,0,0,0
410325,2,1,1992,0,0,0,0,0,0,0,0,0,0
410325,3,1,1992,0,0,0,0,0,0,0,7,0,0
410325,4,1,1992,0,0,0,0,0,22,0,0,0,0
410325,5,1,1992,0,0,0,0,0,0,0,0,0,0
410326,1,1,1992,0,0,0,0,0,0,0,14,0,0
410328,1,1,1992,0,0,0,0,0,0,0,0,0,0
410329,1,1,1992,0,0,0,0,0,0,0,0,0,0
410330,1,1,1992,0,0,0,0,0,0,0,0,0,0
410330,2,1,1992,0,0,0,0,0,0,0,0,0,0
410332,1,1,1992,25,25,25,25,25,25,25,25,25,25
410332,2,1,1992,32,0,0,0,8,0,0,0,15,0
410333,0,1,1992,7,0,0,0,9,21,0,0,13,11
410333,1,1,1992,0,0,0,0,0,0,0,0,0,0
410334,1,1,1992,0,0,0,0,0,0,0,0,0,0
410335,0,1,1992,0,0,0,0,0,0,0,0,0,0
410335,1,1,1992,0,0,0,0,0,0,0,0,0,0
410336,1,1,1992,0,0,0,0,0,0,0,0,0,0
410336,2,1,1992,0,0,0,0,0,0,0,0,0,0
410337,1,1,1992,0,0,0,0,0,0,0,0,0,0
410337,2,1,1992,0,0,0,0,11,0,0,8,0,0
410337,3,1,1992,0,0,0,0,0,0,0,0,0,0
410339,0,1,1992,0,0,0,0,0,0,0,0,0,0
410339,1,1,1992,15,0,0,0,5,0,0,18,0,0
410340,1,1,1992,0,0,0,0,0,0,0,0,0,0
410341,1,1,1992,0,0,0,0,0,0,0,0,0,0
410341,2,1,1992,0,0,0,0,0,0,0,0,0,0
410342,1,1,1992,0,0,0,0,0,0,0,0,0,0
410343,0,1,1992,0,0,0,0,0,0,0,0,0,0
410343,0,2,1992,0,5,3,0,0,0,0,14,35,19
410343,0,3,1992,2,11,0,18,25,0,32,11,12,0
410343,0,4,1992,0,13,12,0,13,0,14,12,12,27
410343,1,1,1992,0,0,0,0,0,0,0,0,0,0
410343,2,1,1992,0,0,0,0,0,0,0,0,0,0
410344,1,1,1992,0,0,0,0,0,0,0,0,0,0
410344,2,1,1992,0,0,0,0,0,0,0,0,0,0
410345,1,1,1992,0,0,0,0,0,17,0,0,0,0
410346,1,1,1992,0,0,0,0,0,0,0,0,0,0
410347,1,1,1992,16,16,16,16,16,16,16,16,16,16
410348,1,1,1992,0,0,0,0,0,0,0,0,0,0
410348,2,1,1992,0,0,0,0,0,0,0,0,0,0
410349,1,1,1992,0,0,0,0,0,0,0,0,0,0
410349,2,1,1992,7,13,0,0,21,0,18,0,0,0
410350,1,1,1992,0,0,0,0,0,0,0,0,0,0
410351,1,1,1992,0,0,0,0,0,0,0,0,0,0
410351,2,1,1992,0,0,0,0,0,0,0,0,0,0
410352,1,1,1992,0,0,17,7,0,0,16,0,0,0
410353,1,1,1992,0,0,0,0,21,0,0,0,0,0
410354,1,1,1992,0,0,0,15,0,0,20,0,0,17
410355,0,1,1992,0,0,0,0,0,0,0,0,0,0
410355,1,1,1992,0,0,0,0,0,0,0,0,0,0
410356,1,1,1992,8,0,0,9,23,0,0,0,0,21
410357,1,1,1992,0,0,0,0,0,0,0,0,0,0
410358,1,1,1992,0,0,0,0,0,0,0,0,0,5
410358,2,1,1992,0,0,0,0,12,26,12,0,10,0
410359,1,1,1992,24,24,24,24,24,24,24,24,24,24
410359,2,1,1992,0,0,0,0,0,0,0,0,0,0
410361,1,1,1992,0,0,0,0,0,0,0,0,0,0
410362,1,1,1992,0,0,0,0,0,0,0,0,0,0
410362,2,1,1992,0,0,0,0,0,0,0,0,0,0
410363,1,1,1992,12,12,12,12,12,12,12,12,12,12
410363,2,1,1992,0,0,0,0,0,0,0,0,0,0
410364,1,1,1992,13,13,13,13,13,13,13,13,13,13
410364,2,1,1992,0,0,0,0,0,0,0,0,0,0
410365,1,1,1992,0,0,0,0,0,0,0,0,0,0
410365,2,1,1992,0,0,0,0,0,0,0,0,0,0
410366,1,1,1992,0,0,0,10,0,0,0,0,0,0
410367,1,1,1992,0,0,0,0,0,0,0,0,0,0
410368,0,1,1992,0,0,0,0,0,0,0,0,0,0
410368,1,1,1992,0,0,0,0,0,0,0,0,0,0
410369,1,1,1992,18,18,18,18,18,18,18,18,18,18
410370,1,1,1992,0,0,0,0,0,0,0,0,0,0
410370,2,1,1992,0,0,0,0,0,0,0,0,0,0