ST_CASE,VEH_NO,PER_NO,YEAR,P1,P2,P3,P4,P5,P6,P7,P8,P9,P10
410371,1,1,1992,0,0,0,0,0,0,0,0,0,6
410371,2,1,1992,0,0,0,0,0,0,0,0,0,0
410372,1,1,1992,0,0,0,0,0,0,0,0,0,0
410372,2,1,1992,14,14,14,14,14,14,14,14,14,14
410373,1,1,1992,0,0,0,0,0,0,0,0,0,0
410374,0,1,1992,0,0,0,0,0,0,0,0,0,0
410374,1,1,1992,0,0,0,11,0,0,0,0,0,0
410375,1,1,1992,0,0,0,0,0,0,0,0,0,0
410376,1,1,1992,0,0,0,0,0,0,0,0,0,0
410376,2,1,1992,0,0,0,0,6,0,0,0,8,0
410377,1,1,1992,0,0,0,0,0,0,0,0,0,0
410378,1,1,1992,19,19,19,19,19,19,19,19,19,19
410378,2,1,1992,0,0,0,0,0,0,0,0,0,0
410379,1,1,1992,0,0,0,0,0,0,0,0,0,0
410380,1,1,1992,0,0,0,0,0,0,0,0,0,0
410380,2,1,1992,0,0,0,0,0,0,0,0,0,0
410381,1,1,1992,0,0,0,0,0,0,0,0,0,0
410381,2,1,1992,3,3,3,3,3,3,3,3,3,3
410382,1,1,1992,0,0,0,0,0,0,0,0,0,0
410383,1,1,1992,4,4,4,4,4,4,4,4,4,4
410383,2,1,1992,0,0,0,0,0,0,0,0,0,0
410385,1,1,1992,0,0,0,0,0,0,0,14,0,0
410386,0,1,1992,0,0,0,0,0,0,0,0,0,0
410386,0,2,1992,12,0,10,0,0,0,0,0,0,0
410386,1,1,1992,1,1,1,1,1,1,1,1,1,1
410387,1,1,1992,14,14,14,14,14,14,14,14,14,14
410387,2,1,1992,0,0,0,0,0,0,0,0,0,0
410388,1,1,1992,0,0,0,0,0,0,0,0,0,0
410388,2,1,1992,0,0,0,0,0,0,0,0,0,0
410389,1,1,1992,0,0,0,0,0,0,0,0,0,0
410389,2,1,1992,0,0,0,0,0,0,0,10,0,0
410391,1,1,1992,0,0,0,0,0,0,0,0,0,0
410391,2,1,1992,0,0,0,0,0,0,0,0,0,0
410392,1,1,1992,0,0,0,0,0,0,0,0,0,0
410392,2,1,1992,0,0,0,0,0,0,0,0,0,0
410393,1,1,1992,18,18,18,18,18,18,18,18,18,18
410394,0,1,1992,12,12,12,12,12,12,12,12,12,12
410394,1,1,1992,20,20,20,20,20,20,20,20,20,20
410395,1,1,1992,19,19,19,19,19,19,19,19,19,19
410395,2,1,1992,28,21,0,13,0,0,0,9,19,0
410396,0,1,1992,12,12,12,12,12,12,12,12,12,12
410396,1,1,1992,0,0,0,0,0,0,4,0,0,0
410397,1,1,1992,8,8,8,8,8,8,8,8,8,8
410398,1,1,1992,0,0,0,0,0,0,0,0,0,0
410398,2,1,1992,0,0,0,0,0,0,0,0,0,0
410399,1,1,1992,29,29,29,29,29,29,29,29,29,29
410400,1,1,1992,22,22,22,22,22,22,22,22,22,22
410400,2,1,1992,0,0,0,0,0,0,0,0,0,0
410401,1,1,1992,0,0,0,0,0,0,0,0,0,0
410401,2,1,1992,0,0,5,0,0,0,0,0,0,0
410402,1,1,1992,13,13,13,13,13,13,13,13,13,13
410402,2,1,1992,0,0,0,0,0,0,0,0,0,0
410403,1,1,1992,6,6,6,6,6,6,6,6,6,6
410404,1,1,1992,12,12,12,12,12,12,12,12,12,12
410405,1,1,1992,12,12,12,12,12,12,12,12,12,12
410406,1,1,1992,17,17,17,17,17,17,17,17,17,17
410407,1,1,1992,15,0,0,0,0,0,0,0,0,0
410407,2,1,1992,0,0,0,0,0,0,0,0,0,0
410408,1,1,1992,17,17,17,17,17,17,17,17,17,17
410409,1,1,1992,26,26,26,26,26,26,26,26,26,26
410410,1,1,1992,0,0,0,0,0,0,0,0,0,0
410410,2,1,1992,0,0,0,0,0,0,0,0,0,0
410411,1,1,1992,16,0,4,0,0,0,9,0,0,16
410412,1,1,1992,0,0,0,0,0,0,0,0,0,0
410413,0,1,1992,0,0,34,0,0,20,33,0,0,0
410414,0,1,1992,0,0,0,0,0,0,0,0,0,0
410414,1,1,1992,5,0,0,0,0,0,0,0,0,0
410415,1,1,1992,0,0,0,0,0,0,0,0,0,0
410415,2,1,1992,12,12,12,12,12,12,12,12,12,12
410416,0,1,1992,0,0,0,0,0,0,0,0,0,0
410416,1,1,1992,0,22,0,0,0,0,0,0,0,0
410417,1,1,1992,0,0,0,0,0,0,0,0,0,0
410417,2,1,1992,0,0,0,0,0,0,0,0,0,0
410418,1,1,1992,0,0,0,0,0,0,0,0,0,0
410418,2,1,1992,0,0,0,0,0,0,0,0,0,0
410419,0,1,1992,0,0,0,0,0,0,0,0,0,0
410419,1,1,1992,0,0,0,0,0,0,0,0,0,0
410420,1,1,1992,0,0,0,0,0,0,0,0,0,0
410420,2,1,1992,0,0,0,0,0,0,0,0,0,0
410421,0,1,1992,0,0,0,0,0,0,0,0,0,0
410421,1,1,1992,0,0,0,0,0,0,0,0,0,0
410422,1,1,1992,18,18,18,18,18,18,18,18,18,18
410423,1,1,1992,2,2,2,2,2,2,2,2,2,2
410424,1,1,1992,0,0,0,0,0,0,0,0,0,0
410424,2,1,1992,0,0,0,0,0,0,0,0,0,0
410425,1,1,1992,0,0,0,0,0,20,13,0,0,0
410426,1,1,1992,0,0,0,0,0,0,0,0,0,0
410426,2,1,1992,0,0,0,0,0,0,0,0,0,0
410426,3,1,1992,0,0,0,0,0,0,0,0,0,0
410427,1,1,1992,9,9,9,9,9,9,9,9,9,9
410428,1,1,1992,0,0,0,0,0,0,0,0,0,0
410428,2,1,1992,0,0,0,0,0,0,0,0,0,0
410429,1,1,1992,0,0,0,0,0,0,0,0,0,0
410429,2,1,1992,0,0,0,0,0,0,0,0,0,0
410429,3,1,1992,0,0,0,0,0,0,0,0,0,0
410430,1,1,1992,0,0,0,0,0,0,0,0,0,0
410430,2,1,1992,0,0,0,0,0,0,0,0,0,0
410431,1,1,1992,0,8,0,0,0,16,0,0,0,0
410432,1,1,1992,0,0,2,0,0,0,0,9,0,0
410433,1,1,1992,0,0,0,0,0,0,12,26,28,0
410434,1,1,1992,0,0,0,0,0,0,0,0,0,0
410435,1,1,1992,0,17,0,0,0,0,0,0,15,0
410436,1,1,1992,0,0,0,0,0,0,20,0,30,0
420001,1,1,1992,28,28,28,28,28,28,28,28,28,28
420002,1,1,1992,0,0,0,0,0,0,0,0,0,0
420003,1,1,1992,0,0,0,0,0,0,0,0,0,0
420004,0,1,1992,13,0,0,0,0,0,11,0,0,15
420004,1,1,1992,0,0,0,0,0,0,0,0,0,0
420005,1,1,1992,7,0,8,21,0,7,0,15,24,12
420006,1,1,1992,0,0,0,0,0,0,0,0,0,0
420007,1,1,1992,19,19,19,19,19,19,19,19,19,19
420007,2,1,1992,0,0,0,0,0,0,0,0,0,0
420008,0,1,1992,0,0,0,0,0,0,0,0,0,0
420008,1,1,1992,0,0,0,0,0,0,0,0,0,0
420009,0,1,1992,28,28,28,28,28,28,28,28,28,28
420009,1,1,1992,0,0,0,0,0,0,0,0,0,0
420011,0,1,1992,0,0,0,0,0,0,0,0,0,0
420011,1,1,1992,0,0,0,0,0,0,0,0,0,0
420012,0,1,1992,0,0,0,0,0,0,0,0,0,0
420012,1,1,1992,0,0,0,0,0,0,0,0,0,0
420013,0,1,1992,19,0,16,0,0,0,0,0,0,0
420013,0,2,1992,0,0,0,0,0,0,0,0,0,0
420013,1,1,1992,0,0,0,0,0,0,0,0,0,0
420014,1,1,1992,29,29,29,29,29,29,29,29,29,29
420014,2,1,1992,0,0,0,0,0,0,0,0,0,0
420015,1,1,1992,10,10,10,10,10,10,10,10,10,10
420016,1,1,1992,0,0,0,0,27,0,0,0,0,0
420017,1,1,1992,0,0,0,0,0,0,0,0,0,0
420018,1,1,1992,0,0,0,0,0,0,0,0,0,0
420018,2,1,1992,0,0,0,0,0,0,0,0,0,0
420019,1,1,1992,0,0,0,0,0,0,0,0,0,0
420020,1,1,1992,0,0,0,0,0,0,0,0,0,0
420020,2,1,1992,0,0,0,0,0,0,0,0,0,0
420021,0,1,1992,0,0,0,0,0,0,0,0,0,0
420021,1,1,1992,0,0,0,0,0,0,0,0,0,0
420022,1,1,1992,0,0,0,0,0,0,0,0,0,0
420022,2,1,1992,0,0,0,0,0,0,0,0,0,0
420023,1,1,1992,25,25,25,25,25,25,25,25,25,25
420023,2,1,1992,0,0,0,0,0,0,0,0,0,0
420024,1,1,1992,0,0,0,0,0,0,0,0,0,0
420025,1,1,1992,0,0,0,0,0,0,0,0,0,0
420025,2,1,1992,0,0,0,0,0,0,0,0,0,0
420025,3,1,1992,0,0,0,0,0,0,0,0,0,0
420026,1,1,1992,35,35,35,35,35,35,35,35,35,35
420027,1,1,1992,0,0,0,0,0,0,0,0,0,0
420028,0,1,1992,0,0,0,9,0,0,0,15,0,0
420028,1,1,1992,7,0,0,0,0,0,0,0,0,0
420029,1,1,1992,0,0,0,0,0,0,0,0,0,0
420030,1,1,1992,19,19,19,19,19,19,19,19,19,19
420031,1,1,1992,0,0,0,0,0,0,0,0,0,0
420031,2,1,1992,0,0,0,0,0,0,0,0,0,0
420032,0,1,1992,0,0,0,0,0,0,0,0,0,0
420032,0,2,1992,0,0,0,0,0,0,0,0,0,0
420032,1,1,1992,0,0,0,0,0,0,0,0,0,0
420033,0,1,1992,18,18,18,18,18,18,18,18,18,18
420033,1,1,1992,0,0,0,0,0,0,0,0,0,0
420034,0,1,1992,0,9,0,19,0,0,24,6,0,0
420034,1,1,1992,0,0,0,0,13,0,0,0,0,0
420035,1,1,1992,0,0,0,0,0,0,0,0,0,0
420035,2,1,1992,0,0,0,0,0,0,0,0,0,0
420036,0,1,1992,0,0,0,22,19,12,0,0,0,8
420036,1,1,1992,0,0,0,0,0,0,0,5,0,0
420037,0,1,1992,27,9,11,19,0,0,0,24,0,0
420037,1,1,1992,0,0,22,0,0,0,25,2,4,0
420038,1,1,1992,26,26,26,26,26,26,26,26,26,26
420038,2,1,1992,0,0,0,0,0,0,0,0,0,0
420039,1,1,1992,31,31,31,31,31,31,31,31,31,31
420040,1,1,1992,29,29,29,29,29,29,29,29,29,29
420041,1,1,1992,10,10,10,10,10,10,10,10,10,10
420043,1,1,1992,0,0,0,0,0,0,0,0,0,0
420044,1,1,1992,0,0,0,0,0,0,0,0,0,0
420045,1,1,1992,27,27,27,27,27,27,27,27,27,27
420045,2,1,1992,0,0,0,0,0,0,0,0,0,0
420046,1,1,1992,0,0,0,0,0,0,0,0,0,0
420046,2,1,1992,0,0,0,0,0,0,0,0,0,0
420047,1,1,1992,12,12,12,12,12,12,12,12,12,12
420048,1,1,1992,0,0,0,0,0,0,0,0,0,0
420048,2,1,1992,0,0,0,0,0,0,0,0,0,0
420049,1,1,1992,20,20,20,20,20,20,20,20,20,20
420050,1,1,1992,0,0,0,0,0,0,0,0,0,0
420050,2,1,1992,0,0,0,0,0,0,0,0,0,0
420051,0,1,1992,0,0,0,0,0,0,0,0,0,0
420051,1,1,1992,0,0,0,0,0,0,0,0,0,0
420052,1,1,1992,6,6,6,6,6,6,6,6,6,6
420054,1,1,1992,0,0,0,0,0,0,0,0,0,0
420055,1,1,1992,0,0,0,0,0,0,0,0,0,0
420056,1,1,1992,35,35,35,35,35,35,35,35,35,35
420057,1,1,1992,11,16,20,17,24,25,5,22,38,17
420057,2,1,1992,6,6,6,6,6,6,6,6,6,6
420058,0,1,1992,0,0,0,0,0,0,0,0,0,0
420058,1,1,1992,0,0,7,0,0,0,0,0,0,0
420059,1,1,1992,23,23,23,23,23,23,23,23,23,23
420059,2,1,1992,6,6,6,6,6,6,6,6,6,6
420060,1,1,1992,3,3,3,3,3,3,3,3,3,3
420061,1,1,1992,0,0,0,0,0,0,0,0,0,0
420061,2,1,1992,0,0,0,0,0,0,0,0,0,0
420062,1,1,1992,0,0,0,0,0,0,0,0,0,0
420062,2,1,1992,0,0,0,0,0,0,0,0,0,0
420063,1,1,1992,17,17,17,17,17,17,17,17,17,17
420063,2,1,1992,0,0,0,0,0,0,0,0,0,0
420064,1,1,1992,0,0,0,0,0,0,0,0,0,0
420064,2,1,1992,4,0,0,0,6,0,0,0,0,0
420065,1,1,1992,30,18,17,23,14,27,11,18,16,36
420066,1,1,1992,0,15,17,19,13,0,8,8,35,3
420067,1,1,1992,16,0,0,0,13,13,0,0,0,0
420067,2,1,1992,0,0,0,0,0,0,0,0,0,0
420068,1,1,1992,0,0,0,0,0,0,0,0,0,0
420068,2,1,1992,0,0,0,0,0,0,0,0,0,0
420069,0,1,1992,0,0,51,0,0,0,0,19,0,0
420069,1,1,1992,0,0,0,0,0,0,0,0,0,0
420070,1,1,1992,0,0,0,0,0,7,0,0,0,0
420070,2,1,1992,0,0,0,0,0,0,0,0,0,0
420071,1,1,1992,0,0,0,0,0,0,0,0,0,0
420071,2,1,1992,0,0,0,0,0,0,0,0,0,0
420072,1,1,1992,18,18,18,18,18,18,18,18,18,18
420072,2,1,1992,0,0,0,0,0,0,0,0,0,0
420073,1,1,1992,29,29,29,29,29,29,29,29,29,29
420074,0,1,1992,0,0,0,0,0,0,0,0,0,0
420074,0,2,1992,0,0,0,0,0,0,0,0,0,0
420074,1,1,1992,0,0,0,0,0,0,0,0,0,0
420075,1,1,1992,0,0,0,0,0,0,0,16,0,0
420076,1,1,1992,28,28,28,28,28,28,28,28,28,28
420077,1,1,1992,22,22,22,22,22,22,22,22,22,22
420078,1,1,1992,0,0,0,0,0,0,0,0,0,0
420079,1,1,1992,30,30,30,30,30,30,30,30,30,30
420079,2,1,1992,0,0,0,0,0,0,0,0,0,0
420080,0,1,1992,0,0,0,0,0,0,0,7,0,12
420080,1,1,1992,0,0,0,0,0,0,0,0,0,0
420081,0,1,1992,0,0,0,0,0,0,0,0,0,0
420081,1,1,1992,0,0,4,0,0,0,0,0,0,0
420082,1,1,1992,6,6,6,6,6,6,6,6,6,6
420083,1,1,1992,0,0,0,0,0,0,0,0,0,0
420083,2,1,1992,3,3,3,3,3,3,3,3,3,3
420084,1,1,1992,0,0,0,0,0,0,0,0,0,0
420084,2,1,1992,0,0,0,0,0,0,0,0,0,0
420085,1,1,1992,23,23,23,23,23,23,23,23,23,23
420085,2,1,1992,0,0,0,0,0,0,0,0,0,0
420086,1,1,1992,23,23,23,23,23,23,23,23,23,23
420086,2,1,1992,0,0,0,0,0,0,0,0,0,0
420087,1,1,1992,24,24,24,24,24,24,24,24,24,24
420088,1,1,1992,34,34,34,34,34,34,34,34,34,34
420088,2,1,1992,4,4,4,4,4,4,4,4,4,4
420089,1,1,1992,24,24,24,24,24,24,24,24,24,24
420090,0,1,1992,0,0,0,0,0,0,0,0,0,0
420090,1,1,1992,0,0,0,0,0,0,0,0,0,0
420091,1,1,1992,0,0,4,0,0,0,0,0,0,0
420091,2,1,1992,0,0,0,0,0,0,0,0,0,0
420092,1,1,1992,5,5,5,5,5,5,5,5,5,5
420092,2,1,1992,1,1,1,1,1,1,1,1,1,1
420093,1,1,1992,0,0,0,0,0,0,0,0,0,0
420094,1,1,1992,0,0,0,0,0,0,0,0,0,0
420095,1,1,1992,46,46,46,46,46,46,46,46,46,46
420096,1,1,1992,17,17,17,17,17,17,17,17,17,17
420097,0,1,1992,0,0,0,0,0,0,0,0,0,0
420097,1,1,1992,0,0,0,0,0,0,0,0,0,0
420098,1,1,1992,14,14,14,14,14,14,14,14,14,14
420099,1,1,1992,0,0,0,0,0,0,0,0,0,0
420100,1,1,1992,0,0,0,0,0,0,0,0,0,0
420101,1,1,1992,0,0,0,0,0,0,0,0,0,0
420101,2,1,1992,0,18,0,0,0,0,0,0,0,0
420102,1,1,1992,0,0,0,0,0,0,0,0,0,0
420102,2,1,1992,0,0,0,0,0,0,0,0,0,0
420103,1,1,1992,16,16,16,16,16,16,16,16,16,16
420103,2,1,1992,0,0,0,0,0,0,0,0,0,0
420104,1,1,1992,0,11,0,0,0,0,0,0,0,0
420104,2,1,1992,0,0,18,0,0,21,31,0,0,0
420105,0,1,1992,0,0,0,0,0,0,0,0,0,0
420105,1,1,1992,0,17,24,20,11,0,12,19,12,0
420106,1,1,1992,23,23,23,23,23,23,23,23,23,23
420107,1,1,1992,0,0,0,0,0,0,0,0,0,0
420107,2,1,1992,0,0,0,0,0,0,0,0,0,0
420108,0,1,1992,0,0,0,0,0,0,0,0,0,0
420108,1,1,1992,0,0,0,13,14,0,0,0,0,0
420109,1,1,1992,0,12,36,24,15,17,34,26,0,0
420110,1,1,1992,16,16,16,16,16,16,16,16,16,16
420111,1,1,1992,0,0,0,0,0,0,0,0,0,0
420112,1,1,1992,0,0,0,0,0,0,0,0,0,0
420113,1,1,1992,0,0,0,0,0,0,0,0,0,0
420114,1,1,1992,26,26,26,26,26,26,26,26,26,26
420115,1,1,1992,0,0,0,0,0,0,0,0,0,0
420115,2,1,1992,0,0,0,0,0,0,0,0,0,0
420115,3,1,1992,0,0,0,0,0,0,0,0,0,0
420116,1,1,1992,35,35,35,35,35,35,35,35,35,35
420117,1,1,1992,14,7,0,0,0,16,0,0,18,0
420117,2,1,1992,0,0,0,0,0,0,0,0,0,0
420118,1,1,1992,0,0,0,0,0,0,0,0,0,0
420118,2,1,1992,0,0,0,0,0,0,0,0,0,0
420119,0,1,1992,0,0,0,0,0,0,0,0,0,0
420119,1,1,1992,34,0,0,0,0,35,0,0,0,0
420120,1,1,1992,0,0,22,0,0,0,0,0,0,0
420120,2,1,1992,0,0,0,0,10,0,0,0,10,0
420121,1,1,1992,0,0,0,0,0,0,0,0,0,0
420121,2,1,1992,0,0,0,0,0,0,0,0,0,0
420122,1,1,1992,0,0,0,0,0,0,0,0,0,0
420122,2,1,1992,0,5,0,0,0,0,0,0,0,0
420123,1,1,1992,14,14,14,14,14,14,14,14,14,14
420124,1,1,1992,0,0,0,0,0,0,0,0,0,0
420125,1,1,1992,14,14,14,14,14,14,14,14,14,14
420126,0,1,1992,0,0,0,0,0,0,0,0,0,0
420126,1,1,1992,0,0,0,0,0,0,0,0,0,0
420127,1,1,1992,21,21,21,21,21,21,21,21,21,21
420128,1,1,1992,26,26,26,26,26,26,26,26,26,26
420129,0,1,1992,19,17,0,0,0,0,0,0,0,0
420129,1,1,1992,16,16,16,16,16,16,16,16,16,16
420130,0,1,1992,0,0,0,0,0,0,0,0,0,0
420130,1,1,1992,0,0,0,0,0,0,0,0,0,0
420131,0,1,1992,20,0,14,0,0,0,0,0,0,27
420131,1,1,1992,28,28,28,28,28,28,28,28,28,28
420131,2,1,1992,19,0,0,0,14,0,0,0,0,0
420132,1,1,1992,26,4,11,17,4,10,25,11,19,18
420132,2,1,1992,14,13,19,0,0,18,18,3,0,0
420133,1,1,1992,0,0,0,0,0,0,0,0,0,0
420133,2,1,1992,0,0,0,0,0,0,0,0,12,0
420134,1,1,1992,28,28,28,28,28,28,28,28,28,28
420135,1,1,1992,32,14,4,22,13,12,0,54,16,20
420135,2,1,1992,0,0,0,0,0,0,0,0,0,0
420136,1,1,1992,0,0,0,0,0,0,0,0,0,0
420137,1,1,1992,0,0,0,0,0,0,0,0,0,0
420138,1,1,1992,17,17,17,17,17,17,17,17,17,17
420138,2,1,1992,0,0,0,0,0,0,0,0,0,0
420139,1,1,1992,0,0,0,0,0,0,0,0,0,0
420141,1,1,1992,9,0,15,0,0,0,0,0,0,11
420142,1,1,1992,15,15,15,15,15,15,15,15,15,15
420143,1,1,1992,7,7,7,7,7,7,7,7,7,7
420144,1,1,1992,26,26,26,26,26,26,26,26,26,26
420145,1,1,1992,12,12,12,12,12,12,12,12,12,12
420146,1,1,1992,24,24,24,24,24,24,24,24,24,24
420146,2,1,1992,6,6,6,6,6,6,6,6,6,6
420147,1,1,1992,0,0,20,0,17,0,24,29,0,0
420148,1,1,1992,14,14,14,14,14,14,14,14,14,14
420148,2,1,1992,6,0,0,0,0,0,0,0,0,0
420149,1,1,1992,0,0,0,14,0,0,0,0,0,0
420149,2,1,1992,0,0,0,0,0,0,0,0,0,0
420149,3,1,1992,0,0,0,0,0,0,0,0,0,0
420150,1,1,1992,0,0,0,0,0,0,0,0,0,0
420150,2,1,1992,0,0,0,0,0,0,0,0,6,0
420151,1,1,1992,21,21,21,21,21,21,21,21,21,21
420151,2,1,1992,0,0,0,0,0,11,0,0,0,0
420152,1,1,1992,15,15,15,15,15,15,15,15,15,15
420153,1,1,1992,0,0,0,0,0,0,0,0,0,0
420154,0,1,1992,0,0,0,0,0,0,0,0,0,0
420154,0,2,1992,16,0,16,0,0,0,0,0,0,0
420154,1,1,1992,8,21,5,16,13,0,7,11,10,20
420155,1,1,1992,0,0,0,0,0,0,0,0,0,0
420155,2,1,1992,0,0,0,0,0,0,0,0,0,0
420156,1,1,1992,20,20,20,20,20,20,20,20,20,20
420156,2,1,1992,0,0,0,0,0,0,0,0,0,0
420156,3,1,1992,0,0,0,2,0,0,0,0,0,0
420157,0,1,1992,0,0,0,0,0,0,0,0,0,0
420157,1,1,1992,0,17,0,0,0,0,20,0,0,0
420158,1,1,1992,0,0,0,0,0,0,0,0,0,0
420159,1,1,1992,30,30,30,30,30,30,30,30,30,30
420160,1,1,1992,0,0,0,0,0,25,0,0,0,0
420160,2,1,1992,0,0,0,0,0,0,0,0,0,0
420161,1,1,1992,0,0,0,0,0,0,0,0,0,0
420161,2,1,1992,0,0,0,0,0,0,0,0,0,0
420162,1,1,1992,0,0,0,0,0,0,0,0,0,0
420163,1,1,1992,0,0,0,0,0,0,0,0,0,0
420163,2,1,1992,0,0,0,0,0,0,0,0,0,0
420164,1,1,1992,0,0,0,0,0,0,0,0,0,0
420165,1,1,1992,0,0,0,0,0,0,0,0,0,0
420165,2,1,1992,0,0,0,0,0,0,0,0,0,0
420166,1,1,1992,21,21,21,21,21,21,21,21,21,21
420167,1,1,1992,20,20,20,20,20,20,20,20,20,20
420168,0,1,1992,18,25,30,16,32,18,33,20,33,13
420168,1,1,1992,0,0,0,0,0,0,0,0,0,0
420169,1,1,1992,0,0,0,11,0,0,0,0,0,0
420170,1,1,1992,0,0,0,10,0,0,0,0,0,0
420171,0,1,1992,28,28,28,28,28,28,28,28,28,28
420171,1,1,1992,0,5,0,0,0,0,4,0,12,0
420172,1,1,1992,0,0,0,0,0,0,0,0,0,0
420172,2,1,1992,0,0,0,0,0,0,0,0,0,0
420173,0,1,1992,0,0,0,0,0,0,0,0,0,0
420173,1,1,1992,0,0,0,0,0,0,0,0,0,0
420174,1,1,1992,0,0,0,0,0,0,0,0,0,0
420174,2,1,1992,0,0,0,0,0,0,0,0,0,0
420175,0,1,1992,15,17,0,0,12,0,22,0,0,0
420175,1,1,1992,0,0,0,0,8,0,10,0,0,0
420176,1,1,1992,0,0,0,0,0,0,0,19,0,0
420176,2,1,1992,0,0,0,0,0,0,0,0,0,0
420177,1,1,1992,0,0,0,0,0,0,0,0,0,0
420178,0,1,1992,0,0,0,0,0,0,0,0,0,0
420178,1,1,1992,0,0,0,0,0,0,0,0,0,0
420179,1,1,1992,0,0,0,0,0,0,0,0,0,0
420181,1,1,1992,0,0,0,0,0,0,0,0,0,0
420181,2,1,1992,0,0,0,0,0,0,0,0,0,0
420182,0,1,1992,0,0,0,0,0,0,0,0,0,0
420182,1,1,1992,0,0,0,0,0,0,0,0,0,0
420183,1,1,1992,25,25,25,25,25,25,25,25,25,25
420184,1,1,1992,12,12,12,12,12,12,12,12,12,12
420184,2,1,1992,0,0,0,0,0,0,0,0,0,0
420185,1,1,1992,28,28,28,28,28,28,28,28,28,28
420186,0,1,1992,0,0,0,0,0,0,0,0,0,0
420186,1,1,1992,0,0,0,0,15,0,0,0,0,0
420187,1,1,1992,22,22,22,22,22,22,22,22,22,22
420187,2,1,1992,0,0,0,0,0,0,0,0,0,0
420188,1,1,1992,27,27,27,27,27,27,27,27,27,27
420189,1,1,1992,4,4,4,4,4,4,4,4,4,4
420190,1,1,1992,7,7,7,7,7,7,7,7,7,7
420191,0,1,1992,0,0,0,0,0,0,0,0,0,0
420191,1,1,1992,0,0,0,0,0,0,0,0,0,0
420192,0,1,1992,0,0,0,0,0,0,0,0,0,0
420192,1,1,1992,0,0,0,15,0,0,0,0,0,0
420193,1,1,1992,23,23,23,23,23,23,23,23,23,23
420194,1,1,1992,25,25,25,25,25,25,25,25,25,25
420195,1,1,1992,0,0,0,0,0,0,0,0,0,0
420195,2,1,1992,0,0,0,0,0,0,0,0,12,0
420196,1,1,1992,22,22,22,22,22,22,22,22,22,22
420197,1,1,1992,24,24,24,24,24,24,24,24,24,24
420197,2,1,1992,0,0,0,0,0,0,0,0,0,0
420198,1,1,1992,16,16,16,16,16,16,16,16,16,16
420199,1,1,1992,19,19,19,19,19,19,19,19,19,19
420200,1,1,1992,18,18,18,18,18,18,18,18,18,18
420201,1,1,1992,8,8,8,8,8,8,8,8,8,8
420202,1,1,1992,22,22,22,22,22,22,22,22,22,22
420202,2,1,1992,0,0,0,0,0,0,0,0,0,0
420203,0,1,1992,24,0,0,24,18,0,17,20,9,28
420203,1,1,1992,0,0,0,0,0,0,0,0,0,0
420204,0,1,1992,10,10,10,10,10,10,10,10,10,10
420204,1,1,1992,7,0,0,0,0,7,13,18,0,0
420205,0,1,1992,21,21,21,21,21,21,21,21,21,21
420205,1,1,1992,0,0,0,0,0,0,0,0,0,0
420206,0,1,1992,0,0,0,0,0,0,0,0,0,0
420206,1,1,1992,0,0,0,0,0,0,0,0,0,0
420207,1,1,1992,16,16,16,16,16,16,16,16,16,16
420208,1,1,1992,11,11,11,11,11,11,11,11,11,11
420209,1,1,1992,27,27,27,27,27,27,27,27,27,27
420209,2,1,1992,0,0,0,0,0,0,0,0,0,0
420209,3,1,1992,0,0,0,0,0,0,0,0,0,0
420209,4,1,1992,0,0,0,0,0,0,0,0,0,0
420210,1,1,1992,10,10,10,10,10,10,10,10,10,10
420210,2,1,1992,10,10,10,10,10,10,10,10,10,10
420211,1,1,1992,0,0,0,21,0,0,0,20,0,13
420211,2,1,1992,0,0,0,0,0,0,0,0,0,0
420212,1,1,1992,0,0,0,0,0,0,0,0,0,0
420213,1,1,1992,0,0,0,0,0,0,0,0,0,0
420213,2,1,1992,12,12,12,12,12,12,12,12,12,12
420215,0,1,1992,0,0,0,0,0,0,0,0,0,0
420215,1,1,1992,0,0,0,0,0,0,0,0,0,0
420216,1,1,1992,12,12,12,12,12,12,12,12,12,12
420217,1,1,1992,28,28,28,28,28,28,28,28,28,28
420218,1,1,1992,0,0,0,0,0,0,0,0,0,0
420219,1,1,1992,26,26,26,26,26,26,26,26,26,26
420219,2,1,1992,0,0,0,0,0,0,0,0,0,0
420220,1,1,1992,26,26,26,26,26,26,26,26,26,26
420221,1,1,1992,0,0,0,0,0,0,0,0,0,0
420221,2,1,1992,0,0,0,0,0,0,0,0,0,0
420222,1,1,1992,22,22,22,22,22,22,22,22,22,22
420223,1,1,1992,0,0,0,0,0,0,0,0,0,0
420223,2,1,1992,0,0,0,0,0,0,0,0,0,0
420224,1,1,1992,0,0,0,0,0,0,0,0,0,0
420224,2,1,1992,0,0,0,0,0,0,0,0,0,0
420225,1,1,1992,17,17,17,17,17,17,17,17,17,17
420226,1,1,1992,0,0,0,5,0,0,0,0,0,0
420227,1,1,1992,9,9,9,9,9,9,9,9,9,9