ST_CASE,VEH_NO,PER_NO,YEAR,P1,P2,P3,P4,P5,P6,P7,P8,P9,P10
420496,1,1,1992,33,33,33,33,33,33,33,33,33,33
420497,1,1,1992,0,0,0,0,0,0,0,0,0,0
420497,2,1,1992,0,0,0,0,0,0,0,0,0,0
420498,1,1,1992,6,6,6,6,6,6,6,6,6,6
420499,1,1,1992,24,24,24,24,24,24,24,24,24,24
420500,1,1,1992,0,0,0,0,0,0,0,0,0,0
420500,2,1,1992,0,0,0,0,0,0,0,0,0,0
420500,3,1,1992,0,0,0,0,0,0,0,0,0,0
420501,1,1,1992,20,20,20,20,20,20,20,20,20,20
420501,2,1,1992,0,3,0,11,0,0,0,0,0,0
420502,0,1,1992,29,29,29,29,29,29,29,29,29,29
420502,1,1,1992,11,27,12,14,0,35,11,8,26,0
420503,1,1,1992,15,15,15,15,15,15,15,15,15,15
420503,2,1,1992,0,0,0,0,0,0,0,0,0,0
420504,1,1,1992,27,27,27,27,27,27,27,27,27,27
420504,2,1,1992,12,12,12,12,12,12,12,12,12,12
420505,1,1,1992,0,0,0,0,0,0,5,0,0,0
420505,2,1,1992,0,0,0,0,0,0,0,0,0,0
420506,1,1,1992,22,22,22,22,22,22,22,22,22,22
420507,0,1,1992,0,0,0,0,0,0,0,0,22,0
420507,1,1,1992,0,0,0,0,0,0,0,0,0,0
420508,1,1,1992,5,5,5,5,5,5,5,5,5,5
420508,2,1,1992,17,17,17,17,17,17,17,17,17,17
420509,1,1,1992,6,0,0,8,0,0,0,0,0,0
420510,1,1,1992,10,10,10,10,10,10,10,10,10,10
420510,2,1,1992,0,0,0,0,0,0,0,0,0,0
420511,1,1,1992,0,0,0,0,0,0,0,0,0,0
420511,2,1,1992,0,0,0,0,0,0,0,0,25,0
420512,1,1,1992,0,0,0,0,0,0,0,0,0,0
420512,2,1,1992,0,0,0,0,0,0,0,0,0,0
420513,0,1,1992,0,0,0,0,0,0,0,0,0,0
420513,1,1,1992,0,0,0,0,0,0,0,0,0,0
420514,1,1,1992,31,31,31,31,31,31,31,31,31,31
420515,1,1,1992,0,0,0,0,0,0,0,0,27,15
420516,1,1,1992,4,4,4,4,4,4,4,4,4,4
420516,2,1,1992,0,0,0,0,0,0,0,0,0,0
420517,1,1,1992,22,22,22,22,22,22,22,22,22,22
420518,0,1,1992,0,0,0,0,0,0,0,0,0,0
420518,1,1,1992,9,0,0,0,0,0,0,0,0,0
420519,1,1,1992,29,29,29,29,29,29,29,29,29,29
420520,1,1,1992,0,0,0,0,0,0,0,0,0,0
420520,2,1,1992,0,0,0,0,0,0,0,0,0,0
420521,1,1,1992,0,0,0,0,0,0,0,0,0,0
420522,1,1,1992,26,16,15,20,23,27,22,26,14,31
420523,1,1,1992,0,0,0,0,0,0,0,0,0,0
420523,2,1,1992,0,0,0,0,0,0,0,0,0,0
420524,1,1,1992,0,0,0,0,0,0,0,0,0,0
420524,2,1,1992,0,0,0,0,0,0,0,0,0,0
420524,3,1,1992,0,0,0,0,0,0,0,0,0,0
420524,4,1,1992,0,0,0,0,0,0,0,0,0,0
420525,1,1,1992,0,0,0,0,0,0,0,0,0,0
420525,2,1,1992,0,0,0,0,0,0,0,0,0,0
420526,1,1,1992,0,0,0,0,0,0,0,0,0,0
420526,2,1,1992,0,0,0,0,0,0,0,0,0,0
420527,1,1,1992,29,29,29,29,29,29,29,29,29,29
420528,1,1,1992,15,15,15,15,15,15,15,15,15,15
420529,1,1,1992,21,21,21,21,21,21,21,21,21,21
420530,1,1,1992,29,29,29,29,29,29,29,29,29,29
420530,2,1,1992,0,0,0,0,0,0,3,0,0,0
420531,1,1,1992,0,0,0,0,0,0,0,0,0,0
420531,2,1,1992,0,0,0,0,0,0,0,0,0,0
420532,1,1,1992,0,0,0,0,0,0,0,0,0,0
420533,1,1,1992,20,20,20,20,20,20,20,20,20,20
420534,0,1,1992,0,0,0,0,0,0,0,0,0,0
420534,1,1,1992,0,0,0,0,0,0,0,0,0,0
420535,0,1,1992,10,0,0,9,0,0,0,0,0,0
420535,1,1,1992,1,1,1,1,1,1,1,1,1,1
420536,1,1,1992,0,0,0,0,0,0,0,0,0,0
420536,2,1,1992,0,0,0,0,0,0,0,0,0,0
420537,1,1,1992,0,0,0,0,0,0,0,0,0,0
420537,2,1,1992,0,0,0,0,0,0,0,17,0,0
420538,1,1,1992,8,8,8,8,8,8,8,8,8,8
420539,1,1,1992,33,33,33,33,33,33,33,33,33,33
420540,1,1,1992,0,0,0,0,0,0,0,0,0,0
420540,2,1,1992,0,0,0,0,0,0,5,0,0,0
420541,1,1,1992,0,0,0,0,0,0,0,0,0,0
420542,1,1,1992,0,0,0,0,0,0,0,0,0,0
420542,2,1,1992,0,0,0,0,0,0,0,0,0,0
420543,0,1,1992,0,0,0,0,0,0,0,0,0,0
420543,1,1,1992,0,0,0,0,0,0,0,0,0,0
420545,0,1,1992,27,27,27,27,27,27,27,27,27,27
420545,1,1,1992,0,0,0,0,16,0,6,0,0,0
420546,1,1,1992,20,12,2,17,16,12,13,5,11,9
420547,1,1,1992,0,0,0,0,0,0,0,0,0,0
420548,1,1,1992,9,9,9,9,9,9,9,9,9,9
420549,1,1,1992,0,0,0,0,0,0,0,0,0,0
420550,1,1,1992,0,0,0,0,0,0,0,0,0,0
420550,2,1,1992,0,0,0,0,0,0,0,0,0,0
420551,1,1,1992,0,0,0,0,0,0,0,0,0,0
420551,2,1,1992,0,0,0,0,0,0,0,0,0,0
420552,1,1,1992,23,23,23,23,23,23,23,23,23,23
420553,1,1,1992,0,0,0,0,0,0,0,0,0,0
420553,2,1,1992,0,0,0,0,30,0,0,0,12,0
420554,1,1,1992,0,0,0,0,0,0,0,0,0,0
420554,2,1,1992,0,0,0,0,0,0,0,0,0,26
420555,1,1,1992,0,0,0,0,0,0,0,0,0,0
420556,1,1,1992,24,24,24,24,24,24,24,24,24,24
420557,1,1,1992,27,27,27,27,27,27,27,27,27,27
420558,1,1,1992,23,23,23,23,23,23,23,23,23,23
420558,2,1,1992,0,0,0,0,0,0,0,0,0,0
420559,1,1,1992,27,27,27,27,27,27,27,27,27,27
420559,2,1,1992,13,19,18,19,9,14,13,0,22,29
420560,1,1,1992,24,24,24,24,24,24,24,24,24,24
420560,2,1,1992,22,22,22,22,22,22,22,22,22,22
420561,1,1,1992,0,0,0,0,0,0,0,0,0,0
420562,1,1,1992,23,23,23,23,23,23,23,23,23,23
420562,2,1,1992,0,0,0,0,0,0,0,0,0,0
420563,1,1,1992,0,0,0,0,0,0,0,0,0,0
420563,2,1,1992,0,0,0,0,0,0,0,0,0,0
420564,1,1,1992,0,0,0,0,0,0,0,0,0,0
420565,1,1,1992,14,14,14,14,14,14,14,14,14,14
420565,2,1,1992,0,0,0,0,0,0,0,0,0,0
420566,1,1,1992,0,0,0,0,0,0,0,0,0,0
420566,2,1,1992,0,0,0,10,0,13,0,0,0,0
420567,1,1,1992,0,0,0,0,0,0,0,0,0,12
420567,2,1,1992,0,0,0,0,0,0,0,0,0,0
420568,0,1,1992,0,0,0,0,0,0,0,0,0,0
420568,1,1,1992,0,0,0,0,0,0,0,0,0,0
420569,1,1,1992,22,25,19,31,14,14,20,0,22,20
420570,1,1,1992,0,0,0,0,0,0,0,0,0,0
420571,1,1,1992,0,0,0,0,0,0,0,0,0,0
420572,1,1,1992,16,16,16,16,16,16,16,16,16,16
420572,2,1,1992,0,0,0,0,0,0,0,0,0,0
420573,1,1,1992,18,18,18,18,18,18,18,18,18,18
420573,2,1,1992,0,0,0,0,0,0,0,0,0,0
420574,1,1,1992,0,5,0,17,8,15,4,0,0,0
420575,0,1,1992,0,0,0,0,0,0,0,0,0,0
420575,0,2,1992,0,0,0,0,0,0,0,0,0,0
420575,1,1,1992,19,11,32,7,4,22,0,8,0,0
420576,1,1,1992,0,0,16,0,0,0,0,0,0,33
420577,0,1,1992,0,0,0,0,0,0,0,0,0,0
420577,1,1,1992,0,0,0,0,0,0,0,0,0,0
420578,0,1,1992,0,0,0,0,0,0,0,0,0,0
420578,1,1,1992,0,0,0,0,0,0,0,0,0,0
420579,0,1,1992,0,0,0,0,0,0,0,0,0,0
420579,0,2,1992,0,17,0,19,0,0,24,0,0,0
420579,0,3,1992,0,0,0,0,0,0,0,0,0,0
420579,0,4,1992,0,0,0,0,0,0,0,0,0,0
420579,0,5,1992,0,0,0,6,0,0,12,0,0,0
420579,1,1,1992,10,0,0,0,0,0,24,18,7,23
420580,1,1,1992,15,15,15,15,15,15,15,15,15,15
420581,1,1,1992,0,0,0,0,0,0,0,0,0,0
420581,2,1,1992,0,0,0,0,0,0,0,0,0,0
420582,1,1,1992,0,0,0,0,33,0,7,0,0,0
420583,1,1,1992,10,10,10,10,10,10,10,10,10,10
420584,1,1,1992,0,0,0,0,0,0,0,0,0,0
420584,2,1,1992,0,0,0,0,0,0,0,0,0,0
420585,1,1,1992,6,6,6,6,6,6,6,6,6,6
420585,2,1,1992,0,0,0,0,0,0,0,20,0,0
420586,1,1,1992,0,0,0,0,0,0,0,0,0,0
420587,1,1,1992,0,0,0,0,0,0,0,0,0,0
420588,1,1,1992,0,0,0,0,0,15,0,11,0,19
420589,1,1,1992,0,8,7,0,18,16,18,0,0,9
420589,2,1,1992,0,0,0,0,0,0,0,0,0,0
420591,1,1,1992,8,0,2,0,13,3,0,16,18,0
420592,1,1,1992,0,0,4,0,0,0,0,0,0,0
420593,1,1,1992,23,23,23,23,23,23,23,23,23,23
420593,2,1,1992,0,0,0,0,0,0,0,0,0,0
420594,1,1,1992,23,23,23,23,23,23,23,23,23,23
420594,2,1,1992,13,13,13,13,13,13,13,13,13,13
420595,1,1,1992,0,0,0,0,0,0,0,0,0,0
420595,2,1,1992,22,0,0,0,0,0,0,0,0,0
420595,3,1,1992,0,0,0,0,0,0,0,0,0,0
420596,1,1,1992,0,0,0,0,0,0,0,0,0,0
420596,2,1,1992,0,0,0,0,0,0,0,0,0,0
420597,0,1,1992,22,22,22,22,22,22,22,22,22,22
420597,1,1,1992,16,18,3,7,0,11,15,4,0,18
420598,1,1,1992,17,17,17,17,17,17,17,17,17,17
420598,2,1,1992,0,0,0,0,0,0,0,0,0,16
420599,1,1,1992,0,0,0,0,0,0,0,0,0,0
420600,1,1,1992,0,0,0,0,0,0,0,0,0,0
420601,1,1,1992,2,2,2,2,2,2,2,2,2,2
420602,1,1,1992,0,0,0,0,0,0,0,0,0,0
420603,1,1,1992,0,0,0,0,0,0,0,0,0,0
420604,1,1,1992,12,12,12,12,12,12,12,12,12,12
420605,1,1,1992,24,0,0,0,0,0,0,0,25,0
420605,2,1,1992,5,5,5,5,5,5,5,5,5,5
420606,1,1,1992,11,11,11,11,11,11,11,11,11,11
420607,1,1,1992,13,13,13,13,13,13,13,13,13,13
420607,2,1,1992,0,0,0,0,0,0,0,0,0,0
420608,1,1,1992,0,0,0,0,0,0,0,0,0,0
420608,2,1,1992,0,0,0,0,0,0,0,0,0,0
420609,1,1,1992,0,0,0,0,0,0,0,0,0,0
420610,0,1,1992,18,0,9,12,0,0,9,0,19,24
420610,1,1,1992,23,27,8,9,8,17,22,15,11,12
420611,0,1,1992,0,0,0,0,0,0,0,0,0,0
420611,1,1,1992,0,0,0,0,0,0,0,0,0,0
420611,2,1,1992,0,0,6,0,17,0,9,0,0,0
420612,1,1,1992,0,0,0,0,0,0,0,0,0,0
420612,2,1,1992,16,0,0,0,0,0,0,0,7,0
420613,1,1,1992,16,16,16,16,16,16,16,16,16,16
420614,1,1,1992,0,0,0,0,0,0,0,0,0,0
420615,1,1,1992,0,0,0,0,0,0,0,0,0,0
420615,2,1,1992,0,0,0,0,0,0,0,0,0,0
420616,1,1,1992,0,0,0,0,0,0,0,0,0,0
420617,1,1,1992,0,0,0,0,0,0,0,0,0,0
420618,1,1,1992,0,0,0,0,0,0,0,0,0,3
420619,0,1,1992,0,0,0,0,0,0,0,0,0,0
420619,1,1,1992,0,0,0,0,0,0,0,0,0,0
420620,1,1,1992,0,0,0,0,0,0,0,0,0,0
420621,1,1,1992,0,0,0,0,0,0,0,0,0,0
420622,1,1,1992,0,0,0,0,0,0,0,0,0,0
420623,1,1,1992,0,0,0,0,0,0,0,0,0,0
420624,1,1,1992,12,12,12,12,12,12,12,12,12,12
420625,1,1,1992,17,17,17,17,17,17,17,17,17,17
420625,2,1,1992,0,0,0,0,0,0,0,0,0,0
420626,1,1,1992,20,20,20,20,20,20,20,20,20,20
420627,1,1,1992,11,11,11,11,11,11,11,11,11,11
420628,1,1,1992,20,20,20,20,20,20,20,20,20,20
420629,1,1,1992,15,15,15,15,15,15,15,15,15,15
420630,1,1,1992,0,0,0,0,0,0,0,0,0,0
420630,2,1,1992,0,0,0,0,0,0,0,0,0,0
420631,1,1,1992,0,0,0,0,0,0,0,0,0,0
420631,2,1,1992,0,0,0,0,0,0,0,0,0,0
420631,3,1,1992,0,0,0,0,0,0,0,0,0,0
420632,0,1,1992,0,0,0,0,0,0,0,0,0,0
420632,1,1,1992,0,0,0,0,6,0,0,0,0,14
420633,1,1,1992,25,25,25,25,25,25,25,25,25,25
420634,1,1,1992,0,0,0,0,0,0,0,0,0,0
420634,2,1,1992,0,0,0,0,0,0,0,0,0,0
420635,1,1,1992,14,14,14,14,14,14,14,14,14,14
420635,2,1,1992,0,0,0,0,0,0,0,0,0,0
420636,1,1,1992,10,0,9,0,0,0,0,0,0,0
420636,2,1,1992,0,0,0,0,0,0,0,0,0,0
420637,1,1,1992,21,21,21,21,21,21,21,21,21,21
420638,1,1,1992,0,0,0,0,0,0,0,0,0,0
420638,2,1,1992,0,0,0,0,0,0,0,0,0,0
420639,1,1,1992,5,5,5,5,5,5,5,5,5,5
420639,2,1,1992,0,0,0,0,0,0,0,0,0,0
420640,1,1,1992,0,0,0,0,0,0,0,0,6,0
420640,2,1,1992,0,0,0,0,0,0,0,0,0,0
420641,1,1,1992,0,0,0,0,13,0,0,0,0,0
420641,2,1,1992,21,21,21,21,21,21,21,21,21,21
420642,1,1,1992,19,19,19,19,19,19,19,19,19,19
420643,1,1,1992,24,24,24,24,24,24,24,24,24,24
420644,1,1,1992,21,21,21,21,21,21,21,21,21,21
420645,1,1,1992,0,0,0,0,0,0,0,0,0,0
420645,2,1,1992,0,0,0,0,0,0,0,0,0,7
420646,1,1,1992,15,15,15,15,15,15,15,15,15,15
420647,1,1,1992,0,0,0,0,0,0,0,0,0,0
420648,1,1,1992,0,0,0,0,0,0,17,0,0,0
420649,1,1,1992,23,23,23,23,23,23,23,23,23,23
420650,1,1,1992,24,24,24,24,24,24,24,24,24,24
420651,1,1,1992,26,26,26,26,26,26,26,26,26,26
420652,1,1,1992,0,0,0,0,0,0,0,0,0,0
420653,1,1,1992,0,0,0,0,0,0,0,0,0,0
420654,0,1,1992,18,0,0,0,0,0,0,0,0,0
420654,1,1,1992,0,0,0,0,0,0,0,0,0,0
420655,1,1,1992,0,0,0,0,0,0,0,0,0,0
420655,2,1,1992,0,0,0,0,0,0,0,0,0,0
420656,1,1,1992,0,0,0,0,0,0,0,0,0,0
420656,2,1,1992,0,0,0,0,0,0,0,0,0,0
420657,1,1,1992,0,0,0,0,0,0,0,0,0,0
420658,1,1,1992,0,0,0,0,0,0,0,0,0,0
420658,2,1,1992,0,0,0,0,0,0,0,0,0,0
420658,3,1,1992,0,0,0,0,0,0,0,0,0,0
420659,1,1,1992,0,0,0,0,0,0,0,0,0,0
420659,2,1,1992,0,0,0,0,0,0,0,0,0,0
420660,1,1,1992,0,0,8,0,0,0,0,0,0,0
420661,1,1,1992,15,15,15,15,15,15,15,15,15,15
420662,1,1,1992,0,0,0,0,0,0,0,0,0,0
420662,2,1,1992,0,0,0,0,0,0,0,0,0,0
420663,1,1,1992,23,23,23,23,23,23,23,23,23,23
420664,1,1,1992,0,0,0,0,0,0,0,0,0,0
420664,2,1,1992,0,0,0,0,0,0,0,0,0,0
420664,3,1,1992,0,0,0,0,0,0,0,0,0,0
420664,4,1,1992,0,0,0,0,0,0,0,0,0,0
420665,1,1,1992,18,18,18,18,18,18,18,18,18,18
420666,1,1,1992,0,0,0,0,0,0,0,0,0,0
420666,2,1,1992,0,0,0,0,0,0,0,0,0,0
420667,1,1,1992,0,0,0,0,0,0,0,0,0,0
420668,1,1,1992,0,0,0,0,0,0,0,0,0,0
420668,2,1,1992,0,17,0,0,0,0,0,0,0,0
420669,1,1,1992,0,0,0,0,0,0,0,0,0,0
420669,2,1,1992,0,0,0,0,0,0,0,0,0,0
420670,0,1,1992,40,40,40,40,40,40,40,40,40,40
420670,1,1,1992,1,1,1,1,1,1,1,1,1,1
420671,1,1,1992,22,22,22,22,22,22,22,22,22,22
420672,1,1,1992,6,0,30,15,0,11,4,0,10,16
420672,2,1,1992,0,0,0,0,0,0,0,0,0,0
420673,0,1,1992,0,0,0,0,0,0,0,0,0,0
420673,1,1,1992,0,0,0,0,14,0,0,0,0,0
420674,1,1,1992,0,0,0,0,0,0,0,0,0,0
420674,2,1,1992,0,13,0,0,0,0,0,0,0,0
420675,1,1,1992,0,0,0,0,0,0,0,0,0,0
420675,2,1,1992,0,0,0,0,0,0,0,0,0,0
420676,0,1,1992,0,0,0,0,0,9,0,0,0,0
420676,0,2,1992,21,0,0,0,0,0,0,0,0,0
420676,0,3,1992,0,14,0,15,21,0,0,0,0,0
420676,0,4,1992,0,0,0,0,0,0,0,0,0,0
420676,0,5,1992,0,3,0,0,13,0,0,0,0,0
420676,1,1,1992,3,15,0,8,15,7,23,16,13,19
420677,1,1,1992,0,0,0,0,0,0,0,0,0,0
420678,1,1,1992,22,22,22,22,22,22,22,22,22,22
420679,0,1,1992,15,31,0,0,0,0,15,0,18,17
420679,0,2,1992,20,20,20,20,20,20,20,20,20,20
420679,1,1,1992,0,0,0,0,0,0,0,0,0,0
420680,1,1,1992,0,0,0,0,0,0,0,0,0,0
420681,1,1,1992,32,32,32,32,32,32,32,32,32,32
420682,1,1,1992,0,0,0,0,0,0,0,0,0,0
420683,1,1,1992,0,0,0,0,0,0,0,0,0,0
420684,1,1,1992,20,20,20,20,20,20,20,20,20,20
420685,1,1,1992,24,24,24,24,24,24,24,24,24,24
420686,1,1,1992,0,0,0,0,0,0,0,0,0,0
420687,1,1,1992,19,19,19,19,19,19,19,19,19,19
420688,1,1,1992,18,5,16,11,9,11,17,15,18,29
420690,1,1,1992,0,0,0,0,0,0,0,0,0,0
420690,2,1,1992,0,0,0,0,0,0,0,0,0,0
420690,3,1,1992,0,0,0,0,0,0,0,0,0,0
420691,1,1,1992,18,18,18,18,18,18,18,18,18,18
420692,1,1,1992,29,29,29,29,29,29,29,29,29,29
420692,2,1,1992,0,0,0,0,0,0,0,0,0,0
420693,1,1,1992,30,30,30,30,30,30,30,30,30,30
420693,2,1,1992,9,9,9,9,9,9,9,9,9,9
420694,1,1,1992,18,18,18,18,18,18,18,18,18,18
420695,1,1,1992,17,17,17,17,17,17,17,17,17,17
420696,1,1,1992,0,17,25,0,6,0,0,0,34,0
420697,1,1,1992,0,0,0,0,0,0,0,0,0,0
420697,2,1,1992,0,0,0,0,0,0,0,0,0,0
420698,1,1,1992,0,0,0,0,0,0,0,0,0,0
420699,1,1,1992,11,11,11,11,11,11,11,11,11,11
420699,2,1,1992,0,0,15,0,0,0,0,0,0,0
420700,1,1,1992,25,25,25,25,25,25,25,25,25,25
420701,1,1,1992,0,0,0,0,0,0,0,0,0,0
420701,2,1,1992,0,0,0,0,0,0,0,0,0,0
420702,1,1,1992,18,18,18,18,18,18,18,18,18,18
420702,2,1,1992,0,0,0,0,0,0,0,0,0,0
420703,1,1,1992,0,0,0,0,0,0,0,0,0,0
420704,1,1,1992,27,27,27,27,27,27,27,27,27,27
420704,2,1,1992,0,0,0,0,0,0,0,0,0,0
420704,3,1,1992,0,0,0,0,0,11,0,0,0,0
420705,0,1,1992,22,0,0,12,46,12,8,0,42,0
420705,1,1,1992,9,0,0,0,0,0,0,24,0,0
420706,0,1,1992,17,17,17,17,17,17,17,17,17,17
420706,1,1,1992,15,15,15,15,15,15,15,15,15,15
420707,1,1,1992,11,11,11,11,11,11,11,11,11,11
420708,1,1,1992,0,0,0,0,0,0,0,0,0,0
420709,1,1,1992,0,0,0,0,0,0,0,0,0,0
420709,2,1,1992,0,0,0,0,0,0,0,0,0,0
420710,1,1,1992,14,12,21,0,13,2,16,14,6,4
420710,2,1,1992,0,0,0,0,0,0,0,0,0,18
420711,1,1,1992,0,0,0,0,0,0,0,0,0,0
420712,1,1,1992,7,7,7,7,7,7,7,7,7,7
420713,1,1,1992,0,0,0,0,0,24,0,0,0,0
420713,2,1,1992,0,0,0,0,0,0,0,0,0,0
420713,3,1,1992,0,0,0,0,0,0,0,9,0,0
420713,4,1,1992,0,0,0,0,0,0,0,0,0,0
420714,1,1,1992,0,0,0,0,0,0,0,0,0,0
420714,2,1,1992,0,0,0,0,0,0,0,0,0,0
420715,1,1,1992,0,0,0,0,0,0,0,0,0,0
420715,2,1,1992,0,0,0,0,0,0,0,0,0,0
420716,1,1,1992,0,0,0,20,7,12,0,0,3,0
420716,2,1,1992,0,0,0,0,0,0,0,0,0,2
420717,1,1,1992,0,0,0,0,0,0,0,0,0,0
420718,1,1,1992,14,14,14,14,14,14,14,14,14,14
420719,1,1,1992,16,16,16,16,16,16,16,16,16,16
420719,2,1,1992,6,6,6,6,6,6,6,6,6,6
420720,1,1,1992,19,19,19,19,19,19,19,19,19,19
420721,1,1,1992,0,0,0,0,0,0,0,0,0,0
420721,2,1,1992,0,0,0,0,0,0,0,0,0,0
420722,1,1,1992,28,22,0,7,9,16,14,31,11,18
420723,1,1,1992,0,0,0,0,0,0,0,0,0,0
420724,0,1,1992,0,0,27,0,0,0,0,21,0,0
420724,0,2,1992,0,0,0,0,0,0,0,0,0,0
420724,1,1,1992,14,6,12,20,10,35,20,21,11,18
420725,1,1,1992,0,0,0,0,0,0,0,0,0,0
420725,2,1,1992,0,0,0,24,0,0,0,0,0,0
420726,1,1,1992,0,0,0,0,0,0,0,0,0,0
420726,2,1,1992,0,0,0,0,0,0,0,0,17,8
420727,1,1,1992,0,0,0,0,0,0,0,0,0,0
420728,1,1,1992,0,0,0,0,0,0,0,0,0,0
420729,1,1,1992,0,0,0,0,0,0,0,0,0,0
420729,2,1,1992,0,0,0,0,0,19,0,0,0,0
420730,1,1,1992,0,0,0,0,0,0,0,0,0,0
420730,2,1,1992,0,0,0,0,0,0,0,0,0,0
420731,1,1,1992,17,17,17,17,17,17,17,17,17,17
420733,1,1,1992,18,23,16,12,29,21,14,26,20,12
420734,1,1,1992,20,20,20,20,20,20,20,20,20,20
420735,0,1,1992,0,0,0,0,0,0,0,0,0,0
420735,1,1,1992,0,0,0,0,0,0,0,0,0,0
420736,0,1,1992,0,0,0,0,0,0,0,0,0,0
420736,1,1,1992,8,8,8,8,8,8,8,8,8,8
420737,0,1,1992,19,0,10,11,0,22,0,22,32,16
420737,1,1,1992,0,0,0,0,0,0,0,0,0,19
420738,1,1,1992,0,0,0,0,0,0,0,0,0,0
420738,2,1,1992,0,0,0,0,0,0,0,0,0,0
420739,1,1,1992,0,0,0,0,0,0,0,0,0,0
420739,2,1,1992,0,0,0,0,0,0,0,0,0,0
420740,1,1,1992,0,0,0,0,0,0,0,0,0,0
420740,2,1,1992,0,0,0,0,0,0,0,23,0,20
420741,1,1,1992,22,22,22,22,22,22,22,22,22,22
420742,1,1,1992,0,0,0,0,0,0,0,0,0,0
420743,1,1,1992,0,0,0,0,0,0,0,0,0,0
420743,2,1,1992,0,0,0,0,0,0,0,0,0,0
420744,1,1,1992,20,20,20,20,20,20,20,20,20,20
420746,1,1,1992,0,0,0,0,0,0,0,0,0,0
420746,2,1,1992,0,0,0,0,0,0,0,0,0,0
420747,1,1,1992,25,25,25,25,25,25,25,25,25,25
420748,1,1,1992,0,0,0,0,0,0,0,0,0,0
420749,0,1,1992,14,0,0,0,0,0,0,0,0,18
420749,1,1,1992,0,0,0,0,0,0,0,0,0,0
420750,1,1,1992,19,19,19,19,19,19,19,19,19,19
420751,1,1,1992,0,0,0,0,0,0,0,0,0,0
420751,2,1,1992,0,0,0,0,0,0,0,0,0,0
420752,0,1,1992,0,0,0,0,0,0,0,0,0,0
420752,1,1,1992,0,0,0,0,0,0,0,0,0,0
420753,1,1,1992,5,5,5,5,5,5,5,5,5,5
420753,2,1,1992,0,0,0,0,0,0,0,0,0,0
420754,1,1,1992,7,7,7,7,7,7,7,7,7,7
420754,2,1,1992,0,0,0,0,0,0,0,0,0,0
420755,1,1,1992,7,7,7,7,7,7,7,7,7,7
420755,2,1,1992,0,0,0,0,14,0,4,0,0,0
420756,0,1,1992,0,0,0,0,0,0,0,0,0,0
420756,1,1,1992,0,0,0,0,0,0,0,0,0,0
420757,1,1,1992,0,0,0,15,29,0,15,13,0,0
420757,2,1,1992,8,10,18,0,0,0,10,6,8,0
420758,1,1,1992,0,0,0,0,0,0,0,0,0,0
420759,1,1,1992,0,0,0,0,0,0,0,0,0,0
420759,2,1,1992,0,0,0,0,0,0,0,0,0,0
420760,0,1,1992,0,0,0,0,0,0,0,0,0,0
420760,1,1,1992,0,0,0,0,0,0,0,0,0,0
420761,1,1,1992,33,0,0,0,0,0,0,0,0,0
420761,2,1,1992,0,0,0,0,0,0,0,0,0,0
420762,1,1,1992,47,47,47,47,47,47,47,47,47,47
420762,2,1,1992,0,0,0,0,0,0,0,0,0,0
420763,1,1,1992,1,1,1,1,1,1,1,1,1,1
420764,0,1,1992,14,0,11,0,0,0,0,0,0,14
420764,1,1,1992,24,24,24,24,24,24,24,24,24,24
420765,1,1,1992,0,0,0,0,0,0,0,0,0,0
420765,2,1,1992,1,1,1,1,1,1,1,1,1,1
420765,3,1,1992,0,0,0,0,0,0,0,0,0,0
420765,4,1,1992,0,0,0,0,0,0,0,0,0,0
420766,0,1,1992,5,5,5,5,5,5,5,5,5,5
420766,1,1,1992,13,0,0,0,0,0,0,0,0,0
420767,1,1,1992,0,0,0,0,0,0,0,0,0,0
420768,1,1,1992,13,13,13,13,13,13,13,13,13,13
420769,1,1,1992,0,0,0,0,0,0,0,0,0,0
420769,2,1,1992,0,0,0,0,0,0,0,0,0,0
420770,1,1,1992,2,2,2,2,2,2,2,2,2,2
420771,1,1,1992,0,0,0,0,0,0,0,0,0,0
420771,2,1,1992,0,0,0,0,0,9,21,0,14,0
420771,3,1,1992,0,0,0,0,0,0,0,0,0,0
420772,1,1,1992,14,0,0,0,0,0,7,9,0,0
420773,1,1,1992,16,16,16,16,16,16,16,16,16,16
420774,1,1,1992,0,0,0,0,0,0,0,0,0,0
420775,1,1,1992,18,18,18,18,18,18,18,18,18,18
420776,1,1,1992,0,0,0,0,0,0,0,0,0,0
420776,2,1,1992,0,0,0,0,0,0,0,0,0,0
420776,3,1,1992,0,0,0,9,0,0,0,0,0,13
420777,1,1,1992,15,6,11,0,0,16,0,0,17,0
420777,2,1,1992,0,0,0,0,0,0,0,0,0,0
420778,0,1,1992,0,0,0,0,0,0,0,0,0,26
420778,1,1,1992,0,0,0,0,0,0,0,0,0,0
420779,1,1,1992,26,26,26,26,26,26,26,26,26,26
420781,0,1,1992,0,0,0,0,0,0,0,0,0,0