ST_CASE,VEH_NO,PER_NO,YEAR,P1,P2,P3,P4,P5,P6,P7,P8,P9,P10
420781,1,1,1992,0,0,0,0,0,0,0,0,0,0
420782,1,1,1992,12,12,12,12,12,12,12,12,12,12
420782,2,1,1992,14,14,14,14,14,14,14,14,14,14
420783,1,1,1992,30,8,14,10,8,22,16,20,9,39
420783,2,1,1992,0,0,0,0,0,0,0,0,0,0
420783,3,1,1992,16,16,0,14,8,9,15,17,19,11
420784,1,1,1992,21,21,21,21,21,21,21,21,21,21
420784,2,1,1992,0,0,0,0,0,0,0,0,0,0
420785,1,1,1992,0,0,0,0,0,0,0,0,0,0
420785,2,1,1992,0,0,0,0,0,0,0,2,0,0
420786,1,1,1992,17,15,18,15,9,10,0,14,0,16
420787,1,1,1992,0,0,0,0,0,0,0,0,0,0
420788,1,1,1992,0,0,0,0,0,0,13,0,0,0
420789,1,1,1992,0,4,0,13,24,0,0,0,0,20
420790,1,1,1992,0,0,0,0,0,0,0,26,0,0
420790,2,1,1992,3,0,0,0,0,0,0,0,0,8
420790,3,1,1992,0,0,0,0,0,0,0,0,0,0
420790,4,1,1992,0,0,0,0,0,0,0,0,0,0
420790,5,1,1992,0,0,0,0,0,0,0,0,0,0
420791,1,1,1992,0,0,0,0,0,0,0,0,0,0
420792,0,1,1992,0,0,0,0,0,0,0,0,0,0
420792,1,1,1992,0,0,0,0,0,0,0,0,0,0
420793,1,1,1992,16,16,16,16,16,16,16,16,16,16
420794,1,1,1992,0,0,0,0,0,0,0,0,0,0
420794,2,1,1992,0,0,0,0,0,0,0,0,0,0
420794,3,1,1992,0,0,0,0,0,0,0,0,0,0
420794,4,1,1992,0,0,0,0,0,0,0,0,0,0
420795,1,1,1992,0,0,0,0,0,0,0,0,0,0
420796,1,1,1992,0,0,0,0,0,0,0,0,0,0
420797,1,1,1992,0,0,0,0,0,0,0,0,0,0
420797,2,1,1992,0,0,0,0,0,0,0,0,0,0
420798,1,1,1992,16,16,16,16,16,16,16,16,16,16
420799,1,1,1992,0,0,0,0,0,0,0,0,0,0
420799,2,1,1992,0,0,0,0,0,0,0,0,0,0
420800,1,1,1992,4,18,11,0,0,0,0,19,23,13
420800,2,1,1992,0,0,0,0,0,0,0,0,0,0
420801,1,1,1992,0,0,0,0,0,0,0,0,0,0
420801,2,1,1992,0,0,0,0,0,0,0,0,0,0
420802,1,1,1992,12,12,12,12,12,12,12,12,12,12
420803,0,1,1992,0,0,0,0,0,0,0,0,4,0
420803,1,1,1992,0,0,0,0,0,0,0,0,0,0
420804,0,1,1992,0,0,0,0,0,0,0,0,0,0
420804,1,1,1992,0,0,0,0,0,0,0,0,0,0
420804,2,1,1992,0,0,0,0,0,0,0,0,0,0
420805,1,1,1992,0,0,0,0,0,0,0,0,0,0
420805,2,1,1992,0,0,0,0,0,0,0,0,0,0
420806,1,1,1992,0,22,10,0,0,0,0,8,0,0
420806,2,1,1992,0,0,0,0,0,0,0,0,0,0
420807,1,1,1992,12,12,12,12,12,12,12,12,12,12
420807,2,1,1992,0,0,8,12,0,0,0,0,0,0
420808,1,1,1992,19,19,19,19,19,19,19,19,19,19
420809,1,1,1992,0,0,0,0,0,0,0,0,0,0
420809,2,1,1992,0,0,0,0,0,0,0,0,0,0
420810,1,1,1992,0,0,0,0,0,0,0,0,0,0
420810,2,1,1992,0,0,0,0,0,0,0,0,0,0
420811,1,1,1992,0,0,0,0,0,0,0,0,0,0
420812,1,1,1992,0,0,0,0,0,0,0,0,0,0
420813,1,1,1992,18,0,22,14,24,0,16,33,19,14
420814,1,1,1992,19,19,19,19,19,19,19,19,19,19
420816,1,1,1992,26,26,26,26,26,26,26,26,26,26
420816,2,1,1992,0,0,0,0,0,0,0,0,0,0
420817,1,1,1992,0,0,0,0,0,0,0,0,0,0
420817,2,1,1992,20,20,20,20,20,20,20,20,20,20
420818,1,1,1992,16,16,16,16,16,16,16,16,16,16
420819,1,1,1992,0,0,0,0,0,0,0,0,0,0
420820,1,1,1992,0,0,0,0,0,0,0,0,0,0
420820,2,1,1992,0,0,0,0,0,0,0,0,0,0
420821,0,1,1992,16,0,61,28,0,0,25,16,9,15
420821,1,1,1992,0,13,0,0,0,11,27,0,0,0
420822,1,1,1992,9,12,28,0,14,0,0,0,0,0
420822,2,1,1992,0,0,0,0,0,0,0,0,0,0
420822,3,1,1992,0,0,0,0,0,0,0,0,0,0
420823,1,1,1992,6,15,20,15,24,0,0,6,6,2
420823,2,1,1992,0,0,0,0,0,0,0,0,0,16
420824,1,1,1992,19,19,19,19,19,19,19,19,19,19
420825,0,1,1992,0,0,0,0,0,0,0,0,0,0
420825,1,1,1992,0,0,0,0,0,0,0,0,0,0
420826,1,1,1992,0,0,0,0,0,0,0,0,0,0
420826,2,1,1992,16,16,16,16,16,16,16,16,16,16
420827,1,1,1992,0,0,0,0,0,0,0,0,0,0
420828,1,1,1992,0,0,0,0,16,0,0,0,2,0
420828,2,1,1992,0,0,0,0,0,0,0,0,0,30
420828,3,1,1992,0,0,0,0,0,0,0,0,0,0
420829,1,1,1992,12,0,0,0,0,0,3,0,0,0
420829,2,1,1992,5,5,5,5,5,5,5,5,5,5
420830,0,1,1992,0,0,0,0,3,24,0,0,0,0
420830,0,2,1992,0,0,0,0,0,0,0,0,0,0
420830,1,1,1992,0,0,0,0,0,0,10,0,0,0
420831,1,1,1992,6,0,0,0,0,0,0,0,0,0
420831,2,1,1992,0,0,0,0,0,0,0,0,0,0
420832,1,1,1992,10,10,10,10,10,10,10,10,10,10
420833,0,1,1992,21,21,21,21,21,21,21,21,21,21
420833,1,1,1992,0,0,0,0,0,0,0,0,0,0
420834,1,1,1992,7,7,7,7,7,7,7,7,7,7
420834,2,1,1992,11,11,11,11,11,11,11,11,11,11
420835,0,1,1992,0,0,0,0,0,0,0,0,0,0
420835,1,1,1992,0,0,0,0,0,0,0,0,0,0
420836,1,1,1992,0,0,0,0,0,0,0,0,0,0
420837,1,1,1992,0,0,0,0,0,0,0,0,0,0
420837,2,1,1992,0,0,0,0,0,0,0,0,0,0
420838,1,1,1992,21,21,21,21,21,21,21,21,21,21
420839,1,1,1992,11,11,11,11,11,11,11,11,11,11
420840,1,1,1992,37,0,0,0,0,0,0,29,28,0
420841,1,1,1992,29,29,29,29,29,29,29,29,29,29
420842,1,1,1992,0,0,0,0,0,0,0,0,0,0
420842,2,1,1992,0,0,0,0,0,0,0,0,0,0
420843,0,1,1992,0,0,0,0,0,0,0,0,0,0
420843,1,1,1992,0,0,0,0,0,0,0,0,0,0
420844,1,1,1992,0,0,16,0,0,0,0,0,0,0
420845,1,1,1992,0,0,0,0,0,0,0,4,0,0
420845,2,1,1992,0,0,0,0,0,0,0,0,0,0
420846,1,1,1992,0,0,0,0,0,0,0,0,0,0
420846,2,1,1992,19,0,0,3,0,5,14,5,0,15
420847,1,1,1992,0,0,0,0,0,0,0,0,0,0
420847,2,1,1992,0,0,0,12,0,0,0,0,0,11
420848,0,1,1992,0,0,0,0,0,0,0,0,0,0
420848,1,1,1992,0,0,0,0,0,0,0,0,0,0
420849,0,1,1992,0,0,0,0,0,0,0,0,0,0
420849,1,1,1992,15,0,20,16,6,8,9,7,10,0
420850,0,1,1992,25,25,25,25,25,25,25,25,25,25
420850,1,1,1992,5,0,0,0,10,20,0,0,0,0
420851,1,1,1992,0,0,0,0,0,0,0,0,0,0
420851,2,1,1992,0,0,0,0,0,0,0,0,0,0
420852,1,1,1992,19,19,19,19,19,19,19,19,19,19
420853,1,1,1992,12,12,12,12,12,12,12,12,12,12
420854,1,1,1992,15,0,0,0,0,0,0,0,0,0
420854,2,1,1992,0,0,0,0,0,0,0,0,0,0
420854,3,1,1992,0,0,0,0,0,0,0,0,0,0
420855,0,1,1992,0,0,0,0,0,0,0,0,0,0
420855,1,1,1992,0,4,0,0,0,0,0,0,0,0
420856,1,1,1992,0,0,0,0,0,0,0,0,0,0
420857,1,1,1992,0,0,0,0,0,0,0,0,0,0
420857,2,1,1992,0,0,0,0,0,0,0,0,0,0
420858,1,1,1992,19,19,19,19,19,19,19,19,19,19
420858,2,1,1992,0,20,0,0,0,17,0,23,13,0
420859,1,1,1992,22,22,22,22,22,22,22,22,22,22
420859,2,1,1992,18,18,18,18,18,18,18,18,18,18
420860,1,1,1992,15,15,15,15,15,15,15,15,15,15
420861,1,1,1992,15,13,26,0,0,16,18,18,14,0
420862,1,1,1992,0,0,0,0,0,0,0,0,0,0
420862,2,1,1992,0,0,0,0,0,0,0,0,0,0
420862,3,1,1992,0,0,0,0,0,0,0,0,0,0
420863,1,1,1992,8,8,8,8,8,8,8,8,8,8
420864,1,1,1992,21,21,21,21,21,21,21,21,21,21
420865,1,1,1992,17,17,17,17,17,17,17,17,17,17
420865,2,1,1992,0,0,0,0,0,0,0,0,0,8
420866,0,1,1992,0,0,0,0,0,0,0,0,0,0
420866,1,1,1992,0,0,0,0,0,0,0,0,0,0
420867,1,1,1992,0,0,0,0,0,0,0,0,0,0
420867,2,1,1992,0,0,0,0,0,0,0,0,0,0
420868,1,1,1992,0,0,0,0,0,0,0,0,0,0
420869,1,1,1992,21,21,21,21,21,21,21,21,21,21
420869,2,1,1992,0,0,0,0,0,16,0,0,0,0
420869,3,1,1992,0,0,9,0,0,0,11,0,0,0
420870,1,1,1992,0,0,0,0,0,0,0,0,0,0
420871,1,1,1992,0,0,0,0,0,0,0,0,0,0
420872,0,1,1992,0,0,0,0,0,0,0,0,0,0
420872,1,1,1992,0,0,0,0,0,0,0,0,0,0
420873,0,1,1992,0,0,0,0,13,0,0,0,0,0
420873,1,1,1992,0,0,0,0,0,0,0,0,0,0
420874,1,1,1992,0,0,0,0,0,0,0,0,0,0
420874,2,1,1992,0,0,0,0,0,0,0,0,0,0
420875,0,1,1992,0,0,0,0,0,0,0,0,0,0
420875,1,1,1992,0,0,0,0,0,0,22,0,0,0
420876,1,1,1992,19,19,19,19,19,19,19,19,19,19
420876,2,1,1992,0,0,0,0,0,0,0,0,0,0
420877,1,1,1992,3,3,3,3,3,3,3,3,3,3
420877,2,1,1992,0,0,0,0,0,0,0,0,0,0
420878,1,1,1992,0,0,0,0,0,0,0,0,0,0
420878,2,1,1992,0,0,0,0,0,0,0,0,0,0
420879,1,1,1992,18,18,18,18,18,18,18,18,18,18
420880,1,1,1992,10,10,10,10,10,10,10,10,10,10
420881,1,1,1992,17,16,15,20,18,11,21,13,16,6
420881,2,1,1992,0,0,0,0,0,0,0,0,0,0
420882,1,1,1992,21,21,21,21,21,21,21,21,21,21
420883,1,1,1992,11,11,11,11,11,11,11,11,11,11
420884,1,1,1992,20,17,22,17,24,19,25,31,8,12
420885,1,1,1992,13,13,13,13,13,13,13,13,13,13
420886,1,1,1992,20,20,20,20,20,20,20,20,20,20
420887,1,1,1992,0,0,0,0,0,0,0,0,0,0
420888,1,1,1992,27,27,27,27,27,27,27,27,27,27
420888,2,1,1992,0,0,0,0,0,0,0,0,0,0
420889,1,1,1992,11,11,11,11,11,11,11,11,11,11
420889,2,1,1992,0,0,0,0,0,0,0,0,0,0
420890,1,1,1992,0,0,0,0,0,0,0,0,0,0
420890,2,1,1992,0,0,0,0,0,0,0,14,0,0
420890,3,1,1992,0,0,0,0,0,0,0,0,0,0
420891,1,1,1992,0,0,0,18,0,17,0,0,0,14
420892,1,1,1992,0,0,0,0,0,0,0,0,0,0
420892,2,1,1992,0,0,16,0,0,0,0,0,0,0
420893,0,1,1992,0,0,0,0,0,0,0,0,0,0
420893,1,1,1992,0,0,0,0,0,0,0,0,0,0
420893,2,1,1992,0,0,0,0,0,0,0,0,0,0
420894,1,1,1992,0,0,0,0,0,0,0,0,0,0
420894,2,1,1992,0,0,17,0,0,0,0,7,0,0
420895,1,1,1992,0,0,0,0,0,0,0,0,0,0
420895,2,1,1992,0,0,0,0,0,9,0,0,0,0
420896,1,1,1992,3,3,3,3,3,3,3,3,3,3
420896,2,1,1992,0,0,0,0,13,0,0,0,0,14
420896,3,1,1992,0,14,0,0,0,0,30,10,0,0
420897,1,1,1992,1,1,1,1,1,1,1,1,1,1
420897,2,1,1992,1,1,1,1,1,1,1,1,1,1
420897,3,1,1992,1,1,1,1,1,1,1,1,1,1
420898,1,1,1992,0,0,0,0,0,0,0,0,0,0
420898,2,1,1992,0,0,0,0,0,0,0,0,0,0
420899,1,1,1992,40,40,40,40,40,40,40,40,40,40
420899,2,1,1992,16,16,16,16,16,16,16,16,16,16
420900,1,1,1992,22,0,0,0,0,0,14,0,0,0
420901,1,1,1992,0,0,0,0,0,0,0,0,0,0
420902,1,1,1992,20,20,20,20,20,20,20,20,20,20
420904,0,1,1992,0,0,0,0,0,0,0,0,0,0
420904,1,1,1992,0,0,0,0,0,0,0,0,0,5
420906,1,1,1992,30,30,30,30,30,30,30,30,30,30
420908,1,1,1992,0,0,0,0,0,0,0,0,0,0
420908,2,1,1992,0,0,0,0,0,0,0,0,0,0
420908,3,1,1992,0,0,0,0,0,0,0,0,0,0
420909,1,1,1992,0,0,0,0,0,0,0,0,0,0
420909,2,1,1992,2,2,2,2,2,2,2,2,2,2
420909,3,1,1992,0,0,0,0,0,0,0,0,0,0
420910,0,1,1992,8,8,8,8,8,8,8,8,8,8
420910,1,1,1992,0,0,0,0,0,0,0,0,0,0
420911,1,1,1992,0,0,0,0,0,0,0,0,0,0
420912,0,1,1992,10,10,10,10,10,10,10,10,10,10
420912,1,1,1992,0,0,14,0,0,25,0,0,0,0
420913,1,1,1992,27,27,27,27,27,27,27,27,27,27
420914,0,1,1992,12,12,12,12,12,12,12,12,12,12
420914,1,1,1992,0,0,0,0,0,0,0,0,0,0
420914,2,1,1992,0,0,0,0,0,0,0,0,0,0
420915,0,1,1992,0,0,0,0,0,0,0,0,0,0
420915,1,1,1992,0,0,0,0,0,0,0,0,0,0
420916,1,1,1992,4,4,4,4,4,4,4,4,4,4
420917,1,1,1992,0,0,0,0,0,0,0,0,0,0
420918,1,1,1992,0,0,0,0,0,0,0,0,0,0
420918,2,1,1992,0,0,0,0,0,0,0,0,0,0
420919,1,1,1992,0,0,0,0,0,0,0,0,0,0
420919,2,1,1992,0,0,0,0,0,0,0,0,0,0
420920,1,1,1992,22,22,22,22,22,22,22,22,22,22
420921,1,1,1992,0,0,0,0,0,0,0,0,0,0
420922,1,1,1992,0,0,0,0,0,0,0,0,0,16
420923,1,1,1992,0,0,0,0,0,0,0,0,0,0
420923,2,1,1992,0,0,0,0,0,0,0,0,0,0
420924,0,1,1992,0,0,0,0,0,0,0,0,0,0
420924,1,1,1992,0,0,0,0,0,0,0,0,0,0
420925,1,1,1992,16,16,16,16,16,16,16,16,16,16
420926,1,1,1992,0,0,0,0,0,0,0,0,0,0
420926,2,1,1992,0,0,0,0,0,0,0,0,0,0
420927,1,1,1992,0,0,0,0,0,0,0,0,0,0
420927,2,1,1992,0,0,0,0,0,0,0,0,0,0
420928,1,1,1992,0,0,0,0,0,0,0,0,0,0
420928,2,1,1992,0,0,0,0,0,0,32,0,19,0
420929,1,1,1992,32,32,32,32,32,32,32,32,32,32
420930,1,1,1992,22,22,22,22,22,22,22,22,22,22
420931,0,1,1992,15,15,15,15,15,15,15,15,15,15
420931,1,1,1992,4,4,4,4,4,4,4,4,4,4
420932,1,1,1992,7,7,7,7,7,7,7,7,7,7
420933,1,1,1992,0,0,0,0,0,0,0,0,0,0
420934,1,1,1992,0,0,0,0,0,0,0,0,0,0
420934,2,1,1992,0,0,0,0,0,0,0,0,0,0
420935,1,1,1992,0,0,0,0,0,0,0,0,0,0
420935,2,1,1992,0,0,0,0,0,0,0,0,0,0
420936,0,1,1992,0,0,0,0,0,0,0,0,0,0
420936,0,2,1992,0,0,0,0,0,0,0,0,0,0
420936,1,1,1992,0,0,0,0,0,0,0,7,18,0
420937,0,1,1992,37,37,37,37,37,37,37,37,37,37
420937,1,1,1992,0,0,0,0,0,0,0,0,0,0
420938,1,1,1992,20,18,13,21,0,16,14,23,20,33
420939,1,1,1992,0,0,0,0,0,0,0,0,0,0
420939,2,1,1992,0,0,0,0,0,0,0,0,0,0
420940,1,1,1992,26,26,26,26,26,26,26,26,26,26
420941,1,1,1992,24,24,24,24,24,24,24,24,24,24
420942,1,1,1992,24,24,24,24,24,24,24,24,24,24
420943,1,1,1992,9,9,9,9,9,9,9,9,9,9
420944,1,1,1992,0,0,0,0,0,0,0,0,0,0
420944,2,1,1992,0,0,0,0,0,0,0,0,0,0
420945,1,1,1992,11,11,11,11,11,11,11,11,11,11
420945,2,1,1992,14,14,14,14,14,14,14,14,14,14
420946,0,1,1992,0,0,0,0,0,0,0,0,0,0
420946,0,2,1992,12,0,14,16,0,0,0,10,0,16
420946,1,1,1992,0,0,0,0,0,0,0,0,0,0
420947,0,1,1992,17,11,0,25,33,0,24,19,0,0
420947,1,1,1992,0,0,0,0,0,0,0,0,0,0
420948,1,1,1992,0,0,0,0,0,0,0,0,0,0
420948,2,1,1992,0,0,0,0,0,0,0,0,0,0
420949,1,1,1992,0,0,0,0,0,0,0,0,0,0
420949,2,1,1992,0,0,0,0,0,0,0,0,0,0
420950,1,1,1992,30,30,30,30,30,30,30,30,30,30
420951,1,1,1992,0,0,0,0,0,0,0,0,0,0
420952,1,1,1992,0,0,0,0,0,0,0,0,0,0
420952,2,1,1992,0,0,0,0,0,0,0,0,7,0
420952,3,1,1992,0,0,0,0,0,0,0,0,0,0
420953,0,1,1992,0,0,0,0,14,0,0,0,0,0
420953,1,1,1992,0,0,0,0,0,0,0,0,0,0
420954,1,1,1992,0,0,0,0,0,0,0,0,0,0
420954,2,1,1992,0,0,0,27,0,0,0,0,0,0
420955,1,1,1992,0,0,0,0,0,0,0,0,0,6
420955,2,1,1992,0,0,0,0,0,0,0,0,0,0
420955,3,1,1992,0,0,0,0,0,0,0,0,0,0
420956,1,1,1992,0,0,0,0,0,0,0,0,0,0
420956,2,1,1992,0,0,0,0,0,10,0,0,0,0
420957,1,1,1992,9,9,9,9,9,9,9,9,9,9
420958,1,1,1992,0,0,0,0,0,0,0,0,0,0
420958,2,1,1992,0,0,0,0,0,0,0,0,0,0
420959,1,1,1992,21,21,21,21,21,21,21,21,21,21
420960,1,1,1992,0,0,0,0,0,0,0,0,0,0
420960,2,1,1992,0,0,0,0,0,0,0,0,0,0
420961,1,1,1992,0,0,0,0,0,0,0,0,0,0
420961,2,1,1992,0,0,0,0,0,0,0,0,0,0
420962,1,1,1992,0,0,0,0,0,0,0,0,0,0
420962,2,1,1992,0,0,0,0,0,0,0,0,0,0
420963,1,1,1992,0,0,0,0,0,0,0,0,0,0
420964,0,1,1992,29,28,0,0,0,6,0,16,12,3
420964,1,1,1992,12,12,12,12,12,12,12,12,12,12
420965,1,1,1992,2,2,2,2,2,2,2,2,2,2
420966,1,1,1992,23,23,23,23,23,23,23,23,23,23
420967,1,1,1992,8,8,8,8,8,8,8,8,8,8
420967,2,1,1992,15,15,15,15,15,15,15,15,15,15
420968,1,1,1992,0,0,0,0,0,0,0,0,0,0
420968,2,1,1992,0,0,0,0,0,0,0,0,0,0
420969,1,1,1992,21,21,21,21,21,21,21,21,21,21
420970,1,1,1992,0,0,0,0,0,0,0,0,0,0
420970,2,1,1992,0,0,0,0,0,0,0,0,0,0
420971,1,1,1992,0,0,0,0,0,0,0,0,0,0
420971,2,1,1992,0,0,0,0,0,0,0,0,0,0
420972,1,1,1992,0,0,0,0,0,0,0,0,0,0
420973,0,1,1992,0,0,0,0,0,0,0,0,0,0
420973,1,1,1992,0,0,0,0,0,0,0,0,0,0
420974,1,1,1992,0,0,0,0,0,3,0,0,0,0
420975,1,1,1992,26,2,3,6,17,7,14,0,15,0
420976,1,1,1992,0,0,0,0,0,0,0,0,0,0
420977,1,1,1992,33,33,33,33,33,33,33,33,33,33
420978,1,1,1992,0,0,0,0,0,0,0,0,0,0
420978,2,1,1992,0,0,0,0,0,0,0,0,0,0
420979,1,1,1992,0,0,0,0,8,8,3,0,0,7
420980,1,1,1992,0,0,0,0,0,0,0,0,0,0
420981,0,1,1992,0,0,0,0,0,0,0,0,0,0
420981,1,1,1992,0,0,0,0,0,0,3,0,0,0
420982,1,1,1992,15,15,15,15,15,15,15,15,15,15
420982,2,1,1992,9,15,9,9,2,0,9,0,0,12
420982,3,1,1992,13,6,8,17,7,16,0,0,0,12
420983,1,1,1992,0,0,0,0,0,0,0,0,0,0
420984,1,1,1992,11,11,11,11,11,11,11,11,11,11
420984,2,1,1992,0,0,11,14,0,19,0,0,0,39
420985,1,1,1992,21,19,0,12,0,0,10,0,17,0
420986,1,1,1992,0,0,0,15,0,0,0,0,0,0
420987,1,1,1992,0,0,0,0,0,0,0,0,0,0
420988,1,1,1992,15,15,15,15,15,15,15,15,15,15
420989,0,1,1992,0,0,0,0,0,0,0,0,0,0
420989,1,1,1992,9,0,0,0,0,0,0,0,0,0
420990,1,1,1992,28,28,28,28,28,28,28,28,28,28
420991,1,1,1992,0,0,0,0,0,0,0,0,0,0
420992,1,1,1992,0,0,0,0,0,0,0,0,0,0
420992,2,1,1992,0,0,0,0,0,0,0,0,0,0
420993,0,1,1992,0,0,0,0,0,0,0,0,0,0
420993,1,1,1992,0,0,0,0,0,0,0,14,0,0
420994,1,1,1992,18,18,18,18,18,18,18,18,18,18
420995,1,1,1992,0,0,0,0,0,0,31,0,0,0
420995,2,1,1992,0,0,0,0,0,0,0,0,0,0
420996,1,1,1992,18,17,10,17,12,23,29,26,7,8
420997,1,1,1992,20,20,20,20,20,20,20,20,20,20
420998,1,1,1992,0,0,0,0,0,0,0,0,0,0
420998,2,1,1992,0,0,0,0,0,0,0,0,0,0
420999,0,1,1992,16,16,16,16,16,16,16,16,16,16
420999,1,1,1992,13,0,16,0,0,0,0,0,0,0
420999,2,1,1992,0,0,0,0,0,0,0,0,17,0
421000,0,1,1992,44,44,44,44,44,44,44,44,44,44
421000,1,1,1992,0,0,0,0,0,0,0,19,0,0
421001,1,1,1992,7,7,7,7,7,7,7,7,7,7
421002,1,1,1992,0,0,0,0,0,0,0,0,0,0
421002,2,1,1992,0,0,0,0,0,0,0,0,0,0
421002,3,1,1992,0,0,0,0,0,0,0,0,0,0
421003,1,1,1992,19,19,19,19,19,19,19,19,19,19
421004,1,1,1992,0,0,0,0,0,0,0,0,0,0
421004,2,1,1992,0,0,0,0,0,0,9,0,0,0
421005,1,1,1992,0,0,0,0,0,0,0,0,0,0
421006,1,1,1992,0,0,0,0,0,0,0,0,0,0
421006,2,1,1992,0,0,0,0,0,0,0,0,0,0
421007,1,1,1992,0,0,0,0,0,0,0,0,0,0
421007,2,1,1992,0,0,0,0,0,0,0,0,0,0
421008,1,1,1992,0,0,0,0,0,0,0,0,0,0
421008,2,1,1992,0,0,0,0,0,0,0,0,0,0
421009,1,1,1992,0,0,0,0,0,0,0,0,0,0
421009,2,1,1992,0,0,0,0,0,0,0,0,0,0
421010,0,1,1992,21,7,20,2,36,5,15,28,27,26
421010,1,1,1992,28,8,10,11,9,10,6,21,8,19
421011,1,1,1992,0,0,28,0,0,0,29,0,17,0
421012,1,1,1992,10,0,0,0,18,0,0,0,15,0
421013,0,1,1992,0,0,0,0,0,0,0,0,0,0
421013,1,1,1992,6,0,0,0,0,0,0,0,0,0
421014,1,1,1992,0,0,0,0,0,0,0,0,0,0
421014,2,1,1992,0,0,0,0,0,0,0,0,0,0
421015,1,1,1992,27,0,0,0,0,19,0,0,0,0
421015,2,1,1992,0,0,2,0,9,12,0,0,0,0
421015,3,1,1992,0,0,0,0,0,0,0,0,0,0
421015,4,1,1992,0,0,0,0,0,0,0,0,0,0
421015,5,1,1992,0,0,0,0,0,0,0,0,0,16
421016,1,1,1992,0,12,13,0,20,13,10,4,0,9
421017,0,1,1992,0,0,0,0,0,0,0,0,0,0
421017,1,1,1992,0,0,0,0,0,0,0,0,0,0
421018,0,1,1992,0,0,0,0,0,0,0,0,0,0
421018,1,1,1992,0,0,0,0,0,0,0,0,0,0
421019,1,1,1992,23,23,23,23,23,23,23,23,23,23
421020,1,1,1992,0,0,0,0,0,0,0,0,0,0
421020,2,1,1992,0,0,0,0,0,0,0,0,0,0
421021,1,1,1992,0,0,0,0,0,0,0,0,0,0
421021,2,1,1992,0,0,0,0,0,0,0,0,0,0
421022,1,1,1992,0,0,0,0,0,0,0,0,0,0
421022,2,1,1992,0,0,0,4,0,0,0,0,0,0
421023,1,1,1992,0,0,0,0,0,0,0,0,0,0
421023,2,1,1992,0,0,0,0,0,0,0,0,0,0
421024,1,1,1992,0,0,0,0,0,0,0,16,0,0
421025,1,1,1992,0,0,0,0,0,0,0,0,0,0
421025,2,1,1992,0,0,0,0,0,0,0,0,0,0
421026,1,1,1992,0,0,0,0,0,0,0,0,0,0
421026,2,1,1992,0,0,0,0,0,0,0,0,0,0
421026,3,1,1992,23,23,23,23,23,23,23,23,23,23
421027,1,1,1992,4,4,4,4,4,4,4,4,4,4
421028,1,1,1992,0,0,0,0,0,0,0,0,0,0
421028,2,1,1992,0,0,0,0,0,0,0,0,0,0
421028,3,1,1992,0,0,0,0,0,0,0,0,0,0
421029,0,1,1992,0,0,0,0,0,0,12,0,0,0
421029,1,1,1992,0,0,6,0,0,0,0,0,0,0
421030,1,1,1992,0,0,0,0,0,0,0,0,0,0
421031,1,1,1992,5,5,5,5,5,5,5,5,5,5
421032,1,1,1992,0,0,0,0,0,0,0,0,0,0
421032,2,1,1992,14,27,0,0,3,0,0,0,7,0
421032,3,1,1992,0,0,0,0,0,0,0,0,0,0
421033,1,1,1992,30,30,30,30,30,30,30,30,30,30
421034,1,1,1992,0,0,0,0,0,0,0,0,0,0
421034,2,1,1992,0,0,0,0,0,0,0,0,0,0
421035,1,1,1992,0,22,0,0,37,23,0,18,14,10
421035,2,1,1992,0,0,0,0,0,0,0,0,0,0
421036,0,1,1992,0,0,0,0,0,0,0,0,0,0
421036,1,1,1992,0,0,0,0,0,0,0,0,0,0
421037,1,1,1992,12,0,0,0,0,0,19,18,0,0
421038,1,1,1992,0,0,0,0,0,0,0,0,0,0
421039,1,1,1992,0,0,0,0,0,0,0,0,0,0
421039,2,1,1992,0,0,0,0,0,0,0,0,0,0
421039,3,1,1992,0,0,0,0,0,0,0,0,0,0
421040,1,1,1992,0,0,0,0,0,0,0,0,0,0
421041,1,1,1992,17,17,17,17,17,17,17,17,17,17
421042,1,1,1992,0,0,0,0,0,0,0,0,0,0
421043,1,1,1992,0,0,0,0,0,0,0,0,0,0
421043,2,1,1992,0,0,0,0,0,0,0,0,0,0
421044,1,1,1992,28,28,28,28,28,28,28,28,28,28
421045,1,1,1992,0,15,0,0,9,18,19,0,11,11
421046,1,1,1992,21,21,21,21,21,21,21,21,21,21
421047,1,1,1992,0,0,0,0,0,0,0,0,0,0
421048,1,1,1992,0,0,0,0,0,0,0,0,0,0
421049,1,1,1992,18,18,18,18,18,18,18,18,18,18
421050,1,1,1992,0,0,0,0,0,0,0,0,0,0
421052,1,1,1992,0,0,0,20,15,0,0,0,0,0
421052,2,1,1992,0,0,0,0,0,0,0,0,0,15
421052,3,1,1992,0,0,0,8,0,0,0,0,0,0
421053,0,1,1992,20,20,20,20,20,20,20,20,20,20
421053,1,1,1992,8,0,18,0,0,14,24,0,0,8
421054,0,1,1992,0,0,0,0,0,0,0,0,0,0
421054,1,1,1992,0,0,0,0,0,0,0,0,0,0
421055,1,1,1992,4,4,4,4,4,4,4,4,4,4
421056,0,1,1992,14,0,0,26,0,28,30,0,0,0