ST_CASE,VEH_NO,PER_NO,YEAR,P1,P2,P3,P4,P5,P6,P7,P8,P9,P10
421056,1,1,1992,0,0,0,0,0,0,0,0,0,0
421057,0,1,1992,8,0,0,0,4,0,16,3,0,25
421057,1,1,1992,0,0,0,0,0,0,0,0,0,0
421058,1,1,1992,3,15,9,20,12,9,14,4,11,0
421058,2,1,1992,22,9,0,0,19,0,0,0,15,23
421059,0,1,1992,0,0,16,31,22,0,34,0,6,17
421059,1,1,1992,21,21,21,21,21,21,21,21,21,21
421060,1,1,1992,8,21,0,23,8,12,8,0,8,0
421060,2,1,1992,0,0,0,0,0,0,0,0,0,0
421061,1,1,1992,19,19,19,19,19,19,19,19,19,19
421062,1,1,1992,20,20,20,20,20,20,20,20,20,20
421063,1,1,1992,36,36,36,36,36,36,36,36,36,36
421063,2,1,1992,0,0,0,0,0,0,0,0,0,0
421064,1,1,1992,0,0,0,0,0,0,0,0,0,0
421064,2,1,1992,0,0,0,0,0,0,0,0,0,0
421065,1,1,1992,0,0,0,0,0,0,0,0,0,0
421065,2,1,1992,0,0,0,0,0,0,0,0,0,0
421065,3,1,1992,0,0,0,0,0,0,0,0,0,0
421066,1,1,1992,0,0,0,0,0,0,0,0,0,0
421066,2,1,1992,0,0,0,5,0,0,0,0,17,0
421067,1,1,1992,12,12,12,12,12,12,12,12,12,12
421068,1,1,1992,0,0,0,0,0,0,0,0,0,0
421069,1,1,1992,8,8,8,8,8,8,8,8,8,8
421070,1,1,1992,0,0,0,0,0,0,0,0,0,0
421071,1,1,1992,39,39,39,39,39,39,39,39,39,39
421072,1,1,1992,14,14,14,14,14,14,14,14,14,14
421073,1,1,1992,0,0,0,0,0,0,0,0,0,0
421073,2,1,1992,0,0,0,0,0,0,0,0,0,0
421074,1,1,1992,0,0,0,0,0,0,0,0,0,0
421074,2,1,1992,0,0,0,0,0,0,0,0,0,0
421075,1,1,1992,29,29,29,29,29,29,29,29,29,29
421075,2,1,1992,0,0,0,0,0,0,0,0,0,0
421076,1,1,1992,23,19,17,18,12,12,18,7,15,22
421076,2,1,1992,0,0,0,0,0,0,0,0,0,0
421077,1,1,1992,17,17,17,17,17,17,17,17,17,17
421077,2,1,1992,14,14,14,14,14,14,14,14,14,14
421078,1,1,1992,24,24,24,24,24,24,24,24,24,24
421079,1,1,1992,0,0,0,0,0,0,0,0,0,0
421079,2,1,1992,0,0,0,0,0,0,0,0,0,0
421080,1,1,1992,15,15,15,15,15,15,15,15,15,15
421081,1,1,1992,0,0,0,0,0,0,0,0,0,0
421081,2,1,1992,0,10,0,0,0,0,0,0,0,13
421081,3,1,1992,0,0,0,0,0,0,0,0,0,0
421082,0,1,1992,0,0,0,0,0,0,0,0,0,0
421082,1,1,1992,0,0,0,0,0,11,0,0,0,0
421083,0,1,1992,17,17,17,17,17,17,17,17,17,17
421083,1,1,1992,0,0,0,0,0,0,0,0,0,0
421083,2,1,1992,0,0,0,0,0,0,0,0,0,0
421084,1,1,1992,0,0,0,0,0,0,0,0,0,0
421084,2,1,1992,0,0,0,0,0,0,0,0,0,0
421084,3,1,1992,0,0,0,0,0,0,0,0,0,9
421085,1,1,1992,10,24,0,0,0,0,0,9,12,0
421086,1,1,1992,13,13,13,13,13,13,13,13,13,13
421087,1,1,1992,18,18,18,18,18,18,18,18,18,18
421088,1,1,1992,13,13,13,13,13,13,13,13,13,13
421088,2,1,1992,0,0,0,0,0,0,0,0,0,0
421089,1,1,1992,16,16,16,16,16,16,16,16,16,16
421090,1,1,1992,0,0,0,0,0,0,0,0,0,0
421090,2,1,1992,0,0,0,0,0,0,0,0,0,0
421091,1,1,1992,0,0,0,0,0,0,0,0,0,0
421092,1,1,1992,8,8,8,8,8,8,8,8,8,8
421092,2,1,1992,0,0,0,12,0,0,0,0,0,0
421092,3,1,1992,0,0,22,0,0,0,8,15,0,0
421092,4,1,1992,0,0,0,0,0,0,0,0,0,0
421093,1,1,1992,12,12,12,12,12,12,12,12,12,12
421094,1,1,1992,5,5,5,5,5,5,5,5,5,5
421095,1,1,1992,20,20,20,20,20,20,20,20,20,20
421095,2,1,1992,0,0,0,0,0,0,0,0,0,0
421096,0,1,1992,0,0,0,0,0,0,0,0,0,0
421096,0,2,1992,0,0,30,0,0,0,0,0,0,0
421096,1,1,1992,0,0,0,0,0,0,0,0,0,15
421097,0,1,1992,0,0,0,15,0,0,0,0,0,0
421097,1,1,1992,0,0,0,0,0,0,0,0,0,0
421098,1,1,1992,6,0,0,0,0,0,0,0,0,0
421099,0,1,1992,11,11,11,11,11,11,11,11,11,11
421099,1,1,1992,0,0,0,0,0,0,0,0,0,0
421100,1,1,1992,0,0,0,0,0,0,0,0,0,0
421101,1,1,1992,0,0,0,0,0,0,0,0,0,0
421101,2,1,1992,0,0,9,0,0,0,0,0,0,0
421102,1,1,1992,0,0,0,0,0,0,0,0,0,0
421102,2,1,1992,0,0,0,0,0,0,0,0,0,0
421103,0,1,1992,10,10,10,10,10,10,10,10,10,10
421103,1,1,1992,0,0,0,0,0,0,0,0,0,0
421104,0,1,1992,28,0,0,15,0,17,0,0,0,0
421104,1,1,1992,0,0,0,0,0,0,0,0,0,0
421105,0,1,1992,0,0,0,0,0,0,0,0,0,0
421105,1,1,1992,0,0,0,0,0,0,0,0,0,0
421106,0,1,1992,28,28,28,28,28,28,28,28,28,28
421106,1,1,1992,0,0,0,0,0,0,0,0,0,0
421107,1,1,1992,56,56,56,56,56,56,56,56,56,56
421108,1,1,1992,14,14,14,14,14,14,14,14,14,14
421109,1,1,1992,27,27,27,27,27,27,27,27,27,27
421109,2,1,1992,0,0,0,0,0,0,0,0,0,0
421110,1,1,1992,0,0,0,0,0,0,0,0,0,0
421110,2,1,1992,13,21,6,0,38,3,0,10,7,16
421111,1,1,1992,0,0,0,0,0,0,0,0,0,0
421111,2,1,1992,0,0,0,0,0,0,0,0,0,0
421111,3,1,1992,0,0,0,0,0,0,0,0,0,0
421111,4,1,1992,0,0,0,0,0,0,0,0,0,0
421112,1,1,1992,21,21,21,21,21,21,21,21,21,21
421113,1,1,1992,0,0,0,0,0,0,0,0,0,0
421114,1,1,1992,11,11,11,11,11,11,11,11,11,11
421114,2,1,1992,0,0,0,0,0,0,0,0,0,0
421115,1,1,1992,19,19,19,19,19,19,19,19,19,19
421116,1,1,1992,19,19,19,19,19,19,19,19,19,19
421117,1,1,1992,0,0,0,0,0,0,0,0,0,0
421119,1,1,1992,24,6,20,30,23,30,2,18,12,19
421120,1,1,1992,0,0,0,0,0,0,0,0,0,0
421121,1,1,1992,0,0,0,0,0,0,0,0,0,0
421122,1,1,1992,0,0,0,0,0,0,0,0,0,0
421123,1,1,1992,46,46,46,46,46,46,46,46,46,46
421124,1,1,1992,0,0,0,0,0,0,0,0,0,0
421125,0,1,1992,0,0,0,0,0,0,0,0,0,0
421125,1,1,1992,0,0,0,0,0,0,0,7,19,6
421126,1,1,1992,0,0,0,0,0,0,0,0,0,0
421127,1,1,1992,21,21,21,21,21,21,21,21,21,21
421127,2,1,1992,0,0,0,0,0,0,0,0,0,0
421128,0,1,1992,0,0,0,0,0,0,0,0,0,0
421128,1,1,1992,0,0,0,0,0,0,0,0,0,0
421129,1,1,1992,24,24,24,24,24,24,24,24,24,24
421130,1,1,1992,0,0,0,0,0,0,0,0,0,0
421130,2,1,1992,0,0,0,0,0,0,0,0,0,0
421131,0,1,1992,13,13,13,13,13,13,13,13,13,13
421131,1,1,1992,0,0,0,0,0,0,0,0,0,0
421132,1,1,1992,0,0,0,0,0,0,0,0,0,0
421132,2,1,1992,0,0,0,0,0,0,0,0,0,0
421132,3,1,1992,0,0,0,0,0,0,0,0,0,0
421133,1,1,1992,7,7,7,7,7,7,7,7,7,7
421134,1,1,1992,0,0,0,0,0,0,0,0,0,0
421134,2,1,1992,4,0,0,0,0,0,0,0,0,0
421135,1,1,1992,0,0,0,0,0,0,0,0,0,0
421136,1,1,1992,35,15,22,33,0,27,22,28,11,15
421137,1,1,1992,0,0,0,0,0,0,0,0,0,0
421137,2,1,1992,0,0,0,0,0,0,0,0,0,0
421138,1,1,1992,0,0,0,0,0,16,0,0,0,0
421138,2,1,1992,0,0,0,0,0,0,0,0,0,0
421139,0,1,1992,30,30,30,30,30,30,30,30,30,30
421139,1,1,1992,0,0,0,0,0,0,0,0,13,0
421140,1,1,1992,0,0,0,0,0,0,0,0,0,0
421141,1,1,1992,0,0,0,0,0,0,0,0,0,0
421142,1,1,1992,10,10,10,10,10,10,10,10,10,10
421143,1,1,1992,25,25,25,25,25,25,25,25,25,25
421144,1,1,1992,0,0,0,0,0,0,0,0,0,0
421145,1,1,1992,0,0,0,16,0,0,28,0,0,0
421145,2,1,1992,0,0,0,0,0,0,0,0,0,0
421146,0,1,1992,19,19,19,19,19,19,19,19,19,19
421146,1,1,1992,0,0,0,0,0,0,0,0,0,0
421147,0,1,1992,0,0,0,0,0,0,0,0,0,0
421148,1,1,1992,0,0,0,0,0,0,0,0,0,0
421148,2,1,1992,0,0,0,0,0,0,0,0,0,0
421149,1,1,1992,27,0,22,28,19,22,13,11,2,0
421149,2,1,1992,0,0,0,0,0,0,0,0,0,0
421150,1,1,1992,12,12,12,12,12,12,12,12,12,12
421151,1,1,1992,19,19,19,19,19,19,19,19,19,19
421152,1,1,1992,0,0,0,0,0,0,0,0,0,0
421152,2,1,1992,0,0,0,0,0,0,0,0,0,0
421153,1,1,1992,0,0,0,0,0,0,0,0,0,0
421154,0,1,1992,0,0,0,0,0,0,0,25,0,0
421154,1,1,1992,4,0,0,0,0,0,0,0,0,0
421155,1,1,1992,18,18,18,18,18,18,18,18,18,18
421156,1,1,1992,0,0,0,0,0,0,0,0,0,0
421157,1,1,1992,0,0,0,0,0,0,0,0,0,0
421157,2,1,1992,0,0,0,0,0,0,0,0,5,0
421158,1,1,1992,0,0,0,0,0,0,0,0,0,0
421158,2,1,1992,0,0,0,0,0,0,0,0,0,0
421159,1,1,1992,20,20,20,20,20,20,20,20,20,20
421160,1,1,1992,0,0,0,10,0,0,0,0,0,0
421160,2,1,1992,0,0,0,0,0,0,0,0,0,0
421161,0,1,1992,31,35,17,0,20,17,17,0,19,12
421161,1,1,1992,0,0,0,0,0,0,0,0,0,0
421162,0,1,1992,13,0,36,0,23,17,21,16,23,0
421162,1,1,1992,0,0,0,0,0,0,0,0,0,0
421163,0,1,1992,0,0,0,0,0,0,0,0,0,0
421163,1,1,1992,0,0,0,0,0,0,0,0,0,0
421163,2,1,1992,0,0,0,0,0,0,0,0,0,0
421164,0,1,1992,17,17,17,17,17,17,17,17,17,17
421164,1,1,1992,6,9,0,11,19,8,24,9,10,0
421165,1,1,1992,0,0,0,0,0,0,0,0,0,0
421165,2,1,1992,0,0,0,0,0,0,0,0,0,0
421166,0,1,1992,0,0,0,0,0,0,0,0,0,0
421166,1,1,1992,0,0,0,0,0,0,0,0,0,0
421167,1,1,1992,0,0,0,0,0,0,0,0,0,0
421167,2,1,1992,15,15,15,15,15,15,15,15,15,15
421168,1,1,1992,0,0,0,0,0,0,0,0,0,0
421168,2,1,1992,0,0,0,0,15,0,2,0,0,0
421169,1,1,1992,0,0,0,0,0,0,0,0,0,0
421170,1,1,1992,21,15,10,0,0,0,0,18,16,0
421171,1,1,1992,0,0,0,0,0,0,0,0,0,0
421171,2,1,1992,0,0,0,0,0,11,0,0,0,0
421172,1,1,1992,0,0,0,0,0,0,0,0,0,0
421173,1,1,1992,0,0,0,0,0,0,0,0,0,0
421173,2,1,1992,0,0,0,0,0,0,0,0,0,0
421174,1,1,1992,0,0,0,0,0,0,0,0,0,0
421174,2,1,1992,0,0,0,0,0,0,0,0,0,0
421175,0,1,1992,0,0,0,0,0,0,0,0,0,0
421175,1,1,1992,0,0,0,0,0,0,0,0,0,0
421176,0,1,1992,6,6,6,6,6,6,6,6,6,6
421176,1,1,1992,0,0,0,0,0,0,5,0,0,0
421177,1,1,1992,0,0,0,0,0,0,0,0,0,0
421177,2,1,1992,0,0,0,0,0,0,0,0,0,0
421178,0,1,1992,0,0,0,0,0,0,0,0,0,12
421178,1,1,1992,0,0,0,0,0,0,0,0,0,0
421179,1,1,1992,0,0,0,0,0,0,0,0,0,0
421179,2,1,1992,0,0,0,0,0,0,0,0,0,0
421180,1,1,1992,0,0,0,0,0,0,0,0,0,27
421180,2,1,1992,3,0,9,0,0,0,0,0,0,0
421180,3,1,1992,0,0,0,0,0,9,0,0,20,0
421181,1,1,1992,3,0,0,0,0,11,0,0,0,0
421181,2,1,1992,24,28,0,15,0,0,0,0,0,4
421182,1,1,1992,20,20,20,20,20,20,20,20,20,20
421182,2,1,1992,0,0,0,0,0,0,0,0,0,0
421183,1,1,1992,7,7,7,7,7,7,7,7,7,7
421184,0,1,1992,0,0,0,0,0,0,0,0,0,0
421184,1,1,1992,10,0,4,0,0,3,0,27,0,0
421185,0,1,1992,0,10,0,0,0,0,0,0,0,0
421185,1,1,1992,0,0,0,0,0,0,0,10,0,0
421186,1,1,1992,21,21,21,21,21,21,21,21,21,21
421187,1,1,1992,5,5,5,5,5,5,5,5,5,5
421187,2,1,1992,9,0,0,0,0,6,0,0,17,0
421188,0,1,1992,23,0,7,0,15,36,0,14,23,15
421188,1,1,1992,8,0,0,0,0,10,0,0,14,18
421189,0,1,1992,0,0,0,0,0,0,0,0,0,0
421189,1,1,1992,0,0,0,0,5,0,0,6,11,7
421190,1,1,1992,25,25,25,25,25,25,25,25,25,25
421191,1,1,1992,0,0,0,0,0,0,0,0,0,0
421191,2,1,1992,0,0,0,0,0,0,0,0,0,0
421192,1,1,1992,10,10,10,10,10,10,10,10,10,10
421193,1,1,1992,0,0,0,0,0,0,0,0,0,0
421193,2,1,1992,0,0,0,0,0,0,0,0,0,0
421194,1,1,1992,0,0,0,0,0,0,0,0,9,0
421195,0,1,1992,0,0,0,0,0,32,7,35,0,0
421195,1,1,1992,0,0,0,0,0,0,0,0,0,0
421196,1,1,1992,16,16,16,29,29,26,24,16,17,8
421196,2,1,1992,14,0,14,4,9,18,0,0,2,0
421197,0,1,1992,0,0,0,0,0,0,0,0,0,0
421197,1,1,1992,0,4,0,0,0,0,0,0,0,0
421198,1,1,1992,32,32,32,32,32,32,32,32,32,32
421199,1,1,1992,0,0,0,0,0,0,0,0,0,0
421200,1,1,1992,26,26,26,26,26,26,26,26,26,26
421201,1,1,1992,34,27,11,0,0,17,15,11,15,0
421202,0,1,1992,0,0,0,0,0,0,0,0,0,0
421202,1,1,1992,0,0,0,0,0,0,0,0,0,0
421203,0,1,1992,14,14,14,14,14,14,14,14,14,14
421203,0,2,1992,0,0,0,0,0,0,0,0,0,0
421203,1,1,1992,0,17,0,0,12,0,0,0,0,0
421204,0,1,1992,0,16,0,0,0,0,12,0,8,0
421204,1,1,1992,4,16,10,22,7,12,7,13,12,15
421205,1,1,1992,7,20,25,0,0,0,23,10,0,2
421206,1,1,1992,14,15,18,16,17,0,22,23,0,16
421206,2,1,1992,0,0,0,0,0,0,0,0,0,0
421207,1,1,1992,0,0,0,0,0,0,0,0,0,0
421207,2,1,1992,0,0,0,0,0,0,0,0,5,0
421208,1,1,1992,13,13,13,13,13,13,13,13,13,13
421209,1,1,1992,0,0,0,0,0,0,0,0,0,0
421209,2,1,1992,0,0,0,0,0,0,0,0,0,0
421210,1,1,1992,12,12,12,12,12,12,12,12,12,12
421210,2,1,1992,13,13,13,13,13,13,13,13,13,13
421211,1,1,1992,8,8,8,8,8,8,8,8,8,8
421212,1,1,1992,7,7,7,7,7,7,7,7,7,7
421213,1,1,1992,0,0,0,8,19,0,0,0,0,0
421214,1,1,1992,0,0,0,0,0,0,0,0,0,0
421215,1,1,1992,46,46,46,46,46,46,46,46,46,46
421216,1,1,1992,0,0,0,0,0,0,0,0,0,0
421216,2,1,1992,0,0,0,0,0,0,0,0,0,0
421217,1,1,1992,0,18,0,0,0,0,0,0,11,21
421217,2,1,1992,0,0,0,0,22,0,8,0,0,0
421218,0,1,1992,3,0,0,10,0,0,0,0,23,0
421218,1,1,1992,0,0,0,0,0,0,0,0,0,0
421219,0,1,1992,0,0,0,0,0,0,0,0,0,0
421219,1,1,1992,0,0,0,0,0,0,0,0,0,0
421220,1,1,1992,0,0,0,0,0,0,0,0,0,0
421221,1,1,1992,0,0,0,0,0,0,0,0,0,0
421221,2,1,1992,0,0,0,0,0,0,0,0,0,0
421222,1,1,1992,0,0,0,0,0,0,0,0,0,0
421223,1,1,1992,15,15,15,15,15,15,15,15,15,15
421224,1,1,1992,0,0,0,0,0,0,11,0,0,0
421224,2,1,1992,3,3,3,3,3,3,3,3,3,3
421225,1,1,1992,0,0,0,0,0,0,0,0,0,0
421225,2,1,1992,0,0,0,0,0,0,0,0,0,0
421226,1,1,1992,13,13,13,13,13,13,13,13,13,13
421227,1,1,1992,0,0,0,0,0,0,0,0,0,0
421227,2,1,1992,0,0,0,0,0,0,0,0,0,0
421227,3,1,1992,0,0,0,0,0,0,0,0,0,0
421228,1,1,1992,14,14,14,14,14,14,14,14,14,14
421229,1,1,1992,0,0,0,0,0,0,0,0,0,0
421229,2,1,1992,0,0,0,5,0,27,0,0,0,0
421230,1,1,1992,0,0,0,0,0,0,0,0,0,0
421230,2,1,1992,0,0,0,0,0,4,0,0,0,0
421231,1,1,1992,21,21,21,21,21,21,21,21,21,21
421232,1,1,1992,3,3,3,3,3,3,3,3,3,3
421233,1,1,1992,0,0,0,0,0,0,0,0,0,0
421233,2,1,1992,0,0,0,0,0,0,0,0,0,0
421234,1,1,1992,15,15,15,15,15,15,15,15,15,15
421235,1,1,1992,0,0,0,0,0,0,14,0,0,0
421236,1,1,1992,28,28,28,28,28,28,28,28,28,28
421237,1,1,1992,27,27,27,27,27,27,27,27,27,27
421238,1,1,1992,0,0,0,0,0,0,0,0,0,0
421239,1,1,1992,15,15,15,15,15,15,15,15,15,15
421240,1,1,1992,0,0,0,0,0,0,0,0,0,0
421241,1,1,1992,0,21,8,8,0,12,0,0,23,0
421242,1,1,1992,6,11,13,0,10,0,17,0,9,0
421243,1,1,1992,15,15,15,15,15,15,15,15,15,15
421243,2,1,1992,0,0,0,0,0,0,0,0,0,0
421243,3,1,1992,0,0,0,0,0,0,0,0,0,0
421244,1,1,1992,0,0,0,0,0,0,0,0,0,0
421244,2,1,1992,0,13,3,7,0,0,0,0,0,0
421244,3,1,1992,17,0,0,0,0,0,0,0,0,0
421244,4,1,1992,0,0,0,0,0,0,13,0,0,0
421244,5,1,1992,0,0,15,11,0,0,11,0,0,0
421245,1,1,1992,0,0,0,0,0,0,0,0,0,0
421245,2,1,1992,8,8,8,8,8,8,8,8,8,8
421246,0,1,1992,0,0,0,0,0,0,0,0,0,0
421246,1,1,1992,4,6,6,0,10,0,0,25,0,10
421247,1,1,1992,0,0,0,15,0,6,18,0,0,0
421247,2,1,1992,21,0,0,4,0,0,0,0,0,0
421248,1,1,1992,7,23,34,16,17,20,11,21,10,19
421249,0,1,1992,0,2,25,12,8,13,20,26,12,17
421249,1,1,1992,9,20,0,4,7,1,16,0,8,5
421250,1,1,1992,0,0,0,0,0,0,0,0,0,0
421250,2,1,1992,0,0,0,0,0,0,0,0,0,0
421251,1,1,1992,0,0,0,0,5,21,0,21,0,23
421252,1,1,1992,9,25,24,0,0,18,0,0,0,22
421253,1,1,1992,3,0,21,28,0,0,0,12,0,16
421254,1,1,1992,0,0,0,0,0,0,0,0,0,0
421254,2,1,1992,0,0,0,0,0,0,0,0,0,0
421255,1,1,1992,9,23,18,27,15,15,20,32,16,0
421256,1,1,1992,0,0,0,0,0,0,0,0,0,0
421257,1,1,1992,5,5,5,5,5,5,5,5,5,5
421258,1,1,1992,0,0,0,0,0,0,0,0,0,0
421259,1,1,1992,0,0,22,0,0,0,0,0,0,0
421259,2,1,1992,0,0,0,0,0,0,0,0,0,0
421260,1,1,1992,26,26,26,26,26,26,26,26,26,26
421261,1,1,1992,16,14,15,10,15,32,6,35,15,13
421262,1,1,1992,0,0,11,0,0,0,23,8,15,17
421262,2,1,1992,0,0,0,0,0,0,0,0,0,0
421263,1,1,1992,0,0,0,0,0,0,0,0,0,0
421264,0,1,1992,20,20,20,20,20,20,20,20,20,20
421264,1,1,1992,0,0,0,0,0,0,0,0,0,0
421265,1,1,1992,0,0,0,0,0,0,0,0,0,0
421265,2,1,1992,0,0,0,0,0,0,0,0,0,0
421266,0,1,1992,16,16,16,16,16,16,16,16,16,16
421266,1,1,1992,16,16,16,16,16,16,16,16,16,16
421267,1,1,1992,0,9,14,17,20,21,8,0,0,10
421267,2,1,1992,0,0,0,0,0,0,0,0,0,0
421268,0,1,1992,0,0,0,0,0,0,0,0,0,0
421268,1,1,1992,0,0,0,0,0,0,0,0,0,0
421269,1,1,1992,0,0,0,0,0,0,0,0,0,0
421269,2,1,1992,0,0,0,0,0,0,0,0,0,0
421270,1,1,1992,9,9,9,9,9,9,9,9,9,9
421271,1,1,1992,20,20,20,20,20,20,20,20,20,20
421272,1,1,1992,0,0,0,0,0,0,0,0,0,0
421273,1,1,1992,0,0,0,0,0,0,0,0,0,0
421273,2,1,1992,0,0,0,0,0,0,0,0,0,0
421274,1,1,1992,5,5,5,5,5,5,5,5,5,5
421274,2,1,1992,0,0,0,0,0,2,0,0,0,0
421275,1,1,1992,0,0,0,0,0,0,0,0,0,0
421275,2,1,1992,0,0,0,0,0,0,0,0,0,0
421276,1,1,1992,0,0,0,0,0,0,0,0,21,0
421277,1,1,1992,25,25,25,25,25,25,25,25,25,25
421278,1,1,1992,21,21,21,21,21,21,21,21,21,21
421279,1,1,1992,9,9,9,9,9,9,9,9,9,9
421279,2,1,1992,0,0,0,0,0,0,0,0,0,0
421280,0,1,1992,0,0,0,0,0,0,0,0,0,0
421280,1,1,1992,0,0,0,0,0,0,0,0,0,0
421281,0,1,1992,4,4,4,4,4,4,4,4,4,4
421281,1,1,1992,0,0,0,0,0,0,0,0,0,0
421282,1,1,1992,30,30,30,30,30,30,30,30,30,30
421282,2,1,1992,18,0,0,0,0,0,0,0,12,0
421283,1,1,1992,0,0,0,0,0,0,0,0,0,0
421283,2,1,1992,0,0,0,0,0,0,0,0,0,0
421284,0,1,1992,0,9,13,13,12,9,33,51,19,21
421284,1,1,1992,0,0,0,0,0,0,0,0,0,0
421285,0,1,1992,8,8,8,8,8,8,8,8,8,8
421285,1,1,1992,11,11,11,11,11,11,11,11,11,11
421286,1,1,1992,0,0,0,0,0,0,0,0,0,0
421286,2,1,1992,0,0,0,0,0,0,0,0,0,0
421287,0,1,1992,27,27,27,27,27,27,27,27,27,27
421287,1,1,1992,0,0,0,4,10,18,0,0,0,19
421287,2,1,1992,0,0,0,0,0,0,0,0,2,0
421288,1,1,1992,21,21,21,21,21,21,21,21,21,21
421289,0,1,1992,0,0,0,0,11,0,0,0,0,0
421289,1,1,1992,0,0,0,0,0,0,0,0,0,0
421290,1,1,1992,21,21,21,21,21,21,21,21,21,21
421290,2,1,1992,0,0,0,20,0,0,11,0,0,0
421290,3,1,1992,0,0,0,0,0,0,0,0,0,0
421291,1,1,1992,0,0,10,0,0,0,0,4,0,0
421291,2,1,1992,0,0,0,0,0,0,0,0,0,0
421292,1,1,1992,16,16,16,16,16,16,16,16,16,16
421293,1,1,1992,0,0,0,0,0,0,0,0,0,0
421294,1,1,1992,14,14,14,14,14,14,14,14,14,14
421294,2,1,1992,0,0,0,0,0,0,0,0,0,0
421295,0,1,1992,11,11,11,11,11,11,11,11,11,11
421295,1,1,1992,0,0,0,0,0,0,0,10,0,0
421295,2,1,1992,0,0,0,0,0,0,0,0,0,0
421296,1,1,1992,13,13,13,13,13,13,13,13,13,13
421297,1,1,1992,17,17,17,17,17,17,17,17,17,17
421297,2,1,1992,0,0,0,0,0,0,0,0,0,0
421298,0,1,1992,0,0,0,0,0,0,0,0,0,0
421298,1,1,1992,0,0,0,0,0,0,0,0,0,0
421299,1,1,1992,16,23,6,9,14,0,0,9,11,0
421299,2,1,1992,0,0,0,0,0,0,0,0,0,0
421300,1,1,1992,25,25,25,25,25,25,25,25,25,25
421300,2,1,1992,0,0,0,0,0,0,0,0,0,0
421301,0,1,1992,7,7,7,7,7,7,7,7,7,7
421301,1,1,1992,6,6,6,6,6,6,6,6,6,6
421302,1,1,1992,0,0,0,0,0,0,0,0,12,0
421303,1,1,1992,0,0,0,0,0,0,0,0,0,0
421303,2,1,1992,0,0,0,0,0,0,0,0,0,0
421303,3,1,1992,0,0,0,0,0,0,3,0,0,0
421304,1,1,1992,13,13,13,13,13,13,13,13,13,13
421304,2,1,1992,0,0,0,0,0,0,0,0,0,0
421305,1,1,1992,12,12,12,12,12,12,12,12,12,12
421305,2,1,1992,0,0,0,0,0,0,0,0,0,9
421307,1,1,1992,0,0,0,0,0,0,0,0,0,0
421307,2,1,1992,0,0,0,0,0,0,0,0,0,0
421308,0,1,1992,12,12,12,12,12,12,12,12,12,12
421308,1,1,1992,2,2,2,2,2,2,2,2,2,2
421309,1,1,1992,4,4,4,4,4,4,4,4,4,4
421310,1,1,1992,23,23,23,23,23,23,23,23,23,23
421311,1,1,1992,24,24,24,24,24,24,24,24,24,24
421312,0,1,1992,18,0,46,34,21,14,24,29,27,0
421312,1,1,1992,0,0,0,0,0,0,0,0,0,0
421313,1,1,1992,17,17,17,17,17,17,17,17,17,17
421313,2,1,1992,0,0,0,0,0,0,0,0,0,0
421314,1,1,1992,0,0,0,0,0,0,0,0,0,0
421314,2,1,1992,0,0,0,0,0,0,0,0,0,0
421315,1,1,1992,0,0,0,0,0,0,0,0,0,0
421316,0,1,1992,0,0,0,0,0,0,0,0,0,0
421316,1,1,1992,11,11,11,11,11,11,11,11,11,11
421317,1,1,1992,21,21,21,21,21,21,21,21,21,21
421318,1,1,1992,22,22,22,22,22,22,22,22,22,22
421319,1,1,1992,0,0,0,0,0,0,0,0,0,0
421319,2,1,1992,0,0,0,0,0,0,0,0,0,0
421320,1,1,1992,0,0,0,0,0,0,0,0,0,0
421321,0,1,1992,0,0,0,0,0,0,0,0,9,0
421321,1,1,1992,7,7,7,7,7,7,7,7,7,7
421322,1,1,1992,0,0,0,0,0,0,0,17,0,0
421322,2,1,1992,0,0,0,0,0,0,0,0,0,0
421323,1,1,1992,19,19,19,19,19,19,19,19,19,19
421324,1,1,1992,0,0,0,0,0,0,0,0,0,0
421325,0,1,1992,2,2,2,2,2,2,2,2,2,2
421325,1,1,1992,0,0,0,0,0,0,0,0,0,0
421326,1,1,1992,16,16,16,16,16,16,16,16,16,16
421327,1,1,1992,0,0,0,10,0,0,0,0,0,0
421327,2,1,1992,0,0,0,0,0,0,0,0,0,16
421328,1,1,1992,0,0,0,0,0,0,0,0,0,0
421328,2,1,1992,0,0,0,0,0,0,0,0,0,0
421329,1,1,1992,0,0,0,0,0,0,0,0,0,0
421329,2,1,1992,0,0,0,0,0,0,0,0,0,0
421330,1,1,1992,0,0,19,0,0,0,0,0,0,0
421331,1,1,1992,0,0,0,0,0,0,0,0,0,0
421331,2,1,1992,0,0,0,0,0,0,0,0,0,0
421332,1,1,1992,12,12,12,12,12,12,12,12,12,12
421333,0,1,1992,0,0,0,0,0,0,0,0,0,0
421333,1,1,1992,0,0,0,0,0,0,0,0,0,0