ST_CASE,VEH_NO,PER_NO,YEAR,P1,P2,P3,P4,P5,P6,P7,P8,P9,P10
450124,1,1,1992,0,0,0,0,0,0,0,0,0,0
450125,1,1,1992,20,20,20,20,20,20,20,20,20,20
450126,1,1,1992,0,0,0,0,13,0,0,0,0,0
450126,2,1,1992,0,0,0,0,0,0,0,0,0,0
450127,0,1,1992,27,27,27,27,27,27,27,27,27,27
450127,1,1,1992,0,0,0,0,0,0,0,0,0,0
450128,1,1,1992,8,8,8,8,8,8,8,8,8,8
450129,1,1,1992,0,7,5,21,0,0,8,11,0,14
450130,1,1,1992,0,0,0,0,0,0,0,0,0,0
450131,1,1,1992,0,0,0,0,7,0,0,12,0,0
450131,2,1,1992,0,0,0,0,0,0,0,0,0,0
450132,1,1,1992,0,0,0,0,0,0,0,0,0,0
450134,1,1,1992,0,0,0,3,0,0,0,0,18,0
450135,1,1,1992,11,0,0,0,0,0,0,0,0,0
450136,1,1,1992,0,0,0,0,0,0,0,0,0,0
450136,2,1,1992,0,0,0,0,0,0,0,0,0,0
450137,1,1,1992,0,35,14,0,0,13,9,18,13,0
450138,1,1,1992,0,0,0,7,14,6,7,12,13,0
450139,1,1,1992,0,0,0,0,0,0,0,0,0,0
450140,1,1,1992,0,0,0,0,0,0,0,0,0,0
450140,2,1,1992,23,23,23,23,23,23,23,23,23,23
450141,1,1,1992,0,0,0,0,0,0,0,0,0,0
450141,2,1,1992,0,0,0,0,0,0,0,0,0,9
450142,1,1,1992,0,0,0,0,0,0,0,0,0,0
450143,1,1,1992,16,11,12,15,20,11,12,9,7,23
450144,1,1,1992,19,19,19,19,19,19,19,19,19,19
450145,1,1,1992,0,0,0,0,0,0,0,0,0,0
450146,1,1,1992,0,14,0,0,0,0,0,0,0,0
450146,2,1,1992,19,19,19,19,19,19,19,19,19,19
450147,1,1,1992,0,0,0,0,0,0,0,0,0,0
450147,2,1,1992,0,0,0,8,0,0,0,0,0,9
450148,1,1,1992,0,0,7,0,0,0,0,0,0,0
450149,1,1,1992,0,0,0,0,0,0,0,0,0,0
450149,2,1,1992,0,0,0,0,0,0,0,0,0,0
450150,1,1,1992,0,0,0,0,0,0,0,0,25,11
450151,1,1,1992,0,0,0,0,0,0,0,0,0,0
450152,0,1,1992,0,0,0,0,0,0,0,0,0,0
450152,1,1,1992,0,0,0,0,0,0,0,0,0,0
450153,1,1,1992,0,0,0,0,0,0,0,0,0,0
450153,2,1,1992,0,0,0,0,0,0,0,0,0,0
450154,1,1,1992,0,0,0,0,0,0,0,0,0,0
450155,1,1,1992,0,0,0,18,0,0,0,0,0,0
450156,1,1,1992,0,0,0,2,0,0,0,0,0,0
450157,1,1,1992,0,0,0,0,0,0,0,0,0,0
450158,1,1,1992,0,0,0,0,0,0,0,0,0,0
450159,1,1,1992,0,0,0,0,0,0,0,0,0,0
450160,1,1,1992,0,0,0,0,0,0,0,0,0,0
450160,2,1,1992,0,0,0,0,0,0,0,0,0,0
450161,1,1,1992,19,19,19,19,19,19,19,19,19,19
450162,0,1,1992,0,0,0,0,3,0,11,15,0,0
450162,1,1,1992,33,0,0,0,0,0,0,0,0,0
450163,1,1,1992,0,0,0,0,0,0,0,0,0,4
450163,2,1,1992,13,15,9,0,9,24,10,0,0,16
450164,1,1,1992,15,15,15,15,15,15,15,15,15,15
450165,1,1,1992,0,0,0,0,0,0,0,0,0,0
450166,1,1,1992,22,22,22,22,22,22,22,22,22,22
450166,2,1,1992,0,0,0,0,0,0,0,0,0,0
450166,3,1,1992,0,0,0,0,0,0,0,0,0,0
450167,0,1,1992,0,0,0,0,0,0,0,0,0,0
450167,1,1,1992,0,0,0,0,0,0,0,0,0,0
450168,1,1,1992,0,0,0,0,0,0,0,0,0,0
450168,2,1,1992,0,0,0,0,0,0,0,0,0,0
450169,1,1,1992,10,19,1,27,5,12,0,15,8,18
450170,1,1,1992,17,17,17,17,17,17,17,17,17,17
450171,1,1,1992,5,0,0,0,0,0,0,0,0,0
450172,1,1,1992,6,0,17,8,17,17,0,0,0,19
450172,2,1,1992,0,0,0,0,0,0,0,0,0,0
450173,1,1,1992,6,6,6,6,6,6,6,6,6,6
450173,2,1,1992,0,30,15,7,8,19,17,5,24,9
450174,0,1,1992,17,17,17,17,17,17,17,17,17,17
450174,1,1,1992,0,0,0,0,0,0,0,0,0,0
450175,1,1,1992,9,17,7,9,37,7,0,13,19,26
450176,1,1,1992,26,26,26,26,26,26,26,26,26,26
450177,1,1,1992,0,0,0,0,0,0,0,0,0,0
450177,2,1,1992,0,0,0,0,0,0,0,0,0,0
450178,1,1,1992,0,0,0,0,0,0,0,0,0,0
450178,2,1,1992,0,0,0,0,0,0,0,0,0,0
450179,0,1,1992,10,21,0,24,0,0,39,13,24,14
450179,1,1,1992,0,0,0,0,0,0,0,0,0,0
450180,1,1,1992,0,0,0,0,0,0,0,14,0,0
450181,1,1,1992,25,18,22,19,6,14,19,12,6,7
450182,1,1,1992,0,0,0,0,0,0,0,0,0,0
450184,1,1,1992,46,46,46,46,46,46,46,46,46,46
450186,1,1,1992,0,0,0,0,0,0,0,0,0,0
450186,2,1,1992,5,5,5,5,5,5,5,5,5,5
450187,1,1,1992,0,0,0,0,0,0,0,0,0,0
450187,2,1,1992,0,0,0,0,0,0,0,0,0,0
450188,1,1,1992,0,0,0,0,0,0,0,0,0,0
450188,2,1,1992,0,0,0,0,0,0,0,0,0,0
450189,1,1,1992,25,25,25,25,25,25,25,25,25,25
450190,1,1,1992,0,0,0,0,0,0,0,0,0,0
450190,2,1,1992,18,4,12,18,12,16,4,11,5,24
450191,1,1,1992,0,0,0,0,0,0,0,0,0,0
450191,2,1,1992,0,0,0,0,0,0,0,0,0,0
450192,1,1,1992,0,36,0,0,0,0,0,0,0,8
450193,1,1,1992,0,0,0,0,0,0,0,0,0,0
450193,2,1,1992,22,22,22,22,22,22,22,22,22,22
450194,1,1,1992,0,0,0,0,0,0,0,0,0,0
450194,2,1,1992,0,0,0,0,0,0,0,0,0,0
450195,1,1,1992,0,0,0,0,0,0,0,0,0,0
450196,1,1,1992,0,0,0,0,0,0,0,0,0,0
450196,2,1,1992,0,0,0,0,0,0,0,0,0,0
450197,1,1,1992,16,16,16,16,16,16,16,16,16,16
450197,2,1,1992,0,0,0,0,0,0,0,0,0,0
450198,0,1,1992,0,0,0,0,0,0,0,0,0,0
450198,1,1,1992,7,7,7,7,7,7,7,7,7,7
450199,1,1,1992,17,17,17,17,17,17,17,17,17,17
450200,1,1,1992,25,25,25,25,25,25,25,25,25,25
450201,1,1,1992,23,13,0,0,0,12,0,24,9,0
450202,1,1,1992,0,0,0,0,0,0,0,0,0,0
450202,2,1,1992,0,0,0,0,7,0,0,0,0,14
450202,3,1,1992,0,0,0,0,0,0,0,0,0,0
450203,1,1,1992,33,33,33,33,33,33,33,33,33,33
450204,1,1,1992,13,11,11,14,10,13,17,19,25,23
450205,1,1,1992,25,25,25,25,25,25,25,25,25,25
450206,1,1,1992,0,13,0,0,19,0,0,3,0,0
450207,1,1,1992,0,0,0,0,0,0,0,0,0,0
450207,2,1,1992,0,0,0,0,0,0,0,0,0,0
450207,3,1,1992,0,0,0,0,0,0,0,0,0,0
450208,1,1,1992,0,0,0,0,0,0,0,0,0,0
450208,2,1,1992,24,24,24,24,24,24,24,24,24,24
450209,1,1,1992,0,0,0,0,0,0,9,0,0,0
450209,2,1,1992,0,0,0,0,8,0,24,20,0,9
450210,0,1,1992,0,0,0,0,0,0,0,0,0,0
450210,1,1,1992,0,0,0,0,0,0,0,0,3,0
450211,0,1,1992,12,22,0,0,0,0,0,0,13,0
450211,1,1,1992,0,6,0,0,0,0,0,0,0,0
450212,1,1,1992,0,0,0,0,0,0,0,0,0,0
450212,2,1,1992,0,0,0,0,0,0,0,0,0,0
450213,1,1,1992,28,28,28,28,28,28,28,28,28,28
450214,1,1,1992,23,23,23,23,23,23,23,23,23,23
450215,1,1,1992,0,0,0,29,0,0,0,0,0,0
450215,2,1,1992,0,0,0,0,0,0,0,0,0,0
450216,1,1,1992,0,0,0,0,0,0,0,0,0,0
450216,2,1,1992,0,0,0,0,0,0,0,0,0,0
450217,0,1,1992,27,0,25,14,11,16,3,13,30,18
450217,1,1,1992,0,0,0,0,0,0,0,0,0,0
450218,0,1,1992,22,0,0,6,0,25,9,24,16,45
450218,1,1,1992,19,14,20,16,5,0,0,0,17,20
450219,1,1,1992,0,0,0,0,0,8,0,0,0,0
450219,2,1,1992,0,0,0,0,0,0,0,0,0,0
450220,1,1,1992,0,0,0,0,0,0,0,0,0,0
450220,2,1,1992,0,0,0,0,0,0,0,0,0,0
450220,3,1,1992,0,0,0,0,0,0,0,0,0,0
450221,0,1,1992,35,35,35,35,35,35,35,35,35,35
450221,1,1,1992,0,0,0,0,10,0,0,0,0,0
450222,1,1,1992,0,0,0,0,0,0,0,0,0,0
450222,2,1,1992,23,0,0,0,0,0,0,0,0,0
450223,1,1,1992,16,16,16,16,16,16,16,16,16,16
450223,2,1,1992,0,0,0,0,0,0,0,0,0,0
450224,1,1,1992,0,0,0,0,0,9,0,0,0,0
450225,1,1,1992,0,0,0,0,0,0,0,0,0,0
450226,1,1,1992,40,0,19,22,0,0,0,28,0,0
450227,1,1,1992,17,17,17,17,17,17,17,17,17,17
450228,1,1,1992,12,12,15,12,6,20,0,18,0,11
450229,1,1,1992,21,21,21,21,21,21,21,21,21,21
450229,2,1,1992,0,0,0,0,5,0,17,0,8,15
450231,0,1,1992,0,0,0,0,0,0,0,0,0,0
450231,1,1,1992,0,0,0,0,0,0,0,0,0,0
450232,1,1,1992,0,0,0,0,0,0,0,0,0,0
450232,2,1,1992,0,0,0,0,0,0,0,0,0,0
450232,3,1,1992,0,0,0,0,0,0,0,0,0,0
450233,1,1,1992,4,4,4,4,4,4,4,4,4,4
450234,1,1,1992,0,8,0,0,7,12,0,0,17,8
450235,1,1,1992,0,0,0,0,0,0,0,0,0,0
450236,0,1,1992,0,0,0,0,0,0,0,0,0,0
450236,1,1,1992,0,0,0,0,0,0,0,0,0,0
450237,1,1,1992,0,0,0,0,0,0,0,0,0,0
450237,2,1,1992,12,20,15,23,10,14,13,10,20,23
450237,3,1,1992,0,0,0,0,0,0,0,0,0,0
450238,1,1,1992,0,0,0,0,0,0,0,0,0,0
450239,1,1,1992,26,26,26,26,26,26,26,26,26,26
450240,1,1,1992,13,13,13,13,13,13,13,13,13,13
450241,0,1,1992,0,0,0,0,0,0,0,0,0,0
450241,0,2,1992,0,0,0,0,0,0,0,0,0,0
450241,1,1,1992,0,0,0,0,0,0,0,0,0,0
450242,0,1,1992,0,0,0,0,0,0,0,0,0,0
450242,1,2,1992,0,0,0,14,0,0,0,0,0,0
450243,1,1,1992,8,8,8,8,8,8,8,8,8,8
450243,2,1,1992,0,0,0,0,0,0,0,0,0,0
450244,1,1,1992,0,0,0,0,0,0,0,0,0,0
450244,2,1,1992,0,0,0,0,0,0,0,0,0,0
450244,3,1,1992,0,0,0,0,0,0,0,0,0,0
450245,1,1,1992,0,7,0,0,0,0,16,15,9,15
450246,0,1,1992,0,0,0,0,20,23,15,45,7,16
450246,1,1,1992,0,0,0,0,0,0,0,0,0,0
450247,1,1,1992,12,12,12,12,12,12,12,12,12,12
450248,1,1,1992,17,17,17,17,17,17,17,17,17,17
450249,1,1,1992,0,0,0,0,0,0,0,0,0,0
450249,2,1,1992,0,0,0,0,0,0,0,0,17,0
450250,0,1,1992,0,0,0,0,0,0,0,0,0,0
450250,0,2,1992,0,0,0,0,0,18,0,0,0,0
450250,1,1,1992,0,0,0,0,0,0,0,0,0,0
450251,1,1,1992,0,0,0,0,0,0,0,0,0,0
450252,1,1,1992,0,10,0,15,28,0,0,0,0,0
450252,2,1,1992,0,0,0,0,0,0,0,0,0,0
450253,1,1,1992,0,0,0,8,0,0,0,0,0,0
450254,0,1,1992,22,22,22,22,22,22,22,22,22,22
450254,1,1,1992,0,0,5,0,0,0,20,0,0,0
450255,1,1,1992,0,0,0,0,0,0,0,0,0,0
450255,2,1,1992,0,0,0,0,0,0,0,0,24,0
450256,1,1,1992,0,0,0,0,0,0,0,0,0,0
450256,2,1,1992,0,0,0,0,0,0,0,0,0,0
450257,1,1,1992,0,0,0,0,0,0,0,0,0,0
450257,2,1,1992,0,0,0,0,0,0,0,0,0,0
450258,1,1,1992,17,17,17,17,17,17,17,17,17,17
450259,1,1,1992,19,19,19,19,19,19,19,19,19,19
450260,1,1,1992,0,0,0,0,0,0,0,0,0,0
450261,1,1,1992,0,0,0,0,0,0,0,0,0,0
450262,1,1,1992,0,0,0,16,0,0,0,0,0,14
450263,1,1,1992,16,16,16,16,16,16,16,16,16,16
450264,1,1,1992,9,17,0,0,12,0,0,12,0,12
450265,1,1,1992,10,10,10,10,10,10,10,10,10,10
450266,0,1,1992,0,0,0,0,0,0,0,0,0,0
450266,1,1,1992,0,0,0,0,0,0,0,0,0,0
450267,1,1,1992,25,25,25,25,25,25,25,25,25,25
450268,1,1,1992,26,26,26,26,26,26,26,26,26,26
450269,1,1,1992,10,15,0,0,0,0,25,0,0,0
450270,0,1,1992,0,0,0,0,0,0,0,0,0,0
450270,1,1,1992,0,0,0,0,0,0,0,0,0,0
450271,1,1,1992,0,0,0,0,0,0,0,0,0,0
450271,2,1,1992,16,16,16,16,16,16,16,16,16,16
450272,1,1,1992,15,0,0,0,25,0,23,0,12,21
450273,1,1,1992,0,0,0,0,0,0,0,0,0,0
450273,2,1,1992,0,0,0,0,0,0,0,0,0,0
450274,1,1,1992,0,0,0,0,0,0,0,0,0,0
450275,0,1,1992,0,0,0,0,0,0,0,0,0,0
450275,1,1,1992,0,0,0,0,0,0,0,0,0,0
450276,1,1,1992,0,4,0,0,0,0,0,21,0,0
450276,2,1,1992,0,0,0,0,0,0,0,0,0,0
450276,3,1,1992,0,0,0,0,0,0,0,0,0,0
450276,4,1,1992,0,0,0,0,0,0,0,0,0,0
450277,1,1,1992,0,25,0,0,0,0,0,0,0,0
450277,2,1,1992,0,0,0,0,0,0,0,0,0,0
450279,0,1,1992,0,0,0,0,0,0,0,0,0,0
450279,1,1,1992,0,0,0,0,0,0,0,0,0,0
450280,0,1,1992,0,0,0,0,0,0,0,0,0,0
450280,1,1,1992,0,0,0,0,0,0,0,0,0,0
450281,1,1,1992,0,0,0,0,0,0,0,0,7,0
450281,2,1,1992,0,0,0,0,0,0,0,0,0,0
450282,1,1,1992,0,0,0,0,0,0,0,0,0,0
450283,1,1,1992,0,0,0,0,0,0,0,0,0,0
450283,2,1,1992,0,0,0,0,0,0,0,0,0,0
450284,1,1,1992,0,0,0,0,19,0,0,0,0,0
450285,1,1,1992,0,0,0,0,0,0,0,0,0,0
450286,1,1,1992,20,0,0,0,0,0,0,0,0,18
450286,2,1,1992,12,12,12,12,12,12,12,12,12,12
450287,1,1,1992,0,0,0,0,0,0,0,0,0,0
450288,0,1,1992,0,0,0,0,0,7,28,0,0,0
450288,1,1,1992,0,0,0,0,0,0,0,0,0,0
450290,0,1,1992,28,28,28,28,28,28,28,28,28,28
450290,1,1,1992,0,0,0,0,0,0,0,0,0,0
450291,1,1,1992,22,22,22,22,22,22,22,22,22,22
450291,2,1,1992,0,0,0,0,0,0,0,0,0,0
450292,1,1,1992,0,0,0,0,0,0,0,0,0,0
450293,1,1,1992,0,15,0,0,0,0,0,0,0,16
450294,1,1,1992,3,3,3,3,3,3,3,3,3,3
450294,2,1,1992,0,0,0,0,0,0,0,0,0,0
450295,0,1,1992,26,26,26,26,26,26,26,26,26,26
450295,1,1,1992,0,0,0,0,0,0,0,0,0,0
450296,1,1,1992,0,0,0,0,0,0,0,0,0,0
450296,2,1,1992,0,0,0,0,0,0,0,0,0,0
450297,1,1,1992,0,14,0,0,6,5,0,8,0,0
450297,2,1,1992,9,0,0,0,0,0,0,0,0,16
450298,1,1,1992,26,26,26,26,26,26,26,26,26,26
450299,1,1,1992,0,0,0,0,0,0,0,0,0,0
450299,2,1,1992,0,0,0,7,0,0,0,0,0,0
450300,1,1,1992,22,19,13,17,21,30,46,19,35,19
450301,0,1,1992,0,0,0,0,0,0,0,18,0,0
450301,0,2,1992,0,0,0,0,0,0,0,0,0,0
450301,1,1,1992,0,12,0,0,0,0,0,0,4,0
450302,1,1,1992,11,11,11,11,11,11,11,11,11,11
450303,1,1,1992,0,0,0,0,0,0,0,0,0,0
450303,2,1,1992,0,0,0,0,0,0,0,0,0,0
450304,1,1,1992,0,0,0,4,0,0,0,0,0,0
450304,2,1,1992,0,0,18,0,22,0,0,0,0,0
450305,0,1,1992,0,0,0,0,0,0,0,0,0,0
450305,1,1,1992,0,0,0,0,0,0,0,0,0,0
450306,0,1,1992,0,0,0,0,0,0,0,0,0,0
450306,1,1,1992,0,0,0,0,0,0,0,0,0,0
450307,0,1,1992,34,34,34,34,34,34,34,34,34,34
450307,1,1,1992,0,0,0,0,0,12,0,0,0,0
450308,1,1,1992,24,24,24,24,24,24,24,24,24,24
450309,1,1,1992,0,0,0,0,0,0,0,17,0,0
450309,2,1,1992,0,0,0,0,0,0,0,0,0,0
450309,3,1,1992,0,0,0,15,0,0,0,0,0,0
450310,1,1,1992,0,0,0,3,0,0,0,0,0,0
450311,1,1,1992,0,0,0,0,0,0,0,0,0,0
450311,2,1,1992,20,20,20,20,20,20,20,20,20,20
450312,0,1,1992,0,0,0,0,0,0,0,0,0,0
450312,1,1,1992,0,11,0,0,0,0,0,0,0,0
450313,0,1,1992,32,32,32,32,32,32,32,32,32,32
450313,1,1,1992,0,0,0,0,0,0,0,0,0,0
450314,1,1,1992,0,0,0,0,0,0,0,0,0,0
450314,2,1,1992,0,0,0,0,0,0,0,0,0,0
450315,1,3,1992,0,0,17,0,0,0,0,0,0,0
450316,1,1,1992,0,0,0,0,0,0,0,0,0,0
450316,2,1,1992,0,0,11,0,0,0,0,0,0,0
450317,0,1,1992,0,0,0,0,0,0,0,0,0,0
450317,1,1,1992,0,0,0,0,0,0,0,0,0,0
450318,1,1,1992,0,0,0,0,0,0,0,0,0,0
450319,1,1,1992,0,0,0,0,0,0,0,0,0,0
450320,1,1,1992,0,0,0,0,0,10,0,0,0,0
450321,1,1,1992,0,0,0,0,0,0,0,0,0,0
450321,2,1,1992,0,0,0,0,0,3,0,0,0,0
450322,1,1,1992,0,0,0,0,0,0,0,0,0,0
450322,2,1,1992,0,0,0,0,0,0,0,0,0,0
450323,1,1,1992,17,17,17,17,17,17,17,17,17,17
450323,2,1,1992,0,0,0,0,0,0,0,0,17,0
450324,1,1,1992,9,9,9,9,9,9,9,9,9,9
450324,2,1,1992,0,0,0,0,0,0,0,0,0,0
450325,1,1,1992,0,13,16,0,0,19,0,0,0,7
450326,1,1,1992,26,26,26,26,26,26,26,26,26,26
450327,0,1,1992,21,0,0,0,0,0,0,0,0,0
450327,1,1,1992,15,15,15,15,15,15,15,15,15,15
450328,1,1,1992,11,0,23,0,0,17,0,0,0,0
450328,2,1,1992,0,8,0,0,0,0,0,0,0,0
450329,1,1,1992,0,0,0,0,0,0,0,0,0,0
450329,2,1,1992,0,0,0,0,0,0,13,0,0,0
450330,1,1,1992,0,0,0,0,0,0,0,0,0,0
450330,2,1,1992,26,26,26,26,26,26,26,26,26,26
450331,1,1,1992,0,0,0,0,0,0,0,0,0,0
450331,2,1,1992,0,0,0,0,0,0,0,0,0,0
450332,1,1,1992,0,0,0,0,0,0,0,0,0,0
450332,2,1,1992,0,0,0,0,0,0,0,0,0,0
450333,1,1,1992,0,0,0,0,0,0,0,0,0,17
450333,2,1,1992,0,0,0,0,0,0,0,0,0,0
450334,0,1,1992,0,0,0,0,0,0,0,0,0,0
450334,1,1,1992,0,0,0,0,0,0,0,0,0,0
450335,1,1,1992,20,20,20,20,20,20,20,20,20,20
450336,1,1,1992,26,26,26,26,26,26,26,26,26,26
450337,1,1,1992,21,25,6,0,26,0,0,0,41,0
450338,0,1,1992,0,0,0,0,0,0,0,0,0,0
450338,1,1,1992,0,0,0,0,0,0,0,0,0,0
450339,1,1,1992,0,0,0,0,0,0,0,0,0,0
450339,2,1,1992,0,0,0,0,0,0,0,0,0,0
450340,1,1,1992,0,0,0,0,0,0,0,0,0,0
450341,0,1,1992,0,0,0,0,0,0,0,0,0,0
450341,0,2,1992,0,0,0,0,0,0,0,0,0,0
450341,1,1,1992,0,0,0,0,0,0,0,0,0,0
450342,1,1,1992,0,29,0,10,0,8,0,0,0,19
450343,1,1,1992,0,0,0,0,0,0,0,0,0,0
450343,2,1,1992,0,0,0,0,0,0,0,0,0,0
450344,1,1,1992,8,8,8,8,8,8,8,8,8,8
450345,1,1,1992,6,6,6,6,6,6,6,6,6,6
450346,1,1,1992,0,0,0,0,17,0,0,0,0,0
450346,2,1,1992,0,0,0,15,0,0,0,0,0,0
450347,0,1,1992,0,0,0,0,0,0,0,0,0,0
450347,1,1,1992,6,5,7,12,15,11,15,12,13,19
450348,1,1,1992,0,0,0,0,0,0,0,0,0,0
450348,2,1,1992,0,0,0,0,0,0,0,0,0,0
450350,1,1,1992,0,0,0,0,12,0,0,16,0,0
450352,1,1,1992,13,13,13,13,13,13,13,13,13,13
450353,1,1,1992,0,0,0,0,0,0,0,0,0,0
450353,2,1,1992,0,0,0,7,0,0,0,0,0,0
450354,1,1,1992,7,11,11,11,0,14,7,0,0,0
450355,1,1,1992,0,0,0,0,0,0,0,0,0,0
450356,0,1,1992,19,19,19,19,19,19,19,19,19,19
450356,1,1,1992,0,0,0,0,0,0,0,0,0,0
450357,1,1,1992,0,0,0,0,0,0,0,0,0,0
450358,1,1,1992,0,0,2,0,0,0,0,0,0,23
450359,1,1,1992,0,0,0,0,0,0,0,0,0,0
450359,2,1,1992,1,1,1,1,1,1,1,1,1,1
450360,1,1,1992,0,0,0,0,0,0,0,0,0,0
450360,2,1,1992,0,0,0,0,0,0,0,0,0,0
450361,1,1,1992,22,22,22,22,22,22,22,22,22,22
450362,1,1,1992,8,8,8,8,8,8,8,8,8,8
450363,1,1,1992,0,0,0,0,0,0,9,0,0,0
450364,0,1,1992,0,0,0,0,0,0,0,0,0,0
450364,1,1,1992,0,0,0,0,0,0,0,0,0,0
450365,0,1,1992,0,0,0,0,0,0,0,0,0,0
450365,1,1,1992,18,18,18,18,18,18,18,18,18,18
450366,1,1,1992,19,0,13,11,0,21,0,0,20,0
450367,1,1,1992,18,12,17,0,0,22,28,0,23,30
450368,1,1,1992,0,0,0,0,0,0,0,0,0,0
450369,0,1,1992,0,0,0,0,0,0,0,0,0,0
450369,1,1,1992,0,0,0,0,0,0,0,0,0,0
450370,1,1,1992,0,0,0,0,0,0,0,0,0,0
450371,0,1,1992,15,11,8,18,9,28,19,20,18,34
450371,1,1,1992,0,0,4,0,0,0,0,0,0,0
450372,1,1,1992,0,0,0,0,0,0,0,0,0,0
450372,2,1,1992,10,0,0,0,0,0,0,0,0,0
450373,0,1,1992,20,20,20,20,20,20,20,20,20,20
450373,1,1,1992,0,0,0,0,0,0,0,0,0,0
450374,1,1,1992,16,16,16,16,16,16,16,16,16,16
450375,1,1,1992,0,0,0,0,0,0,0,0,0,0
450376,1,1,1992,0,0,0,0,0,0,0,0,0,0
450376,2,1,1992,0,0,0,0,0,0,0,0,0,0
450377,1,1,1992,0,0,0,0,0,0,0,0,0,0
450377,2,1,1992,0,0,0,0,0,0,0,0,6,0
450378,1,1,1992,24,24,24,24,24,24,24,24,24,24
450379,0,1,1992,0,0,0,0,0,0,0,0,0,0
450380,1,1,1992,25,25,25,25,25,25,25,25,25,25
450381,1,1,1992,29,29,29,29,29,29,29,29,29,29
450382,1,1,1992,0,0,0,0,0,0,0,0,0,0
450382,2,1,1992,0,0,0,0,0,0,0,0,0,0
450382,3,1,1992,4,0,0,0,0,0,0,0,0,0
450383,0,1,1992,28,28,28,28,28,28,28,28,28,28
450383,1,1,1992,0,0,0,0,0,0,0,0,0,0
450384,0,1,1992,8,8,8,8,8,8,8,8,8,8
450384,1,1,1992,0,0,0,0,0,0,0,0,0,0
450385,1,1,1992,13,17,0,11,25,0,10,9,0,12
450386,1,1,1992,0,0,0,0,0,0,0,0,0,12
450386,2,1,1992,10,10,10,10,10,10,10,10,10,10
450387,1,1,1992,0,0,0,0,0,0,6,0,0,0
450387,2,1,1992,0,0,0,0,0,0,0,0,0,0
450388,0,1,1992,0,0,0,0,0,0,0,0,0,0
450388,1,1,1992,0,0,0,0,0,0,0,0,0,0
450389,1,1,1992,0,0,0,0,0,23,0,0,0,0
450390,1,1,1992,32,32,32,32,32,32,32,32,32,32
450390,2,1,1992,0,0,0,0,0,0,0,0,0,0
450391,1,1,1992,0,0,0,0,0,0,0,0,0,0
450391,2,1,1992,23,23,23,23,23,23,23,23,23,23
450392,1,1,1992,14,14,14,14,14,14,14,14,14,14
450393,1,1,1992,0,0,0,0,0,0,0,0,0,0
450394,1,1,1992,0,0,0,0,0,0,0,0,0,0
450394,2,1,1992,0,0,0,0,0,0,0,0,0,0
450395,1,1,1992,0,0,0,0,0,0,0,0,0,0
450395,2,2,1992,10,23,0,0,8,25,11,42,19,14
450396,1,1,1992,20,20,0,21,17,7,17,12,0,0
450397,0,1,1992,29,29,29,29,29,29,29,29,29,29
450397,1,1,1992,0,0,0,0,0,0,0,0,0,0
450398,1,1,1992,21,21,21,21,21,21,21,21,21,21
450399,1,1,1992,0,0,0,0,0,0,0,0,0,0
450399,2,1,1992,0,0,0,0,0,0,0,0,0,13
450400,1,1,1992,16,16,16,16,16,16,16,16,16,16
450401,1,1,1992,0,19,16,0,0,5,7,0,9,0
450402,1,1,1992,0,0,0,0,0,0,0,0,0,0
450402,2,1,1992,0,0,0,0,0,0,0,0,0,0
450403,1,1,1992,0,0,0,0,0,0,0,0,0,5
450403,2,1,1992,0,0,0,0,0,0,0,0,0,0
450404,1,1,1992,0,0,0,0,0,0,0,0,0,0
450404,2,1,1992,10,10,10,10,10,10,10,10,10,10
450405,0,1,1992,10,10,10,10,10,10,10,10,10,10
450405,1,1,1992,0,0,0,0,17,0,0,0,0,0
450406,0,1,1992,0,0,0,0,0,0,0,0,0,0
450406,1,1,1992,0,0,0,0,0,0,0,0,0,0
450407,0,1,1992,0,0,0,0,0,0,0,0,0,0
450407,1,1,1992,0,0,0,0,0,0,0,0,0,0
450408,1,1,1992,0,0,0,0,0,0,0,0,0,0
450408,2,1,1992,15,15,15,15,15,15,15,15,15,15
450409,0,1,1992,12,0,0,0,0,5,0,0,0,0
450409,1,1,1992,0,0,0,0,0,0,0,0,0,0
450410,1,1,1992,0,0,0,0,0,0,0,17,0,0
450410,2,1,1992,0,0,0,0,0,0,0,0,0,11
450411,1,1,1992,0,0,0,0,0,0,0,0,0,0
450412,1,1,1992,25,25,25,25,25,25,25,25,25,25
450413,1,1,1992,0,0,0,0,0,0,0,9,0,0
450413,2,1,1992,4,4,4,4,4,4,4,4,4,4
450414,1,1,1992,10,10,10,10,10,10,10,10,10,10
450415,1,1,1992,20,20,20,20,20,20,20,20,20,20
450415,2,1,1992,8,13,13,13,16,12,11,16,32,26
450416,1,1,1992,16,0,4,0,0,0,0,0,0,0
450416,2,1,1992,0,0,0,0,0,0,0,0,0,0
450417,1,1,1992,0,0,0,0,0,0,0,0,0,0
450417,2,1,1992,0,0,0,0,0,0,0,0,0,0
450418,1,1,1992,0,0,0,0,21,0,0,0,0,0
450418,2,1,1992,0,0,0,0,0,0,0,0,0,0
450419,1,1,1992,0,0,0,0,0,0,0,24,21,0