ST_CASE,VEH_NO,PER_NO,YEAR,P1,P2,P3,P4,P5,P6,P7,P8,P9,P10
450420,1,1,1992,0,0,0,0,0,5,0,0,0,0
450420,2,1,1992,0,0,0,0,0,0,0,0,0,0
450421,1,1,1992,0,0,0,0,0,0,0,0,0,0
450421,2,1,1992,0,0,0,0,0,0,0,0,0,0
450422,1,1,1992,0,22,19,17,6,14,11,29,10,10
450422,2,1,1992,0,21,0,0,0,0,14,0,0,12
450423,1,1,1992,0,0,0,0,0,0,0,0,0,0
450423,2,1,1992,0,0,0,0,0,0,0,0,0,0
450424,1,1,1992,19,19,19,19,19,19,19,19,19,19
450425,1,1,1992,24,24,24,24,24,24,24,24,24,24
450426,0,1,1992,0,0,21,0,0,19,0,22,0,0
450426,1,1,1992,0,0,0,0,0,0,0,0,0,0
450427,1,1,1992,7,7,7,7,7,7,7,7,7,7
450427,2,1,1992,0,0,0,0,0,0,0,0,0,0
450427,3,1,1992,0,0,0,0,0,0,0,0,0,0
450428,1,1,1992,0,0,0,0,0,0,0,0,0,0
450428,2,1,1992,0,0,0,0,0,0,0,0,0,0
450429,1,1,1992,0,0,0,0,0,0,0,0,0,0
450429,2,1,1992,3,3,3,3,3,3,3,3,3,3
450430,0,1,1992,0,0,0,0,0,0,0,0,0,0
450430,1,1,1992,0,0,0,0,0,0,0,0,0,0
450431,1,1,1992,22,22,22,22,22,22,22,22,22,22
450432,1,1,1992,24,7,22,10,16,13,5,10,25,21
450433,0,1,1992,0,0,0,0,0,0,0,0,0,0
450433,1,1,1992,0,0,0,0,0,0,0,0,0,0
450434,0,1,1992,0,0,0,0,32,0,0,37,0,0
450434,1,1,1992,5,0,4,10,0,0,0,0,0,0
450435,1,1,1992,17,17,17,17,17,17,17,17,17,17
450436,1,1,1992,0,13,10,0,17,0,0,0,0,0
450436,2,1,1992,0,0,0,0,0,0,0,0,0,0
450437,1,1,1992,0,0,0,0,0,0,0,0,0,0
450437,2,1,1992,0,0,0,0,0,0,0,0,0,0
450438,1,1,1992,0,0,0,0,0,0,0,0,0,0
450438,2,1,1992,0,0,0,0,0,0,0,0,0,0
450439,1,1,1992,0,0,0,6,0,0,0,0,0,0
450440,1,1,1992,0,0,0,0,0,0,0,0,0,0
450440,2,1,1992,0,0,0,0,0,0,0,0,0,0
450441,1,1,1992,0,0,0,0,0,0,0,0,0,0
450441,2,1,1992,0,0,0,0,0,0,14,0,0,0
450442,1,1,1992,0,0,0,0,0,0,0,0,0,0
450442,2,1,1992,0,0,0,0,0,0,0,0,0,0
450443,1,1,1992,0,0,0,0,0,0,0,0,0,0
450443,2,1,1992,0,0,0,0,0,0,0,0,0,0
450444,1,1,1992,0,0,0,0,0,0,0,0,0,0
450445,1,1,1992,21,22,20,26,11,21,13,8,20,12
450446,1,1,1992,0,0,0,0,0,0,0,0,0,0
450446,2,1,1992,0,8,0,0,0,0,0,0,0,0
450447,0,1,1992,0,0,0,0,0,0,0,0,0,0
450447,1,1,1992,0,0,0,0,0,0,0,0,0,0
450448,1,1,1992,13,13,13,13,13,13,13,13,13,13
450449,0,1,1992,0,0,0,0,0,0,0,0,0,0
450449,0,2,1992,0,0,0,0,0,0,0,0,0,0
450449,1,1,1992,0,0,20,0,6,0,0,0,0,0
450450,0,1,1992,29,29,29,29,29,29,29,29,29,29
450450,1,1,1992,8,0,0,0,0,0,0,0,0,8
450451,0,1,1992,0,0,0,0,0,0,0,0,0,0
450451,1,1,1992,0,0,0,0,0,0,0,0,0,0
450452,1,1,1992,28,28,28,28,28,28,28,28,28,28
450453,1,1,1992,0,0,0,0,0,0,0,0,0,0
450453,2,1,1992,0,0,0,0,0,0,0,0,0,3
450454,1,1,1992,7,7,7,7,7,7,7,7,7,7
450455,1,1,1992,18,18,18,18,18,18,18,18,18,18
450456,1,1,1992,0,0,0,0,0,0,0,0,0,0
450456,2,1,1992,0,0,0,0,0,0,0,0,0,0
450457,1,1,1992,0,0,0,0,0,0,0,0,0,0
450457,2,1,1992,0,0,0,0,0,17,0,0,0,0
450458,1,1,1992,0,0,0,0,0,0,0,0,0,0
450459,1,1,1992,0,0,0,0,0,0,0,0,0,0
450459,2,1,1992,0,0,0,0,0,0,0,0,0,0
450459,3,1,1992,18,0,0,0,0,0,0,0,0,0
450460,1,1,1992,0,0,0,0,0,0,0,0,0,0
450461,1,1,1992,0,0,0,0,0,0,0,0,0,0
450461,2,1,1992,17,17,17,17,17,17,17,17,17,17
450462,1,1,1992,0,0,0,0,0,0,0,0,0,0
450462,2,1,1992,17,17,17,17,17,17,17,17,17,17
450463,1,1,1992,0,0,0,0,0,0,0,0,0,0
450463,2,1,1992,0,0,0,0,0,0,0,0,0,0
450464,1,1,1992,0,0,0,0,23,0,0,13,0,0
450465,1,1,1992,0,0,0,0,0,0,0,0,0,0
450466,1,1,1992,0,0,0,0,22,0,0,0,0,7
450468,0,1,1992,0,0,0,0,0,0,0,0,0,0
450468,0,2,1992,0,0,0,0,0,0,0,0,0,0
450468,0,3,1992,0,0,0,0,0,0,0,0,0,0
450468,1,1,1992,0,0,0,0,0,12,0,0,5,0
450469,1,1,1992,0,13,0,0,24,0,0,0,0,0
450470,1,1,1992,0,0,0,0,0,0,0,0,0,0
450470,2,1,1992,0,0,0,0,0,0,0,0,0,0
450471,1,1,1992,0,0,0,0,0,0,0,0,0,0
450472,0,1,1992,15,15,15,15,15,15,15,15,15,15
450472,1,1,1992,0,0,0,0,0,0,0,0,0,0
450474,1,1,1992,13,0,14,11,10,16,8,25,6,12
450475,1,1,1992,0,0,8,26,0,0,0,8,31,0
450476,1,1,1992,2,2,2,2,2,2,2,2,2,2
450476,2,1,1992,16,16,16,16,16,16,16,16,16,16
450477,1,1,1992,0,0,0,0,0,0,0,0,0,0
450477,2,1,1992,0,0,0,0,0,0,0,0,0,0
450478,1,1,1992,0,0,0,0,0,0,0,0,0,0
450478,2,1,1992,0,0,0,0,0,0,0,0,0,0
450479,1,1,1992,0,0,25,14,0,4,7,0,15,0
450480,1,1,1992,0,0,0,0,0,0,0,0,0,0
450480,2,1,1992,0,0,0,0,12,0,0,0,0,0
450481,0,1,1992,0,0,8,0,0,0,0,0,0,11
450481,1,1,1992,0,0,0,0,0,0,0,0,0,0
450482,1,1,1992,27,27,27,27,27,27,27,27,27,27
450483,1,1,1992,27,27,27,27,27,27,27,27,27,27
450484,1,1,1992,0,0,0,0,0,0,0,0,0,0
450485,1,1,1992,0,0,0,12,0,0,0,0,0,0
450485,2,1,1992,13,0,11,14,14,0,13,0,16,0
450486,1,1,1992,24,28,9,23,17,28,29,15,20,31
450487,0,1,1992,0,0,0,0,0,0,0,0,0,0
450487,1,1,1992,0,0,0,0,0,0,0,0,0,0
450488,1,1,1992,0,0,0,0,0,0,0,0,0,0
450488,2,1,1992,0,0,0,19,18,0,0,0,0,0
450488,3,1,1992,0,0,0,0,0,0,0,0,0,0
450489,1,1,1992,0,0,0,0,0,0,0,0,0,0
450489,2,1,1992,0,0,0,0,0,0,0,0,0,0
450490,0,1,1992,0,0,0,0,0,15,0,0,0,0
450490,1,1,1992,0,0,12,0,0,0,0,0,23,0
450491,1,1,1992,24,20,18,19,26,5,0,18,10,7
450493,1,1,1992,16,0,0,0,0,0,0,0,0,0
450493,2,1,1992,0,0,0,0,0,0,0,0,0,0
450494,1,1,1992,0,0,0,0,0,0,0,0,0,0
450494,2,1,1992,0,0,0,0,0,0,0,0,0,0
450495,0,1,1992,0,0,0,0,0,0,0,0,0,0
450495,1,1,1992,0,0,0,0,0,0,0,0,0,0
450496,0,1,1992,32,32,32,32,32,32,32,32,32,32
450496,1,1,1992,0,0,0,0,0,0,0,0,0,0
450497,0,1,1992,0,0,0,0,0,0,0,0,0,0
450497,1,1,1992,0,0,0,0,0,0,0,0,17,15
450498,1,1,1992,0,0,0,0,0,0,0,0,0,0
450498,2,1,1992,0,0,0,0,0,0,0,0,0,0
450498,3,1,1992,0,0,0,0,0,0,0,0,0,0
450499,1,1,1992,22,22,22,22,22,22,22,22,22,22
450499,2,1,1992,0,0,0,0,0,0,0,0,0,0
450500,1,1,1992,0,0,0,0,0,0,0,0,0,0
450500,2,1,1992,4,4,4,4,4,4,4,4,4,4
450501,0,1,1992,0,0,0,0,0,0,0,0,0,0
450501,1,1,1992,0,0,0,0,0,0,0,0,0,0
450502,1,1,1992,0,0,0,0,0,0,0,0,0,0
450503,1,1,1992,0,0,0,0,0,0,0,0,0,0
450503,2,1,1992,0,0,0,0,0,0,0,0,0,0
450504,0,1,1992,0,0,0,0,0,0,0,0,0,0
450504,1,1,1992,0,0,0,0,0,0,0,0,0,0
450505,1,1,1992,0,11,0,0,0,0,0,0,0,0
450506,1,1,1992,0,0,0,0,0,0,0,0,0,0
450506,2,1,1992,19,19,19,19,19,19,19,19,19,19
450507,1,1,1992,19,0,14,26,20,0,0,24,16,0
450508,1,1,1992,27,27,27,27,27,27,27,27,27,27
450509,0,1,1992,12,12,12,12,12,12,12,12,12,12
450509,1,1,1992,0,0,0,0,0,0,0,0,0,0
450509,2,1,1992,0,0,0,0,0,0,0,0,0,0
450510,0,1,1992,0,0,0,0,0,0,0,0,0,0
450510,1,1,1992,0,0,0,4,0,0,0,0,19,7
450512,1,1,1992,0,0,0,0,0,0,0,0,0,0
450514,1,1,1992,0,0,0,0,0,0,0,0,0,0
450515,1,1,1992,22,22,22,22,22,22,22,22,22,22
450516,1,1,1992,0,0,0,0,0,8,0,0,0,0
450517,0,1,1992,0,0,0,0,0,0,0,0,0,0
450517,1,1,1992,0,0,0,0,0,0,0,0,0,0
450518,1,1,1992,10,10,10,10,10,10,10,10,10,10
450519,1,1,1992,6,6,6,6,6,6,6,6,6,6
450519,2,1,1992,0,0,0,0,0,0,0,0,0,0
450519,3,1,1992,0,0,0,0,0,0,0,0,0,0
450520,1,1,1992,0,0,0,0,0,0,0,0,0,0
450520,2,1,1992,37,11,0,0,11,6,11,0,10,16
450521,1,1,1992,0,0,0,0,0,0,0,0,0,0
450521,2,1,1992,0,0,0,0,0,14,0,0,0,0
450522,1,1,1992,0,0,0,9,0,0,0,12,0,0
450522,2,2,1992,0,0,0,0,0,0,0,0,0,28
450523,1,1,1992,0,0,0,0,0,0,0,0,0,0
450523,2,1,1992,14,14,14,14,14,14,14,14,14,14
450524,1,1,1992,0,0,21,0,11,0,0,0,0,18
450525,1,1,1992,18,18,18,18,18,18,18,18,18,18
450525,2,1,1992,0,0,0,0,0,0,0,0,0,0
450525,3,1,1992,0,0,0,0,0,0,30,0,0,0
450526,1,1,1992,8,19,5,15,13,20,0,13,18,20
450527,0,1,1992,0,0,0,0,0,0,0,26,0,0
450527,1,1,1992,0,0,0,0,16,0,0,0,0,0
450528,1,1,1992,0,0,0,0,0,0,0,0,0,0
450528,2,1,1992,0,0,0,0,0,7,0,0,0,0
450529,1,1,1992,17,0,0,0,0,0,0,0,0,0
450530,0,1,1992,24,24,24,24,24,24,24,24,24,24
450530,1,1,1992,7,10,0,0,8,11,0,0,21,0
450531,1,1,1992,0,0,0,0,0,0,0,0,0,0
450531,2,1,1992,0,0,0,0,0,0,0,0,0,0
450531,3,1,1992,11,11,11,11,11,11,11,11,11,11
450532,1,1,1992,0,0,0,0,0,0,0,0,0,0
450533,1,1,1992,0,0,0,0,0,0,0,0,0,0
450533,2,1,1992,0,0,0,0,0,0,0,0,0,0
450533,3,1,1992,0,0,0,0,0,0,0,0,0,0
450533,4,1,1992,0,0,0,0,0,0,0,0,0,0
450534,1,1,1992,31,31,31,31,31,31,31,31,31,31
450534,2,1,1992,0,0,0,0,0,0,0,0,0,0
450535,1,1,1992,0,0,12,14,8,0,0,0,10,9
450536,1,1,1992,27,17,52,9,12,22,29,26,33,7
450537,1,1,1992,0,0,0,0,0,0,13,0,0,0
450537,2,1,1992,0,0,0,0,0,0,0,0,0,0
450538,0,1,1992,12,12,12,12,12,12,12,12,12,12
450538,1,1,1992,0,0,0,0,0,0,0,0,0,0
450539,1,1,1992,0,0,0,0,0,0,0,0,0,0
450539,2,1,1992,0,0,15,0,0,0,0,0,0,12
450540,1,1,1992,0,0,0,0,0,0,0,5,0,0
450540,2,1,1992,0,0,0,0,0,0,0,0,0,0
450541,1,1,1992,0,0,0,0,0,0,0,0,0,0
450541,2,1,1992,18,18,18,18,18,18,18,18,18,18
450542,1,1,1992,29,29,29,29,29,29,29,29,29,29
450543,1,1,1992,33,33,33,33,33,33,33,33,33,33
450544,1,1,1992,0,0,0,0,0,0,0,0,0,0
450544,2,1,1992,0,0,0,0,0,0,0,0,0,0
450545,1,1,1992,0,0,0,0,0,0,0,0,0,0
450545,2,1,1992,0,0,0,0,0,0,0,0,0,0
450545,3,1,1992,14,14,14,14,14,14,14,14,14,14
450546,0,1,1992,0,14,0,0,10,21,0,0,0,0
450546,1,1,1992,0,0,0,0,0,0,0,0,0,0
450547,1,1,1992,0,0,15,19,21,0,37,0,0,0
450548,1,1,1992,9,9,9,9,9,9,9,9,9,9
450549,1,1,1992,0,0,16,0,0,0,0,0,0,0
450550,1,1,1992,0,0,0,0,0,0,0,0,0,0
450550,2,1,1992,0,0,0,0,0,0,0,0,0,0
450551,1,1,1992,0,0,0,0,0,19,0,15,0,0
450552,1,1,1992,6,6,6,6,6,6,6,6,6,6
450553,1,1,1992,0,0,0,0,0,0,0,0,0,0
450553,2,1,1992,0,0,0,0,0,0,0,0,0,0
450554,1,1,1992,0,0,0,0,0,0,0,0,0,0
450554,2,1,1992,8,8,8,8,8,8,8,8,8,8
450555,1,1,1992,0,0,0,0,0,0,0,0,0,0
450555,2,1,1992,0,0,0,0,0,0,0,0,0,0
450556,1,1,1992,6,0,0,0,19,9,0,26,0,7
450557,1,1,1992,17,17,17,17,17,17,17,17,17,17
450558,1,1,1992,21,21,21,21,21,21,21,21,21,21
450559,1,1,1992,0,0,0,0,0,0,0,0,0,0
450559,2,1,1992,0,0,0,0,0,0,0,24,0,0
450560,1,1,1992,8,8,8,8,8,8,8,8,8,8
450561,1,1,1992,0,0,23,15,17,0,15,19,0,18
450562,1,1,1992,24,15,15,10,20,17,15,13,13,16
450562,2,1,1992,0,0,0,0,0,0,0,0,0,0
450563,1,1,1992,0,0,0,0,0,0,0,0,0,0
450563,2,1,1992,0,0,0,0,0,0,0,0,0,0
450564,1,1,1992,0,0,12,0,0,0,0,0,0,0
450565,1,1,1992,0,0,0,0,0,0,0,0,0,0
450565,2,1,1992,16,16,16,16,16,16,16,16,16,16
450566,1,1,1992,23,10,0,17,12,21,0,27,0,33
450567,1,1,1992,0,0,0,0,0,0,0,0,0,0
450567,2,1,1992,0,0,0,0,0,0,0,0,0,0
450568,1,1,1992,22,22,22,22,22,22,22,22,22,22
450569,1,1,1992,0,0,19,0,0,0,0,6,0,0
450569,2,1,1992,0,0,0,10,0,0,0,0,0,0
450571,1,1,1992,21,21,21,21,21,21,21,21,21,21
450571,2,1,1992,0,0,0,0,0,0,0,0,0,0
450571,3,1,1992,0,0,0,0,0,0,0,0,0,0
450571,4,1,1992,0,0,0,0,0,0,0,0,0,0
450572,0,1,1992,13,13,13,13,13,13,13,13,13,13
450572,1,1,1992,0,11,0,0,0,0,10,0,6,0
450573,1,1,1992,0,0,0,0,0,0,0,0,0,0
450573,2,1,1992,0,0,0,0,0,23,17,0,0,0
450574,1,1,1992,4,4,4,4,4,4,4,4,4,4
450575,1,1,1992,11,11,11,11,11,11,11,11,11,11
450576,0,1,1992,0,0,0,0,0,0,0,0,0,0
450576,1,1,1992,0,0,0,0,0,0,0,0,0,0
450577,0,1,1992,0,0,0,0,0,0,0,0,0,0
450577,0,2,1992,0,0,0,0,0,0,0,0,0,0
450577,0,3,1992,0,0,0,0,0,0,0,0,0,0
450577,0,4,1992,0,0,0,0,0,0,0,0,0,0
450577,1,1,1992,0,0,0,0,0,0,0,0,0,0
450578,1,1,1992,0,0,0,0,0,0,0,0,0,0
450579,1,1,1992,0,17,19,17,16,0,21,0,0,17
450581,1,1,1992,0,0,0,0,0,0,0,13,0,0
450581,2,1,1992,21,24,0,10,28,11,0,28,0,18
450582,1,1,1992,0,0,0,0,0,0,6,0,0,0
450583,0,1,1992,28,28,28,28,28,28,28,28,28,28
450583,1,1,1992,0,0,22,0,0,0,0,0,0,19
450584,1,1,1992,0,0,0,0,0,0,0,0,0,0
450584,2,1,1992,0,0,0,0,0,0,0,0,0,0
450584,3,1,1992,0,0,0,0,0,0,0,0,0,0
450585,1,1,1992,25,25,25,25,25,25,25,25,25,25
450586,1,1,1992,0,0,0,0,0,0,0,0,0,0
450586,2,1,1992,0,0,0,0,0,0,0,0,0,0
450587,1,1,1992,0,0,0,0,0,0,0,0,0,0
450587,2,1,1992,0,0,0,0,0,0,0,0,0,0
450588,1,1,1992,29,25,10,29,14,7,11,5,24,10
450589,1,1,1992,0,0,0,0,0,0,0,0,0,0
450589,2,1,1992,0,0,0,0,0,0,0,0,0,0
450590,1,1,1992,25,0,0,29,34,30,0,30,0,0
450591,1,1,1992,0,0,0,0,0,0,12,0,0,8
450591,2,1,1992,0,0,0,0,0,0,0,0,0,0
450591,3,1,1992,0,0,0,0,0,0,0,0,0,0
450593,1,1,1992,0,0,0,0,0,0,0,0,0,0
450593,2,1,1992,0,0,0,0,0,0,0,0,0,0
450594,1,1,1992,0,0,0,0,0,0,0,0,0,0
450594,2,1,1992,0,0,0,0,0,0,0,0,0,0
450594,3,1,1992,0,0,0,0,0,0,0,0,0,6
450594,4,1,1992,0,0,0,0,0,0,0,0,0,0
450595,1,1,1992,0,0,0,0,0,0,0,0,0,0
450595,2,1,1992,0,0,0,0,0,0,0,0,0,0
450597,1,2,1992,0,0,0,0,0,0,0,0,0,0
450597,2,1,1992,0,0,0,0,0,0,0,0,0,11
450597,3,3,1992,0,0,0,0,0,0,0,0,0,0
450598,1,1,1992,0,0,0,0,0,0,28,0,0,0
450599,1,1,1992,21,11,13,27,18,19,14,8,28,12
450600,1,1,1992,0,0,18,0,0,0,0,22,0,0
450601,1,1,1992,0,0,0,0,0,0,0,0,0,19
450601,2,1,1992,0,6,0,13,8,0,0,7,2,0
450602,1,1,1992,0,0,0,0,0,0,6,0,0,0
450602,2,1,1992,0,0,0,0,0,0,0,0,0,0
450603,1,1,1992,0,8,0,0,0,15,17,20,25,0
450604,1,1,1992,0,0,0,0,0,0,0,0,0,0
450604,2,1,1992,0,0,0,0,0,0,30,0,0,0
450605,1,1,1992,0,0,0,0,0,16,0,0,0,0
450606,0,1,1992,16,0,0,0,0,10,0,0,0,0
450606,1,1,1992,0,0,0,0,0,0,0,0,0,0
450607,1,1,1992,0,0,0,0,0,0,0,0,0,0
450607,2,1,1992,0,0,0,0,0,0,0,0,0,0
450608,1,1,1992,0,0,0,26,0,0,0,23,0,0
450609,1,1,1992,0,0,0,0,0,0,0,0,0,0
450609,2,1,1992,0,0,0,0,0,0,0,0,0,0
450609,3,1,1992,10,8,21,13,22,15,0,2,17,8
450610,1,1,1992,0,0,0,0,0,0,0,0,0,0
450610,2,1,1992,0,14,0,0,0,0,0,0,0,0
450611,0,1,1992,11,11,11,11,11,11,11,11,11,11
450611,1,1,1992,0,0,0,0,0,0,0,0,0,0
450612,1,1,1992,0,0,0,16,0,0,0,0,0,0
450613,1,1,1992,0,0,0,0,0,0,0,0,0,0
450613,2,1,1992,0,0,0,0,0,0,0,0,0,0
450614,1,1,1992,6,6,6,6,6,6,6,6,6,6
450615,1,1,1992,0,0,0,0,0,0,2,0,0,0
450615,2,1,1992,0,0,0,0,0,0,0,0,0,0
450616,1,1,1992,0,0,0,0,0,7,0,0,0,0
450616,2,1,1992,0,16,0,0,0,12,4,0,0,0
450617,1,1,1992,0,0,0,0,0,0,0,0,0,0
450617,2,1,1992,0,0,0,0,0,0,0,0,0,0
450618,1,1,1992,16,16,16,16,16,16,16,16,16,16
450620,1,1,1992,0,0,0,0,0,0,0,0,0,0
450621,1,1,1992,0,0,0,0,0,0,0,0,0,0
450621,2,1,1992,0,0,0,0,0,0,0,0,0,0
450622,1,1,1992,0,0,0,0,0,0,0,0,0,0
450622,2,1,1992,0,0,16,0,0,0,0,0,0,0
450623,1,1,1992,0,0,12,0,31,0,0,0,53,11
450624,1,1,1992,0,0,0,0,0,0,0,0,0,0
450625,1,1,1992,0,0,0,0,0,0,0,0,0,0
450625,2,1,1992,12,12,12,12,12,12,12,12,12,12
450626,1,1,1992,11,11,11,11,11,11,11,11,11,11
450627,1,1,1992,12,12,12,12,12,12,12,12,12,12
450628,1,1,1992,0,0,0,0,0,0,10,0,0,13
450629,1,1,1992,0,0,0,0,0,0,0,0,0,0
450629,2,1,1992,2,0,0,0,0,0,0,0,26,0
450630,1,1,1992,0,6,0,0,0,0,0,17,0,32
450631,1,1,1992,0,0,30,10,0,0,0,0,0,0
450632,1,1,1992,0,8,0,0,11,0,14,0,0,8
450633,1,1,1992,0,0,0,0,0,0,0,0,0,0
450633,2,1,1992,27,27,27,27,27,27,27,27,27,27
450634,1,1,1992,19,19,19,19,19,19,19,19,19,19
450634,2,1,1992,0,0,0,0,0,0,0,12,0,0
450636,1,1,1992,0,0,0,0,0,0,0,0,0,0
450636,2,1,1992,0,0,0,0,0,0,0,0,0,0
450637,1,1,1992,0,0,0,0,0,0,0,0,0,0
450637,2,1,1992,0,0,0,0,0,0,0,0,0,0
450638,1,1,1992,0,0,0,0,0,0,0,0,0,0
450638,2,1,1992,0,0,0,0,0,0,0,0,0,0
450639,1,1,1992,16,16,16,16,16,16,16,16,16,16
450640,1,1,1992,0,0,0,0,0,13,0,0,0,0
450640,2,1,1992,0,0,0,0,0,0,11,0,0,0
450641,1,1,1992,0,0,0,0,0,0,0,6,0,0
450642,1,1,1992,0,0,0,0,0,15,0,0,0,0
450643,0,1,1992,0,15,14,0,19,0,23,25,28,0
450643,1,1,1992,0,0,0,0,0,0,0,0,0,0
450644,1,1,1992,23,23,23,23,23,23,23,23,23,23
450645,1,1,1992,19,0,5,8,11,0,8,0,0,0
450646,1,1,1992,0,0,0,0,9,0,0,0,12,7
450647,1,1,1992,0,0,0,0,0,0,0,0,0,0
450647,2,1,1992,21,21,21,21,21,21,21,21,21,21
450648,1,1,1992,0,0,0,0,0,0,0,0,0,0
450648,2,1,1992,0,0,0,0,0,0,0,0,0,0
450649,1,1,1992,0,0,0,0,0,0,0,0,0,0
450649,2,1,1992,7,0,0,0,0,19,0,0,0,0
450650,0,1,1992,0,0,0,0,0,0,0,0,0,0
450650,1,1,1992,0,0,0,0,0,0,0,0,0,0
450651,0,1,1992,34,34,34,34,34,34,34,34,34,34
450651,1,1,1992,0,0,0,0,0,0,0,0,0,0
450652,1,1,1992,30,7,0,30,18,12,21,24,0,26
450652,2,1,1992,0,0,0,14,0,15,19,0,0,0
450653,1,1,1992,0,0,0,0,0,0,0,0,0,0
450653,2,1,1992,0,0,0,0,0,0,0,0,0,0
450654,1,1,1992,35,0,0,0,0,13,0,0,0,26
450655,1,1,1992,0,0,0,0,0,0,0,8,0,0
450656,1,1,1992,37,37,37,37,37,37,37,37,37,37
450657,1,1,1992,0,0,0,0,0,0,0,0,0,0
450657,2,1,1992,0,0,0,0,0,0,0,0,0,0
450657,3,1,1992,0,0,0,0,0,0,0,0,0,0
450658,1,1,1992,0,0,22,0,0,0,0,0,0,0
450658,2,1,1992,0,0,0,0,0,0,0,0,0,0
450659,1,1,1992,0,0,0,0,0,0,0,0,0,0
450659,2,1,1992,0,0,0,0,0,0,0,0,0,0
450660,1,1,1992,0,0,0,0,0,0,10,0,0,0
450662,1,1,1992,7,0,0,20,21,32,8,14,17,22
450663,1,1,1992,0,0,0,0,11,5,0,0,0,0
450664,1,1,1992,27,0,0,0,0,0,0,0,0,0
450665,1,1,1992,0,0,0,0,0,0,0,0,0,0
450665,2,1,1992,0,0,18,0,0,8,0,0,4,5
450666,1,1,1992,0,0,13,5,0,0,28,17,0,0
450667,1,1,1992,0,0,0,0,0,0,0,0,0,0
450667,2,1,1992,0,0,0,0,0,0,0,0,0,0
450668,1,1,1992,16,16,16,16,16,16,16,16,16,16
450669,1,1,1992,0,0,0,0,0,0,0,0,0,0
450669,2,1,1992,0,0,0,0,0,0,0,0,0,0
450670,1,1,1992,0,0,17,0,0,0,0,0,0,0
450671,1,1,1992,0,0,0,0,0,0,0,0,0,0
450671,2,1,1992,0,0,0,0,0,0,0,0,0,0
450672,1,1,1992,0,0,0,0,0,0,0,0,0,0
450672,2,1,1992,0,0,6,0,0,0,0,0,0,5
450673,1,1,1992,0,0,0,0,0,0,0,0,9,0
450675,1,1,1992,0,0,0,0,0,0,0,0,0,0
450675,2,1,1992,5,5,5,5,5,5,5,5,5,5
450676,1,1,1992,0,0,17,0,0,0,0,0,0,0
450677,1,1,1992,0,0,0,0,8,0,0,0,0,0
450677,2,1,1992,0,0,0,0,0,0,0,0,0,0
450678,1,1,1992,0,0,0,0,0,0,0,12,3,24
450679,1,1,1992,0,0,0,0,0,0,0,0,0,0
450680,1,1,1992,0,0,0,0,0,0,0,0,0,0
450682,0,1,1992,0,0,12,0,0,0,26,0,0,0
450682,1,1,1992,0,0,0,0,0,0,0,0,0,0
450683,1,1,1992,25,23,24,22,34,0,31,0,10,18
450684,1,1,1992,0,8,0,0,0,0,0,0,0,0
450684,2,1,1992,0,0,0,0,0,0,0,0,0,0
450685,0,1,1992,18,18,18,18,18,18,18,18,18,18
450685,1,1,1992,0,0,0,0,0,0,0,0,0,0
450686,1,1,1992,3,3,3,3,3,3,3,3,3,3
450686,2,1,1992,27,27,27,27,27,27,27,27,27,27
450687,1,1,1992,0,0,0,0,0,0,0,11,0,0
450688,0,1,1992,0,0,0,0,0,0,0,0,0,0
450688,1,1,1992,0,0,22,0,0,0,0,0,0,0
450689,0,1,1992,21,0,6,0,0,0,0,0,0,0
450689,1,1,1992,0,0,0,0,0,0,0,0,0,0
450690,1,1,1992,0,0,0,0,0,0,0,0,0,0
450691,1,1,1992,5,5,5,5,5,5,5,5,5,5
450691,2,1,1992,0,0,0,0,0,0,0,0,0,0
450692,1,1,1992,0,0,0,0,0,0,0,0,0,0
450692,2,1,1992,0,0,0,0,0,0,0,0,0,0
450693,1,1,1992,0,0,0,0,0,0,0,0,0,0
450693,2,1,1992,1,1,1,1,1,1,1,1,1,1
450694,1,1,1992,0,0,0,0,0,0,0,0,0,0
450694,2,1,1992,31,31,31,31,31,31,31,31,31,31
450695,1,1,1992,0,0,0,0,0,0,0,0,0,4
450695,2,1,1992,0,0,0,0,0,0,0,0,0,0
450696,1,1,1992,7,7,7,7,7,7,7,7,7,7
450697,0,1,1992,0,0,0,0,0,0,0,0,0,0
450697,1,1,1992,0,0,0,0,0,0,0,0,0,0
450698,0,1,1992,31,31,31,31,31,31,31,31,31,31
450698,1,1,1992,0,0,0,0,0,0,0,0,0,0
450699,0,1,1992,0,0,0,0,0,0,0,0,0,0
450699,1,1,1992,0,14,0,0,0,0,0,0,0,0
450700,1,1,1992,13,13,13,13,13,13,13,13,13,13
450701,1,1,1992,0,0,0,0,0,0,32,0,0,21
450702,1,1,1992,8,0,0,0,0,0,0,0,0,0
450703,1,1,1992,0,0,0,0,0,0,0,0,0,0
450703,2,1,1992,0,0,0,0,0,0,0,0,0,0
450704,1,1,1992,0,0,0,0,0,0,0,0,0,0
450705,0,1,1992,6,6,6,6,6,6,6,6,6,6
450705,1,1,1992,0,0,0,0,0,0,0,0,0,0
450706,1,1,1992,0,0,0,0,0,0,0,0,0,0
450706,2,1,1992,0,0,0,12,0,0,10,0,17,0
450707,1,1,1992,0,0,0,0,0,0,0,0,0,0
450707,2,1,1992,19,19,19,19,19,19,19,19,19,19
450708,1,1,1992,0,0,0,0,0,0,0,0,0,0