ST_CASE,VEH_NO,PER_NO,YEAR,P1,P2,P3,P4,P5,P6,P7,P8,P9,P10
450708,2,1,1992,5,9,12,12,14,12,10,10,18,19
450709,1,1,1992,5,5,5,5,5,5,5,5,5,5
450709,2,1,1992,27,10,16,0,13,0,10,14,19,4
450710,1,1,1992,0,6,0,0,15,0,0,6,0,0
450710,2,1,1992,0,0,0,0,0,0,0,0,0,0
450711,1,1,1992,0,0,0,0,0,0,0,0,0,0
450711,2,1,1992,0,10,0,9,0,0,0,0,0,0
450712,0,1,1992,0,0,0,0,0,0,0,0,0,0
450712,1,1,1992,0,0,0,0,0,0,0,0,0,11
450713,1,1,1992,10,0,0,0,0,0,0,0,0,0
450713,2,1,1992,0,0,0,0,0,0,0,0,0,0
450713,3,1,1992,0,0,0,11,0,0,0,0,0,0
450714,0,1,1992,0,0,0,0,0,0,0,0,0,0
450714,1,1,1992,0,0,0,0,0,0,0,0,0,0
450715,1,1,1992,0,0,0,0,0,0,0,0,0,0
450716,1,1,1992,0,0,0,0,0,0,0,0,0,0
450716,2,1,1992,7,7,7,7,7,7,7,7,7,7
450717,1,1,1992,0,0,0,0,0,0,0,0,0,0
450717,2,1,1992,14,14,14,14,14,14,14,14,14,14
450718,1,1,1992,0,0,0,0,0,0,0,0,0,0
450718,2,1,1992,0,11,0,0,0,0,0,0,7,0
450718,3,2,1992,0,0,0,0,0,0,0,0,0,0
450719,1,1,1992,0,14,0,0,0,0,0,0,0,0
450719,2,1,1992,0,0,0,10,0,0,0,0,0,0
450721,1,1,1992,0,0,0,0,0,0,0,0,0,0
450721,2,1,1992,0,0,0,0,0,0,0,0,0,0
450722,1,1,1992,2,2,2,2,2,2,2,2,2,2
450722,2,1,1992,14,14,14,14,14,14,14,14,14,14
450723,1,1,1992,0,0,0,0,0,0,0,0,0,0
450723,2,1,1992,0,0,0,5,0,0,0,0,0,0
450723,3,1,1992,0,0,0,0,0,0,0,0,0,0
450724,1,1,1992,29,0,0,17,0,0,0,0,0,0
450725,1,1,1992,0,0,0,0,0,0,0,0,0,0
450726,1,1,1992,0,0,0,0,0,0,0,0,0,0
450726,2,1,1992,0,0,0,0,0,0,0,0,0,0
450727,0,1,1992,0,0,0,0,0,0,0,0,0,0
450727,1,1,1992,0,0,0,7,0,0,8,0,0,13
450728,0,1,1992,0,0,0,0,0,0,0,0,0,0
450728,1,1,1992,0,0,0,0,0,14,0,0,0,0
450729,1,1,1992,0,0,0,0,0,0,0,0,0,0
450729,2,1,1992,0,0,0,0,0,0,0,0,0,0
450730,1,1,1992,0,0,0,0,0,0,0,0,0,0
450731,0,2,1992,0,0,0,0,0,0,0,0,0,0
450731,1,1,1992,0,0,0,0,0,0,0,5,0,0
450732,1,1,1992,0,0,0,0,0,0,0,0,0,0
450732,2,1,1992,0,0,0,0,0,0,0,0,0,0
450733,1,1,1992,0,0,0,0,0,0,0,0,0,0
450734,0,1,1992,35,35,35,35,35,35,35,35,35,35
450734,1,1,1992,0,0,13,13,0,0,0,11,0,0
450735,1,1,1992,0,0,0,0,0,0,0,0,0,0
450736,1,1,1992,27,27,27,27,27,27,27,27,27,27
450737,1,1,1992,0,0,0,0,0,0,0,0,0,0
450738,1,1,1992,0,0,22,0,0,0,0,0,0,0
450739,0,1,1992,0,0,0,0,0,0,0,0,0,0
450739,1,1,1992,13,8,0,0,0,0,0,0,0,0
450740,1,1,1992,0,0,0,0,0,0,0,0,0,0
450741,1,1,1992,0,0,0,0,0,0,0,0,0,0
450741,2,1,1992,0,0,0,0,0,0,0,0,0,0
450742,1,1,1992,0,0,0,0,3,15,0,0,0,0
450743,1,1,1992,0,0,0,0,0,0,0,0,0,0
450743,2,1,1992,10,0,0,0,21,0,17,0,0,0
450744,1,1,1992,0,0,0,22,0,0,0,0,0,0
450744,2,1,1992,0,0,0,0,0,0,0,0,0,0
460001,1,1,1992,0,0,18,0,8,0,11,0,12,19
460002,1,1,1992,0,0,0,0,0,0,0,0,0,0
460003,1,1,1992,0,0,0,0,0,0,0,0,0,0
460004,1,1,1992,20,37,23,14,12,6,19,18,7,8
460005,1,1,1992,22,22,22,22,22,22,22,22,22,22
460005,2,1,1992,0,0,0,0,0,0,0,0,0,0
460006,1,1,1992,20,20,20,20,20,20,20,20,20,20
460007,1,1,1992,0,0,0,0,0,0,0,0,0,0
460008,1,1,1992,20,20,20,20,20,20,20,20,20,20
460009,1,1,1992,22,22,22,22,22,22,22,22,22,22
460010,1,1,1992,0,0,0,0,0,0,0,0,2,0
460010,2,1,1992,0,0,0,0,0,0,0,0,0,0
460011,1,1,1992,0,0,0,0,0,0,0,0,0,0
460012,1,1,1992,0,0,0,0,0,0,0,0,0,0
460012,2,1,1992,3,3,3,3,3,3,3,3,3,3
460013,1,1,1992,0,0,0,0,0,0,0,0,0,0
460013,2,1,1992,0,0,0,0,0,0,0,0,0,0
460014,1,1,1992,0,0,0,0,0,0,0,0,0,0
460015,1,1,1992,0,0,0,0,0,0,0,0,0,0
460016,1,1,1992,0,0,0,0,0,0,0,0,0,0
460016,2,1,1992,0,0,0,0,0,0,0,0,0,0
460017,1,1,1992,27,27,27,27,27,27,27,27,27,27
460018,1,1,1992,0,0,0,0,0,0,0,0,0,0
460019,1,1,1992,0,0,0,0,0,0,0,0,0,0
460020,1,1,1992,18,18,18,18,18,18,18,18,18,18
460020,2,1,1992,0,0,0,0,0,0,0,0,0,0
460021,1,1,1992,11,11,11,11,11,11,11,11,11,11
460022,1,1,1992,0,0,0,0,0,0,0,0,0,0
460023,1,1,1992,17,17,17,17,17,17,17,17,17,17
460024,1,1,1992,0,0,0,0,0,0,0,0,0,0
460025,1,1,1992,0,0,0,0,0,0,0,0,0,0
460025,2,1,1992,0,0,0,0,0,0,0,0,0,0
460026,1,1,1992,16,16,16,16,16,16,16,16,16,16
460027,1,1,1992,11,11,11,11,11,11,11,11,11,11
460028,1,1,1992,24,24,24,24,24,24,24,24,24,24
460030,1,1,1992,0,0,0,0,0,0,0,0,0,0
460031,1,1,1992,18,18,18,18,18,18,18,18,18,18
460032,1,1,1992,0,0,0,0,0,0,0,0,0,0
460032,2,1,1992,10,10,10,10,10,10,10,10,10,10
460033,1,1,1992,13,13,13,13,13,13,13,13,13,13
460034,1,1,1992,0,0,0,0,0,0,0,0,0,0
460034,2,1,1992,0,0,0,0,0,0,0,0,0,0
460035,1,1,1992,28,28,28,28,28,28,28,28,28,28
460035,2,1,1992,0,0,0,0,0,0,0,0,0,0
460036,1,1,1992,19,19,19,19,19,19,19,19,19,19
460037,1,1,1992,0,0,0,0,0,0,0,0,0,0
460037,2,1,1992,0,0,0,0,0,0,0,0,0,0
460038,1,1,1992,0,0,0,0,0,0,0,0,0,0
460038,2,1,1992,0,0,0,0,0,0,0,0,0,0
460039,1,1,1992,0,0,0,0,0,0,0,0,0,0
460039,2,1,1992,0,0,0,0,0,0,0,0,0,0
460040,1,1,1992,0,0,0,0,0,0,0,0,0,0
460040,2,1,1992,0,0,0,0,0,0,0,0,0,0
460041,1,1,1992,0,0,0,0,0,0,0,0,0,0
460042,1,1,1992,0,0,0,0,0,0,0,0,0,0
460042,2,1,1992,0,0,0,0,0,0,0,0,0,0
460043,1,1,1992,0,0,0,0,0,0,0,0,0,0
460043,2,1,1992,0,0,0,0,0,0,0,0,0,0
460044,1,1,1992,0,0,0,0,0,0,0,16,0,0
460044,2,1,1992,21,0,0,0,0,0,0,18,0,0
460045,0,1,1992,0,0,0,0,0,0,0,0,0,0
460045,1,1,1992,0,0,0,0,0,0,0,0,0,0
460046,1,1,1992,30,30,30,30,30,30,30,30,30,30
460047,1,1,1992,10,10,10,10,10,10,10,10,10,10
460048,0,1,1992,21,21,21,21,21,21,21,21,21,21
460048,0,2,1992,16,16,16,16,16,16,16,16,16,16
460048,1,1,1992,0,0,0,0,0,0,0,0,0,0
460049,1,1,1992,0,0,0,0,0,0,0,0,0,0
460049,2,1,1992,0,0,0,0,0,0,0,0,0,0
460050,1,1,1992,0,0,0,0,0,0,0,0,0,0
460050,2,1,1992,0,0,0,0,0,0,0,0,0,0
460051,1,1,1992,0,0,0,0,0,0,0,0,0,0
460051,2,1,1992,0,0,0,0,0,0,0,0,0,0
460052,1,1,1992,9,9,9,9,9,9,9,9,9,9
460053,1,1,1992,0,0,0,0,0,0,0,0,0,0
460054,1,1,1992,0,0,0,0,0,0,0,0,0,0
460054,2,1,1992,19,19,19,19,19,19,19,19,19,19
460055,0,1,1992,37,37,37,37,37,37,37,37,37,37
460055,1,1,1992,0,0,0,0,0,0,0,0,0,0
460056,1,1,1992,6,6,6,6,6,6,6,6,6,6
460056,2,1,1992,0,0,0,0,0,0,0,0,0,0
460057,1,1,1992,0,0,0,0,0,0,0,0,0,0
460057,2,1,1992,10,10,10,10,10,10,10,10,10,10
460058,1,1,1992,0,0,0,0,0,0,0,0,0,0
460059,0,1,1992,20,20,20,20,20,20,20,20,20,20
460059,1,1,1992,0,28,0,19,6,0,0,23,0,0
460060,1,1,1992,15,15,15,15,15,15,15,15,15,15
460061,1,1,1992,23,23,23,23,23,23,23,23,23,23
460062,1,1,1992,25,25,25,25,25,25,25,25,25,25
460063,1,1,1992,24,24,24,24,24,24,24,24,24,24
460064,1,1,1992,0,0,0,0,0,0,0,0,0,0
460064,2,1,1992,0,0,0,0,0,0,0,0,0,0
460065,1,1,1992,16,16,16,16,16,16,16,16,16,16
460066,1,1,1992,0,0,0,0,0,0,0,0,0,0
460067,1,1,1992,0,0,0,0,0,0,0,0,0,0
460068,1,1,1992,0,0,0,0,0,0,0,0,0,0
460069,1,1,1992,6,6,6,6,6,6,6,6,6,6
460070,1,1,1992,1,1,1,1,1,1,1,1,1,1
460071,1,1,1992,0,0,0,0,0,0,0,0,0,0
460072,0,1,1992,0,0,0,0,0,0,0,0,0,0
460072,1,1,1992,0,0,0,0,0,0,0,0,0,0
460073,1,1,1992,0,0,0,0,0,0,8,0,0,0
460074,1,1,1992,0,0,0,0,0,0,0,0,0,0
460074,2,1,1992,0,0,0,0,0,0,0,0,0,0
460075,1,1,1992,0,0,0,0,0,0,0,0,0,0
460075,2,1,1992,19,19,19,19,19,19,19,19,19,19
460076,1,1,1992,16,16,16,16,16,16,16,16,16,16
460077,1,1,1992,22,22,22,22,22,22,22,22,22,22
460078,1,1,1992,0,0,0,0,0,0,0,0,0,0
460078,2,1,1992,0,0,0,0,0,0,0,0,0,0
460079,1,1,1992,0,0,0,0,0,0,0,0,0,0
460079,2,1,1992,0,0,0,0,0,0,0,0,0,0
460080,1,1,1992,14,14,14,14,14,14,14,14,14,14
460081,1,1,1992,23,19,28,14,13,22,13,10,24,18
460082,1,1,1992,26,26,26,26,26,26,26,26,26,26
460083,1,1,1992,0,0,0,0,0,0,0,0,0,0
460083,2,1,1992,0,0,0,0,0,0,0,0,0,0
460084,1,1,1992,0,0,0,0,0,0,0,0,0,0
460084,2,1,1992,8,8,8,8,8,8,8,8,8,8
460085,1,1,1992,0,0,0,0,0,0,0,0,0,0
460085,2,1,1992,0,0,0,0,0,0,0,0,0,0
460086,1,1,1992,0,0,0,0,0,0,0,0,0,0
460087,1,1,1992,0,0,0,0,0,0,0,0,0,0
460087,2,1,1992,0,0,0,0,0,0,0,0,0,0
460088,1,1,1992,13,13,13,13,13,13,13,13,13,13
460089,1,1,1992,0,19,0,0,0,0,13,15,0,11
460090,1,1,1992,12,19,0,0,0,0,8,0,0,0
460091,1,1,1992,0,0,0,0,0,0,0,0,0,0
460091,2,1,1992,0,0,0,0,0,0,0,0,0,0
460092,1,1,1992,14,14,14,14,14,14,14,14,14,14
460093,0,1,1992,0,0,0,0,0,0,0,0,0,0
460093,1,1,1992,0,0,0,0,0,0,0,0,0,0
460094,1,1,1992,0,0,0,0,0,0,0,0,0,0
460094,2,1,1992,0,0,0,0,0,0,0,0,0,0
460094,3,1,1992,0,0,0,0,11,0,0,11,0,0
460095,1,1,1992,0,0,0,0,0,0,0,0,0,0
460095,2,1,1992,0,0,0,0,0,0,0,0,0,0
460096,1,1,1992,0,0,0,0,0,0,0,0,0,0
460097,1,1,1992,0,0,0,0,0,0,0,0,0,0
460098,1,1,1992,0,0,0,0,0,0,0,0,0,0
460099,0,1,1992,0,0,0,0,0,0,0,0,0,0
460099,1,1,1992,0,0,0,0,0,0,0,0,0,0
460100,1,1,1992,0,0,0,0,0,0,0,0,0,0
460100,2,1,1992,0,0,0,0,0,0,0,0,0,0
460101,1,1,1992,3,3,3,3,3,3,3,3,3,3
460102,1,1,1992,18,18,18,18,18,18,18,18,18,18
460103,1,1,1992,0,0,0,0,0,0,0,0,0,0
460103,2,1,1992,0,0,0,0,0,0,0,0,0,0
460104,1,1,1992,0,0,0,0,0,0,0,0,0,0
460105,1,1,1992,39,39,39,39,39,39,39,39,39,39
460106,1,1,1992,0,0,0,0,0,0,0,0,0,0
460107,1,1,1992,25,25,25,25,25,25,25,25,25,25
460107,2,1,1992,0,0,0,0,0,0,0,0,0,0
460108,1,1,1992,0,0,0,0,0,0,0,0,0,0
460109,1,2,1992,24,26,13,14,27,0,0,12,8,9
460110,1,1,1992,16,16,16,16,16,16,16,16,16,16
460111,1,1,1992,0,0,0,0,0,0,0,0,0,0
460112,1,1,1992,20,20,20,20,20,20,20,20,20,20
460113,1,1,1992,13,13,13,13,13,13,13,13,13,13
460114,1,1,1992,12,12,12,12,12,12,12,12,12,12
460114,2,1,1992,11,15,7,19,21,4,12,8,12,0
460115,1,1,1992,20,20,20,20,20,20,20,20,20,20
460116,1,1,1992,1,1,1,1,1,1,1,1,1,1
460116,2,1,1992,0,0,0,0,0,0,0,0,0,0
460117,1,1,1992,0,0,0,0,0,0,0,0,0,0
460117,2,1,1992,24,24,24,24,24,24,24,24,24,24
460118,1,1,1992,0,0,0,17,22,0,16,4,0,0
460118,2,1,1992,0,0,0,15,0,0,0,0,0,0
460119,1,1,1992,11,11,11,11,11,11,11,11,11,11
460119,2,1,1992,28,17,11,38,18,27,31,12,0,19
460120,1,1,1992,0,0,0,0,0,0,0,0,0,0
460121,1,1,1992,0,0,0,0,0,0,0,0,0,0
460122,1,1,1992,10,10,10,10,10,10,10,10,10,10
460122,2,1,1992,0,0,0,0,0,0,0,0,0,0
460123,1,1,1992,0,0,0,0,0,0,0,0,0,0
460123,2,1,1992,0,0,0,0,0,0,0,0,0,0
460124,1,1,1992,0,0,0,0,0,0,0,0,0,0
460125,1,1,1992,21,21,21,21,21,21,21,21,21,21
460126,1,1,1992,0,0,0,0,0,0,0,0,0,0
460126,2,1,1992,0,0,0,0,0,0,0,0,0,0
460127,1,1,1992,0,0,0,0,0,0,0,0,0,0
460127,2,1,1992,0,0,0,0,0,8,0,0,0,0
460128,1,1,1992,0,0,0,0,0,0,0,0,0,0
460128,2,1,1992,0,0,0,0,0,0,0,0,0,0
460129,1,1,1992,0,0,0,0,0,0,0,0,0,0
460130,1,1,1992,0,0,0,0,0,0,9,0,0,0
460130,2,1,1992,0,0,0,0,0,0,0,0,0,0
460131,1,1,1992,0,0,0,0,0,0,0,0,0,0
460131,2,1,1992,0,0,0,0,0,0,0,0,0,0
460132,0,1,1992,0,0,0,0,0,0,0,0,0,0
460132,1,1,1992,0,0,0,0,0,0,0,0,0,0
460133,1,1,1992,36,36,36,36,36,36,36,36,36,36
460133,2,1,1992,0,0,0,0,0,0,0,0,0,0
460134,1,1,1992,33,33,33,33,33,33,33,33,33,33
460135,0,1,1992,0,7,0,27,8,11,16,0,20,0
460135,1,1,1992,0,0,0,0,0,0,0,0,0,0
460136,1,1,1992,6,6,6,6,6,6,6,6,6,6
460137,1,1,1992,0,0,0,0,0,0,0,0,0,0
460137,2,1,1992,0,0,0,0,0,0,0,0,0,0
460138,1,1,1992,24,19,27,26,22,34,10,10,15,23
460139,1,1,1992,0,0,0,0,0,0,0,0,0,0
460139,2,1,1992,0,0,0,0,0,0,0,0,0,0
460139,3,1,1992,0,16,0,0,0,0,0,0,0,0
460140,1,1,1992,0,0,12,0,0,0,0,0,0,0
460140,2,1,1992,10,10,10,10,10,10,10,10,10,10
460141,1,1,1992,10,10,10,10,10,10,10,10,10,10
460142,1,1,1992,0,0,27,37,19,8,0,0,24,0
470001,1,1,1992,33,33,33,33,33,33,33,33,33,33
470003,1,1,1992,0,0,0,0,0,0,0,0,0,0
470003,2,1,1992,0,0,0,0,0,0,0,0,0,0
470004,1,1,1992,0,0,0,0,0,0,0,0,0,0
470004,2,1,1992,0,0,0,0,0,0,0,0,0,0
470005,1,1,1992,0,0,0,0,0,0,0,0,0,0
470005,2,1,1992,13,0,0,0,0,7,3,0,0,7
470006,1,1,1992,0,0,0,0,0,0,0,0,0,0
470007,1,1,1992,27,27,27,27,27,27,27,27,27,27
470007,2,1,1992,16,16,16,16,16,16,16,16,16,16
470008,1,1,1992,22,22,22,22,22,22,22,22,22,22
470009,1,1,1992,0,0,0,19,0,0,0,0,0,0
470009,2,1,1992,26,26,26,26,26,26,26,26,26,26
470010,1,1,1992,16,16,16,16,16,16,16,16,16,16
470010,2,1,1992,14,14,14,14,14,14,14,14,14,14
470011,1,1,1992,23,23,23,23,23,23,23,23,23,23
470012,1,1,1992,13,13,13,13,13,13,13,13,13,13
470013,1,1,1992,0,0,0,21,0,0,0,0,0,0
470013,2,1,1992,22,0,0,0,0,0,0,0,0,0
470014,1,1,1992,0,0,0,0,0,0,0,10,0,0
470014,2,1,1992,17,17,17,17,17,17,17,17,17,17
470015,1,1,1992,18,18,18,18,18,18,18,18,18,18
470016,1,1,1992,0,0,0,0,0,0,0,0,0,0
470017,1,1,1992,0,0,0,0,0,0,0,0,0,0
470017,2,1,1992,0,0,0,0,0,0,0,0,0,0
470018,1,1,1992,0,15,0,0,0,0,0,0,0,0
470019,1,1,1992,23,23,23,23,23,23,23,23,23,23
470020,1,1,1992,8,8,8,8,8,8,8,8,8,8
470021,1,1,1992,0,0,0,0,0,0,0,15,0,0
470021,2,1,1992,0,0,0,0,0,0,0,0,0,0
470022,1,1,1992,0,0,0,0,0,0,0,0,0,0
470022,2,1,1992,0,0,0,0,0,0,0,0,0,0
470023,1,1,1992,0,0,0,0,0,0,0,0,0,0
470023,2,1,1992,0,0,0,0,0,0,0,0,0,0
470024,1,1,1992,8,11,7,32,25,19,25,20,27,24
470025,1,1,1992,19,19,19,19,19,19,19,19,19,19
470026,1,1,1992,36,36,36,36,36,36,36,36,36,36
470027,1,1,1992,10,10,10,10,10,10,10,10,10,10
470028,1,1,1992,0,0,0,0,0,32,0,20,24,0
470029,1,1,1992,0,0,3,15,18,7,31,3,0,5
470029,2,1,1992,13,13,13,13,13,13,13,13,13,13
470029,3,1,1992,0,0,0,0,0,0,0,0,0,0
470029,4,1,1992,0,0,0,0,0,0,0,0,0,0
470030,1,1,1992,9,9,9,9,9,9,9,9,9,9
470031,1,1,1992,0,0,0,0,0,0,0,0,0,0
470032,0,1,1992,27,27,27,27,27,27,27,27,27,27
470032,1,1,1992,0,0,0,0,0,0,0,0,0,0
470033,1,3,1992,9,0,17,0,7,0,7,0,19,2
470034,1,1,1992,0,0,0,0,0,0,0,0,0,0
470034,2,1,1992,0,0,0,0,0,0,0,0,0,0
470035,1,1,1992,0,0,0,0,0,0,0,0,0,0
470035,2,1,1992,21,21,21,21,21,21,21,21,21,21
470036,1,1,1992,0,0,0,0,0,0,0,0,0,0
470036,2,1,1992,0,0,0,0,0,0,0,0,0,0
470037,1,1,1992,16,16,16,16,16,16,16,16,16,16
470038,1,1,1992,9,22,16,8,5,29,20,10,13,29
470039,1,1,1992,0,0,0,0,0,0,0,0,0,0
470039,2,1,1992,11,11,11,11,11,11,11,11,11,11
470040,1,1,1992,15,15,15,15,15,15,15,15,15,15
470040,2,1,1992,0,0,0,0,0,0,0,0,0,0
470041,1,1,1992,19,19,19,19,19,19,19,19,19,19
470042,1,1,1992,23,23,23,23,23,23,23,23,23,23
470043,1,1,1992,5,5,5,5,5,5,5,5,5,5
470043,2,1,1992,25,25,25,25,25,25,25,25,25,25
470044,1,1,1992,35,35,35,35,35,35,35,35,35,35
470046,0,1,1992,14,14,14,14,14,14,14,14,14,14
470046,0,2,1992,16,16,16,16,16,16,16,16,16,16
470046,1,1,1992,0,0,0,0,0,0,0,0,0,0
470047,1,1,1992,18,18,18,18,18,18,18,18,18,18
470048,1,1,1992,23,23,23,23,23,23,23,23,23,23
470049,0,1,1992,0,0,0,0,0,0,0,0,0,0
470049,1,1,1992,0,0,0,0,0,0,0,0,0,0
470050,1,1,1992,0,0,0,0,0,0,0,0,0,0
470050,2,1,1992,26,26,26,26,26,26,26,26,26,26
470051,1,1,1992,29,29,29,29,29,29,29,29,29,29
470052,1,1,1992,9,9,9,9,9,9,9,9,9,9
470053,1,1,1992,0,0,0,0,0,0,0,0,0,0
470054,1,1,1992,29,29,29,29,29,29,29,29,29,29
470055,1,1,1992,0,0,0,0,0,0,0,0,0,0
470055,2,1,1992,22,22,22,22,22,22,22,22,22,22
470057,1,1,1992,0,0,0,0,0,0,0,0,0,0
470058,1,1,1992,23,23,23,23,23,23,23,23,23,23
470059,0,1,1992,16,19,16,7,15,0,0,23,15,0
470059,0,2,1992,0,0,0,0,0,0,0,0,0,0
470059,1,1,1992,0,0,0,0,0,0,17,0,0,0
470059,2,1,1992,0,0,0,0,0,0,0,0,0,0
470060,1,1,1992,18,18,18,18,18,18,18,18,18,18
470061,1,1,1992,22,22,22,22,22,22,22,22,22,22
470062,1,1,1992,0,0,0,0,0,0,0,0,0,0
470063,0,1,1992,0,0,0,0,0,0,0,0,0,0
470063,1,1,1992,0,0,0,0,0,0,0,0,0,0
470064,1,1,1992,0,0,0,0,0,0,0,0,0,0
470064,2,1,1992,0,0,0,0,0,0,0,0,0,0
470065,0,1,1992,7,7,7,7,7,7,7,7,7,7
470065,1,1,1992,0,0,0,0,0,0,0,0,0,0
470066,1,1,1992,0,0,0,0,0,0,0,0,0,0
470066,2,1,1992,0,0,0,0,0,0,0,0,0,0
470066,3,1,1992,0,0,0,0,0,0,0,0,0,0
470067,1,1,1992,22,22,22,22,22,22,22,22,22,22
470068,1,1,1992,19,19,19,19,19,19,19,19,19,19
470069,0,1,1992,28,28,28,28,28,28,28,28,28,28
470069,1,1,1992,20,20,20,20,20,20,20,20,20,20
470070,1,1,1992,0,0,0,0,0,0,0,0,0,0
470070,2,1,1992,17,17,17,17,17,17,17,17,17,17
470071,1,1,1992,0,0,0,0,0,0,0,0,0,0
470072,1,1,1992,9,9,9,9,9,9,9,9,9,9
470073,1,1,1992,0,0,0,0,0,0,0,0,0,0
470073,2,1,1992,0,0,0,0,0,0,0,0,0,0
470074,1,1,1992,0,0,0,0,0,0,0,0,0,0
470075,1,1,1992,0,0,0,0,0,0,0,0,0,0
470075,2,1,1992,0,0,0,0,0,0,0,0,0,0
470076,1,1,1992,0,0,0,0,0,0,0,0,0,0
470077,1,1,1992,0,0,0,0,0,0,0,0,0,0
470077,2,1,1992,0,0,0,0,0,0,0,0,0,0
470078,1,1,1992,0,17,20,0,0,35,0,31,0,10
470079,1,1,1992,0,0,0,0,0,0,0,0,0,0
470080,1,1,1992,0,0,0,0,0,0,0,0,0,0
470081,1,1,1992,0,0,0,0,0,0,0,0,0,0
470081,2,1,1992,0,0,0,0,0,0,0,0,0,0
470082,1,1,1992,0,0,0,0,0,0,0,0,0,0
470082,2,1,1992,0,0,0,0,0,0,0,0,0,0
470082,3,1,1992,14,0,0,0,0,0,0,0,0,0
470082,4,1,1992,0,0,0,0,0,0,0,0,0,0
470083,1,1,1992,19,19,19,19,19,19,19,19,19,19
470084,1,1,1992,0,0,0,0,0,0,0,0,0,0
470085,1,1,1992,0,0,0,0,0,0,0,0,0,0
470086,1,1,1992,22,22,22,22,22,22,22,22,22,22
470087,1,1,1992,10,10,10,10,10,10,10,10,10,10
470088,1,1,1992,0,0,0,0,0,0,0,0,0,0
470089,1,1,1992,0,0,0,0,0,0,0,0,0,0
470090,1,1,1992,28,28,28,28,28,28,28,28,28,28
470091,1,1,1992,17,17,17,17,17,17,17,17,17,17
470091,2,1,1992,0,0,0,0,0,0,0,0,0,0
470092,1,1,1992,0,0,0,0,0,0,0,0,0,0
470092,2,1,1992,0,0,0,0,0,0,0,0,0,0
470093,0,1,1992,0,0,0,0,0,0,0,0,0,0
470093,1,1,1992,0,0,0,0,0,0,0,0,0,0
470093,2,1,1992,0,0,0,0,0,0,0,0,0,0
470094,1,1,1992,0,0,0,0,0,0,0,0,0,0
470095,1,1,1992,0,0,0,0,0,0,0,0,0,0
470095,2,1,1992,0,0,0,0,0,0,0,0,0,0
470096,1,1,1992,14,14,14,14,14,14,14,14,14,14
470097,1,1,1992,16,16,16,16,16,16,16,16,16,16
470098,1,1,1992,0,0,0,0,0,0,0,0,0,0
470098,2,1,1992,0,0,0,0,0,0,0,0,0,0
470099,1,1,1992,0,0,0,0,0,0,0,0,0,0
470099,2,1,1992,25,25,25,25,25,25,25,25,25,25
470100,1,1,1992,0,0,0,0,0,0,0,0,0,0
470100,2,1,1992,0,0,0,0,0,0,0,0,0,0
470100,3,1,1992,0,0,0,0,0,16,0,0,0,0
470101,1,1,1992,0,0,0,0,0,0,0,0,0,0
470101,2,1,1992,0,0,0,0,0,0,0,0,0,0
470102,1,1,1992,2,2,2,2,2,2,2,2,2,2
470102,2,1,1992,0,0,0,0,0,0,0,0,0,0
470103,1,1,1992,0,0,0,0,0,0,0,0,0,0
470103,2,1,1992,0,0,0,0,0,0,0,0,0,0
470104,1,1,1992,15,15,15,15,15,15,15,15,15,15
470105,1,1,1992,0,0,0,0,0,0,0,0,0,0
470105,2,1,1992,0,0,0,0,0,0,0,0,0,0
470106,1,1,1992,28,28,28,28,28,28,28,28,28,28
470108,1,1,1992,26,26,26,26,26,26,26,26,26,26
470109,0,1,1992,12,16,36,0,13,14,0,21,0,0
470109,1,1,1992,0,0,0,0,0,0,0,0,0,0
470110,1,1,1992,21,21,21,21,21,21,21,21,21,21
470111,1,1,1992,20,20,20,20,20,20,20,20,20,20
470111,2,1,1992,0,0,0,0,0,0,0,0,0,0
470112,1,1,1992,0,0,0,0,0,0,0,0,0,0
470112,2,1,1992,0,0,0,0,0,0,0,0,0,0
470113,1,1,1992,0,0,0,0,0,0,0,0,0,0
470114,1,1,1992,19,19,19,19,19,19,19,19,19,19
470115,1,1,1992,0,0,0,0,0,0,0,0,0,0
470115,2,1,1992,0,0,0,0,0,0,0,0,0,0
470116,1,1,1992,17,17,17,17,17,17,17,17,17,17
470117,1,1,1992,10,10,10,10,10,10,10,10,10,10
470118,1,1,1992,21,21,21,21,21,21,21,21,21,21
470119,0,1,1992,0,0,0,0,0,0,0,0,0,0
470119,1,1,1992,0,0,0,0,0,0,0,0,0,0
470120,0,1,1992,0,0,0,0,0,0,0,0,0,0
470120,1,1,1992,0,0,0,0,0,0,0,0,0,0
470121,1,1,1992,0,0,0,0,0,0,0,0,0,0
470121,2,1,1992,0,0,0,0,0,0,0,11,0,0
470121,3,1,1992,0,0,0,0,0,0,0,0,0,0
470121,4,1,1992,0,0,0,0,0,0,0,0,0,0