ST_CASE,VEH_NO,PER_NO,YEAR,P1,P2,P3,P4,P5,P6,P7,P8,P9,P10
471030,5,1,1992,0,0,0,0,0,0,0,0,0,0
471030,6,1,1992,0,0,0,0,0,0,0,0,0,0
471031,1,1,1992,12,12,12,12,12,12,12,12,12,12
471031,2,1,1992,0,0,0,0,0,0,0,0,0,0
471031,3,1,1992,0,0,0,0,0,0,0,0,0,0
471032,1,1,1992,0,0,0,0,0,0,0,0,0,0
471032,2,1,1992,0,0,0,0,0,0,0,0,0,0
471034,1,1,1992,0,0,0,0,0,0,0,0,0,0
471034,2,1,1992,0,0,0,0,0,0,0,0,0,0
471035,1,1,1992,0,0,0,0,0,0,0,0,0,0
471035,2,1,1992,11,11,11,11,11,11,11,11,11,11
471036,1,1,1992,22,22,22,22,22,22,22,22,22,22
471037,1,1,1992,0,0,0,0,0,0,0,0,0,0
471038,1,1,1992,0,0,0,0,0,0,0,0,0,0
471038,2,1,1992,0,0,0,0,0,0,0,0,0,0
471039,1,1,1992,22,22,22,22,22,22,22,22,22,22
471039,2,1,1992,7,0,9,5,0,16,9,17,3,2
471040,1,1,1992,26,26,26,26,26,26,26,26,26,26
471041,1,1,1992,16,16,16,16,16,16,16,16,16,16
471042,1,1,1992,27,27,27,27,27,27,27,27,27,27
471042,2,1,1992,0,0,0,0,0,0,0,0,0,0
471044,1,1,1992,28,28,28,28,28,28,28,28,28,28
471045,1,1,1992,0,0,0,0,0,0,0,0,0,0
471045,2,1,1992,0,0,0,10,0,0,0,0,0,0
471045,3,1,1992,0,0,0,0,0,0,0,0,0,0
471045,4,1,1992,0,0,0,0,0,0,0,0,0,0
471046,1,2,1992,18,13,11,25,0,9,19,11,25,30
471047,1,1,1992,0,0,0,0,0,0,0,0,0,0
471047,2,1,1992,0,0,0,0,0,0,0,0,0,0
471048,1,1,1992,20,20,20,20,20,20,20,20,20,20
471049,1,1,1992,22,22,22,22,22,22,22,22,22,22
471050,1,1,1992,0,17,0,8,0,0,16,0,0,0
471051,1,1,1992,0,0,0,0,0,0,0,0,0,0
471051,2,1,1992,0,0,0,0,0,0,0,0,0,0
471052,1,1,1992,30,30,30,30,30,30,30,30,30,30
471054,1,1,1992,0,0,0,0,0,0,0,0,0,0
471054,2,1,1992,0,0,0,0,0,0,0,0,0,0
471055,1,1,1992,0,0,0,0,0,0,0,0,0,0
471055,2,1,1992,3,3,3,3,3,3,3,3,3,3
471056,1,1,1992,0,0,0,0,23,0,0,0,0,0
471056,2,1,1992,0,0,0,0,0,0,0,0,0,0
471057,1,1,1992,0,0,0,0,0,0,0,0,0,0
471058,1,1,1992,0,8,0,22,8,0,0,0,0,0
471059,0,1,1992,0,0,0,0,0,0,0,0,0,0
471059,1,1,1992,0,0,0,0,0,0,0,0,0,0
471060,1,1,1992,0,0,0,21,0,0,0,0,0,0
471061,1,1,1992,22,22,22,22,22,22,22,22,22,22
471062,1,1,1992,0,0,0,0,0,0,0,10,0,0
471064,0,1,1992,0,0,0,0,0,0,0,0,0,0
471064,0,2,1992,0,0,0,0,0,0,0,0,0,0
471064,0,3,1992,0,0,0,0,0,0,0,0,0,0
471064,0,4,1992,0,16,0,0,0,0,0,0,0,0
471064,0,5,1992,0,0,0,0,0,0,0,0,0,0
471064,0,6,1992,0,0,0,0,0,0,0,0,0,0
471064,1,1,1992,16,16,16,16,16,16,16,16,16,16
471065,1,1,1992,33,33,33,33,33,33,33,33,33,33
471065,2,1,1992,0,0,0,0,0,12,0,0,0,0
471066,1,1,1992,0,0,0,0,0,0,0,0,0,0
471066,2,1,1992,17,0,0,0,7,0,0,17,0,0
471067,1,1,1992,15,15,15,15,15,15,15,15,15,15
471067,2,1,1992,1,1,1,1,1,1,1,1,1,1
471068,0,1,1992,14,14,14,14,14,14,14,14,14,14
471068,1,1,1992,14,14,14,14,14,14,14,14,14,14
471069,1,1,1992,0,0,0,0,0,0,0,0,0,0
471069,2,1,1992,0,0,0,0,0,0,0,0,0,0
471070,1,1,1992,0,0,0,0,0,0,0,0,0,0
471070,2,1,1992,0,0,0,0,0,0,0,0,0,0
471071,1,1,1992,17,17,17,17,17,17,17,17,17,17
471072,1,1,1992,0,0,0,0,0,0,0,0,0,0
471073,1,1,1992,23,23,23,23,23,23,23,23,23,23
471074,1,1,1992,0,0,0,0,0,0,0,0,0,0
471074,2,1,1992,27,27,27,27,27,27,27,27,27,27
471075,1,1,1992,0,14,21,20,25,14,34,23,18,21
471076,0,1,1992,22,27,5,12,0,11,7,5,17,20
471076,1,1,1992,26,0,0,0,0,0,0,0,15,0
471077,1,1,1992,19,19,19,19,19,19,19,19,19,19
471078,1,1,1992,0,0,0,0,0,6,0,0,0,0
471079,1,1,1992,0,0,0,0,0,0,0,0,0,0
471079,2,1,1992,0,0,0,0,0,0,0,0,0,0
471080,1,1,1992,0,21,0,0,0,0,0,0,0,0
471080,2,1,1992,0,0,0,0,0,0,6,0,0,0
471080,3,1,1992,0,0,0,0,0,0,0,0,0,0
471081,0,1,1992,0,0,0,0,0,0,0,0,0,0
471081,1,1,1992,0,0,0,0,0,0,0,0,0,0
471081,2,1,1992,0,0,0,0,0,0,0,0,0,0
471082,1,1,1992,0,0,0,0,0,0,0,0,0,0
471082,2,1,1992,0,0,0,0,0,0,0,0,0,0
471083,1,1,1992,5,18,14,17,30,14,13,29,24,19
471083,2,1,1992,0,0,0,0,0,0,0,0,0,0
471084,1,1,1992,14,0,0,0,0,0,0,0,0,0
471084,2,1,1992,0,0,0,0,0,0,0,0,0,0
471085,0,1,1992,27,27,27,27,27,27,27,27,27,27
471085,1,1,1992,6,24,13,7,14,33,12,13,0,12
471086,1,1,1992,0,0,0,0,0,0,0,0,0,0
471087,0,1,1992,0,0,0,0,0,0,0,0,0,0
471087,1,1,1992,0,0,0,0,0,0,0,0,0,0
480001,1,1,1992,20,20,20,20,20,20,20,20,20,20
480002,0,1,1992,23,23,23,23,23,23,23,23,23,23
480002,1,1,1992,0,0,0,7,0,0,0,0,0,0
480003,1,1,1992,29,15,30,22,16,9,15,15,13,24
480003,2,1,1992,4,4,4,4,4,4,4,4,4,4
480004,1,1,1992,14,14,14,14,14,14,14,14,14,14
480004,2,1,1992,14,14,14,14,14,14,14,14,14,14
480005,0,1,1992,25,0,16,24,23,21,20,13,15,26
480005,1,1,1992,0,0,9,0,0,0,0,0,0,0
480006,1,1,1992,36,36,36,36,36,36,36,36,36,36
480007,0,1,1992,16,16,16,16,16,16,16,16,16,16
480007,1,1,1992,0,0,0,0,0,0,0,0,0,0
480008,0,1,1992,21,21,21,21,21,21,21,21,21,21
480008,1,1,1992,18,21,17,5,0,0,3,22,0,13
480009,0,1,1992,0,0,0,0,0,0,0,0,0,0
480009,1,1,1992,0,0,0,0,0,0,0,0,0,0
480010,1,1,1992,0,0,0,0,0,0,0,0,0,0
480010,2,1,1992,0,14,0,21,28,30,0,0,0,3
480011,1,1,1992,12,0,0,0,18,0,0,23,0,7
480011,2,1,1992,0,0,0,7,0,0,7,0,0,0
480012,1,1,1992,0,0,0,0,0,0,0,0,0,0
480013,1,1,1992,0,0,0,0,0,0,0,0,0,0
480013,2,1,1992,0,0,0,0,0,0,0,0,0,0
480013,3,1,1992,8,0,35,0,0,0,0,0,0,0
480014,1,1,1992,22,22,22,22,22,22,22,22,22,22
480015,1,1,1992,19,19,19,19,19,19,19,19,19,19
480015,2,1,1992,0,17,32,0,0,0,24,0,0,0
480016,1,1,1992,0,0,0,0,0,0,0,0,0,0
480016,2,1,1992,0,0,0,0,0,0,0,0,0,0
480017,1,1,1992,0,0,0,0,0,0,0,0,0,0
480017,2,1,1992,0,0,0,0,14,0,0,0,0,0
480018,1,1,1992,0,10,0,0,0,0,0,0,0,0
480018,2,1,1992,19,19,19,19,19,19,19,19,19,19
480019,1,1,1992,0,0,0,0,0,0,0,0,0,0
480020,1,1,1992,13,13,13,13,13,13,13,13,13,13
480021,1,1,1992,14,14,14,14,14,14,14,14,14,14
480022,1,1,1992,1,1,1,1,1,1,1,1,1,1
480023,1,1,1992,18,18,18,18,18,18,18,18,18,18
480023,2,1,1992,0,10,7,0,8,0,0,10,0,0
480024,1,1,1992,30,30,30,30,30,30,30,30,30,30
480024,2,1,1992,0,0,19,6,0,0,0,12,7,0
480025,1,1,1992,26,14,15,0,14,16,4,17,17,6
480026,1,1,1992,0,0,0,0,0,0,0,0,0,0
480026,2,1,1992,10,0,0,0,0,0,0,0,0,0
480026,3,1,1992,0,0,0,0,0,10,0,0,0,0
480027,1,1,1992,42,42,42,42,42,42,42,42,42,42
480027,2,1,1992,15,0,0,0,0,0,0,17,7,0
480027,3,1,1992,0,0,0,20,15,0,0,0,0,8
480028,0,1,1992,2,2,2,2,2,2,2,2,2,2
480028,1,1,1992,18,18,18,18,18,18,18,18,18,18
480029,1,1,1992,23,23,23,23,23,23,23,23,23,23
480029,2,1,1992,0,7,0,0,17,0,0,0,0,0
480030,1,1,1992,25,24,22,28,42,22,24,14,28,9
480031,1,1,1992,28,28,28,28,28,28,28,28,28,28
480031,2,1,1992,0,16,0,14,0,0,0,0,5,13
480032,1,1,1992,0,0,0,0,0,0,0,0,0,0
480033,0,1,1992,0,39,20,0,0,19,35,0,3,25
480033,1,1,1992,0,0,0,0,0,0,0,0,0,0
480034,0,1,1992,21,21,21,21,21,21,21,21,21,21
480034,1,1,1992,0,0,0,0,0,0,0,0,0,0
480035,1,1,1992,0,0,0,0,0,0,0,0,0,0
480036,1,1,1992,0,0,0,0,0,0,0,0,0,0
480036,2,1,1992,0,0,0,0,0,0,0,0,0,0
480037,1,1,1992,20,20,20,20,20,20,20,20,20,20
480038,1,1,1992,0,39,0,9,0,0,0,0,0,0
480039,1,1,1992,0,0,0,0,0,7,0,15,21,0
480040,0,1,1992,0,0,0,0,0,0,0,0,0,0
480040,1,1,1992,6,0,0,0,0,0,0,0,0,0
480041,1,1,1992,17,17,17,17,17,17,17,17,17,17
480042,1,1,1992,0,0,0,0,0,0,0,0,0,0
480042,2,1,1992,0,0,0,14,0,0,0,0,0,0
480043,1,1,1992,11,11,11,11,11,11,11,11,11,11
480044,1,1,1992,0,0,0,0,0,0,0,0,0,0
480045,1,1,1992,0,0,0,0,0,0,0,0,0,0
480045,2,1,1992,0,0,0,0,0,0,0,0,0,0
480045,3,1,1992,0,0,0,0,0,0,0,0,0,0
480045,4,1,1992,0,0,0,0,0,0,0,0,0,0
480046,1,1,1992,0,0,0,0,0,0,0,0,0,0
480046,2,1,1992,0,0,0,0,0,0,0,0,0,0
480047,0,1,1992,0,0,0,0,0,0,28,0,0,0
480047,1,1,1992,18,0,0,0,0,0,0,0,0,0
480048,1,1,1992,0,0,0,0,0,0,0,0,0,0
480048,2,1,1992,0,0,0,0,0,0,0,0,0,8
480049,0,1,1992,13,13,13,13,13,13,13,13,13,13
480049,1,1,1992,0,0,0,0,0,0,0,0,0,0
480049,2,1,1992,0,0,0,0,0,0,0,0,0,0
480050,0,1,1992,0,0,0,0,0,0,0,0,0,0
480050,1,1,1992,0,0,0,0,0,0,0,0,0,0
480051,0,1,1992,0,0,0,0,0,0,0,0,0,0
480051,0,2,1992,0,20,0,0,13,0,20,12,26,11
480051,1,1,1992,0,0,0,0,0,0,7,0,0,12
480052,0,1,1992,0,0,0,0,0,0,0,0,0,0
480052,1,1,1992,6,6,6,6,6,6,6,6,6,6
480053,1,1,1992,0,0,0,0,0,0,0,0,0,0
480053,2,1,1992,0,0,0,0,0,0,0,0,0,0
480054,1,1,1992,24,24,24,24,24,24,24,24,24,24
480054,2,1,1992,19,0,0,20,0,30,0,14,0,0
480054,3,1,1992,0,0,0,0,0,0,0,0,0,0
480054,4,1,1992,0,19,0,0,19,0,10,9,0,0
480055,1,1,1992,18,18,18,18,18,18,18,18,18,18
480055,2,1,1992,0,0,0,0,0,0,0,0,0,0
480056,1,1,1992,11,11,11,11,11,11,11,11,11,11
480057,1,1,1992,17,17,17,17,17,17,17,17,17,17
480058,0,1,1992,0,0,0,0,9,0,0,0,0,0
480058,1,1,1992,0,0,11,0,21,0,0,0,0,0
480059,1,1,1992,27,27,27,27,27,27,27,27,27,27
480060,1,1,1992,16,29,9,31,22,16,17,20,29,15
480061,1,1,1992,0,0,22,0,0,0,0,0,0,0
480061,2,1,1992,18,0,0,0,0,0,0,15,0,0
480061,3,1,1992,0,0,0,0,0,0,0,0,0,0
480061,4,1,1992,10,0,0,0,0,0,0,0,0,0
480062,0,2,1992,0,0,0,0,0,0,0,0,0,0
480062,0,3,1992,0,0,0,0,0,0,0,0,0,0
480062,1,1,1992,22,0,0,0,0,8,0,0,34,29
480063,1,1,1992,0,0,0,0,0,0,0,0,0,0
480063,2,1,1992,0,0,0,0,0,0,0,0,0,0
480064,1,1,1992,14,14,14,14,14,14,14,14,14,14
480065,0,1,1992,18,0,20,0,16,11,23,0,9,0
480065,1,1,1992,13,16,0,0,0,0,0,0,0,0
480065,2,1,1992,28,28,28,28,28,28,28,28,28,28
480065,3,1,1992,0,0,0,0,0,0,0,0,0,0
480066,1,1,1992,18,18,18,18,18,18,18,18,18,18
480066,2,1,1992,17,17,17,17,17,17,17,17,17,17
480067,1,1,1992,0,0,0,0,0,0,0,0,0,0
480067,2,1,1992,0,0,0,0,0,0,0,0,0,0
480068,1,1,1992,18,18,18,18,18,18,18,18,18,18
480069,1,1,1992,0,0,0,5,13,15,0,0,9,0
480069,2,1,1992,19,19,19,19,19,19,19,19,19,19
480070,1,1,1992,13,13,13,13,13,13,13,13,13,13
480071,0,1,1992,13,13,13,13,13,13,13,13,13,13
480071,0,2,1992,7,0,10,12,33,23,13,23,0,15
480071,1,1,1992,16,0,12,0,5,13,0,7,0,25
480072,1,1,1992,16,0,0,0,0,0,0,0,0,0
480072,2,1,1992,0,0,0,0,0,0,0,4,0,0
480072,3,1,1992,0,0,0,0,0,0,0,0,0,0
480073,1,1,1992,0,0,0,0,0,0,0,0,0,0
480074,0,1,1992,0,0,0,0,0,0,0,0,0,0
480074,1,1,1992,0,0,0,0,0,0,0,0,0,0
480075,1,1,1992,10,0,26,21,29,35,0,21,22,9
480076,0,1,1992,30,30,30,30,30,30,30,30,30,30
480076,1,1,1992,16,0,0,0,0,0,0,0,0,0
480077,1,1,1992,0,0,0,0,0,0,0,0,0,0
480077,2,1,1992,0,0,0,0,0,0,0,0,0,0
480078,1,1,1992,0,0,0,0,0,0,0,0,0,0
480078,2,1,1992,0,0,0,0,0,0,0,0,0,0
480079,0,1,1992,24,24,24,24,24,24,24,24,24,24
480079,0,2,1992,0,11,6,0,11,12,0,0,0,15
480079,1,1,1992,0,0,0,0,0,0,0,0,0,0
480080,1,1,1992,0,0,0,0,0,0,0,0,0,0
480080,2,1,1992,8,0,0,0,0,0,8,0,0,0
480081,1,1,1992,6,6,6,6,6,6,6,6,6,6
480081,2,1,1992,2,2,2,2,2,2,2,2,2,2
480082,1,1,1992,14,0,0,22,0,19,0,9,0,0
480083,0,1,1992,0,0,0,0,0,0,0,0,0,0
480083,1,1,1992,9,0,0,0,0,0,0,0,0,0
480084,1,1,1992,15,15,15,15,15,15,15,15,15,15
480085,1,1,1992,0,0,0,0,0,0,0,0,0,0
480085,2,1,1992,0,0,0,0,0,0,0,0,0,0
480086,1,1,1992,0,0,0,0,10,0,0,0,0,0
480086,2,1,1992,0,0,0,0,0,18,0,0,0,0
480087,1,1,1992,17,5,10,15,20,6,9,23,19,10
480088,1,1,1992,44,44,44,44,44,44,44,44,44,44
480089,1,1,1992,25,25,25,25,25,25,25,25,25,25
480090,1,1,1992,9,0,10,7,0,17,17,0,25,19
480091,1,1,1992,0,0,0,0,0,0,0,0,0,0
480091,2,1,1992,17,17,17,17,17,17,17,17,17,17
480092,1,1,1992,0,0,0,0,0,0,0,0,0,0
480092,2,1,1992,0,0,0,0,0,0,0,0,0,0
480093,0,1,1992,0,0,0,0,0,0,0,0,0,0
480093,1,1,1992,0,0,0,0,23,0,0,0,0,0
480094,0,1,1992,18,18,18,18,18,18,18,18,18,18
480094,0,2,1992,32,28,0,0,26,0,0,33,17,0
480094,1,1,1992,7,7,7,7,7,7,7,7,7,7
480095,1,1,1992,0,17,0,0,0,0,0,26,0,6
480095,2,1,1992,0,0,0,15,13,0,0,17,0,0
480096,1,1,1992,0,0,0,0,0,0,0,0,0,0
480096,2,1,1992,0,0,0,0,0,0,0,0,0,0
480097,1,1,1992,0,0,0,0,0,0,0,0,0,0
480097,2,1,1992,0,0,0,0,0,0,0,0,0,0
480098,1,1,1992,0,0,0,0,0,0,0,0,0,0
480098,2,1,1992,0,0,0,0,0,0,0,0,0,0
480099,0,1,1992,30,0,0,10,0,0,0,0,0,0
480099,1,1,1992,0,0,0,0,8,0,0,0,0,0
480100,1,1,1992,7,21,19,11,22,12,11,14,22,20
480100,2,1,1992,24,20,15,11,15,9,17,18,10,24
480101,1,1,1992,0,0,0,0,0,0,0,0,0,0
480102,1,1,1992,15,15,15,15,15,15,15,15,15,15
480103,0,1,1992,14,14,14,14,14,14,14,14,14,14
480103,1,1,1992,0,15,15,18,0,20,20,15,8,0
480104,1,1,1992,20,14,17,16,6,14,0,0,0,3
480104,2,1,1992,10,10,10,10,10,10,10,10,10,10
480105,0,1,1992,0,0,0,0,0,0,0,0,0,0
480105,1,1,1992,0,0,0,0,0,0,0,0,0,0
480106,1,1,1992,16,16,16,16,16,16,16,16,16,16
480106,2,1,1992,0,20,0,0,0,0,0,0,0,0
480107,0,1,1992,0,0,0,0,0,0,0,0,0,0
480107,1,1,1992,10,0,0,0,0,0,7,0,0,0
480108,1,1,1992,9,23,19,0,0,0,0,0,0,0
480109,1,1,1992,0,0,0,0,0,0,0,0,0,0
480109,2,1,1992,0,0,0,0,0,0,0,0,0,0
480110,1,1,1992,0,0,0,0,0,0,0,0,0,0
480110,2,1,1992,0,0,0,0,0,0,0,12,0,0
480111,1,1,1992,0,0,0,0,0,0,0,0,0,0
480112,0,1,1992,0,0,0,0,0,0,0,0,0,0
480112,1,1,1992,0,0,0,0,0,0,0,0,0,0
480113,1,1,1992,20,20,20,20,20,20,20,20,20,20
480114,1,1,1992,0,0,0,17,0,0,0,0,0,0
480114,2,1,1992,0,0,0,0,0,0,0,0,0,0
480115,1,1,1992,14,14,14,14,14,14,14,14,14,14
480116,0,1,1992,25,0,0,26,16,0,19,17,0,0
480116,1,1,1992,0,0,0,0,0,0,0,0,0,0
480117,1,1,1992,22,15,18,37,34,0,25,13,18,25
480118,1,1,1992,25,25,25,25,25,25,25,25,25,25
480119,1,1,1992,0,0,0,0,0,0,0,0,0,0
480120,1,1,1992,12,12,12,12,12,12,12,12,12,12
480120,2,1,1992,4,4,4,4,4,4,4,4,4,4
480121,1,1,1992,18,18,18,18,18,18,18,18,18,18
480121,2,1,1992,0,0,0,21,0,0,0,0,0,0
480122,1,1,1992,0,0,0,0,0,0,16,0,29,0
480123,1,1,1992,0,0,0,0,0,0,18,0,0,0
480123,2,1,1992,0,0,0,0,0,0,0,0,0,0
480124,1,1,1992,0,0,0,0,0,0,0,0,0,0
480125,1,1,1992,5,0,0,0,0,0,0,0,0,17
480126,1,1,1992,0,0,0,0,0,0,0,0,0,0
480127,1,1,1992,26,26,26,26,26,26,26,26,26,26
480128,0,1,1992,38,38,38,38,38,38,38,38,38,38
480128,1,1,1992,10,9,14,19,20,16,9,11,25,5
480129,1,1,1992,26,26,26,26,26,26,26,26,26,26
480129,2,1,1992,0,0,10,9,0,0,21,0,0,0
480130,0,1,1992,13,0,28,0,0,0,0,0,0,0
480130,1,1,1992,15,15,15,15,15,15,15,15,15,15
480131,1,1,1992,27,0,0,0,9,13,15,12,0,21
480131,2,1,1992,0,0,13,0,24,0,13,16,20,0
480132,1,1,1992,5,0,0,16,16,16,0,0,24,0
480133,1,1,1992,0,7,0,24,11,14,17,7,0,4
480133,2,1,1992,0,20,0,0,0,0,0,0,0,0
480134,0,1,1992,26,26,26,26,26,26,26,26,26,26
480134,1,1,1992,7,0,13,0,9,0,0,0,9,0
480135,0,1,1992,0,18,0,0,0,18,0,10,0,21
480135,1,1,1992,11,11,11,11,11,11,11,11,11,11
480136,1,1,1992,0,0,0,0,7,0,0,0,0,16
480136,2,1,1992,27,3,0,34,0,10,4,0,5,0
480136,3,1,1992,19,19,19,19,19,19,19,19,19,19
480137,1,1,1992,0,0,0,0,0,0,0,0,0,0
480137,2,1,1992,0,0,0,0,0,0,0,0,0,0
480138,1,1,1992,7,7,7,7,7,7,7,7,7,7
480138,2,1,1992,0,0,0,0,8,0,0,0,0,0
480139,1,1,1992,0,4,13,0,0,9,4,14,11,0
480139,2,1,1992,14,14,14,14,14,14,14,14,14,14
480140,0,1,1992,0,0,0,14,0,17,0,6,10,0
480140,1,1,1992,0,17,14,0,0,0,0,0,0,18
480141,1,1,1992,17,17,17,17,17,17,17,17,17,17
480142,1,1,1992,0,0,28,0,0,0,0,0,10,0
480143,1,1,1992,0,15,0,20,0,0,12,0,0,28
480143,2,1,1992,0,0,6,0,14,0,0,29,0,0
480144,1,1,1992,24,21,42,0,6,0,19,17,8,0
480144,2,1,1992,25,21,9,0,0,0,17,0,0,0
480145,1,1,1992,24,24,24,24,24,24,24,24,24,24
480146,1,1,1992,28,28,28,28,28,28,28,28,28,28
480147,1,1,1992,0,0,0,0,0,0,0,8,0,0
480147,2,1,1992,7,0,0,0,0,0,0,0,0,0
480148,0,1,1992,0,0,0,24,0,10,0,0,0,0
480148,1,1,1992,0,10,7,0,12,7,18,0,0,21
480149,1,1,1992,6,6,6,6,6,6,6,6,6,6
480150,1,1,1992,9,9,21,10,18,20,0,16,13,7
480151,1,1,1992,0,0,9,0,0,0,0,0,14,0
480151,2,1,1992,0,0,0,0,0,0,0,0,0,0
480152,1,1,1992,0,0,0,0,0,0,0,0,0,0
480152,2,1,1992,0,0,0,0,0,0,0,0,0,0
480153,1,1,1992,0,0,0,0,0,0,0,0,0,0
480153,2,1,1992,0,0,0,0,0,0,0,17,0,0
480153,3,1,1992,0,0,0,0,0,0,0,0,0,0
480154,0,1,1992,0,0,0,17,0,0,0,0,0,0
480154,1,1,1992,0,0,0,0,0,0,0,0,0,0
480155,0,1,1992,5,5,5,5,5,5,5,5,5,5
480155,0,2,1992,16,16,16,16,16,16,16,16,16,16
480155,1,1,1992,0,0,0,0,0,0,0,0,10,0
480156,1,1,1992,0,0,9,0,0,0,0,0,0,0
480156,2,1,1992,0,0,0,0,0,0,0,0,0,0
480157,1,1,1992,23,26,12,24,15,25,22,14,7,47
480158,1,1,1992,0,0,0,0,0,0,0,0,0,0
480158,2,1,1992,12,12,12,12,12,12,12,12,12,12
480159,1,1,1992,0,0,0,0,0,0,0,0,0,0
480159,2,1,1992,0,0,0,0,0,0,0,0,0,0
480160,1,1,1992,20,20,20,20,20,20,20,20,20,20
480160,2,1,1992,0,0,0,0,0,0,0,0,0,0
480161,0,1,1992,0,0,21,0,0,0,0,0,0,19
480161,1,1,1992,0,0,0,12,0,0,0,0,0,0
480161,2,1,1992,0,0,0,0,0,0,0,0,0,0
480161,3,1,1992,0,0,0,0,0,0,0,0,0,0
480162,1,1,1992,0,0,0,0,0,0,0,0,0,0
480163,1,1,1992,0,0,2,0,0,0,0,0,0,0
480163,2,1,1992,11,11,11,11,11,11,11,11,11,11
480164,0,1,1992,0,0,0,0,0,0,0,0,0,0
480164,1,1,1992,0,0,0,0,0,0,0,0,0,0
480165,1,1,1992,0,0,0,0,0,0,0,0,0,0
480166,1,1,1992,33,33,33,33,33,33,33,33,33,33
480167,0,1,1992,23,23,23,23,23,23,23,23,23,23
480167,1,1,1992,0,16,0,0,0,0,0,12,0,0
480168,0,1,1992,21,21,21,21,21,21,21,21,21,21
480168,1,1,1992,0,0,0,0,0,0,0,0,0,0
480169,1,1,1992,20,20,20,20,20,20,20,20,20,20
480170,1,1,1992,25,6,31,17,24,24,0,24,6,26
480171,1,1,1992,25,25,25,25,25,25,25,25,25,25
480172,1,1,1992,0,0,0,0,0,2,0,0,0,17
480173,1,1,1992,0,0,0,0,0,0,0,0,0,0
480173,2,1,1992,17,25,0,0,28,14,7,13,1,12
480174,1,1,1992,0,0,0,0,9,0,0,0,8,0
480174,2,1,1992,0,0,0,16,11,0,26,0,0,0
480175,1,1,1992,24,24,24,24,24,24,24,24,24,24
480176,1,1,1992,19,19,19,19,19,19,19,19,19,19
480177,0,1,1992,0,0,0,0,0,0,0,0,0,0
480177,1,1,1992,0,10,0,0,0,15,12,0,0,0
480178,0,1,1992,0,0,0,0,0,0,0,0,0,0
480178,1,1,1992,0,0,0,0,0,0,0,0,0,0
480179,0,1,1992,0,45,0,23,17,26,0,16,0,0
480179,1,1,1992,0,13,13,0,0,14,0,0,0,0
480180,1,1,1992,15,0,0,0,0,0,0,0,0,0
480180,2,1,1992,0,0,0,0,14,0,0,0,0,0
480181,1,1,1992,8,0,21,9,0,0,0,14,0,13
480182,1,1,1992,32,32,32,32,32,32,32,32,32,32
480183,1,1,1992,0,16,0,6,20,28,12,19,7,22
480184,1,1,1992,3,12,0,12,14,20,19,23,12,21
480184,2,1,1992,2,0,18,0,11,24,0,0,9,0
480184,3,1,1992,0,17,0,0,0,0,0,0,0,0
480184,4,1,1992,0,0,21,0,0,29,0,0,0,0
480185,1,1,1992,0,0,0,11,0,0,0,0,0,0
480186,1,1,1992,14,5,17,9,0,9,0,0,21,0
480187,1,1,1992,0,0,0,0,0,0,0,0,0,0
480187,2,1,1992,0,0,0,0,0,0,0,0,0,0
480187,3,1,1992,0,0,0,0,0,0,0,0,0,0
480187,4,1,1992,16,0,0,0,0,0,0,0,0,0
480187,5,1,1992,0,0,0,0,0,0,0,0,0,0
480188,0,1,1992,0,0,0,0,0,0,0,0,0,0
480188,1,1,1992,0,17,0,0,0,0,0,0,0,0
480189,1,1,1992,0,0,0,0,0,0,0,0,0,0
480189,2,1,1992,18,18,18,18,18,18,18,18,18,18
480190,0,1,1992,0,0,0,0,0,0,0,0,0,0
480190,1,1,1992,2,0,0,0,0,0,0,0,0,18
480191,0,1,1992,0,0,0,0,0,0,0,0,0,0
480191,0,2,1992,7,7,7,7,7,7,7,7,7,7
480191,1,1,1992,0,0,0,0,0,0,0,10,0,0
480192,1,1,1992,0,0,0,11,0,18,0,0,0,0
480192,2,1,1992,17,0,0,0,0,0,0,0,0,17
480193,1,1,1992,0,0,0,0,6,0,0,0,0,0
480194,0,1,1992,0,0,0,0,0,0,0,0,0,0
480194,1,1,1992,0,0,12,0,22,34,0,0,16,26
480195,1,1,1992,26,26,26,26,26,26,26,26,26,26
480196,1,1,1992,36,36,36,36,36,36,36,36,36,36
480197,0,1,1992,0,16,0,27,0,0,18,0,19,0
480197,1,1,1992,12,0,0,0,0,0,0,0,0,0
480198,1,1,1992,0,0,0,0,0,0,0,0,0,0