ST_CASE,VEH_NO,PER_NO,YEAR,P1,P2,P3,P4,P5,P6,P7,P8,P9,P10
480198,2,1,1992,0,0,0,0,0,0,0,0,0,0
480199,1,1,1992,0,0,4,9,0,0,0,0,14,0
480199,2,1,1992,22,0,0,18,11,13,5,0,9,0
480200,0,1,1992,19,19,19,19,19,19,19,19,19,19
480200,1,1,1992,0,4,12,0,0,0,0,5,0,4
480201,0,1,1992,0,0,0,0,0,0,0,0,0,0
480201,1,1,1992,21,0,0,0,0,0,0,0,0,22
480202,1,1,1992,11,29,28,26,13,39,29,38,22,21
480204,1,1,1992,0,0,0,0,0,0,0,0,0,0
480204,2,1,1992,0,16,0,0,0,0,0,7,5,0
480205,0,1,1992,0,0,0,0,0,0,0,0,0,0
480205,1,1,1992,19,0,0,0,22,0,29,0,15,0
480206,1,1,1992,26,26,26,26,26,26,26,26,26,26
480207,1,1,1992,0,0,0,0,0,10,0,11,0,0
480207,2,1,1992,0,0,0,0,11,0,0,7,0,0
480208,1,1,1992,3,0,0,0,0,0,0,0,0,0
480208,2,1,1992,0,0,0,0,0,0,0,0,5,0
480209,1,1,1992,0,0,0,0,0,0,0,0,0,0
480209,2,1,1992,0,11,0,0,0,0,0,0,13,0
480209,3,1,1992,0,13,0,0,0,0,0,0,0,0
480210,2,1,1992,0,0,0,0,0,0,0,0,0,0
480211,0,1,1992,0,0,0,0,0,0,0,0,0,0
480211,1,1,1992,9,9,9,9,9,9,9,9,9,9
480212,0,1,1992,24,24,24,24,24,24,24,24,24,24
480212,1,1,1992,0,0,0,0,0,0,0,0,0,0
480213,0,1,1992,0,0,0,0,0,0,0,0,0,0
480213,1,1,1992,0,0,0,16,0,0,0,0,0,0
480214,1,1,1992,25,25,25,25,25,25,25,25,25,25
480215,1,1,1992,20,20,20,20,20,20,20,20,20,20
480216,1,1,1992,0,0,0,0,0,0,0,0,0,0
480216,2,1,1992,0,0,0,0,0,0,0,0,0,0
480217,1,1,1992,0,8,0,0,0,0,0,0,0,0
480217,2,1,1992,0,0,0,0,0,0,0,0,0,0
480218,0,1,1992,0,0,0,0,0,0,0,0,0,0
480218,1,1,1992,0,0,0,0,0,16,17,0,6,0
480219,1,1,1992,0,11,0,9,0,0,0,0,0,0
480219,2,1,1992,5,0,0,0,0,0,0,0,0,7
480220,1,1,1992,26,22,25,14,8,7,19,0,21,25
480220,2,1,1992,25,15,7,17,11,10,9,9,0,0
480221,1,1,1992,26,26,26,26,26,26,26,26,26,26
480222,1,1,1992,0,0,0,0,0,0,16,0,0,10
480222,2,1,1992,14,14,14,14,14,14,14,14,14,14
480223,1,1,1992,0,0,0,0,0,0,0,0,0,0
480223,2,1,1992,0,0,0,0,0,0,0,0,0,0
480224,1,1,1992,0,0,0,0,0,0,5,0,0,0
480224,2,1,1992,9,9,9,9,9,9,9,9,9,9
480225,0,1,1992,12,0,10,17,0,14,0,0,0,0
480225,1,1,1992,0,0,0,0,0,0,0,0,0,0
480226,1,1,1992,8,8,8,8,8,8,8,8,8,8
480227,0,1,1992,29,35,22,0,0,14,24,0,0,0
480227,0,2,1992,0,36,0,25,23,0,14,19,11,0
480227,1,1,1992,0,0,0,0,0,0,0,0,0,0
480228,1,1,1992,0,0,0,0,0,0,0,0,0,0
480229,1,1,1992,20,14,16,0,0,0,14,22,0,0
480229,2,1,1992,0,0,0,0,0,0,0,0,0,0
480230,1,1,1992,0,0,0,0,0,0,0,0,0,0
480230,2,1,1992,0,0,0,0,0,0,0,0,0,0
480231,1,1,1992,0,0,0,0,0,0,0,0,0,0
480232,1,1,1992,22,22,22,22,22,22,22,22,22,22
480232,2,1,1992,0,0,0,0,0,0,0,0,0,0
480233,0,1,1992,0,29,0,21,0,0,21,18,0,15
480233,1,1,1992,0,0,0,27,0,0,0,23,0,0
480234,0,1,1992,19,0,0,0,0,32,0,0,0,2
480234,0,2,1992,0,0,23,0,0,0,15,0,2,0
480234,1,1,1992,0,0,6,0,0,0,0,0,0,0
480235,1,1,1992,4,4,4,4,4,4,4,4,4,4
480236,0,1,1992,7,7,7,7,7,7,7,7,7,7
480236,1,1,1992,0,0,0,0,0,0,0,0,0,0
480237,0,1,1992,0,0,0,0,0,0,0,0,0,0
480237,1,1,1992,0,0,0,0,0,0,0,0,0,0
480238,1,1,1992,14,14,27,21,20,28,13,18,22,14
480239,1,1,1992,17,17,17,17,17,17,17,17,17,17
480240,1,1,1992,0,14,0,0,13,18,0,15,19,12
480240,2,1,1992,0,0,0,0,0,0,0,0,0,0
480241,0,1,1992,0,0,0,0,0,0,0,0,0,0
480241,1,1,1992,15,24,18,0,0,0,5,0,14,11
480242,1,1,1992,17,22,14,9,0,0,0,0,0,0
480243,1,1,1992,18,18,18,18,18,18,18,18,18,18
480244,1,1,1992,21,21,21,21,21,21,21,21,21,21
480245,1,1,1992,18,7,0,5,0,0,0,7,13,21
480245,2,1,1992,0,0,0,0,0,0,0,0,0,0
480246,1,1,1992,0,0,0,0,0,0,0,0,0,28
480246,2,1,1992,0,0,0,0,0,0,0,0,0,0
480247,1,1,1992,15,15,15,15,15,15,15,15,15,15
480248,1,1,1992,0,0,0,0,0,0,0,0,0,0
480249,0,1,1992,0,0,0,0,0,0,0,0,0,0
480249,1,1,1992,0,0,0,0,0,7,0,0,0,0
480249,2,1,1992,11,0,13,8,0,0,0,0,0,0
480249,3,1,1992,0,0,0,0,0,0,0,0,0,0
480250,1,1,1992,8,8,8,8,8,8,8,8,8,8
480250,2,1,1992,4,0,0,0,0,0,0,0,0,0
480251,1,1,1992,17,11,14,17,0,15,0,14,0,25
480252,0,1,1992,28,31,9,0,0,19,0,9,30,13
480252,0,2,1992,13,0,0,0,12,37,20,39,0,12
480252,1,1,1992,24,24,24,24,24,24,24,24,24,24
480253,1,1,1992,24,24,24,24,24,24,24,24,24,24
480253,2,1,1992,0,0,0,0,34,8,13,0,0,0
480254,1,1,1992,16,16,16,16,16,16,16,16,16,16
480255,0,1,1992,0,19,0,0,0,0,18,14,0,0
480255,0,2,1992,0,0,0,0,25,0,0,0,0,0
480255,1,1,1992,11,30,0,0,20,25,12,15,28,11
480256,1,1,1992,25,25,25,25,25,25,25,25,25,25
480256,2,1,1992,0,0,0,0,0,0,0,0,0,0
480256,3,1,1992,0,8,0,0,0,0,0,0,0,0
480256,4,1,1992,16,0,18,5,0,0,0,18,0,0
480257,1,1,1992,11,45,38,48,22,24,12,15,22,12
480258,0,1,1992,32,6,34,38,15,17,27,0,0,11
480258,0,2,1992,22,0,18,26,12,11,14,12,9,17
480258,1,1,1992,23,23,23,23,23,23,23,23,23,23
480259,0,1,1992,0,0,0,0,0,0,0,0,0,0
480259,0,2,1992,0,0,0,0,0,0,0,0,0,0
480259,1,1,1992,5,0,0,0,0,0,0,15,0,0
480260,1,1,1992,16,0,0,0,3,0,0,0,5,0
480261,1,1,1992,0,0,0,0,0,0,0,0,0,0
480261,2,1,1992,0,0,0,0,0,0,0,0,0,0
480262,1,1,1992,6,10,27,18,14,6,0,27,0,0
480262,2,1,1992,0,0,0,0,0,0,0,0,0,0
480263,1,1,1992,0,0,0,0,0,0,0,0,0,0
480263,2,1,1992,11,0,0,0,0,0,0,0,0,0
480264,1,1,1992,0,0,0,0,0,0,0,0,0,0
480265,1,1,1992,25,25,25,25,25,25,25,25,25,25
480266,1,1,1992,24,24,24,24,24,24,24,24,24,24
480266,2,1,1992,0,0,0,0,0,0,0,0,0,0
480266,3,1,1992,0,0,0,0,0,0,0,0,0,10
480267,1,1,1992,0,0,0,0,10,0,0,0,0,0
480267,2,1,1992,0,0,0,0,0,0,0,0,0,0
480268,1,1,1992,48,48,48,48,48,48,48,48,48,48
480268,2,1,1992,0,0,0,0,0,0,0,0,0,0
480268,3,1,1992,0,0,0,0,0,0,0,0,0,0
480269,1,1,1992,27,27,27,27,27,27,27,27,27,27
480269,2,1,1992,18,18,18,18,18,18,18,18,18,18
480270,1,1,1992,0,0,0,0,0,0,0,0,0,0
480270,2,1,1992,0,0,0,0,0,0,0,0,0,0
480270,3,1,1992,0,0,0,0,0,0,0,0,0,0
480271,1,1,1992,0,0,0,0,0,0,0,0,0,0
480272,1,1,1992,0,0,0,0,0,0,0,0,0,0
480272,2,1,1992,1,1,1,1,1,1,1,1,1,1
480273,1,1,1992,0,0,0,0,0,0,0,0,0,0
480273,2,1,1992,3,3,3,3,3,3,3,3,3,3
480274,1,1,1992,21,21,21,21,21,21,21,21,21,21
480275,1,1,1992,0,0,0,7,0,0,0,0,0,0
480276,1,1,1992,0,0,6,0,0,0,0,0,0,0
480277,1,1,1992,0,0,0,0,0,0,0,0,0,0
480277,2,1,1992,0,0,0,0,0,0,0,0,0,0
480278,1,1,1992,15,15,15,15,15,15,15,15,15,15
480278,2,1,1992,0,0,0,0,0,0,0,0,0,0
480279,1,1,1992,17,17,17,17,17,17,17,17,17,17
480279,2,1,1992,0,0,3,0,0,16,0,0,0,0
480280,1,1,1992,0,5,16,18,21,27,19,23,18,8
480281,1,1,1992,0,0,0,0,20,0,0,0,0,0
480281,2,1,1992,0,0,0,0,0,0,0,0,0,0
480282,1,1,1992,12,12,12,12,12,12,12,12,12,12
480282,2,1,1992,25,22,9,20,9,16,6,0,9,16
480283,1,1,1992,29,29,29,29,29,29,29,29,29,29
480284,1,1,1992,31,31,31,31,31,31,31,31,31,31
480285,1,1,1992,0,0,0,0,0,0,0,0,0,0
480287,1,1,1992,0,21,0,27,0,23,20,10,0,26
480287,2,1,1992,0,4,0,0,0,0,23,5,38,0
480288,0,1,1992,27,27,27,27,27,27,27,27,27,27
480288,1,1,1992,0,0,0,0,0,0,0,0,0,0
480289,0,1,1992,17,0,18,40,21,18,15,8,0,0
480289,1,1,1992,0,0,0,0,0,0,0,0,0,0
480290,1,1,1992,19,0,0,18,18,0,0,0,0,10
480290,2,1,1992,13,13,13,13,13,13,13,13,13,13
480291,1,1,1992,11,11,11,11,11,11,11,11,11,11
480291,2,1,1992,0,0,0,0,0,0,0,0,0,0
480292,1,1,1992,0,0,0,0,0,0,8,11,0,0
480292,2,1,1992,3,18,0,0,0,18,0,0,0,0
480293,1,1,1992,0,0,0,0,0,0,0,0,13,0
480293,2,1,1992,13,13,13,13,13,13,13,13,13,13
480294,0,1,1992,14,0,0,38,7,13,25,0,0,0
480294,1,1,1992,0,0,21,0,18,7,0,0,0,20
480295,1,1,1992,28,28,28,28,28,28,28,28,28,28
480295,2,1,1992,2,2,2,2,2,2,2,2,2,2
480296,1,1,1992,12,5,18,7,18,13,9,8,6,27
480296,2,1,1992,18,14,4,0,13,28,12,2,15,7
480297,1,1,1992,16,16,16,16,16,16,16,16,16,16
480298,1,1,1992,0,0,0,0,0,0,0,0,0,0
480298,2,1,1992,0,0,0,0,0,0,0,0,0,0
480298,3,1,1992,0,0,0,0,0,0,0,0,0,0
480298,4,1,1992,0,0,0,0,0,0,0,0,0,0
480299,0,1,1992,0,0,0,0,0,0,17,0,0,0
480299,1,1,1992,0,0,0,0,0,0,0,0,0,0
480300,1,1,1992,0,0,0,0,0,0,0,0,0,0
480301,1,1,1992,14,14,14,14,14,14,14,14,14,14
480302,1,1,1992,21,21,21,21,21,21,21,21,21,21
480303,1,1,1992,0,0,0,0,0,0,4,20,0,0
480303,2,1,1992,0,0,0,0,0,15,0,5,0,0
480304,1,1,1992,0,0,0,0,0,0,0,0,0,0
480304,2,1,1992,0,0,0,0,0,0,0,0,0,0
480305,1,1,1992,0,0,0,0,0,0,0,0,0,0
480305,2,1,1992,0,0,0,0,20,0,0,0,0,0
480306,0,1,1992,18,22,15,23,10,15,23,15,19,33
480306,1,1,1992,0,0,13,0,0,0,0,0,0,24
480307,1,1,1992,14,14,14,14,14,14,14,14,14,14
480308,0,1,1992,0,0,0,0,0,0,0,0,0,0
480308,1,1,1992,30,0,5,19,20,0,18,19,12,0
480309,1,1,1992,3,0,0,0,0,0,0,0,0,0
480309,2,1,1992,26,26,26,26,26,26,26,26,26,26
480310,0,1,1992,0,0,0,0,0,0,0,0,0,0
480310,1,1,1992,0,0,0,0,0,0,0,0,0,0
480311,1,1,1992,17,0,21,0,14,0,13,0,0,0
480311,2,1,1992,0,0,0,6,0,0,0,0,0,0
480311,3,1,1992,13,0,0,11,13,0,0,0,0,0
480312,0,1,1992,0,0,0,0,0,0,0,0,0,0
480312,1,1,1992,15,15,15,15,15,15,15,15,15,15
480313,0,1,1992,0,0,0,0,0,0,0,0,0,0
480313,1,1,1992,0,0,0,0,0,0,0,0,0,0
480314,0,1,1992,0,0,0,0,0,0,0,0,0,0
480314,1,1,1992,0,0,12,19,0,0,0,0,0,0
480314,2,1,1992,0,0,0,20,0,0,0,0,0,0
480315,0,1,1992,26,26,26,26,26,26,26,26,26,26
480315,1,1,1992,0,0,0,0,0,0,0,0,0,0
480316,1,1,1992,0,0,0,0,0,0,0,0,0,0
480316,2,1,1992,25,25,25,25,25,25,25,25,25,25
480317,1,1,1992,0,0,0,0,0,0,0,0,0,0
480317,2,1,1992,0,0,10,0,0,0,0,0,0,0
480318,1,1,1992,0,23,13,11,10,18,8,8,10,26
480319,0,1,1992,0,0,0,0,0,0,0,0,0,0
480319,1,1,1992,17,4,0,6,7,12,16,0,13,16
480320,1,1,1992,0,0,0,0,0,0,0,0,0,0
480321,0,1,1992,0,0,18,24,9,0,0,0,14,0
480321,1,1,1992,0,0,0,0,0,0,0,0,0,0
480322,1,1,1992,0,0,0,0,0,0,0,0,0,0
480322,2,1,1992,0,0,0,0,0,25,0,0,0,0
480323,0,1,1992,0,17,0,32,8,22,0,20,25,5
480323,1,1,1992,19,19,19,19,19,19,19,19,19,19
480324,1,1,1992,12,12,12,12,12,12,12,12,12,12
480324,2,1,1992,19,0,17,0,0,0,0,0,0,0
480325,1,1,1992,0,0,0,0,0,0,0,0,0,0
480325,2,1,1992,15,15,15,15,15,15,15,15,15,15
480326,1,1,1992,0,0,0,0,0,0,0,0,0,0
480326,2,1,1992,26,26,26,26,26,26,26,26,26,26
480327,0,1,1992,8,21,19,30,17,10,0,16,13,25
480327,1,1,1992,27,27,27,27,27,27,27,27,27,27
480328,1,1,1992,19,19,19,19,19,19,19,19,19,19
480329,0,1,1992,15,0,50,0,0,13,12,3,24,0
480329,1,1,1992,7,0,0,0,0,0,12,7,0,0
480329,2,1,1992,11,0,0,9,14,0,15,1,16,10
480330,0,1,1992,12,12,12,12,12,12,12,12,12,12
480330,1,1,1992,20,20,20,20,20,20,20,20,20,20
480331,1,1,1992,0,0,0,0,0,0,0,0,0,0
480331,2,1,1992,0,0,0,0,19,0,0,0,0,0
480332,1,1,1992,0,0,0,0,0,0,0,0,0,0
480332,2,1,1992,0,0,12,0,0,0,0,0,0,0
480332,3,1,1992,0,0,0,0,0,0,0,0,0,0
480333,1,1,1992,18,17,24,9,18,4,8,12,21,0
480333,2,1,1992,0,0,0,0,0,0,0,0,0,0
480334,1,1,1992,9,9,9,9,9,9,9,9,9,9
480334,2,1,1992,0,0,0,0,0,0,0,0,0,0
480335,1,1,1992,16,16,16,16,16,16,16,16,16,16
480336,1,1,1992,0,0,0,0,0,0,0,0,0,0
480337,1,1,1992,19,19,19,19,19,19,19,19,19,19
480337,2,1,1992,0,0,0,0,0,0,0,0,0,0
480339,1,1,1992,0,0,0,20,0,0,0,12,0,23
480340,1,1,1992,0,0,0,0,0,0,0,0,0,0
480340,2,1,1992,20,20,20,20,20,20,20,20,20,20
480341,1,1,1992,0,0,0,0,0,0,0,0,0,0
480341,2,1,1992,0,0,0,0,0,0,0,0,0,0
480342,1,1,1992,0,0,0,0,0,0,0,0,0,0
480343,0,1,1992,0,0,0,0,20,0,0,0,0,0
480343,1,1,1992,0,0,0,10,0,0,0,0,0,0
480344,1,1,1992,16,5,0,0,0,0,0,0,0,0
480345,1,1,1992,28,28,28,28,28,28,28,28,28,28
480346,1,1,1992,0,0,0,0,0,0,0,0,0,0
480346,2,1,1992,13,13,13,13,13,13,13,13,13,13
480347,1,1,1992,0,0,0,0,13,0,0,0,0,0
480348,1,1,1992,0,0,0,0,0,0,0,0,0,0
480349,1,1,1992,0,0,0,0,0,0,0,0,0,0
480349,2,1,1992,0,0,0,0,0,0,0,0,0,0
480350,1,1,1992,30,30,30,30,30,30,30,30,30,30
480351,1,1,1992,37,37,37,37,37,37,37,37,37,37
480352,1,1,1992,0,0,0,0,0,20,0,0,0,0
480352,2,1,1992,0,0,0,0,0,0,0,0,0,0
480353,0,1,1992,0,0,0,0,0,0,0,0,0,0
480353,1,1,1992,0,0,0,0,0,0,0,0,0,0
480354,1,1,1992,0,0,0,0,0,0,0,28,0,0
480355,1,1,1992,0,0,0,0,0,0,0,0,0,0
480355,2,1,1992,0,0,0,0,0,0,0,0,0,0
480355,3,1,1992,0,0,0,0,0,0,0,0,18,0
480356,1,1,1992,0,0,0,0,0,0,0,0,0,0
480356,2,1,1992,0,15,0,0,0,0,0,0,0,0
480357,1,1,1992,29,29,29,29,29,29,29,29,29,29
480358,1,1,1992,20,20,20,20,20,20,20,20,20,20
480359,1,1,1992,3,3,3,3,3,3,3,3,3,3
480359,2,1,1992,0,0,0,0,0,0,0,0,0,0
480360,0,1,1992,0,0,0,0,0,0,0,0,0,0
480360,1,1,1992,0,0,11,0,0,0,0,0,0,0
480361,0,1,1992,19,19,19,19,19,19,19,19,19,19
480361,1,1,1992,0,0,0,0,0,19,0,7,0,0
480362,1,1,1992,0,0,0,0,0,0,0,0,0,0
480362,2,1,1992,0,0,0,0,0,0,0,0,0,0
480363,1,1,1992,8,8,8,8,8,8,8,8,8,8
480364,1,1,1992,0,0,0,0,0,0,0,0,0,0
480364,2,1,1992,0,0,0,0,0,0,0,0,0,0
480365,1,1,1992,17,17,17,17,17,17,17,17,17,17
480366,0,1,1992,0,12,22,36,9,6,0,30,22,28
480366,1,1,1992,0,0,0,0,0,9,0,0,0,0
480367,1,1,1992,15,15,15,15,15,15,15,15,15,15
480368,1,1,1992,0,0,0,0,0,0,0,18,0,24
480369,1,1,1992,16,0,0,0,0,12,5,0,0,0
480370,1,1,1992,37,37,37,37,37,37,37,37,37,37
480371,1,1,1992,19,19,19,19,19,19,19,19,19,19
480372,0,1,1992,12,12,12,12,12,12,12,12,12,12
480372,1,1,1992,0,0,0,29,0,0,0,24,0,0
480373,1,1,1992,0,0,0,0,0,0,0,0,0,0
480374,0,1,1992,28,28,28,28,28,28,28,28,28,28
480374,1,1,1992,0,0,12,14,0,0,11,17,0,0
480375,1,1,1992,0,0,0,0,0,0,0,0,0,0
480376,1,1,1992,20,20,20,20,20,20,20,20,20,20
480377,0,1,1992,21,21,21,21,21,21,21,21,21,21
480377,1,1,1992,15,15,15,15,15,15,15,15,15,15
480377,2,1,1992,0,14,0,29,22,0,10,22,15,10
480378,1,1,1992,0,0,0,0,0,0,0,0,0,0
480378,2,1,1992,28,28,28,28,28,28,28,28,28,28
480379,1,1,1992,34,34,34,34,34,34,34,34,34,34
480380,1,1,1992,0,0,23,13,0,0,0,0,16,0
480381,1,1,1992,14,0,30,24,16,0,19,21,5,19
480381,2,1,1992,0,0,0,0,0,0,0,0,0,0
480382,0,1,1992,0,0,0,0,0,0,0,0,0,0
480382,1,1,1992,0,0,0,0,0,0,0,0,0,0
480383,1,1,1992,0,0,0,0,7,0,0,0,0,0
480383,2,1,1992,0,0,0,0,0,0,0,0,0,0
480384,1,1,1992,0,0,0,0,14,0,0,0,0,9
480384,2,1,1992,0,0,0,0,0,0,0,0,0,0
480385,1,1,1992,0,0,0,0,0,0,0,0,0,0
480386,1,1,1992,13,13,13,13,13,13,13,13,13,13
480387,1,1,1992,0,0,0,0,0,0,0,0,0,0
480388,1,1,1992,0,0,0,0,0,0,0,0,0,0
480388,2,1,1992,0,0,0,0,0,0,0,0,0,0
480389,1,1,1992,0,0,0,0,0,0,0,0,0,0
480389,2,1,1992,0,0,0,0,0,5,0,0,0,0
480390,1,1,1992,0,0,6,0,0,0,0,0,0,0
480390,2,1,1992,10,10,10,10,10,10,10,10,10,10
480391,0,1,1992,0,0,0,0,0,0,0,0,0,0
480391,1,1,1992,0,0,0,0,0,0,0,0,0,0
480392,1,1,1992,0,0,0,0,0,0,0,0,0,0
480392,2,1,1992,19,19,19,19,19,19,19,19,19,19
480393,1,1,1992,18,18,18,18,18,18,18,18,18,18
480394,1,1,1992,11,0,12,0,0,0,0,0,0,0
480395,1,1,1992,21,21,21,21,21,21,21,21,21,21
480396,0,1,1992,0,0,0,0,0,0,0,0,0,0
480396,1,1,1992,0,0,0,0,0,0,0,0,0,0
480397,1,1,1992,0,0,0,0,0,5,0,0,0,0
480397,2,1,1992,0,0,0,0,0,0,0,0,0,0
480398,0,1,1992,38,38,38,38,38,38,38,38,38,38
480398,1,1,1992,0,0,0,0,0,0,0,0,0,0
480399,0,1,1992,31,0,9,19,13,0,20,17,9,0
480399,1,1,1992,0,0,0,0,0,0,0,0,0,0
480400,0,1,1992,0,0,0,0,0,0,0,0,0,0
480400,1,1,1992,6,0,15,0,0,0,25,0,0,0
480401,1,1,1992,0,0,0,0,0,0,0,0,0,0
480402,0,1,1992,0,0,0,0,0,0,0,0,0,0
480402,1,1,1992,0,0,0,0,0,0,13,9,0,0
480403,1,1,1992,0,0,0,0,0,0,0,0,0,0
480403,2,1,1992,0,0,0,0,0,0,0,0,0,0
480404,1,1,1992,8,8,8,8,8,8,8,8,8,8
480404,2,1,1992,0,0,17,0,0,0,0,0,18,0
480405,1,1,1992,14,14,14,14,14,14,14,14,14,14
480406,1,1,1992,0,0,0,0,0,0,0,0,0,15
480406,2,1,1992,0,0,0,0,0,0,0,0,0,0
480407,1,1,1992,27,0,0,25,10,21,24,25,11,30
480408,1,1,1992,0,0,0,0,0,0,0,0,0,0
480409,1,1,1992,17,0,0,0,0,0,14,0,0,0
480410,1,1,1992,31,31,31,31,31,31,31,31,31,31
480411,1,1,1992,15,15,15,15,15,15,15,15,15,15
480413,1,1,1992,10,10,10,10,10,10,10,10,10,10
480413,2,1,1992,14,0,0,16,23,11,0,14,0,0
480414,1,1,1992,15,15,15,15,15,15,15,15,15,15
480415,1,1,1992,0,0,0,0,0,0,0,0,0,0
480416,1,1,1992,8,8,8,8,8,8,8,8,8,8
480416,2,1,1992,4,4,4,4,4,4,4,4,4,4
480417,1,1,1992,0,0,0,0,0,0,0,0,0,0
480417,2,1,1992,0,0,0,0,0,0,12,0,7,0
480418,1,1,1992,0,0,0,0,0,0,0,0,0,0
480419,1,1,1992,0,0,0,0,0,22,0,0,0,24
480420,1,1,1992,0,14,2,0,0,0,0,0,0,0
480421,1,1,1992,15,15,15,15,15,15,15,15,15,15
480422,1,1,1992,0,33,0,0,0,8,0,10,18,0
480423,0,1,1992,0,0,0,0,0,0,0,0,0,0
480423,1,1,1992,0,0,0,0,0,0,17,0,0,0
480424,1,1,1992,9,9,9,9,9,9,9,9,9,9
480424,2,1,1992,3,3,3,3,3,3,3,3,3,3
480425,1,1,1992,0,0,23,0,20,0,0,16,0,0
480425,2,1,1992,18,18,18,18,18,18,18,18,18,18
480426,1,1,1992,0,0,0,0,0,0,0,0,0,0
480426,2,1,1992,0,0,0,0,0,0,0,0,0,0
480427,1,1,1992,27,27,27,27,27,27,27,27,27,27
480427,2,1,1992,0,0,0,0,0,0,0,0,0,0
480428,1,1,1992,16,16,16,16,16,16,16,16,16,16
480429,1,1,1992,2,2,2,2,2,2,2,2,2,2
480430,1,1,1992,0,0,0,0,13,0,0,0,0,0
480431,1,1,1992,0,0,15,0,0,0,0,0,0,0
480432,1,1,1992,0,0,0,0,0,0,0,0,0,0
480432,2,1,1992,0,0,0,0,0,0,0,0,0,0
480433,1,1,1992,0,0,0,0,0,0,0,0,0,0
480433,2,1,1992,0,0,0,0,0,0,0,0,0,0
480434,0,1,1992,0,0,28,12,0,18,0,0,0,0
480434,1,1,1992,0,0,0,0,0,0,0,14,0,0
480435,1,1,1992,0,0,0,0,0,0,0,0,0,0
480435,2,1,1992,0,0,0,0,0,0,0,0,0,0
480435,3,1,1992,0,0,0,0,0,0,0,0,0,0
480436,1,1,1992,0,0,0,0,0,0,0,0,0,28
480436,2,1,1992,17,17,17,17,17,17,17,17,17,17
480437,0,1,1992,0,0,0,0,0,0,5,0,0,0
480437,1,1,1992,0,0,0,0,0,0,0,0,0,0
480438,1,1,1992,1,1,1,1,1,1,1,1,1,1
480438,2,1,1992,0,0,0,0,0,0,0,20,0,0
480439,0,1,1992,21,21,21,21,21,21,21,21,21,21
480439,1,1,1992,0,0,0,0,0,0,0,0,0,0
480440,1,1,1992,0,0,0,0,0,0,0,0,0,0
480440,2,1,1992,0,0,0,0,0,0,0,14,0,0
480441,1,1,1992,7,7,7,7,7,7,7,7,7,7
480442,1,1,1992,28,28,28,28,28,28,28,28,28,28
480442,2,1,1992,0,0,0,0,0,0,0,0,0,0
480443,0,1,1992,35,31,30,39,12,24,30,5,21,23
480443,1,1,1992,0,0,11,0,0,0,8,0,7,0
480444,1,1,1992,0,0,0,0,0,0,0,0,0,0
480444,2,1,1992,0,6,18,0,0,0,0,0,0,0
480445,1,1,1992,0,0,0,0,0,0,0,0,0,0
480445,2,1,1992,19,19,19,19,19,19,19,19,19,19
480446,1,1,1992,16,0,0,21,14,18,0,11,0,0
480447,1,1,1992,0,0,0,0,0,0,0,0,0,0
480448,1,1,1992,17,17,17,17,17,17,17,17,17,17
480449,1,1,1992,0,0,0,0,0,0,0,0,0,0
480449,2,1,1992,0,0,0,0,0,0,0,0,12,0
480450,1,1,1992,21,21,21,21,21,21,21,21,21,21
480450,2,1,1992,0,0,0,0,0,0,0,0,0,0
480450,3,1,1992,0,0,0,0,0,0,0,0,0,0
480451,1,1,1992,10,10,10,10,10,10,10,10,10,10
480451,2,1,1992,0,16,0,0,0,12,0,0,0,0
480452,1,1,1992,0,0,0,0,0,17,0,7,0,0
480452,2,1,1992,0,0,0,19,24,16,0,0,11,0
480453,1,1,1992,0,0,0,0,0,0,0,0,0,0
480453,2,1,1992,0,0,0,0,0,0,0,0,0,0
480454,1,1,1992,0,29,0,16,0,25,0,18,20,25
480455,1,1,1992,4,4,4,4,4,4,4,4,4,4
480456,1,1,1992,10,10,10,10,10,10,10,10,10,10
480456,2,1,1992,16,9,0,0,0,14,0,0,0,0
480457,1,1,1992,26,26,26,26,26,26,26,26,26,26
480458,1,1,1992,21,21,21,21,21,21,21,21,21,21
480459,1,1,1992,13,13,13,13,13,13,13,13,13,13
480460,1,1,1992,7,7,7,7,7,7,7,7,7,7
480460,2,1,1992,7,7,7,7,7,7,7,7,7,7
480460,3,1,1992,0,0,0,0,0,0,0,0,0,0
480461,1,1,1992,0,0,0,0,0,0,0,0,0,0
480462,1,1,1992,0,0,0,0,8,0,0,0,0,0
480462,2,1,1992,0,0,0,0,0,0,0,0,0,0
480463,0,1,1992,29,29,29,29,29,29,29,29,29,29