ST_CASE,VEH_NO,PER_NO,YEAR,P1,P2,P3,P4,P5,P6,P7,P8,P9,P10
480728,2,1,1992,0,0,0,8,0,0,0,0,0,0
480729,1,1,1992,0,0,0,0,0,11,0,0,0,0
480729,2,1,1992,0,13,0,0,0,0,0,23,0,0
480730,0,1,1992,27,27,27,27,27,27,27,27,27,27
480730,1,1,1992,0,0,0,0,0,0,0,0,0,0
480731,1,1,1992,0,0,0,0,0,0,0,22,12,0
480731,2,1,1992,0,0,0,0,0,0,0,0,0,0
480732,1,1,1992,34,26,14,18,18,28,16,0,19,15
480733,1,1,1992,18,18,18,18,18,18,18,18,18,18
480734,1,1,1992,0,0,0,0,0,0,0,0,0,0
480734,2,1,1992,0,0,0,0,0,0,0,0,0,0
480734,3,1,1992,0,9,0,0,0,0,0,0,0,0
480735,1,1,1992,17,17,17,17,17,17,17,17,17,17
480736,1,1,1992,18,0,8,0,0,21,0,0,0,0
480737,1,1,1992,22,22,22,22,22,22,22,22,22,22
480738,1,1,1992,0,0,0,0,0,0,0,0,0,0
480738,2,1,1992,0,0,0,0,0,12,0,0,0,0
480739,1,1,1992,0,0,0,0,0,0,0,0,0,0
480739,2,1,1992,0,0,0,0,0,0,0,0,0,0
480740,1,1,1992,0,0,0,0,0,0,0,0,0,0
480741,1,1,1992,0,0,0,0,0,0,0,0,0,0
480741,2,1,1992,0,0,13,0,0,0,0,0,0,0
480742,0,1,1992,0,0,0,0,0,0,0,0,0,0
480742,1,1,1992,0,0,0,0,0,0,0,0,0,0
480743,0,1,1992,12,12,12,12,12,12,12,12,12,12
480743,1,1,1992,0,0,0,0,0,0,0,0,0,0
480744,1,1,1992,0,0,0,0,0,0,0,0,0,0
480744,2,1,1992,0,24,0,0,0,0,0,0,0,0
480745,1,1,1992,0,0,0,0,0,0,0,0,0,0
480746,1,1,1992,0,0,0,0,0,0,0,0,0,0
480747,1,1,1992,0,0,0,0,0,0,0,0,0,0
480748,1,1,1992,19,15,23,11,17,0,11,0,9,0
480749,0,1,1992,0,0,0,0,0,0,0,0,0,0
480749,1,1,1992,0,0,0,0,0,0,0,0,0,0
480750,1,1,1992,0,0,0,0,0,0,0,0,0,0
480750,2,1,1992,21,0,25,0,27,0,0,0,0,0
480750,3,1,1992,0,0,0,0,0,0,0,0,0,15
480751,1,1,1992,13,13,13,13,13,13,13,13,13,13
480752,1,1,1992,0,0,0,0,0,0,0,0,0,0
480752,2,1,1992,0,0,0,0,0,0,0,0,0,0
480753,1,1,1992,0,0,0,0,0,0,3,11,0,0
480753,2,1,1992,0,0,0,0,0,0,0,0,0,0
480754,1,1,1992,0,0,0,20,17,0,0,0,21,18
480754,2,1,1992,0,0,0,0,0,0,20,0,9,0
480755,1,1,1992,0,0,0,0,0,0,0,0,13,0
480755,2,1,1992,0,0,0,0,0,0,0,0,0,0
480756,1,1,1992,25,25,25,25,25,25,25,25,25,25
480757,1,1,1992,9,9,9,9,9,9,9,9,9,9
480757,2,1,1992,13,0,28,0,14,17,0,12,0,0
480758,0,1,1992,0,0,0,0,0,0,0,0,0,0
480758,1,1,1992,25,0,0,0,15,0,0,0,13,0
480759,1,1,1992,14,28,0,5,14,0,3,0,0,0
480759,2,1,1992,6,6,6,6,6,6,6,6,6,6
480760,0,1,1992,15,15,15,15,15,15,15,15,15,15
480760,1,1,1992,0,0,0,0,0,0,0,0,0,0
480761,1,1,1992,28,24,14,26,16,23,35,28,12,16
480762,1,1,1992,22,22,22,22,22,22,22,22,22,22
480763,1,1,1992,15,15,15,15,15,15,15,15,15,15
480764,1,1,1992,0,17,0,0,7,0,0,0,12,16
480765,1,1,1992,14,14,14,14,14,14,14,14,14,14
480766,0,1,1992,27,27,27,27,27,27,27,27,27,27
480766,1,1,1992,0,0,0,7,0,0,0,0,0,12
480767,1,1,1992,12,12,12,12,12,12,12,12,12,12
480767,2,1,1992,0,0,0,0,11,6,0,0,0,19
480768,1,1,1992,26,26,26,26,26,26,26,26,26,26
480768,2,1,1992,0,22,16,19,0,40,0,0,0,0
480769,1,1,1992,5,5,5,5,5,5,5,5,5,5
480769,2,1,1992,0,0,0,0,0,0,0,0,0,0
480770,1,1,1992,21,19,14,21,19,8,34,19,16,26
480771,1,1,1992,25,25,25,25,25,25,25,25,25,25
480772,1,1,1992,0,0,18,0,0,0,0,0,0,0
480773,0,1,1992,16,16,16,16,16,16,16,16,16,16
480773,1,1,1992,15,20,28,10,25,6,20,14,25,18
480774,1,1,1992,13,13,13,13,13,13,13,13,13,13
480775,1,1,1992,23,23,23,23,23,23,23,23,23,23
480775,2,1,1992,0,0,0,0,0,0,0,0,0,0
480776,1,1,1992,16,16,16,16,16,16,16,16,16,16
480777,1,1,1992,16,16,16,16,16,16,16,16,16,16
480777,2,1,1992,0,0,0,0,0,0,0,0,0,0
480777,3,1,1992,0,0,0,0,0,0,0,0,0,0
480778,1,1,1992,17,17,17,17,17,17,17,17,17,17
480779,1,1,1992,0,0,3,0,0,0,0,0,0,0
480779,2,1,1992,19,19,19,19,19,19,19,19,19,19
480780,1,1,1992,24,24,24,24,24,24,24,24,24,24
480781,1,1,1992,25,25,25,25,25,25,25,25,25,25
480781,2,1,1992,0,0,0,26,0,0,12,0,0,0
480781,3,1,1992,0,0,0,0,0,0,0,0,0,0
480782,1,1,1992,0,0,0,0,0,0,0,0,0,0
480783,1,1,1992,0,0,0,0,0,0,0,0,0,0
480783,2,1,1992,0,0,0,0,0,0,0,0,0,0
480784,0,1,1992,0,0,0,0,0,0,0,0,0,0
480784,1,1,1992,10,0,0,0,0,0,0,0,0,0
480785,1,1,1992,0,0,16,19,0,0,0,0,0,0
480786,1,1,1992,8,8,8,8,8,8,8,8,8,8
480786,2,1,1992,0,0,12,0,0,0,0,0,0,0
480787,1,1,1992,0,0,0,0,0,0,0,0,0,0
480788,0,1,1992,0,0,0,0,0,0,0,0,0,0
480788,1,1,1992,0,0,0,0,12,0,0,0,0,0
480789,1,1,1992,0,0,0,0,0,0,0,0,0,0
480789,2,1,1992,0,0,0,0,24,0,19,0,0,0
480790,1,1,1992,0,0,0,0,0,0,0,0,0,0
480791,0,1,1992,0,0,0,0,0,0,0,0,0,0
480791,1,1,1992,0,0,16,0,0,0,0,0,0,0
480792,1,1,1992,0,0,0,0,0,0,0,0,0,0
480792,2,1,1992,0,7,0,9,22,16,18,0,0,21
480793,0,1,1992,30,49,20,24,16,20,20,38,6,32
480793,1,1,1992,0,0,0,0,0,0,0,0,0,14
480793,2,1,1992,0,4,0,7,7,0,6,0,0,0
480794,1,1,1992,24,29,15,23,20,26,16,33,23,30
480795,0,1,1992,0,13,18,0,21,0,0,8,0,0
480795,1,1,1992,0,0,0,0,0,0,0,0,4,7
480796,1,1,1992,15,0,9,19,17,4,11,25,18,19
480797,1,1,1992,12,12,12,12,12,12,12,12,12,12
480797,2,1,1992,0,0,0,0,0,0,0,0,0,0
480798,1,1,1992,0,0,0,0,0,0,0,0,0,0
480798,2,1,1992,0,13,21,0,0,0,14,0,0,0
480799,1,1,1992,11,11,11,11,11,11,11,11,11,11
480800,1,1,1992,0,0,0,0,0,0,0,0,0,0
480800,2,1,1992,7,7,7,7,7,7,7,7,7,7
480801,1,1,1992,9,0,0,0,0,0,0,4,0,0
480801,2,1,1992,0,14,0,0,0,0,0,0,0,0
480802,1,1,1992,0,0,0,0,0,0,0,0,0,0
480803,1,1,1992,27,22,18,13,18,0,16,0,11,22
480804,0,1,1992,0,0,0,0,0,0,0,0,0,0
480804,1,1,1992,0,0,0,0,0,0,0,0,0,0
480805,1,1,1992,0,0,0,0,0,0,0,0,0,0
480805,2,1,1992,0,0,0,0,0,0,0,0,0,0
480806,1,1,1992,13,21,13,20,38,11,0,0,30,22
480807,1,1,1992,31,31,31,31,31,31,31,31,31,31
480807,2,1,1992,19,0,9,18,0,0,30,18,7,0
480808,1,1,1992,15,25,19,12,7,0,19,21,21,15
480809,1,1,1992,0,0,0,0,0,0,0,0,0,14
480809,2,1,1992,0,0,0,0,0,0,0,0,0,0
480810,0,1,1992,12,14,16,44,12,39,0,38,13,21
480810,1,1,1992,0,30,4,0,22,0,0,0,10,0
480811,0,1,1992,40,40,40,40,40,40,40,40,40,40
480811,1,1,1992,0,0,12,0,0,0,0,0,0,0
480812,1,1,1992,0,0,0,0,0,0,0,0,0,0
480812,2,1,1992,0,0,0,0,0,0,0,0,0,0
480813,0,1,1992,0,0,0,0,0,0,0,0,0,0
480813,1,1,1992,0,0,0,0,0,0,0,0,5,0
480814,0,1,1992,0,0,0,0,0,0,0,0,0,0
480814,1,1,1992,0,0,0,0,23,3,0,0,0,0
480815,1,1,1992,5,5,5,5,5,5,5,5,5,5
480816,0,1,1992,0,18,0,0,0,0,0,0,16,0
480816,1,1,1992,0,0,0,0,0,0,0,0,0,0
480817,1,1,1992,12,9,12,28,12,8,9,16,11,22
480818,1,1,1992,10,11,16,4,4,14,16,0,0,9
480818,2,1,1992,0,0,0,8,11,0,6,32,14,8
480819,1,1,1992,6,6,6,6,6,6,6,6,6,6
480820,0,1,1992,11,0,0,0,8,0,0,0,0,0
480820,1,1,1992,0,0,0,0,0,0,0,0,0,0
480821,1,1,1992,31,31,31,31,31,31,31,31,31,31
480822,1,1,1992,0,0,0,0,0,0,0,0,0,0
480822,2,1,1992,18,18,18,18,18,18,18,18,18,18
480823,1,1,1992,0,0,0,0,0,0,0,0,0,0
480823,2,1,1992,0,0,0,0,0,0,0,0,0,0
480824,1,1,1992,28,28,28,28,28,28,28,28,28,28
480825,1,1,1992,0,0,0,0,0,0,0,0,0,0
480826,1,1,1992,2,2,2,2,2,2,2,2,2,2
480827,1,1,1992,0,20,0,0,10,0,0,0,22,0
480828,0,1,1992,0,17,0,0,30,9,0,12,23,18
480828,1,1,1992,0,0,0,2,0,0,0,0,19,0
480829,1,1,1992,7,0,0,20,0,0,0,0,0,11
480829,2,1,1992,0,19,0,12,17,0,18,0,0,25
480830,0,1,1992,20,20,20,20,20,20,20,20,20,20
480830,1,1,1992,0,0,20,4,0,0,16,0,0,0
480831,1,1,1992,0,0,0,0,0,0,0,0,0,0
480831,2,1,1992,21,21,21,21,21,21,21,21,21,21
480832,1,1,1992,0,0,0,0,0,0,0,0,0,25
480832,2,1,1992,0,0,0,0,0,0,0,0,0,0
480832,3,1,1992,0,0,0,0,0,0,0,0,0,0
480832,4,1,1992,0,0,0,11,0,0,0,0,0,0
480833,1,1,1992,15,15,15,15,15,15,15,15,15,15
480834,1,1,1992,23,23,23,23,23,23,23,23,23,23
480835,1,1,1992,0,0,0,0,0,0,0,0,0,0
480835,2,1,1992,8,8,8,8,8,8,8,8,8,8
480836,1,1,1992,37,37,37,37,37,37,37,37,37,37
480837,0,1,1992,0,0,0,0,0,0,0,0,0,0
480837,0,2,1992,0,0,0,0,0,31,0,0,0,0
480837,1,1,1992,0,0,0,0,0,0,0,0,0,0
480838,1,1,1992,0,0,0,0,0,0,0,0,0,0
480839,1,1,1992,8,8,8,8,8,8,8,8,8,8
480839,2,1,1992,0,0,0,0,0,0,0,0,0,0
480839,3,1,1992,0,0,0,0,0,0,0,0,0,0
480839,4,1,1992,0,0,0,0,0,0,0,0,0,0
480840,1,1,1992,0,0,0,0,0,0,0,0,0,0
480840,2,1,1992,12,12,12,12,12,12,12,12,12,12
480841,0,1,1992,28,28,28,28,28,28,28,28,28,28
480841,1,1,1992,0,8,0,0,7,0,27,0,0,10
480842,0,1,1992,0,14,0,9,0,0,0,0,0,10
480842,1,1,1992,5,0,0,0,11,12,0,0,9,0
480843,0,1,1992,37,37,37,37,37,37,37,37,37,37
480843,1,1,1992,0,0,6,0,0,0,0,0,0,0
480844,1,1,1992,0,0,0,0,0,0,0,0,0,0
480844,2,1,1992,0,0,0,0,0,0,0,7,0,0
480845,1,1,1992,0,0,8,0,0,0,0,0,0,0
480846,1,1,1992,26,26,26,26,26,26,26,26,26,26
480847,0,1,1992,33,0,0,23,0,18,17,11,0,49
480847,1,1,1992,2,0,33,0,0,13,6,0,0,0
480848,1,1,1992,13,37,25,22,12,16,0,0,24,12
480849,1,1,1992,0,0,30,11,0,0,0,0,31,0
480849,2,1,1992,25,25,25,25,25,25,25,25,25,25
480850,0,1,1992,0,0,0,0,0,0,0,0,0,0
480850,1,1,1992,4,4,4,4,4,4,4,4,4,4
480851,0,1,1992,0,0,0,0,0,0,0,0,0,0
480852,0,1,1992,19,0,0,10,0,14,22,19,19,18
480852,1,1,1992,0,0,0,0,0,0,0,0,0,0
480852,2,1,1992,0,0,0,0,0,2,0,0,0,0
480853,1,1,1992,7,7,7,7,7,7,7,7,7,7
480854,1,1,1992,0,0,0,0,0,0,0,0,0,0
480855,1,1,1992,10,10,10,10,10,10,10,10,10,10
480856,1,1,1992,19,19,19,19,19,19,19,19,19,19
480857,1,1,1992,0,0,0,0,0,0,0,0,0,0
480858,1,1,1992,29,29,29,29,29,29,29,29,29,29
480859,0,1,1992,25,18,11,12,15,14,14,0,11,18
480859,1,1,1992,2,2,2,2,2,2,2,2,2,2
480860,1,1,1992,23,23,23,23,23,23,23,23,23,23
480860,2,1,1992,0,0,0,0,0,0,0,0,0,0
480861,1,1,1992,13,13,13,13,13,13,13,13,13,13
480861,2,1,1992,18,0,0,2,0,13,0,0,0,0
480861,3,1,1992,0,0,14,0,0,0,0,0,0,0
480862,1,1,1992,0,0,0,0,0,0,13,0,0,0
480862,2,1,1992,8,0,0,0,0,0,0,0,0,3
480863,1,1,1992,0,0,0,0,0,0,0,14,0,0
480863,2,1,1992,0,0,0,0,0,0,0,0,0,0
480864,1,1,1992,16,0,0,17,11,0,20,0,0,0
480865,0,1,1992,23,26,24,10,16,19,13,11,27,0
480865,1,1,1992,0,3,0,0,0,0,0,0,0,0
480866,1,1,1992,21,21,21,21,21,21,21,21,21,21
480866,2,1,1992,0,16,0,0,0,0,0,0,0,0
480867,0,1,1992,23,4,22,19,15,36,7,0,20,0
480867,0,2,1992,0,24,0,18,0,0,0,0,0,18
480867,1,1,1992,13,0,11,11,0,0,0,9,0,16
480868,1,1,1992,19,19,19,19,19,19,19,19,19,19
480869,1,1,1992,21,25,20,15,22,11,22,12,12,6
480870,1,1,1992,0,0,0,0,0,0,0,0,0,0
480870,2,1,1992,0,0,17,0,0,0,0,0,0,19
480871,1,1,1992,22,31,5,38,16,21,29,25,27,9
480872,1,1,1992,5,5,5,5,5,5,5,5,5,5
480872,2,1,1992,0,0,0,0,0,0,0,0,0,0
480873,1,1,1992,0,0,0,0,0,0,0,0,0,0
480873,2,1,1992,0,0,0,0,0,0,0,0,11,0
480874,0,1,1992,0,20,24,0,0,25,20,0,9,0
480874,0,2,1992,29,0,0,0,0,13,0,0,7,0
480874,1,1,1992,0,0,0,17,0,0,0,0,6,22
480875,1,1,1992,0,0,0,0,0,0,0,0,0,0
480876,1,1,1992,0,16,0,0,0,0,0,0,0,0
480877,1,1,1992,0,0,0,0,0,0,0,0,0,0
480877,2,1,1992,0,0,0,0,0,0,0,0,0,0
480878,1,1,1992,22,22,22,22,22,22,22,22,22,22
480879,1,1,1992,0,11,22,16,18,13,0,19,2,10
480879,2,1,1992,0,0,0,0,0,0,0,0,0,0
480880,1,1,1992,0,0,0,0,0,0,0,0,0,0
480880,2,1,1992,0,0,0,0,0,0,0,0,0,0
480881,0,1,1992,7,7,7,7,7,7,7,7,7,7
480881,1,1,1992,5,5,5,5,5,5,5,5,5,5
480882,0,1,1992,0,0,0,0,0,0,0,0,0,0
480882,1,1,1992,0,0,0,0,0,0,0,0,0,0
480882,2,1,1992,0,0,0,0,0,0,0,0,0,0
480883,0,1,1992,0,0,0,0,0,0,0,0,0,0
480883,1,1,1992,0,7,12,0,0,0,0,0,15,0
480884,1,1,1992,27,27,27,27,27,27,27,27,27,27
480885,1,1,1992,9,9,9,9,9,9,9,9,9,9
480885,2,1,1992,11,11,11,11,11,11,11,11,11,11
480886,0,1,1992,40,14,19,0,16,15,17,20,26,16
480886,0,2,1992,0,0,17,36,23,40,14,13,13,8
480886,0,3,1992,0,0,0,0,0,0,0,0,0,0
480886,0,4,1992,7,38,5,22,25,0,5,27,16,28
480886,0,5,1992,9,15,23,5,12,41,15,0,22,34
480886,1,1,1992,0,16,17,5,0,0,12,0,0,0
480887,1,1,1992,20,20,20,20,20,20,20,20,20,20
480888,0,1,1992,9,9,9,9,9,9,9,9,9,9
480888,1,1,1992,14,0,10,0,0,0,19,0,4,0
480889,0,1,1992,19,16,15,28,22,37,28,27,5,29
480889,1,1,1992,0,0,0,17,18,2,23,21,22,0
480890,0,1,1992,0,10,19,38,12,28,34,20,0,0
480890,1,1,1992,0,0,0,0,0,0,0,0,12,11
480891,1,1,1992,21,21,21,21,21,21,21,21,21,21
480892,1,1,1992,0,0,0,6,0,0,0,0,0,0
480893,1,1,1992,11,11,11,11,11,11,11,11,11,11
480894,0,1,1992,17,17,17,17,17,17,17,17,17,17
480894,1,1,1992,5,5,5,5,5,5,5,5,5,5
480895,0,1,1992,0,0,18,0,12,0,0,29,0,0
480895,1,1,1992,13,13,13,13,13,13,13,13,13,13
480896,1,1,1992,17,24,20,0,12,30,31,0,0,0
480896,2,1,1992,30,15,0,0,15,0,0,0,12,30
480897,1,1,1992,0,0,0,0,0,12,0,0,8,0
480897,2,1,1992,0,0,0,0,0,0,0,0,0,0
480898,0,1,1992,0,0,0,0,0,0,0,0,0,0
480898,1,1,1992,0,0,0,0,0,0,0,0,0,10
480899,1,1,1992,0,0,0,0,0,0,0,0,0,0
480899,2,1,1992,20,20,20,20,20,20,20,20,20,20
480900,1,1,1992,0,26,0,0,17,0,0,0,0,0
480901,1,1,1992,0,0,0,0,0,0,0,0,0,0
480901,2,1,1992,0,0,13,0,0,0,0,0,0,0
480902,1,1,1992,0,0,0,0,0,0,0,0,0,0
480903,0,1,1992,20,20,20,20,20,20,20,20,20,20
480903,1,1,1992,9,15,2,0,16,6,7,13,16,0
480904,1,1,1992,0,0,0,0,0,0,0,0,0,0
480904,2,1,1992,0,0,0,0,0,0,0,0,0,0
480905,1,1,1992,0,0,6,0,0,20,0,0,0,0
480905,2,1,1992,0,0,0,0,0,0,0,0,0,0
480906,1,1,1992,23,23,23,23,23,23,23,23,23,23
480906,2,1,1992,31,16,13,9,9,0,0,0,8,0
480907,1,1,1992,8,8,8,8,8,8,8,8,8,8
480908,1,1,1992,0,18,0,0,0,0,0,0,0,0
480909,1,1,1992,0,0,0,0,0,0,18,0,0,19
480910,1,1,1992,0,0,0,0,0,0,0,0,0,0
480911,1,1,1992,19,19,19,19,19,19,19,19,19,19
480911,2,1,1992,3,0,0,0,0,3,14,20,0,0
480912,1,1,1992,0,0,12,0,0,0,0,0,0,0
480912,2,1,1992,0,0,0,0,0,0,9,0,0,0
480912,3,1,1992,0,0,0,0,0,0,0,0,0,0
480912,4,1,1992,0,0,0,0,0,0,0,0,0,0
480913,1,1,1992,20,32,17,16,0,0,17,31,19,13
480914,1,1,1992,0,0,0,0,0,0,0,0,0,0
480914,2,1,1992,17,0,0,0,0,0,0,0,0,0
480915,1,1,1992,0,0,0,0,0,0,3,0,0,0
480916,1,1,1992,14,13,5,16,10,28,21,11,18,8
480917,1,1,1992,0,0,0,0,0,0,0,0,0,0
480917,2,1,1992,0,0,0,0,0,0,0,0,0,0
480917,3,1,1992,12,4,22,9,16,0,0,21,0,0
480918,1,1,1992,11,11,11,11,11,11,11,11,11,11
480918,2,1,1992,0,0,0,0,0,0,0,0,0,0
480919,1,1,1992,25,25,25,25,25,25,25,25,25,25
480920,1,1,1992,21,21,21,21,21,21,21,21,21,21
480921,0,1,1992,9,12,23,6,18,21,12,34,15,18
480921,1,1,1992,19,39,10,24,22,6,17,10,15,25
480921,2,1,1992,11,14,0,0,0,0,17,0,14,4
480922,0,1,1992,0,17,17,10,0,0,21,27,0,23
480922,1,1,1992,17,0,0,0,0,0,0,0,0,0
480923,1,1,1992,0,0,0,0,0,0,0,0,0,0
480923,2,1,1992,0,0,0,0,0,0,0,0,0,0
480924,1,1,1992,7,27,16,0,19,0,14,7,0,9
480925,0,1,1992,18,18,18,18,18,18,18,18,18,18
480925,1,1,1992,0,0,0,0,0,0,0,0,0,0
480926,0,1,1992,0,0,0,0,0,0,0,0,0,0
480926,1,1,1992,12,12,12,12,12,12,12,12,12,12
480927,1,1,1992,10,0,0,0,0,0,0,0,0,0
480927,2,1,1992,0,0,0,0,0,0,0,0,0,0
480928,1,1,1992,4,4,4,4,4,4,4,4,4,4
480929,1,1,1992,14,19,10,0,6,17,14,16,36,22
480929,2,1,1992,5,5,5,5,5,5,5,5,5,5
480930,0,1,1992,27,27,27,27,27,27,27,27,27,27
480930,1,1,1992,12,3,28,0,0,11,0,0,4,0
480930,2,1,1992,2,2,2,2,2,2,2,2,2,2
480930,3,1,1992,0,0,0,0,0,10,0,0,0,25
480930,4,1,1992,0,0,25,0,0,13,0,8,0,10
480931,1,1,1992,0,0,0,0,0,0,0,0,0,0
480931,2,1,1992,0,0,0,0,0,0,0,0,0,0
480931,3,1,1992,0,0,0,0,0,0,0,0,0,0
480932,0,1,1992,6,17,0,0,18,0,0,0,16,0
480932,1,1,1992,0,0,0,0,0,0,0,0,4,0
480933,1,1,1992,18,18,23,11,0,7,33,19,0,0
480933,2,1,1992,0,8,0,0,0,0,0,0,9,0
480934,1,1,1992,16,16,16,16,16,16,16,16,16,16
480935,1,1,1992,0,0,0,17,26,5,0,0,14,20
480935,2,1,1992,0,0,0,0,0,6,0,0,0,0
480936,1,1,1992,17,17,17,17,17,17,17,17,17,17
480937,1,1,1992,0,0,0,0,0,6,0,0,0,0
480938,1,1,1992,0,0,0,0,0,0,0,0,0,0
480938,2,1,1992,21,7,0,0,14,0,8,3,13,14
480939,1,1,1992,0,0,0,0,0,0,0,0,0,0
480939,2,1,1992,0,0,12,0,0,11,0,0,0,0
480940,1,1,1992,0,0,0,0,0,0,0,0,0,0
480940,2,1,1992,0,0,0,0,0,0,0,0,0,0
480941,1,1,1992,0,0,0,0,0,0,0,0,27,0
480941,2,1,1992,0,0,0,0,0,0,0,0,0,0
480942,1,1,1992,6,0,23,18,14,0,0,6,23,6
480943,0,1,1992,18,18,18,18,18,18,18,18,18,18
480943,0,2,1992,19,19,19,19,19,19,19,19,19,19
480943,1,1,1992,0,0,0,0,0,0,0,0,0,0
480944,1,1,1992,14,25,25,35,11,22,25,14,12,11
480945,1,1,1992,11,26,0,14,15,28,30,20,24,24
480946,1,1,1992,17,0,7,0,16,0,0,0,0,0
480947,1,1,1992,0,0,0,0,0,0,3,12,0,0
480948,0,1,1992,28,28,28,28,28,28,28,28,28,28
480948,1,1,1992,0,0,24,13,0,0,0,0,0,0
480949,1,1,1992,14,10,25,19,31,18,13,0,25,31
480950,1,1,1992,0,0,0,0,0,0,0,0,0,0
480950,2,1,1992,0,0,0,0,0,0,0,0,0,0
480951,0,1,1992,17,21,31,22,5,18,41,28,17,11
480951,1,1,1992,0,0,0,0,0,0,0,0,0,0
480952,1,1,1992,0,0,0,0,0,0,0,0,0,0
480952,2,1,1992,0,0,0,0,0,5,0,0,0,0
480953,1,1,1992,0,0,0,0,0,0,0,0,0,0
480954,0,1,1992,38,38,38,38,38,38,38,38,38,38
480954,1,1,1992,0,0,0,0,0,0,0,0,0,2
480955,1,1,1992,31,0,13,0,0,0,0,0,0,16
480956,1,1,1992,0,0,0,0,0,0,0,0,0,0
480956,2,1,1992,0,0,0,0,0,0,14,0,14,0
480957,1,1,1992,0,0,0,0,0,0,0,0,0,0
480958,1,1,1992,0,0,0,0,0,0,0,0,0,0
480958,2,1,1992,0,0,0,0,0,0,0,0,0,0
480959,1,1,1992,0,0,0,0,0,0,0,0,0,0
480960,1,1,1992,0,0,0,0,0,0,0,0,0,0
480961,1,1,1992,0,0,0,0,0,0,0,0,0,0
480961,2,1,1992,0,0,0,0,0,0,0,0,0,0
480962,1,1,1992,0,0,20,0,24,0,0,0,0,0
480962,2,1,1992,0,0,0,0,0,0,0,0,0,0
480963,1,1,1992,9,9,9,9,9,9,9,9,9,9
480963,2,1,1992,9,9,9,9,9,9,9,9,9,9
480964,1,1,1992,0,0,0,0,0,0,0,0,0,0
480964,2,1,1992,0,0,0,0,0,0,0,0,0,0
480965,1,1,1992,19,0,0,20,0,0,0,0,0,0
480965,2,1,1992,0,0,0,0,5,0,0,0,0,0
480966,1,1,1992,0,0,0,0,0,0,0,0,0,0
480966,2,1,1992,0,0,0,0,0,0,0,0,0,0
480967,1,1,1992,0,0,0,0,0,0,0,0,0,0
480967,2,1,1992,0,0,0,0,0,0,0,0,0,14
480968,1,1,1992,22,22,22,22,22,22,22,22,22,22
480969,1,1,1992,18,18,18,18,18,18,18,18,18,18
480970,0,1,1992,0,0,0,0,0,0,0,0,0,0
480970,1,1,1992,0,0,0,0,0,0,0,27,0,0
480971,0,1,1992,20,20,20,20,20,20,20,20,20,20
480971,1,1,1992,0,0,0,0,0,0,0,0,0,0
480972,1,1,1992,0,10,0,0,0,0,0,0,0,0
480972,2,1,1992,0,0,0,0,0,0,0,0,0,0
480973,1,1,1992,0,0,0,0,0,0,0,0,0,0
480974,1,1,1992,0,0,0,0,0,0,0,0,14,0
480974,2,1,1992,0,0,0,0,0,0,0,0,0,0
480975,1,1,1992,0,0,0,0,0,0,0,0,0,0
480976,1,1,1992,0,0,0,0,0,0,0,0,0,0
480976,2,1,1992,0,0,0,0,0,0,0,0,0,0
480977,0,1,1992,34,34,34,34,34,34,34,34,34,34
480977,1,1,1992,0,8,0,9,0,0,0,0,0,0
480978,1,1,1992,0,0,0,0,0,0,0,0,0,0
480978,2,1,1992,0,0,0,0,0,0,0,0,0,0
480979,1,1,1992,31,9,14,13,39,28,34,29,22,25
480980,1,1,1992,0,4,0,23,0,0,0,0,0,0
480980,2,1,1992,0,3,0,0,0,0,0,0,0,0
480980,3,1,1992,0,0,0,0,0,0,0,0,0,0
480982,1,1,1992,32,32,32,32,32,32,32,32,32,32
480982,2,1,1992,0,0,0,0,0,0,0,0,0,0
480983,1,1,1992,12,12,12,12,12,12,12,12,12,12
480984,1,1,1992,0,0,0,0,0,0,0,0,0,0
480984,2,1,1992,7,20,0,0,21,0,0,0,0,0
480985,1,1,1992,0,0,0,0,0,0,0,0,0,0
480985,2,1,1992,0,0,0,0,0,0,0,0,0,0
480986,1,1,1992,0,0,19,0,0,0,0,0,0,14
480986,2,1,1992,0,0,0,0,0,0,0,0,0,0
480987,1,1,1992,0,0,0,9,0,0,0,0,0,0
480987,2,1,1992,0,0,0,0,0,0,0,0,0,0
480988,1,1,1992,0,0,0,0,0,0,0,7,0,0
480988,2,1,1992,0,0,0,0,0,0,0,0,0,0
480989,1,1,1992,7,7,7,7,7,7,7,7,7,7
480989,2,1,1992,0,0,0,0,0,0,0,0,0,0
480990,1,1,1992,14,14,14,14,14,14,14,14,14,14
480991,1,1,1992,0,0,0,0,0,0,0,0,0,0