ST_CASE,VEH_NO,PER_NO,YEAR,P1,P2,P3,P4,P5,P6,P7,P8,P9,P10
480992,1,1,1992,15,15,15,15,15,15,15,15,15,15
480993,1,1,1992,10,8,24,0,0,24,0,20,22,2
480993,2,1,1992,9,9,9,9,9,9,9,9,9,9
480994,0,1,1992,0,0,0,0,0,0,0,0,0,0
480994,1,1,1992,0,0,0,20,0,0,9,0,9,10
480995,1,1,1992,0,20,24,29,0,39,0,0,0,9
480996,1,1,1992,20,20,20,20,20,20,20,20,20,20
480997,1,1,1992,20,20,20,20,20,20,20,20,20,20
480998,1,1,1992,0,0,0,0,0,0,0,0,0,0
480998,2,1,1992,0,0,0,0,0,0,4,0,0,0
480999,0,1,1992,0,0,0,0,0,0,0,0,0,0
480999,1,1,1992,0,0,0,0,0,0,0,0,0,0
481000,1,1,1992,0,0,0,0,0,0,0,0,0,0
481001,0,1,1992,0,0,0,0,0,0,0,0,0,0
481001,1,1,1992,0,0,0,0,0,0,0,0,0,0
481001,2,1,1992,0,0,0,0,0,13,12,0,0,0
481001,3,1,1992,0,0,0,0,0,0,0,0,0,0
481001,4,1,1992,0,0,0,0,0,4,0,0,0,0
481001,5,1,1992,0,0,0,0,0,0,0,7,0,0
481002,1,1,1992,0,0,0,0,0,0,0,0,0,0
481002,2,1,1992,0,0,8,0,0,0,0,0,0,0
481003,0,1,1992,0,0,0,0,0,0,0,0,0,0
481003,1,1,1992,0,0,0,0,0,0,0,0,0,0
481004,1,1,1992,12,18,15,7,0,23,19,22,18,0
481005,1,1,1992,17,17,17,17,17,17,17,17,17,17
481005,2,1,1992,0,0,0,0,0,0,0,0,0,0
481005,3,1,1992,0,0,0,10,0,0,0,0,0,0
481006,0,1,1992,12,12,12,12,12,12,12,12,12,12
481006,1,1,1992,0,13,0,0,0,0,14,0,0,19
481007,1,1,1992,0,0,22,0,0,0,0,0,0,0
481007,2,1,1992,0,0,0,0,0,11,0,0,0,0
481008,1,1,1992,7,7,7,7,7,7,7,7,7,7
481008,2,1,1992,0,0,0,0,0,0,0,0,0,0
481009,1,1,1992,0,0,0,0,0,0,0,0,0,0
481009,2,1,1992,0,0,0,0,0,0,0,0,0,0
481010,1,1,1992,0,0,0,0,0,17,0,0,0,0
481010,2,1,1992,0,0,0,0,0,0,0,0,0,0
481011,1,1,1992,17,0,14,14,15,23,20,0,21,32
481012,0,1,1992,11,15,0,0,15,11,0,9,0,19
481012,1,1,1992,0,12,2,0,0,0,0,0,5,0
481013,1,1,1992,0,0,0,0,0,0,0,0,0,0
481013,2,1,1992,20,20,20,20,20,20,20,20,20,20
481014,1,1,1992,0,21,22,44,0,17,0,0,22,17
481014,2,1,1992,4,0,0,0,24,0,0,0,0,0
481015,1,1,1992,9,9,9,9,9,9,9,9,9,9
481016,1,1,1992,10,0,0,9,0,0,0,0,0,15
481017,1,1,1992,0,0,0,0,0,0,0,0,0,0
481017,2,1,1992,0,0,4,0,0,0,0,0,0,0
481018,1,1,1992,8,0,0,0,2,0,0,0,16,9
481019,1,1,1992,0,0,0,0,0,0,0,0,0,0
481019,2,1,1992,0,0,4,0,0,0,0,0,0,0
481019,3,1,1992,0,15,8,0,0,12,6,0,0,6
481019,4,1,1992,0,0,0,0,0,0,0,0,0,0
481020,1,1,1992,0,0,0,0,0,0,13,0,12,0
481020,2,1,1992,0,0,0,0,20,0,0,0,0,0
481020,3,1,1992,17,0,0,0,0,0,0,0,0,0
481021,1,1,1992,18,18,18,18,18,18,18,18,18,18
481022,0,1,1992,13,13,13,13,13,13,13,13,13,13
481022,1,1,1992,0,16,8,0,0,23,7,0,14,24
481023,1,1,1992,0,0,0,0,0,0,0,0,0,0
481023,2,1,1992,0,29,0,0,0,0,0,0,0,0
481024,1,1,1992,0,0,0,0,0,0,0,0,0,0
481024,2,1,1992,0,0,0,0,0,0,0,0,0,0
481024,3,1,1992,0,0,0,0,0,0,0,0,0,0
481025,1,1,1992,17,17,17,17,17,17,17,17,17,17
481026,1,1,1992,8,8,8,8,8,8,8,8,8,8
481027,0,1,1992,9,9,9,9,9,9,9,9,9,9
481027,1,1,1992,0,0,0,0,0,0,0,18,0,0
481028,1,1,1992,0,11,0,0,0,18,10,0,10,0
481029,0,1,1992,0,0,0,0,0,0,0,0,0,0
481029,1,1,1992,17,11,27,14,22,15,13,14,8,14
481030,1,1,1992,8,8,8,8,8,8,8,8,8,8
481030,2,1,1992,21,4,0,0,0,0,0,0,12,8
481031,0,1,1992,33,23,15,5,17,9,42,0,10,0
481031,1,1,1992,0,0,0,0,0,0,0,0,10,0
481032,1,1,1992,0,0,0,0,0,0,0,13,0,0
481032,2,1,1992,0,0,11,11,0,11,0,0,0,0
481033,1,1,1992,0,0,0,0,0,0,0,0,0,0
481033,2,1,1992,1,1,1,1,1,1,1,1,1,1
481034,0,1,1992,12,12,12,12,12,12,12,12,12,12
481034,1,1,1992,0,0,0,17,0,0,0,0,0,0
481034,2,1,1992,11,20,0,5,16,15,0,0,40,2
481035,1,1,1992,0,0,0,0,0,0,0,0,0,0
481035,2,1,1992,0,0,0,0,0,0,0,0,0,0
481036,1,1,1992,14,14,14,14,14,14,14,14,14,14
481037,1,1,1992,21,21,21,21,21,21,21,21,21,21
481038,1,1,1992,29,29,29,29,29,29,29,29,29,29
481038,2,1,1992,14,14,14,14,14,14,14,14,14,14
481039,1,1,1992,0,0,6,3,8,0,7,0,0,10
481040,1,1,1992,16,16,16,16,16,16,16,16,16,16
481041,1,1,1992,0,0,0,0,0,0,0,0,0,0
481041,2,1,1992,0,0,0,0,0,0,0,0,0,0
481042,1,1,1992,9,9,9,9,9,9,9,9,9,9
481043,1,1,1992,11,11,11,11,11,11,11,11,11,11
481043,2,1,1992,0,0,0,0,0,0,0,0,14,0
481044,1,1,1992,30,30,30,30,30,30,30,30,30,30
481045,1,1,1992,0,0,0,0,0,0,0,0,0,0
481045,2,1,1992,0,0,0,0,0,0,9,0,0,0
481046,1,1,1992,18,0,11,0,0,13,5,19,9,0
481047,1,1,1992,0,0,0,0,0,0,0,0,0,0
481047,2,1,1992,0,0,0,0,0,0,24,0,0,0
481048,0,1,1992,12,12,0,5,9,0,0,0,0,10
481048,1,1,1992,25,25,25,25,25,25,25,25,25,25
481049,1,1,1992,16,16,16,16,16,16,16,16,16,16
481050,0,1,1992,19,39,22,45,10,19,27,32,45,12
481050,1,1,1992,24,0,0,0,7,15,2,16,8,11
481051,1,1,1992,0,0,0,0,0,0,0,0,0,0
481051,2,1,1992,0,0,0,0,0,0,0,0,0,0
481052,1,1,1992,40,40,40,40,40,40,40,40,40,40
481053,1,1,1992,31,9,34,17,18,8,20,8,24,10
481054,1,1,1992,0,0,0,0,0,0,0,0,6,0
481054,2,1,1992,0,0,0,0,0,0,0,0,0,0
481055,1,1,1992,15,0,11,11,0,0,9,18,0,20
481055,2,1,1992,2,0,10,0,0,0,12,0,9,0
481055,3,1,1992,0,0,0,0,0,0,0,0,0,0
481056,1,1,1992,21,21,21,21,21,21,21,21,21,21
481057,1,1,1992,0,20,0,0,0,0,0,0,0,0
481057,2,1,1992,0,0,0,0,0,0,6,0,0,0
481057,3,1,1992,0,0,0,0,0,0,0,0,0,0
481057,4,1,1992,24,0,0,0,0,0,0,0,0,11
481058,1,1,1992,0,11,13,0,0,0,0,0,8,0
481058,2,1,1992,0,0,0,0,0,0,0,0,0,0
481059,1,1,1992,0,0,0,4,0,0,0,0,0,0
481059,2,1,1992,0,0,0,0,0,0,0,0,0,0
481060,1,1,1992,0,0,0,0,0,0,0,0,0,0
481060,2,1,1992,0,0,0,0,0,0,0,0,0,0
481061,1,1,1992,0,0,0,0,0,0,0,0,0,0
481062,1,1,1992,24,24,24,24,24,24,24,24,24,24
481063,1,1,1992,0,0,0,0,29,0,0,0,0,13
481063,2,1,1992,0,0,0,0,0,0,0,0,0,0
481064,1,1,1992,18,18,18,18,18,18,18,18,18,18
481065,1,1,1992,2,2,2,2,2,2,2,2,2,2
481065,2,1,1992,9,12,0,0,0,0,0,0,0,0
481066,1,1,1992,28,18,11,19,22,6,0,19,27,31
481067,1,1,1992,0,0,0,0,0,0,0,0,0,8
481067,2,1,1992,0,0,0,0,0,0,0,0,0,0
481067,3,1,1992,5,5,5,5,5,5,5,5,5,5
481068,1,1,1992,0,0,0,0,0,0,0,0,0,0
481068,2,1,1992,0,0,0,0,0,0,0,0,0,0
481069,1,1,1992,0,0,0,0,0,0,0,0,0,0
481070,1,1,1992,0,0,0,0,0,0,0,0,0,0
481070,2,1,1992,0,17,0,21,0,0,0,0,0,0
481070,3,1,1992,0,0,0,0,0,0,0,0,0,0
481071,1,1,1992,0,0,0,0,0,7,0,0,0,0
481071,2,1,1992,0,0,0,0,0,0,16,0,0,0
481072,1,1,1992,20,20,20,20,20,20,20,20,20,20
481073,1,1,1992,0,0,0,0,0,0,0,0,0,0
481073,2,1,1992,0,0,0,0,0,0,0,0,6,0
481074,1,1,1992,0,0,0,0,0,0,0,0,0,0
481074,2,1,1992,0,0,0,0,0,0,0,0,0,0
481075,1,1,1992,0,0,0,10,0,0,0,0,0,0
481075,2,1,1992,0,0,0,0,0,19,0,0,0,0
481076,1,1,1992,0,0,0,0,0,0,0,0,0,0
481076,2,1,1992,0,0,0,0,0,0,0,0,0,0
481077,1,1,1992,0,12,0,0,30,15,0,0,3,0
481078,1,1,1992,8,8,8,8,8,8,8,8,8,8
481078,2,1,1992,0,0,0,0,0,0,0,0,0,0
481079,1,1,1992,12,12,12,12,12,12,12,12,12,12
481080,1,1,1992,0,0,0,0,0,0,0,0,0,0
481080,2,1,1992,0,0,0,8,0,0,0,0,0,0
481081,1,1,1992,27,27,27,27,27,27,27,27,27,27
481082,1,1,1992,8,8,8,8,8,8,8,8,8,8
481082,2,1,1992,0,10,11,0,0,16,15,0,0,19
481083,1,1,1992,0,0,0,0,0,0,0,0,0,0
481083,2,1,1992,0,0,0,0,0,0,0,0,0,0
481084,1,1,1992,0,0,0,0,0,0,0,0,0,0
481085,1,1,1992,18,18,18,18,18,18,18,18,18,18
481086,1,1,1992,0,0,0,0,0,0,0,0,0,0
481087,1,1,1992,0,0,0,0,0,0,0,0,0,0
481087,2,1,1992,0,0,0,0,0,0,0,0,0,0
481087,3,1,1992,0,0,18,14,7,0,0,0,0,27
481088,1,1,1992,0,0,0,0,0,0,0,0,12,8
481088,2,1,1992,0,0,21,0,0,31,6,9,16,0
481088,3,1,1992,0,0,0,0,0,0,0,0,0,0
481089,0,1,1992,3,12,0,0,26,7,0,0,0,0
481089,1,1,1992,6,0,0,19,0,0,0,0,0,15
481090,1,1,1992,0,0,0,0,0,0,12,0,0,0
481090,2,1,1992,0,0,0,5,0,0,0,0,0,0
481090,3,1,1992,6,0,0,0,0,2,0,0,0,0
481090,4,1,1992,0,23,0,0,0,0,0,0,0,0
481091,0,1,1992,19,27,0,15,0,22,0,22,18,24
481091,1,1,1992,0,0,0,0,0,0,0,0,0,0
481092,1,1,1992,17,10,16,10,38,5,6,15,10,45
481092,2,1,1992,0,0,0,0,0,0,0,0,0,0
481092,3,1,1992,0,0,30,33,25,0,0,14,26,26
481093,0,1,1992,25,25,25,25,25,25,25,25,25,25
481093,1,1,1992,0,26,0,0,0,0,0,27,0,0
481094,1,1,1992,20,20,20,20,20,20,20,20,20,20
481095,1,1,1992,0,0,0,0,0,0,0,0,0,0
481096,1,1,1992,0,0,0,0,0,0,0,0,0,0
481096,2,1,1992,0,0,0,0,0,0,5,0,0,0
481097,0,1,1992,0,0,0,0,0,0,0,0,0,0
481097,1,1,1992,0,0,0,0,0,0,0,0,0,0
481097,2,1,1992,0,0,0,7,0,0,0,0,0,0
481098,1,1,1992,13,34,17,22,12,15,6,15,8,14
481099,1,1,1992,15,15,15,15,15,15,15,15,15,15
481100,1,1,1992,0,0,0,0,0,0,0,0,0,0
481100,2,1,1992,0,0,0,18,0,0,0,0,0,14
481101,1,1,1992,0,0,0,0,0,0,0,0,0,0
481102,1,1,1992,8,8,8,8,8,8,8,8,8,8
481102,2,1,1992,0,0,0,0,0,0,0,0,0,0
481103,0,1,1992,6,9,13,19,13,24,32,19,21,41
481103,1,1,1992,0,11,0,14,0,0,2,9,2,6
481104,1,1,1992,0,0,7,7,14,0,0,0,17,0
481104,2,1,1992,17,17,17,17,17,17,17,17,17,17
481104,3,1,1992,0,10,0,0,0,0,0,15,0,0
481104,4,1,1992,0,23,14,19,19,5,0,20,7,9
481105,1,1,1992,19,19,19,19,19,19,19,19,19,19
481106,1,1,1992,16,16,16,16,16,16,16,16,16,16
481107,1,1,1992,0,0,0,0,0,0,0,0,0,0
481107,2,1,1992,0,0,0,0,0,0,0,0,0,0
481108,1,1,1992,22,22,22,22,22,22,22,22,22,22
481108,2,1,1992,10,10,10,10,10,10,10,10,10,10
481109,0,1,1992,15,15,15,15,15,15,15,15,15,15
481109,1,1,1992,0,0,0,10,0,0,12,33,0,0
481110,1,1,1992,10,10,10,10,10,10,10,10,10,10
481111,1,1,1992,14,14,14,14,14,14,14,14,14,14
481111,2,1,1992,0,0,0,0,0,0,0,0,0,0
481112,1,1,1992,34,0,31,0,20,0,20,10,27,13
481113,1,1,1992,0,0,0,0,0,0,0,0,0,0
481113,2,1,1992,1,1,1,1,1,1,1,1,1,1
481114,1,1,1992,10,10,13,27,18,13,27,5,15,17
481115,1,1,1992,16,16,16,16,16,16,16,16,16,16
481116,1,1,1992,0,0,32,28,11,23,30,0,0,0
481117,1,1,1992,21,21,21,21,21,21,21,21,21,21
481118,1,1,1992,15,15,15,15,15,15,15,15,15,15
481119,1,1,1992,0,7,0,0,0,22,0,9,17,0
481119,2,1,1992,0,0,0,0,0,0,0,0,0,0
481120,1,1,1992,8,8,8,8,8,8,8,8,8,8
481121,1,1,1992,18,18,18,18,18,18,18,18,18,18
481122,1,1,1992,17,17,17,17,17,17,17,17,17,17
481123,1,1,1992,24,24,24,24,24,24,24,24,24,24
481123,2,1,1992,0,0,0,0,0,0,0,0,0,0
481124,1,1,1992,17,17,17,17,17,17,17,17,17,17
481124,2,1,1992,0,0,0,0,0,0,0,0,0,0
481125,1,1,1992,0,0,0,0,0,0,0,0,0,0
481126,1,1,1992,18,18,18,18,18,18,18,18,18,18
481126,2,1,1992,0,0,29,0,0,18,0,18,0,0
481127,1,1,1992,0,0,11,26,0,26,0,0,5,0
481128,1,1,1992,28,28,28,28,28,28,28,28,28,28
481128,2,1,1992,0,0,0,0,0,0,0,0,0,0
481129,1,1,1992,0,0,17,0,0,0,0,0,15,0
481129,2,1,1992,7,0,19,0,0,6,0,0,0,0
481130,1,1,1992,23,23,23,23,23,23,23,23,23,23
481131,1,1,1992,26,19,14,12,9,14,22,16,13,8
481132,1,1,1992,0,0,0,0,0,0,0,0,0,0
481133,0,1,1992,7,0,0,0,0,0,0,35,0,0
481133,1,1,1992,0,0,0,0,0,0,0,0,0,0
481134,1,1,1992,17,17,17,17,17,17,17,17,17,17
481135,1,1,1992,0,0,0,0,0,0,0,0,0,0
481136,1,1,1992,0,0,0,0,0,0,0,0,0,0
481137,0,1,1992,33,33,33,33,33,33,33,33,33,33
481137,1,1,1992,0,0,14,19,0,0,0,11,26,0
481138,1,1,1992,22,22,22,22,22,22,22,22,22,22
481138,2,1,1992,0,0,0,19,0,0,0,0,0,0
481139,1,1,1992,0,0,0,21,6,11,13,0,0,0
481140,1,1,1992,0,0,0,0,0,0,0,0,0,0
481140,2,1,1992,0,0,0,0,0,0,0,0,0,0
481141,1,1,1992,0,0,0,0,0,0,0,0,0,0
481141,2,1,1992,0,0,0,0,0,0,0,0,0,0
481142,1,1,1992,0,0,0,0,0,0,0,0,0,0
481143,1,1,1992,22,21,17,15,0,36,30,28,20,6
481144,1,1,1992,19,19,19,19,19,19,19,19,19,19
481144,2,1,1992,0,0,0,0,0,0,0,0,0,0
481145,1,1,1992,0,0,0,0,0,0,0,0,0,0
481146,1,1,1992,0,0,33,6,0,0,0,0,0,0
481146,2,1,1992,0,0,0,0,0,0,0,0,0,0
481147,0,1,1992,0,0,29,0,13,0,0,25,0,0
481147,1,1,1992,0,0,18,13,0,28,27,0,0,0
481148,1,1,1992,3,3,3,3,3,3,3,3,3,3
481149,1,1,1992,29,21,29,17,19,42,0,25,33,20
481150,1,1,1992,30,30,30,30,30,30,30,30,30,30
481151,0,1,1992,13,13,13,13,13,13,13,13,13,13
481151,1,1,1992,11,0,0,0,0,0,0,0,0,8
481152,1,1,1992,0,0,0,0,0,0,0,0,0,0
481152,2,1,1992,0,0,0,0,0,0,0,0,0,6
481152,3,1,1992,0,0,0,0,0,0,0,0,0,0
481153,1,1,1992,0,0,0,0,0,0,0,0,0,0
481153,2,1,1992,0,0,0,0,0,0,0,0,14,0
481154,1,1,1992,0,0,0,0,0,9,0,0,0,0
481155,1,1,1992,10,10,10,10,10,10,10,10,10,10
481155,2,1,1992,0,0,0,12,0,0,0,0,0,0
481156,0,1,1992,0,0,24,0,14,0,40,0,0,0
481156,1,1,1992,0,0,0,0,0,0,0,0,21,6
481157,1,1,1992,0,0,0,0,0,0,0,0,0,0
481158,1,1,1992,5,5,5,5,5,5,5,5,5,5
481158,2,1,1992,0,0,0,0,0,0,0,0,0,0
481159,1,1,1992,8,8,8,8,8,8,8,8,8,8
481159,2,1,1992,0,0,0,0,0,0,0,0,0,0
481159,3,1,1992,0,0,0,0,0,0,0,11,0,21
481159,4,1,1992,0,0,0,0,0,0,0,0,0,0
481160,1,1,1992,16,17,33,14,10,14,33,16,19,11
481160,2,1,1992,16,21,16,23,12,0,0,0,12,0
481161,0,1,1992,0,16,3,0,0,21,0,0,14,0
481161,0,2,1992,0,0,0,0,0,0,0,0,0,0
481161,1,1,1992,0,0,6,17,14,0,0,0,0,0
481162,1,1,1992,0,0,5,0,6,0,0,0,0,0
481163,1,1,1992,0,0,0,0,0,0,0,0,0,0
481164,1,1,1992,0,0,0,0,10,0,0,0,0,0
481164,2,1,1992,0,0,0,0,0,0,0,0,0,0
481165,1,1,1992,0,0,0,4,12,7,2,0,0,0
481165,2,1,1992,0,20,0,0,0,0,0,0,0,0
481166,1,1,1992,0,0,0,0,0,0,0,0,0,0
481166,2,1,1992,24,24,24,24,24,24,24,24,24,24
481167,1,1,1992,0,0,0,0,0,0,0,0,0,0
481167,2,1,1992,0,0,0,0,0,0,0,0,0,0
481168,0,1,1992,7,7,7,7,7,7,7,7,7,7
481168,1,1,1992,20,0,11,11,15,0,0,0,54,19
481169,1,1,1992,0,0,0,0,0,0,0,0,0,0
481170,1,1,1992,13,13,13,13,13,13,13,13,13,13
481171,1,1,1992,0,0,0,0,0,13,5,0,0,0
481172,0,1,1992,0,0,0,0,0,0,0,0,0,0
481172,1,1,1992,0,6,0,13,18,23,0,10,0,0
481173,0,1,1992,20,20,20,20,20,20,20,20,20,20
481173,1,1,1992,0,1,0,0,17,0,19,0,8,0
481174,1,1,1992,0,0,0,0,0,0,0,0,0,0
481175,0,1,1992,13,25,25,37,16,22,16,18,0,12
481175,1,1,1992,0,0,0,0,0,0,12,19,0,18
481176,0,1,1992,38,38,38,38,38,38,38,38,38,38
481176,1,1,1992,0,0,0,14,7,0,0,0,0,22
481177,0,1,1992,1,1,1,1,1,1,1,1,1,1
481177,1,1,1992,14,14,14,14,14,14,14,14,14,14
481178,1,1,1992,0,0,0,0,0,0,0,0,0,0
481179,1,1,1992,0,0,21,0,0,0,0,0,0,0
481179,2,1,1992,0,0,0,0,0,0,3,0,0,0
481180,1,1,1992,15,15,15,15,15,15,15,15,15,15
481181,1,1,1992,0,0,27,0,0,0,0,0,0,0
481181,2,1,1992,0,0,0,0,0,0,0,0,0,0
481182,1,1,1992,0,0,0,0,0,0,0,0,0,0
481182,2,1,1992,0,0,0,0,0,0,0,0,0,0
481183,1,1,1992,0,0,0,0,0,0,0,0,0,0
481184,1,1,1992,30,11,24,20,36,12,14,10,17,26
481185,1,1,1992,0,0,4,0,0,0,0,4,0,0
481185,2,1,1992,26,26,26,26,26,26,26,26,26,26
481186,0,1,1992,23,23,23,23,23,23,23,23,23,23
481186,1,1,1992,0,0,0,0,0,0,0,0,0,0
481187,1,1,1992,0,0,0,0,0,0,0,0,0,0
481188,1,1,1992,0,0,2,0,12,0,0,0,0,0
481188,2,1,1992,0,0,0,0,0,0,0,0,0,14
481189,0,1,1992,12,0,0,0,0,0,0,0,0,0
481189,1,1,1992,0,0,0,0,0,0,0,0,0,2
481190,0,1,1992,32,32,32,32,32,32,32,32,32,32
481190,1,1,1992,10,0,0,0,0,0,0,0,0,0
481190,2,1,1992,0,0,0,0,0,19,0,0,0,12
481191,1,1,1992,24,24,24,24,24,24,24,24,24,24
481192,0,1,1992,0,0,0,0,0,0,0,0,0,0
481192,1,1,1992,0,0,0,0,0,0,0,0,0,0
481193,1,1,1992,13,14,10,15,9,8,12,6,18,10
481193,2,1,1992,0,20,37,0,19,25,16,0,11,0
481194,1,1,1992,0,0,0,11,0,0,0,0,0,0
481194,2,1,1992,20,20,20,20,20,20,20,20,20,20
481195,1,1,1992,0,0,0,0,0,0,0,0,0,0
481195,2,1,1992,0,0,0,0,0,0,7,0,0,0
481196,1,1,1992,0,8,14,13,0,38,0,23,0,8
481197,0,1,1992,0,0,0,0,0,0,0,0,0,0
481197,1,1,1992,0,0,0,0,0,0,7,0,0,0
481198,0,1,1992,33,33,33,33,33,33,33,33,33,33
481198,1,1,1992,0,0,15,0,0,0,0,0,0,0
481198,2,1,1992,0,0,0,0,0,16,25,13,11,0
481199,1,1,1992,11,11,11,11,11,11,11,11,11,11
481200,1,1,1992,0,0,0,0,0,0,0,0,0,0
481201,1,1,1992,14,14,14,14,14,14,14,14,14,14
481201,2,1,1992,0,8,10,20,23,14,15,21,22,23
481202,1,1,1992,0,0,0,0,0,0,0,0,0,0
481202,2,1,1992,0,0,0,0,0,0,0,0,0,0
481203,0,1,1992,32,32,32,32,32,32,32,32,32,32
481203,1,1,1992,0,21,0,0,0,0,0,0,0,0
481204,1,1,1992,8,8,8,8,8,8,8,8,8,8
481205,1,1,1992,13,13,20,22,26,25,13,19,18,24
481206,1,1,1992,19,19,19,19,19,19,19,19,19,19
481207,0,1,1992,0,0,0,5,0,19,4,0,11,0
481207,0,2,1992,35,26,20,17,11,11,23,0,32,27
481207,1,1,1992,0,0,0,0,0,0,0,0,0,0
481208,1,1,1992,21,21,21,21,21,21,21,21,21,21
481209,1,1,1992,10,10,10,10,10,10,10,10,10,10
481210,1,1,1992,16,16,16,16,16,16,16,16,16,16
481210,2,1,1992,7,7,7,7,7,7,7,7,7,7
481211,0,1,1992,5,5,5,5,5,5,5,5,5,5
481211,1,1,1992,0,0,28,0,0,0,0,0,0,0
481212,1,1,1992,0,0,0,0,0,0,0,0,0,0
481212,2,1,1992,0,0,0,0,0,0,0,0,0,0
481213,1,1,1992,17,17,17,17,17,17,17,17,17,17
481214,0,1,1992,0,0,6,0,0,0,10,21,16,0
481214,1,1,1992,13,13,13,13,13,13,13,13,13,13
481215,0,1,1992,0,23,0,20,0,30,0,16,0,0
481215,1,1,1992,19,19,19,19,19,19,19,19,19,19
481216,0,1,1992,0,0,0,0,0,0,0,0,0,0
481216,1,1,1992,0,0,0,0,0,0,0,0,0,0
481217,1,1,1992,24,24,24,24,24,24,24,24,24,24
481218,1,1,1992,0,0,0,0,0,0,0,17,0,0
481218,2,1,1992,0,0,0,0,0,2,0,0,0,0
481218,3,1,1992,14,0,0,0,0,11,0,0,0,0
481218,4,1,1992,0,0,0,0,0,0,0,0,0,0
481219,1,1,1992,0,0,26,0,0,13,0,29,14,12
481219,2,1,1992,0,0,0,0,0,0,0,0,0,0
481220,1,1,1992,11,0,0,0,0,0,0,8,0,0
481220,2,1,1992,3,3,3,3,3,3,3,3,3,3
481221,1,1,1992,0,0,0,0,0,0,0,0,0,0
481222,1,1,1992,27,27,27,27,27,27,27,27,27,27
481223,1,1,1992,29,29,29,29,29,29,29,29,29,29
481224,1,1,1992,0,0,0,0,0,0,4,0,0,3
481224,2,1,1992,0,0,0,7,0,0,0,0,11,0
481225,1,1,1992,0,0,0,0,0,0,0,0,0,0
481226,0,1,1992,0,22,0,18,0,0,35,26,0,9
481226,1,1,1992,0,0,0,0,0,0,0,0,0,0
481227,1,1,1992,14,14,14,14,14,14,14,14,14,14
481228,1,1,1992,0,0,0,6,0,0,40,0,0,0
481229,1,1,1992,17,17,17,17,17,17,17,17,17,17
481230,1,1,1992,16,7,0,0,11,18,0,0,0,10
481231,1,1,1992,0,0,0,0,0,0,0,0,0,0
481231,2,1,1992,0,0,0,0,0,0,0,0,0,0
481232,1,1,1992,12,0,13,0,0,0,0,0,12,12
481233,1,1,1992,0,0,0,16,0,0,0,0,0,0
481234,1,1,1992,0,9,3,14,0,0,0,0,0,0
481234,2,1,1992,0,0,0,0,0,0,0,0,0,0
481235,1,1,1992,0,0,0,0,0,0,0,0,0,0
481235,2,1,1992,0,0,0,0,0,0,0,0,0,0
481236,1,1,1992,0,0,0,0,0,0,0,0,0,0
481236,2,1,1992,0,0,0,0,0,0,0,0,0,0
481237,1,1,1992,19,19,19,19,19,19,19,19,19,19
481238,1,1,1992,0,0,0,0,0,15,0,0,0,0
481238,2,1,1992,0,0,0,0,0,0,0,0,0,0
481239,1,1,1992,0,0,0,0,0,0,0,0,0,0
481240,1,1,1992,0,0,0,11,0,0,0,0,0,14
481240,2,1,1992,0,0,0,0,0,0,0,0,0,0
481241,1,1,1992,9,9,9,9,9,9,9,9,9,9
481241,2,1,1992,6,6,6,6,6,6,6,6,6,6
481242,1,1,1992,0,0,0,0,0,0,0,0,0,0
481243,1,1,1992,12,12,12,12,12,12,12,12,12,12
481244,1,1,1992,0,0,0,0,0,0,0,0,0,0
481244,2,1,1992,0,14,0,0,0,0,0,0,0,0
481245,1,1,1992,0,0,0,0,0,0,0,0,0,0
481245,2,1,1992,0,0,0,0,0,0,0,0,0,0
481246,1,1,1992,0,0,0,21,23,26,0,0,0,7
481247,1,1,1992,3,3,3,3,3,3,3,3,3,3
481248,0,1,1992,17,17,17,17,17,17,17,17,17,17
481248,1,1,1992,17,17,17,17,17,17,17,17,17,17
481248,2,1,1992,0,0,20,0,0,30,15,0,3,3
481248,3,1,1992,11,11,11,11,11,11,11,11,11,11
481248,4,1,1992,0,0,0,0,16,0,0,6,7,5
481249,1,1,1992,35,35,35,35,35,35,35,35,35,35
481249,2,1,1992,0,0,0,0,0,0,0,0,0,0
481250,0,1,1992,0,0,0,0,0,0,0,0,0,0
481250,0,2,1992,20,15,18,27,25,28,13,16,20,0
481250,0,3,1992,0,0,34,41,21,28,29,0,0,4
481250,1,1,1992,0,23,0,15,0,0,27,11,12,0
481251,1,1,1992,0,0,0,14,11,0,0,0,0,0
481252,1,1,1992,10,18,17,22,21,17,27,3,19,34
481253,1,1,1992,6,15,5,18,0,0,14,11,17,0
481254,1,1,1992,0,0,0,0,0,0,0,0,0,0