ST_CASE,VEH_NO,PER_NO,YEAR,P1,P2,P3,P4,P5,P6,P7,P8,P9,P10
481524,1,1,1992,6,6,6,6,6,6,6,6,6,6
481525,1,1,1992,20,9,19,0,17,0,12,0,0,0
481525,2,1,1992,0,0,0,8,0,0,0,0,0,0
481526,1,1,1992,20,0,25,0,8,0,0,0,0,11
481527,1,1,1992,0,0,0,0,0,0,6,0,0,0
481527,2,1,1992,0,0,0,0,0,0,0,0,0,0
481528,1,1,1992,0,26,0,21,0,0,0,18,0,0
481529,1,1,1992,23,23,23,23,23,23,23,23,23,23
481530,1,1,1992,14,14,14,14,14,14,14,14,14,14
481530,2,1,1992,0,0,0,0,0,0,0,0,0,0
481531,0,1,1992,0,0,16,14,7,8,27,31,20,0
481531,1,1,1992,0,0,0,0,0,8,7,0,0,11
481532,1,1,1992,0,0,0,0,0,0,0,0,0,0
481532,2,1,1992,0,8,0,0,0,0,0,0,0,0
481533,0,1,1992,0,0,0,0,0,0,0,24,10,0
481533,0,2,1992,0,0,0,0,0,0,0,0,0,0
481533,1,1,1992,15,15,15,15,15,15,15,15,15,15
481534,1,1,1992,0,0,0,0,0,0,0,0,0,0
481534,2,1,1992,0,0,0,0,0,0,0,0,0,0
481535,0,1,1992,0,0,16,0,0,42,0,0,18,23
481535,0,2,1992,0,0,0,0,0,0,0,0,0,0
481535,1,1,1992,41,41,41,41,41,41,41,41,41,41
481535,2,1,1992,16,0,0,0,0,8,17,0,3,0
481536,1,1,1992,0,0,0,0,0,0,0,0,0,0
481536,2,1,1992,0,0,0,0,0,0,0,0,0,0
481536,3,1,1992,17,0,23,0,0,0,0,0,0,0
481537,1,1,1992,18,18,18,18,18,18,18,18,18,18
481538,1,1,1992,0,0,0,0,0,0,0,0,0,0
481538,2,1,1992,0,10,0,0,0,0,6,0,0,0
481538,3,1,1992,19,19,19,19,19,19,19,19,19,19
481539,1,1,1992,0,0,0,0,0,0,0,0,0,0
481540,1,1,1992,0,0,12,0,0,0,9,0,0,16
481541,1,1,1992,0,0,0,0,0,0,0,0,0,0
481541,2,1,1992,0,0,0,0,0,0,0,0,0,0
481542,0,1,1992,0,21,17,26,0,3,13,21,27,0
481542,1,1,1992,19,0,16,0,0,0,0,0,0,0
481543,1,1,1992,25,25,25,25,25,25,25,25,25,25
481544,1,1,1992,0,0,0,0,0,0,0,0,0,0
481544,2,1,1992,0,0,0,0,0,0,0,0,0,0
481545,1,1,1992,28,28,28,28,28,28,28,28,28,28
481546,0,1,1992,33,33,33,33,33,33,33,33,33,33
481546,1,1,1992,5,0,0,0,25,0,0,0,0,0
481546,2,1,1992,0,8,8,0,0,0,11,0,0,0
481547,1,1,1992,23,23,23,23,23,23,23,23,23,23
481547,2,1,1992,0,0,0,0,0,0,0,0,0,0
481548,1,1,1992,0,21,0,0,0,0,14,20,0,7
481549,1,1,1992,4,4,4,4,4,4,4,4,4,4
481549,2,1,1992,12,12,12,12,12,12,12,12,12,12
481550,1,1,1992,10,10,10,10,10,10,10,10,10,10
481551,0,1,1992,13,0,0,6,0,0,13,0,17,10
481551,1,1,1992,8,8,8,8,8,8,8,8,8,8
481552,0,1,1992,33,33,33,33,33,33,33,33,33,33
481552,1,1,1992,0,0,18,0,7,0,0,0,0,0
481552,2,1,1992,0,0,19,0,0,0,12,0,0,0
481553,1,1,1992,0,0,0,0,0,0,0,0,0,0
481554,0,1,1992,21,21,21,21,21,21,21,21,21,21
481554,1,1,1992,10,0,0,10,0,18,26,24,0,0
481555,1,1,1992,0,0,0,0,0,0,0,0,5,0
481555,2,1,1992,16,21,21,9,3,5,22,32,23,12
481556,1,1,1992,28,28,28,28,28,28,28,28,28,28
481556,2,1,1992,0,0,13,11,0,24,0,0,0,0
481557,1,1,1992,0,0,0,0,0,0,0,0,0,0
481557,2,1,1992,0,0,20,0,0,0,0,0,0,0
481558,0,1,1992,12,12,0,0,17,32,0,29,6,21
481558,1,1,1992,0,0,0,0,0,0,0,0,0,0
481559,1,1,1992,0,0,0,8,0,0,9,0,0,0
481559,2,1,1992,5,0,0,0,0,14,0,0,0,0
481560,1,1,1992,13,13,13,13,13,13,13,13,13,13
481561,1,1,1992,0,0,0,0,0,0,0,0,0,0
481562,0,1,1992,19,19,19,19,19,19,19,19,19,19
481562,1,1,1992,0,0,0,0,0,0,0,0,0,0
481563,1,1,1992,21,21,21,21,21,21,21,21,21,21
481564,1,1,1992,16,16,16,16,16,16,16,16,16,16
481565,1,1,1992,0,0,0,0,0,0,0,0,0,0
481565,2,1,1992,0,0,0,0,0,0,0,0,0,0
481565,3,1,1992,0,0,0,0,0,0,0,0,0,0
481566,1,1,1992,16,0,10,19,17,0,19,10,13,0
481567,1,1,1992,0,0,0,0,0,0,0,0,0,0
481568,1,1,1992,0,0,0,0,0,0,0,0,0,0
481569,1,1,1992,0,0,0,0,0,0,0,0,0,0
481569,2,1,1992,0,0,0,0,0,0,0,0,0,0
481570,1,1,1992,2,0,0,0,0,0,0,0,0,0
481571,1,1,1992,27,27,27,27,27,27,27,27,27,27
481572,1,1,1992,17,17,17,17,17,17,17,17,17,17
481573,1,1,1992,0,0,0,0,0,0,0,0,0,0
481573,2,1,1992,30,0,0,0,0,0,0,0,0,0
481574,1,1,1992,0,0,0,0,0,0,0,0,0,0
481574,2,1,1992,0,0,0,0,8,14,0,0,0,0
481575,0,1,1992,28,28,28,28,28,28,28,28,28,28
481575,1,1,1992,0,0,0,11,0,11,0,10,0,10
481576,1,1,1992,0,0,0,0,0,0,0,0,0,0
481577,1,1,1992,21,28,0,27,26,0,0,19,0,0
481578,0,1,1992,0,0,31,24,13,0,0,0,0,0
481578,1,1,1992,0,0,0,0,0,0,0,0,0,0
481579,1,1,1992,0,20,14,15,26,14,17,14,19,11
481580,1,1,1992,0,0,0,0,0,0,0,0,0,0
481580,2,1,1992,29,29,29,29,29,29,29,29,29,29
481581,0,1,1992,8,0,0,0,0,0,0,0,0,0
481581,1,1,1992,0,0,0,0,0,0,0,0,0,0
481582,1,1,1992,21,21,21,21,21,21,21,21,21,21
481582,2,1,1992,0,0,0,0,0,0,0,0,0,0
481583,1,1,1992,0,0,0,0,0,0,0,0,0,0
481583,2,1,1992,20,0,0,0,13,12,0,0,9,0
481584,0,1,1992,27,25,34,33,17,36,17,23,0,0
481584,1,1,1992,0,12,0,11,15,0,0,14,0,0
481585,1,1,1992,0,0,0,0,0,0,0,0,0,0
481585,2,1,1992,0,0,0,0,0,0,0,0,0,0
481586,1,1,1992,10,10,10,10,10,10,10,10,10,10
481586,2,1,1992,0,0,0,0,0,0,0,0,0,10
481587,1,1,1992,0,0,0,0,0,0,0,0,0,0
481587,2,1,1992,10,0,11,0,0,0,0,0,0,0
481588,1,1,1992,2,2,2,2,2,2,2,2,2,2
481589,1,1,1992,15,15,15,15,15,15,15,15,15,15
481590,1,1,1992,9,9,9,9,9,9,9,9,9,9
481591,1,1,1992,14,8,19,8,24,18,19,14,18,11
481592,1,1,1992,12,12,12,12,12,12,12,12,12,12
481593,0,1,1992,19,31,0,21,26,0,33,0,11,6
481593,1,1,1992,0,0,0,0,0,0,0,0,0,0
481594,1,1,1992,22,22,22,22,22,22,22,22,22,22
481595,1,1,1992,0,0,0,0,0,0,0,0,0,0
481596,0,1,1992,4,0,40,0,0,0,0,0,0,0
481596,1,1,1992,0,0,0,0,0,0,0,0,0,0
481597,1,1,1992,19,19,19,19,19,19,19,19,19,19
481598,1,1,1992,16,16,16,16,16,16,16,16,16,16
481599,1,1,1992,19,19,19,19,19,19,19,19,19,19
481600,1,1,1992,23,23,23,23,23,23,23,23,23,23
481600,2,1,1992,19,15,31,21,15,12,7,23,28,20
481601,1,1,1992,10,10,3,19,24,11,0,25,24,26
481602,1,1,1992,18,18,18,18,18,18,18,18,18,18
481603,1,1,1992,0,0,0,0,0,0,0,11,0,8
481603,2,1,1992,0,0,0,0,0,13,0,0,0,0
481604,0,1,1992,0,0,0,0,0,0,0,0,0,0
481604,1,1,1992,0,0,0,0,0,0,0,0,0,0
481605,1,1,1992,7,7,7,7,7,7,7,7,7,7
481605,2,1,1992,0,7,17,18,0,34,0,0,8,11
481606,1,1,1992,0,0,0,0,0,0,0,0,0,0
481606,2,1,1992,18,18,18,18,18,18,18,18,18,18
481607,1,1,1992,0,0,0,0,0,0,0,0,0,0
481608,1,1,1992,13,13,13,13,13,13,13,13,13,13
481609,1,1,1992,0,0,0,0,6,0,10,0,0,0
481610,1,1,1992,14,14,14,14,14,14,14,14,14,14
481611,1,1,1992,0,47,0,0,0,0,0,0,0,0
481611,2,1,1992,0,0,0,0,0,0,0,0,0,0
481612,1,1,1992,0,0,18,41,8,0,0,0,10,0
481613,0,1,1992,0,0,18,0,0,35,0,0,0,0
481613,1,1,1992,0,0,14,0,21,14,20,0,13,0
481614,0,1,1992,0,0,22,0,25,0,0,0,0,0
481614,1,1,1992,0,0,0,19,0,0,0,0,0,0
481615,1,1,1992,0,0,0,0,0,0,0,0,0,0
481615,2,1,1992,0,0,0,0,0,0,0,0,0,0
481615,3,1,1992,0,0,0,0,0,0,0,0,0,0
481615,4,1,1992,0,0,0,0,0,0,0,0,0,0
481616,1,1,1992,6,6,6,6,6,6,6,6,6,6
481617,1,1,1992,0,0,0,0,0,0,0,0,0,0
481618,0,1,1992,0,0,0,0,0,0,0,0,0,0
481618,1,1,1992,0,0,0,0,0,0,0,0,0,0
481619,1,1,1992,0,0,0,0,0,0,0,0,0,0
481619,2,1,1992,0,0,0,0,0,0,0,0,0,0
481620,1,1,1992,4,4,4,4,4,4,4,4,4,4
481621,1,1,1992,0,0,13,0,0,0,0,0,0,0
481622,1,1,1992,0,0,0,0,0,0,0,0,0,0
481623,1,1,1992,0,0,0,0,0,8,0,0,0,0
481624,1,1,1992,0,0,0,0,0,0,0,0,0,0
481624,2,1,1992,26,26,26,26,26,26,26,26,26,26
481625,0,1,1992,0,0,0,0,0,0,0,0,0,0
481625,1,1,1992,0,0,0,0,0,0,0,0,0,0
481626,1,1,1992,3,3,3,3,3,3,3,3,3,3
481627,1,1,1992,0,0,0,0,0,0,0,0,0,0
481628,1,1,1992,15,19,13,0,0,0,0,0,20,17
481629,1,1,1992,0,0,0,0,0,0,0,0,0,0
481629,2,1,1992,0,0,3,0,0,0,0,0,0,2
481630,0,1,1992,13,13,13,13,13,13,13,13,13,13
481630,0,2,1992,0,23,0,15,0,20,21,0,0,0
481630,1,1,1992,0,13,14,8,0,14,5,17,0,0
481630,2,1,1992,0,0,0,0,20,6,7,0,7,14
481631,0,1,1992,0,0,25,34,0,11,0,0,15,23
481631,1,1,1992,12,12,12,12,12,12,12,12,12,12
481632,1,1,1992,0,0,0,0,0,0,0,0,0,0
481633,0,1,1992,0,0,0,0,0,0,13,0,0,0
481633,1,1,1992,0,0,0,0,0,0,0,0,0,0
481634,1,1,1992,0,0,0,0,0,0,0,0,0,0
481634,2,1,1992,0,0,0,0,0,0,0,23,0,0
481635,0,1,1992,0,0,0,0,0,0,0,0,0,0
481635,0,2,1992,0,0,0,0,0,0,0,0,0,0
481635,1,1,1992,13,13,13,13,13,13,13,13,13,13
481636,1,1,1992,10,0,0,0,0,0,0,0,0,0
481636,2,1,1992,33,0,0,0,9,13,0,0,16,10
481637,1,1,1992,7,13,0,0,46,0,15,0,0,13
481637,2,1,1992,0,14,18,15,16,20,0,0,0,10
481638,1,1,1992,21,7,15,16,27,9,27,10,17,9
481639,1,1,1992,0,0,21,0,0,27,0,22,13,15
481640,1,1,1992,0,0,0,0,0,0,0,0,0,0
481640,2,1,1992,0,0,0,0,0,0,0,0,0,0
481640,3,1,1992,0,0,0,0,0,0,10,0,0,0
481640,4,1,1992,0,0,0,0,13,0,0,17,0,0
481641,1,1,1992,21,21,21,21,21,21,21,21,21,21
481642,1,1,1992,11,15,26,17,5,13,8,0,13,19
481643,1,1,1992,14,14,14,14,14,14,14,14,14,14
481643,2,1,1992,0,0,0,6,0,0,12,21,13,0
481643,3,1,1992,14,0,11,0,0,0,0,0,25,11
481643,4,1,1992,0,7,0,10,0,0,0,0,0,16
481643,5,1,1992,17,0,3,22,11,11,9,11,14,21
481644,0,1,1992,19,19,19,19,19,19,19,19,19,19
481644,1,1,1992,0,0,0,25,16,0,0,0,0,0
481645,1,1,1992,32,32,32,32,32,32,32,32,32,32
481646,1,1,1992,12,12,12,12,12,12,12,12,12,12
481646,2,1,1992,0,0,0,0,0,0,0,0,0,0
481647,1,1,1992,0,0,0,0,0,0,0,0,0,10
481647,2,1,1992,0,0,0,0,0,0,0,10,0,0
481647,3,1,1992,0,0,0,0,0,16,0,0,0,0
481648,1,1,1992,22,22,22,22,22,22,22,22,22,22
481649,1,1,1992,5,5,5,5,5,5,5,5,5,5
481650,0,1,1992,0,2,23,0,19,13,0,33,0,23
481650,1,1,1992,0,0,0,0,0,0,0,0,0,0
481650,3,1,1992,21,0,21,18,25,28,13,0,25,0
481651,1,1,1992,24,24,24,24,24,24,24,24,24,24
481652,1,1,1992,29,29,29,29,29,29,29,29,29,29
481652,2,1,1992,0,13,47,33,0,0,0,0,0,18
481653,0,1,1992,0,0,0,0,0,0,0,0,0,0
481653,1,1,1992,9,0,0,0,13,0,0,16,0,0
481654,1,1,1992,0,0,0,0,0,0,0,0,0,0
481655,1,1,1992,0,15,0,0,0,0,10,0,0,0
481655,2,1,1992,0,0,0,0,0,14,0,0,6,0
481655,3,1,1992,0,0,0,0,0,0,0,0,0,0
481656,1,1,1992,21,20,15,17,20,3,17,5,15,5
481657,1,1,1992,19,13,23,22,26,25,8,14,33,14
481658,1,1,1992,9,7,19,22,24,0,20,20,5,23
481658,2,1,1992,0,0,0,6,5,13,0,0,0,0
481659,1,1,1992,0,0,0,0,11,0,0,0,0,0
481660,1,1,1992,0,0,4,0,0,21,0,0,0,0
481660,2,1,1992,0,0,0,0,0,0,0,0,0,0
481661,1,1,1992,17,17,17,17,17,17,17,17,17,17
481661,2,1,1992,0,16,13,20,0,17,0,13,0,0
481662,0,1,1992,11,11,11,11,11,11,11,11,11,11
481662,1,1,1992,0,0,0,0,0,0,0,0,0,0
481663,1,1,1992,20,20,20,20,20,20,20,20,20,20
481663,2,1,1992,0,12,13,0,0,0,0,7,0,14
481664,1,1,1992,18,18,18,18,18,18,18,18,18,18
481664,2,1,1992,0,0,0,0,0,0,0,0,0,0
481664,3,1,1992,0,0,0,0,0,0,0,0,0,0
481665,1,1,1992,0,0,0,0,0,0,0,0,0,0
481665,2,1,1992,0,0,0,0,0,0,0,0,0,0
481666,1,1,1992,3,3,3,3,3,3,3,3,3,3
481667,1,1,1992,17,17,17,17,17,17,17,17,17,17
481667,2,1,1992,3,3,3,3,3,3,3,3,3,3
481668,1,1,1992,19,0,0,16,9,0,14,23,43,0
481669,1,1,1992,0,0,0,0,0,0,0,0,0,0
481669,2,1,1992,0,0,0,0,0,21,9,0,0,0
481670,1,1,1992,0,0,0,0,0,0,0,0,0,0
481671,1,1,1992,0,0,0,0,0,0,0,0,0,0
481672,1,1,1992,21,21,21,21,21,21,21,21,21,21
481672,2,1,1992,0,0,0,0,0,0,0,0,0,0
481673,1,1,1992,0,0,0,0,0,0,0,0,0,0
481673,2,1,1992,0,0,0,0,0,0,0,0,0,0
481674,1,1,1992,0,0,19,6,0,0,0,0,0,0
481674,2,1,1992,0,0,0,0,0,0,0,0,0,0
481675,0,1,1992,0,17,0,0,0,0,0,0,0,0
481675,1,1,1992,0,0,0,0,0,0,0,0,0,0
481676,0,1,1992,0,0,0,0,0,0,0,0,12,0
481676,0,2,1992,10,13,20,31,0,22,24,0,21,5
481676,1,1,1992,0,0,0,0,0,0,16,10,0,0
481677,0,1,1992,21,17,30,21,41,24,24,4,8,21
481677,1,1,1992,0,0,7,0,0,0,0,0,0,0
481678,1,1,1992,0,0,0,0,0,0,0,0,0,0
481679,1,1,1992,0,0,0,0,14,0,0,17,0,24
481679,2,1,1992,0,0,0,0,0,0,0,0,0,0
481679,3,1,1992,0,0,0,0,0,0,0,0,0,0
481680,1,1,1992,6,6,6,6,6,6,6,6,6,6
481681,1,1,1992,0,0,0,0,0,0,0,0,0,0
481681,2,1,1992,0,0,0,9,28,0,0,4,0,8
481681,3,1,1992,0,0,11,0,0,9,0,0,0,0
481682,1,1,1992,0,0,0,0,0,0,0,0,0,0
481683,1,1,1992,21,21,21,21,21,21,21,21,21,21
481684,1,1,1992,23,23,23,23,23,23,23,23,23,23
481685,1,1,1992,19,0,0,0,0,0,0,0,0,0
481685,2,1,1992,0,0,0,0,13,6,0,0,0,0
481686,1,1,1992,11,11,11,11,11,11,11,11,11,11
481687,0,1,1992,31,0,19,0,0,0,11,14,0,0
481687,1,1,1992,21,0,0,0,0,0,5,0,0,0
481688,1,1,1992,9,9,9,9,9,9,9,9,9,9
481689,1,1,1992,0,0,19,0,0,0,19,0,0,0
481690,1,1,1992,0,0,0,18,7,0,15,0,0,15
481691,1,1,1992,0,0,18,13,0,0,0,6,0,0
481692,1,1,1992,0,0,0,0,0,0,0,0,0,0
481692,2,1,1992,0,0,0,0,0,0,0,0,0,0
481693,0,1,1992,0,0,5,0,0,9,0,8,0,0
481693,1,1,1992,17,17,17,17,17,17,17,17,17,17
481694,1,1,1992,3,3,3,3,3,3,3,3,3,3
481695,1,1,1992,0,0,0,0,0,0,0,0,0,0
481696,0,1,1992,0,0,0,0,0,0,0,0,0,0
481696,1,1,1992,23,23,23,23,23,23,23,23,23,23
481697,1,1,1992,0,0,0,0,5,0,0,0,0,0
481697,2,1,1992,0,0,0,0,0,0,0,0,0,0
481698,1,1,1992,23,13,0,0,22,0,0,0,0,0
481698,2,1,1992,0,0,0,0,0,0,0,0,0,0
481699,1,1,1992,18,17,40,17,15,19,23,38,10,28
481700,1,1,1992,19,19,19,19,19,19,19,19,19,19
481701,1,1,1992,0,0,0,0,10,0,0,9,0,0
481702,1,1,1992,10,10,10,10,10,10,10,10,10,10
481703,1,1,1992,0,0,0,0,0,0,9,0,0,0
481703,2,1,1992,0,0,0,0,0,0,0,0,0,0
481704,1,1,1992,0,11,0,0,23,0,11,0,12,0
481704,2,1,1992,8,0,0,0,0,0,13,13,0,0
481704,3,1,1992,0,0,0,6,0,34,0,3,0,0
481705,1,1,1992,17,17,17,17,17,17,17,17,17,17
481706,0,1,1992,20,20,20,20,20,20,20,20,20,20
481706,1,1,1992,0,6,0,0,0,18,0,0,0,11
481707,1,1,1992,9,9,9,9,9,9,9,9,9,9
481708,0,1,1992,25,25,25,25,25,25,25,25,25,25
481708,1,1,1992,0,0,14,0,0,0,0,0,0,0
481709,1,1,1992,30,30,30,30,30,30,30,30,30,30
481710,1,1,1992,10,10,10,10,10,10,10,10,10,10
481711,1,1,1992,0,0,0,0,0,0,0,0,0,0
481711,2,1,1992,0,0,3,0,8,8,0,0,9,6
481712,1,1,1992,0,0,0,0,0,0,0,0,0,0
481713,1,1,1992,21,21,21,21,21,21,21,21,21,21
481713,2,1,1992,13,0,0,0,6,0,8,21,18,16
481714,1,1,1992,0,0,0,0,0,0,0,0,0,5
481714,2,1,1992,0,0,21,11,0,12,9,22,8,0
481715,1,1,1992,0,0,0,0,0,0,0,0,0,0
481715,2,1,1992,0,0,0,0,0,0,0,0,0,0
481715,3,1,1992,0,0,0,0,0,0,0,0,0,0
481716,1,1,1992,27,27,27,27,27,27,27,27,27,27
481717,1,1,1992,17,17,17,17,17,17,17,17,17,17
481717,2,1,1992,0,0,0,0,0,0,0,0,0,0
481718,1,1,1992,7,7,7,7,7,7,7,7,7,7
481719,1,1,1992,26,26,26,26,26,26,26,26,26,26
481720,0,1,1992,23,23,23,23,23,23,23,23,23,23
481720,1,1,1992,0,0,0,7,0,21,0,0,33,15
481721,1,1,1992,0,0,0,0,0,0,0,0,0,0
481722,1,1,1992,0,0,0,0,0,0,0,0,0,0
481722,2,1,1992,0,0,0,0,0,0,0,0,0,0
481723,1,1,1992,0,0,0,0,0,0,0,0,0,0
481723,2,1,1992,0,3,0,0,0,0,0,0,0,0
481724,1,1,1992,19,16,15,27,0,0,13,20,32,0
481724,2,1,1992,0,0,0,0,0,4,0,15,0,0
481725,1,1,1992,23,23,23,23,23,23,23,23,23,23
481726,1,1,1992,8,8,8,8,8,8,8,8,8,8
481727,1,1,1992,0,0,0,0,0,0,0,0,0,0
481727,2,1,1992,0,0,6,0,0,0,0,0,0,0
481728,1,1,1992,1,1,1,1,1,1,1,1,1,1
481729,1,1,1992,17,17,17,17,17,17,17,17,17,17
481730,1,1,1992,0,0,0,0,0,0,0,0,0,0
481730,2,1,1992,0,0,0,0,0,0,0,0,0,4
481731,1,1,1992,0,0,0,0,16,0,0,0,0,0
481731,2,1,1992,0,0,0,0,0,0,0,0,0,0
481732,1,1,1992,18,18,18,18,18,18,18,18,18,18
481733,1,1,1992,19,19,19,19,19,19,19,19,19,19
481734,1,1,1992,0,0,0,0,0,0,0,0,0,0
481734,2,1,1992,0,9,0,23,0,7,0,0,0,0
481735,1,1,1992,0,0,0,0,0,0,0,0,0,0
481735,2,1,1992,0,0,0,0,0,0,0,0,0,0
481736,1,1,1992,25,25,25,25,25,25,25,25,25,25
481736,2,1,1992,24,0,0,0,5,0,16,0,27,0
481737,1,1,1992,14,0,0,0,0,4,25,0,0,0
481738,1,1,1992,7,18,0,0,0,0,0,0,0,0
481739,1,1,1992,29,0,0,0,17,21,0,13,18,11
481740,1,1,1992,5,5,5,5,5,5,5,5,5,5
481741,1,1,1992,7,7,7,7,7,7,7,7,7,7
481741,2,1,1992,10,5,10,8,9,19,14,19,13,10
481742,1,1,1992,27,27,27,27,27,27,27,27,27,27
481743,1,1,1992,0,12,27,0,12,0,9,8,15,24
481743,2,1,1992,0,0,0,0,0,0,0,0,0,0
481744,0,1,1992,22,9,42,14,0,0,39,16,34,0
481744,1,1,1992,0,0,0,0,0,0,0,0,0,0
481745,1,1,1992,10,10,10,10,10,10,10,10,10,10
481746,1,1,1992,0,0,0,0,0,0,0,0,0,0
481747,1,1,1992,7,7,7,7,7,7,7,7,7,7
481748,1,1,1992,9,9,9,9,9,9,9,9,9,9
481749,1,1,1992,24,24,24,24,24,24,24,24,24,24
481750,1,1,1992,0,0,0,0,0,27,0,21,0,0
481751,1,1,1992,21,21,21,21,21,21,21,21,21,21
481751,2,1,1992,0,0,0,0,0,0,0,0,0,0
481751,3,1,1992,0,0,0,0,0,0,0,0,0,26
481752,0,1,1992,30,30,30,30,30,30,30,30,30,30
481752,1,1,1992,0,0,0,0,0,0,0,0,0,0
481753,1,1,1992,0,0,0,0,0,0,0,0,0,0
481753,2,1,1992,0,0,0,0,0,0,0,0,0,0
481754,1,1,1992,0,0,0,0,0,0,0,0,0,0
481755,1,1,1992,0,0,0,0,0,0,0,0,0,0
481755,2,1,1992,0,0,0,0,0,0,0,0,0,0
481756,1,1,1992,0,0,0,0,0,0,0,0,0,0
481756,2,1,1992,0,0,0,0,0,0,0,0,0,0
481757,1,1,1992,0,0,0,0,0,0,0,0,0,0
481757,3,1,1992,0,0,0,0,0,0,0,0,0,0
481757,4,1,1992,0,0,0,0,0,0,0,14,0,0
481758,0,1,1992,0,0,0,0,0,0,0,0,0,0
481758,1,1,1992,0,0,0,0,0,0,0,0,0,0
481759,1,1,1992,20,0,0,0,0,0,0,0,0,0
481760,0,1,1992,9,9,9,9,9,9,9,9,9,9
481760,1,1,1992,0,0,0,0,0,20,0,0,0,0
481761,1,1,1992,0,0,0,0,0,0,0,0,0,0
481761,2,1,1992,7,7,7,7,7,7,7,7,7,7
481762,1,1,1992,19,0,0,12,0,0,0,34,0,0
481763,1,1,1992,0,0,0,0,0,0,0,0,0,0
481763,2,1,1992,0,0,0,15,0,0,0,0,0,0
481764,1,1,1992,0,0,0,0,0,0,0,0,0,0
481764,2,1,1992,0,0,0,0,0,0,13,0,0,0
481765,1,1,1992,0,0,0,0,0,0,0,0,0,0
481765,2,1,1992,0,0,0,0,0,0,0,0,0,0
481765,3,1,1992,0,0,0,0,0,0,0,0,0,0
481765,4,1,1992,0,0,0,0,0,0,0,0,0,0
481766,1,1,1992,7,0,11,35,22,23,13,14,27,40
481767,1,1,1992,14,14,14,14,14,14,14,14,14,14
481768,0,1,1992,0,0,0,0,0,0,0,0,0,0
481768,1,1,1992,0,16,0,0,0,0,0,0,0,0
481769,1,1,1992,0,0,0,0,0,0,0,0,0,0
481770,1,1,1992,8,8,8,8,8,8,8,8,8,8
481771,0,1,1992,0,0,0,0,29,0,0,12,22,0
481771,1,1,1992,0,0,0,0,0,0,0,0,0,0
481771,2,1,1992,0,0,0,0,0,0,0,0,0,0
481771,3,1,1992,0,0,0,0,0,0,0,0,0,0
481772,1,1,1992,0,0,0,0,0,0,0,0,0,0
481772,2,1,1992,0,0,0,3,0,0,0,0,0,0
481773,1,1,1992,15,15,15,15,15,15,15,15,15,15
481774,1,1,1992,14,14,14,14,14,14,14,14,14,14
481775,0,1,1992,24,24,24,24,24,24,24,24,24,24
481775,1,1,1992,0,11,33,10,8,13,17,21,11,32
481776,1,1,1992,0,0,5,0,0,0,0,7,0,0
481777,0,1,1992,0,0,0,0,0,0,0,0,0,0
481777,1,1,1992,0,0,0,0,0,0,0,0,0,0
481778,1,1,1992,13,13,13,13,13,13,13,13,13,13
481778,2,1,1992,15,17,7,0,0,15,10,21,0,0
481779,1,1,1992,0,0,0,0,0,0,0,0,0,0
481780,1,1,1992,7,7,7,7,7,7,7,7,7,7
481781,1,1,1992,16,16,16,16,16,16,16,16,16,16
481782,1,1,1992,0,0,0,0,0,0,0,0,0,0
481783,1,1,1992,11,0,0,0,0,0,11,0,0,0
481783,2,1,1992,0,0,0,0,0,0,3,19,0,11
481784,1,1,1992,11,0,0,0,7,8,0,0,0,0
481785,0,1,1992,13,13,13,13,13,13,13,13,13,13
481785,1,1,1992,21,21,21,21,21,21,21,21,21,21
481786,1,1,1992,11,11,11,11,11,11,11,11,11,11
481787,0,1,1992,0,8,0,13,16,16,13,0,5,27
481787,1,1,1992,0,0,0,0,0,0,19,0,0,0
481788,1,1,1992,27,0,9,11,0,0,0,0,0,0
481788,2,1,1992,0,0,0,0,0,0,0,0,0,0
481789,1,1,1992,22,22,22,22,22,22,22,22,22,22
481789,2,1,1992,0,12,0,11,12,6,24,10,19,0
481790,1,1,1992,22,22,22,22,22,22,22,22,22,22
481791,1,1,1992,26,26,26,26,26,26,26,26,26,26
481791,2,1,1992,8,0,9,5,0,14,5,4,8,5
481792,1,1,1992,0,0,0,0,0,0,0,0,0,0
481792,2,1,1992,8,13,9,4,0,0,0,0,0,0
481793,1,1,1992,0,0,17,25,12,18,20,25,27,6
481794,1,1,1992,22,2,16,21,13,14,14,14,0,29
481795,1,1,1992,20,20,20,20,20,20,20,20,20,20
481796,1,1,1992,2,2,2,2,2,2,2,2,2,2
481796,2,1,1992,0,0,0,0,0,0,0,0,0,0