ST_CASE,VEH_NO,PER_NO,YEAR,P1,P2,P3,P4,P5,P6,P7,P8,P9,P10
481796,3,1,1992,8,0,0,0,0,0,0,0,0,0
481797,1,1,1992,0,0,9,0,0,17,0,0,0,0
481797,2,1,1992,0,0,0,0,4,0,0,0,0,0
481798,1,1,1992,18,18,18,18,18,18,18,18,18,18
481799,1,1,1992,0,0,0,0,0,0,0,0,0,0
481799,2,1,1992,9,9,9,9,9,9,9,9,9,9
481800,0,1,1992,0,0,0,0,0,0,0,0,0,0
481800,1,1,1992,0,0,0,0,0,0,0,0,0,0
481801,0,1,1992,39,14,0,0,19,5,0,0,0,14
481801,1,1,1992,0,0,0,11,0,17,0,0,10,0
481802,1,1,1992,0,0,0,0,0,0,0,0,0,0
481802,2,1,1992,0,0,0,0,0,0,0,24,0,0
481803,1,1,1992,23,23,23,23,23,23,23,23,23,23
481804,1,1,1992,0,0,0,0,0,0,33,10,2,0
481804,2,1,1992,0,0,0,0,0,0,0,0,0,0
481805,1,1,1992,0,16,0,0,0,0,3,32,0,0
481806,1,1,1992,0,0,0,0,0,0,0,0,0,0
481807,1,1,1992,0,0,0,0,0,0,0,0,0,0
481807,2,1,1992,0,0,0,0,0,0,0,0,0,0
481808,1,1,1992,25,25,25,25,25,25,25,25,25,25
481809,1,1,1992,0,0,0,0,0,0,0,0,0,0
481809,2,1,1992,0,0,0,0,0,0,0,0,0,0
481810,0,1,1992,14,14,14,14,14,14,14,14,14,14
481810,1,1,1992,0,0,0,0,0,0,29,0,0,0
481811,1,1,1992,27,27,27,27,27,27,27,27,27,27
481812,1,1,1992,16,16,16,16,16,16,16,16,16,16
481812,2,1,1992,0,0,0,0,0,0,0,0,0,0
481813,1,1,1992,0,0,0,0,0,0,0,0,0,0
481813,2,1,1992,0,0,0,0,0,0,0,0,29,12
481814,1,1,1992,0,0,0,0,0,0,0,0,13,0
481814,2,1,1992,0,46,0,0,0,0,0,0,0,0
481815,1,1,1992,0,26,0,0,0,0,0,0,0,0
481815,2,1,1992,4,0,0,0,0,0,0,0,20,0
481815,3,1,1992,0,0,0,0,0,0,0,0,0,0
481816,1,1,1992,0,0,0,0,6,0,0,0,0,0
481816,2,1,1992,23,25,25,0,0,13,0,0,0,18
481817,0,1,1992,19,0,0,0,0,8,0,0,0,0
481818,1,1,1992,0,0,2,0,0,0,0,0,0,30
481819,1,1,1992,42,42,42,42,42,42,42,42,42,42
481820,1,1,1992,37,37,37,37,37,37,37,37,37,37
481821,1,1,1992,0,20,20,0,0,0,0,23,0,0
481822,1,1,1992,15,15,15,15,15,15,15,15,15,15
481823,1,1,1992,0,0,0,0,0,0,0,0,0,0
481824,1,1,1992,0,0,0,0,0,0,0,0,0,0
481824,2,1,1992,0,0,21,0,0,0,0,0,0,0
481824,3,1,1992,0,10,0,0,0,5,0,0,0,0
481825,0,1,1992,0,0,0,0,0,0,0,0,0,0
481825,0,2,1992,0,13,26,0,0,19,0,15,0,0
481825,1,1,1992,14,24,26,8,9,9,24,4,13,11
481826,0,1,1992,0,0,0,0,0,0,0,0,0,0
481826,1,1,1992,2,2,2,2,2,2,2,2,2,2
481827,1,1,1992,0,0,0,0,0,0,0,0,0,0
481827,2,1,1992,39,0,20,0,9,0,34,10,17,20
481828,1,1,1992,15,9,0,11,0,0,0,0,0,0
481828,2,1,1992,0,15,0,6,0,13,0,0,0,0
481828,3,1,1992,14,0,0,0,0,0,0,0,0,0
481829,1,1,1992,0,0,0,0,0,0,0,0,0,0
481829,2,1,1992,0,0,0,0,0,0,0,0,0,0
481830,1,1,1992,0,0,0,0,0,0,0,0,0,0
481831,1,1,1992,0,0,0,0,0,0,0,0,0,0
481832,0,1,1992,0,0,0,0,0,0,0,0,0,0
481832,1,1,1992,0,0,0,0,0,0,0,0,15,0
481833,1,1,1992,37,21,21,22,17,26,10,33,16,25
481834,0,1,1992,13,13,13,13,13,13,13,13,13,13
481834,1,1,1992,0,0,0,0,0,0,0,0,0,0
481835,1,1,1992,18,24,16,15,0,9,23,20,10,9
481836,1,1,1992,0,0,0,0,0,0,0,0,0,0
481836,2,1,1992,3,3,3,3,3,3,3,3,3,3
481837,1,1,1992,0,0,11,0,9,0,0,18,0,10
481837,2,1,1992,17,0,19,20,12,0,0,17,0,16
481838,1,1,1992,22,22,22,22,22,22,22,22,22,22
481839,1,1,1992,8,0,0,0,0,5,0,4,0,0
481839,2,1,1992,0,0,0,0,0,0,0,0,0,0
481839,3,1,1992,9,9,9,9,9,9,9,9,9,9
481840,1,1,1992,15,20,0,0,0,0,11,0,0,0
481840,2,1,1992,27,27,27,27,27,27,27,27,27,27
481841,1,1,1992,12,12,12,12,12,12,12,12,12,12
481842,1,1,1992,7,7,7,7,7,7,7,7,7,7
481843,1,1,1992,31,31,31,31,31,31,31,31,31,31
481844,1,1,1992,19,19,19,19,19,19,19,19,19,19
481845,0,1,1992,0,0,0,0,0,0,18,0,0,0
481845,1,1,1992,6,11,16,3,5,12,0,0,8,14
481846,1,1,1992,17,16,19,0,15,15,0,29,9,19
481847,0,1,1992,0,0,0,0,0,0,0,0,0,0
481847,1,1,1992,0,0,0,0,0,0,0,0,0,0
481847,2,1,1992,0,0,0,0,0,0,0,0,0,0
481847,3,1,1992,0,4,0,0,0,0,0,0,0,0
481848,0,1,1992,0,0,0,0,0,0,0,0,0,0
481848,1,1,1992,0,6,0,0,0,0,0,0,0,0
481849,1,1,1992,15,15,15,15,15,15,15,15,15,15
481849,2,1,1992,15,8,0,11,0,0,9,14,25,24
481850,0,1,1992,24,24,24,24,24,24,24,24,24,24
481850,1,1,1992,0,0,0,0,0,0,0,0,0,0
481851,1,1,1992,11,11,11,11,11,11,11,11,11,11
481852,1,1,1992,0,0,0,0,0,0,0,0,0,0
481853,1,1,1992,8,8,8,8,8,8,8,8,8,8
481854,1,1,1992,28,28,28,28,28,28,28,28,28,28
481855,1,1,1992,13,13,13,13,13,13,13,13,13,13
481856,0,1,1992,22,0,0,0,32,18,0,0,19,17
481856,1,1,1992,0,0,14,0,0,0,3,0,0,17
481857,1,1,1992,0,0,0,0,0,0,0,0,0,0
481857,2,1,1992,21,21,21,21,21,21,21,21,21,21
481857,3,1,1992,0,0,0,22,0,0,0,0,0,0
481858,0,1,1992,13,0,0,0,10,0,0,0,0,0
481858,1,1,1992,15,15,15,15,15,15,15,15,15,15
481859,1,1,1992,0,0,0,19,11,0,11,16,15,0
481860,1,1,1992,25,14,9,16,22,24,14,24,11,12
481861,1,1,1992,0,0,0,0,0,0,0,0,0,0
481861,2,1,1992,0,0,0,0,0,0,0,0,0,0
481862,0,1,1992,0,0,0,0,0,0,0,0,0,0
481862,1,1,1992,0,0,0,0,0,0,0,0,0,0
481863,1,1,1992,0,0,0,0,0,0,0,0,0,0
481863,2,1,1992,0,0,0,0,0,0,0,0,0,0
481864,1,1,1992,0,0,0,15,0,0,0,0,0,0
481864,2,1,1992,0,0,0,0,0,0,0,0,0,13
481865,0,1,1992,0,29,0,0,0,0,0,0,0,0
481865,1,1,1992,0,6,0,0,0,0,0,0,0,0
481866,1,1,1992,4,4,4,4,4,4,4,4,4,4
481867,1,1,1992,0,0,0,0,0,0,0,0,0,0
481867,2,1,1992,0,0,0,0,0,0,0,0,0,0
481868,0,1,1992,3,3,3,3,3,3,3,3,3,3
481868,1,1,1992,0,0,0,0,0,0,0,0,0,0
481869,1,1,1992,0,0,0,0,0,0,0,0,0,0
481869,2,1,1992,0,0,0,0,0,0,0,0,0,0
481870,1,1,1992,0,0,0,0,0,0,0,0,0,0
481870,2,1,1992,0,9,0,0,0,0,0,0,0,0
481871,1,1,1992,14,14,14,14,14,14,14,14,14,14
481872,1,1,1992,0,0,0,0,0,0,0,0,0,0
481872,2,1,1992,0,0,16,0,0,0,0,0,0,0
481873,1,1,1992,18,18,18,18,18,18,18,18,18,18
481873,2,1,1992,9,9,9,9,9,9,9,9,9,9
481874,1,1,1992,32,32,32,32,32,32,32,32,32,32
481874,2,1,1992,0,0,0,0,0,0,0,0,0,0
481875,0,1,1992,25,48,18,28,4,17,0,0,21,19
481875,1,1,1992,0,0,0,0,0,0,0,0,0,0
481876,1,1,1992,0,0,0,0,0,0,0,0,0,0
481876,2,1,1992,0,13,16,9,12,6,0,5,8,14
481877,1,1,1992,12,0,0,0,0,0,0,9,0,0
481878,1,1,1992,11,10,6,10,3,16,13,5,20,13
481878,2,1,1992,0,9,14,22,0,0,0,0,6,0
481879,0,1,1992,0,0,0,0,0,9,19,0,0,0
481879,1,1,1992,14,0,0,0,0,0,0,0,0,8
481880,1,1,1992,0,0,0,0,0,0,0,0,0,0
481880,2,1,1992,0,0,0,0,0,0,0,0,0,0
481881,1,1,1992,14,14,14,14,14,14,14,14,14,14
481882,1,1,1992,0,0,0,19,0,0,0,0,19,22
481882,2,1,1992,2,2,2,2,2,2,2,2,2,2
481883,1,1,1992,0,0,0,0,0,0,0,0,0,0
481884,0,1,1992,30,30,16,19,23,21,0,22,0,0
481884,1,1,1992,0,0,0,0,0,0,0,0,23,0
481885,1,1,1992,11,11,11,11,11,11,11,11,11,11
481886,1,1,1992,15,15,15,15,15,15,15,15,15,15
481887,1,1,1992,17,5,0,14,13,15,0,14,19,0
481888,1,1,1992,0,0,0,0,0,0,0,0,0,0
481889,1,1,1992,17,17,17,17,17,17,17,17,17,17
481890,1,1,1992,0,0,0,0,0,0,0,0,0,0
481890,2,1,1992,0,0,0,11,0,0,0,0,0,0
481891,1,1,1992,10,10,10,10,10,10,10,10,10,10
481891,2,1,1992,0,0,18,0,0,0,0,0,0,0
481892,1,1,1992,0,0,0,0,0,0,0,0,0,0
481892,2,1,1992,0,0,0,0,0,8,0,0,0,0
481893,1,1,1992,0,0,0,0,0,0,0,0,0,0
481893,2,1,1992,0,0,10,0,0,0,0,0,0,0
481894,1,1,1992,8,23,15,17,11,13,15,7,6,14
481894,2,1,1992,0,0,0,0,0,0,0,0,0,0
481895,1,1,1992,27,27,27,27,27,27,27,27,27,27
481896,1,1,1992,0,0,0,0,0,0,0,0,0,22
481896,2,1,1992,0,0,0,0,0,0,0,0,0,0
481896,3,1,1992,0,0,0,0,0,0,0,0,0,0
481897,0,1,1992,28,28,28,28,28,28,28,28,28,28
481897,1,1,1992,0,0,6,0,0,0,0,0,0,0
481897,2,1,1992,0,0,0,0,15,15,0,0,28,0
481898,0,1,1992,15,4,23,30,32,26,0,0,0,27
481898,1,1,1992,0,0,0,0,0,0,0,0,0,0
481899,1,1,1992,22,33,27,25,25,14,32,13,15,11
481900,0,1,1992,31,18,13,20,17,27,28,21,13,0
481900,1,1,1992,8,0,0,0,0,0,0,15,0,0
481901,1,1,1992,19,19,19,19,19,19,19,19,19,19
481901,2,1,1992,0,0,0,0,0,0,0,0,0,0
481902,0,1,1992,30,30,30,30,30,30,30,30,30,30
481902,1,1,1992,0,0,15,0,12,9,30,18,0,0
481903,1,1,1992,18,18,18,18,18,18,18,18,18,18
481904,1,1,1992,0,0,0,19,8,0,0,0,0,0
481904,2,1,1992,1,1,1,1,1,1,1,1,1,1
481905,1,1,1992,0,0,0,0,0,0,0,0,0,0
481905,2,1,1992,0,0,0,0,0,0,0,0,0,0
481906,0,1,1992,26,12,35,15,24,20,14,28,18,15
481906,1,1,1992,0,23,15,12,7,27,14,0,16,0
481907,1,1,1992,0,0,0,0,0,15,16,0,0,0
481908,1,1,1992,31,8,0,10,12,9,9,25,0,0
481909,0,1,1992,18,18,18,18,18,18,18,18,18,18
481909,0,2,1992,19,19,19,19,19,19,19,19,19,19
481909,1,1,1992,0,0,0,6,17,0,0,12,0,0
481910,1,1,1992,34,34,34,34,34,34,34,34,34,34
481911,1,1,1992,16,16,16,16,16,16,16,16,16,16
481912,1,1,1992,0,0,0,0,0,0,0,0,0,0
481912,2,1,1992,0,0,0,0,0,0,0,0,0,0
481913,1,1,1992,8,8,8,8,8,8,8,8,8,8
481914,1,1,1992,0,0,0,0,0,0,0,0,0,0
481914,2,1,1992,0,0,0,0,0,0,0,0,0,0
481915,1,1,1992,0,0,0,0,0,0,0,0,0,0
481916,1,1,1992,33,33,33,33,33,33,33,33,33,33
481917,1,1,1992,0,0,20,8,0,0,0,0,0,0
481917,2,1,1992,0,0,0,0,0,0,0,0,0,0
481918,1,1,1992,0,0,0,0,0,0,0,0,0,12
481918,2,1,1992,14,14,14,14,14,14,14,14,14,14
481919,1,1,1992,16,16,16,16,16,16,16,16,16,16
481920,1,1,1992,0,23,4,17,0,0,0,0,0,33
481920,2,1,1992,0,0,0,0,0,0,0,0,0,0
481921,1,1,1992,0,0,0,0,0,0,0,0,0,0
481922,0,1,1992,22,22,22,22,22,22,22,22,22,22
481922,0,2,1992,11,11,11,11,11,11,11,11,11,11
481922,1,1,1992,0,0,0,0,0,0,0,0,0,0
481922,2,1,1992,0,0,0,0,0,0,0,16,0,19
481922,3,1,1992,0,0,0,0,0,0,0,0,0,0
481923,0,1,1992,0,0,0,0,0,0,0,19,18,0
481923,1,1,1992,0,0,0,0,0,0,0,0,0,0
481924,0,1,1992,0,0,0,0,0,0,0,0,0,0
481924,1,1,1992,4,9,0,0,0,0,0,0,15,0
481925,1,1,1992,23,23,23,23,23,23,23,23,23,23
481926,1,1,1992,0,0,0,0,0,0,0,0,0,0
481927,1,1,1992,21,21,21,21,21,21,21,21,21,21
481928,1,1,1992,9,9,9,9,9,9,9,9,9,9
481928,2,1,1992,0,0,0,0,0,0,3,0,0,0
481929,1,1,1992,0,0,36,10,0,0,0,0,0,0
481930,1,1,1992,12,7,16,41,29,13,4,0,20,22
481931,1,1,1992,15,15,15,15,15,15,15,15,15,15
481932,1,1,1992,0,0,0,0,0,0,0,0,0,0
481932,2,1,1992,0,0,0,0,0,0,0,0,0,0
481932,3,1,1992,1,1,1,1,1,1,1,1,1,1
481933,1,1,1992,7,7,7,7,7,7,7,7,7,7
481934,1,1,1992,0,0,0,0,4,17,0,0,0,0
481935,1,1,1992,0,0,0,0,0,0,0,0,0,0
481935,2,1,1992,6,6,6,6,6,6,6,6,6,6
481936,1,1,1992,18,18,18,18,18,18,18,18,18,18
481936,2,1,1992,1,1,1,1,1,1,1,1,1,1
481937,1,1,1992,17,17,17,17,17,17,17,17,17,17
481938,1,1,1992,7,0,31,3,0,8,0,0,0,0
481938,2,1,1992,24,24,24,24,24,24,24,24,24,24
481939,1,1,1992,0,0,12,6,36,6,13,26,9,22
481939,2,1,1992,10,10,10,10,10,10,10,10,10,10
481940,1,1,1992,0,0,0,0,0,0,0,0,0,0
481940,2,1,1992,0,0,0,0,0,0,0,0,0,0
481941,1,1,1992,2,13,16,20,11,10,10,41,7,13
481941,2,1,1992,0,0,0,0,0,0,0,0,0,0
481942,1,1,1992,0,4,17,0,17,21,0,0,0,0
481943,1,1,1992,7,24,32,11,28,32,24,35,16,23
481944,1,1,1992,21,21,21,21,21,21,21,21,21,21
481945,1,1,1992,16,16,16,16,16,16,16,16,16,16
481945,2,1,1992,0,0,0,0,0,0,0,0,0,0
481946,1,1,1992,28,0,0,0,20,0,13,0,0,0
481947,0,1,1992,0,0,0,0,0,0,0,0,0,0
481947,1,1,1992,0,0,0,0,0,0,0,0,0,0
481948,1,1,1992,0,12,7,22,15,12,21,13,24,0
481949,1,1,1992,24,24,24,24,24,24,24,24,24,24
481950,1,1,1992,0,0,0,0,0,0,0,0,0,0
481950,2,1,1992,0,0,0,0,0,0,0,0,0,0
481951,1,1,1992,24,14,16,43,20,24,34,9,20,11
481952,1,1,1992,25,25,25,25,25,25,25,25,25,25
481953,1,1,1992,7,7,7,7,7,7,7,7,7,7
481954,1,1,1992,0,0,0,0,0,0,0,0,0,0
481955,1,1,1992,32,31,14,4,11,0,9,28,0,22
481955,2,1,1992,17,21,10,20,19,24,0,0,39,21
481955,3,1,1992,0,0,17,0,0,15,0,0,0,1
481955,4,1,1992,21,12,14,12,23,25,18,5,15,26
481956,1,1,1992,24,24,24,24,24,24,24,24,24,24
481957,1,1,1992,22,29,38,20,11,26,33,15,11,21
481957,2,1,1992,0,0,16,19,0,22,15,11,6,21
481958,0,1,1992,0,10,13,22,0,0,13,17,16,22
481958,1,1,1992,13,16,24,7,13,15,19,8,16,12
481959,1,1,1992,0,0,0,0,0,0,13,0,0,0
481959,2,1,1992,0,0,0,3,0,0,0,0,0,0
481960,1,1,1992,29,29,29,29,29,29,29,29,29,29
481961,1,1,1992,29,29,29,29,29,29,29,29,29,29
481962,1,1,1992,25,25,25,25,25,25,25,25,25,25
481963,0,1,1992,8,8,8,8,8,8,8,8,8,8
481963,0,2,1992,10,10,10,10,10,10,10,10,10,10
481963,1,1,1992,1,1,1,1,1,1,1,1,1,1
481964,1,1,1992,0,0,0,0,0,0,0,0,0,0
481965,1,1,1992,0,0,0,0,13,0,0,0,0,0
481966,0,1,1992,0,0,12,0,0,24,0,0,24,7
481966,1,1,1992,0,11,0,0,0,0,0,0,0,0
481967,0,1,1992,0,0,13,0,0,20,0,0,31,0
481967,1,1,1992,35,20,24,0,40,32,19,11,19,0
481968,1,1,1992,3,10,17,14,16,16,0,8,21,11
481969,0,1,1992,32,32,32,32,32,32,32,32,32,32
481969,1,1,1992,0,0,0,0,0,0,0,0,0,0
481970,1,1,1992,0,0,0,0,0,0,0,0,0,0
481970,2,1,1992,0,0,0,0,0,27,0,0,0,0
481971,1,1,1992,24,24,24,24,24,24,24,24,24,24
481972,1,1,1992,23,23,23,23,23,23,23,23,23,23
481973,1,1,1992,0,0,0,0,0,0,0,0,0,0
481973,2,1,1992,0,10,0,0,8,0,0,0,29,21
481974,1,1,1992,0,0,0,0,0,0,0,0,0,0
481974,2,1,1992,0,0,17,0,0,0,0,0,0,0
481975,0,1,1992,0,0,0,0,0,0,0,0,0,0
481975,1,1,1992,13,13,13,13,13,13,13,13,13,13
481976,0,1,1992,32,37,13,4,11,11,0,12,0,0
481976,1,1,1992,19,0,0,0,0,0,0,0,17,0
481976,2,1,1992,0,0,0,0,0,0,22,14,0,0
481977,1,1,1992,13,0,0,0,0,0,0,0,0,0
481977,2,1,1992,0,0,0,0,0,0,0,0,7,0
481978,1,1,1992,21,23,16,0,28,0,12,29,23,17
481979,1,1,1992,0,0,0,0,0,0,0,0,0,0
481979,2,1,1992,8,8,8,8,8,8,8,8,8,8
481980,1,1,1992,0,0,0,0,0,0,0,0,0,0
481981,1,1,1992,0,0,0,0,0,5,0,0,0,0
481982,1,1,1992,0,0,0,7,0,0,0,0,0,0
481982,2,1,1992,0,0,0,0,0,0,0,0,0,0
481983,0,1,1992,0,20,0,22,0,0,0,0,0,0
481983,1,1,1992,0,0,0,0,0,15,20,0,0,0
481984,1,1,1992,16,16,16,16,16,16,16,16,16,16
481984,2,1,1992,21,21,21,21,21,21,21,21,21,21
481985,1,1,1992,0,0,0,0,0,0,0,0,0,0
481985,2,1,1992,27,27,27,27,27,27,27,27,27,27
481986,1,1,1992,10,21,18,9,13,22,17,16,16,9
481986,2,1,1992,8,0,16,8,0,0,0,0,0,7
481987,1,1,1992,0,0,5,3,0,0,0,0,0,0
481987,2,1,1992,22,22,22,22,22,22,22,22,22,22
481988,1,1,1992,0,7,3,0,0,0,0,0,0,0
481989,1,1,1992,3,3,3,3,3,3,3,3,3,3
481990,1,1,1992,0,0,0,0,0,0,0,0,0,0
481990,2,1,1992,0,0,0,0,0,0,0,0,0,0
481991,1,1,1992,0,10,0,0,0,24,0,23,31,0
481992,1,1,1992,0,0,0,0,0,0,15,0,0,0
481993,1,1,1992,16,16,16,16,16,16,16,16,16,16
481993,2,1,1992,0,0,0,0,0,0,11,0,0,0
481994,1,1,1992,20,20,20,20,20,20,20,20,20,20
481994,2,1,1992,0,13,13,11,0,0,10,27,5,0
481995,1,1,1992,6,0,0,4,30,0,11,28,0,0
481996,1,1,1992,14,21,31,17,20,21,7,11,15,28
481997,1,1,1992,18,18,18,18,18,18,18,18,18,18
481998,1,1,1992,0,0,0,0,0,0,0,0,0,0
481998,2,1,1992,0,26,27,0,0,0,0,0,0,0
481999,0,1,1992,0,0,0,0,0,21,0,5,0,0
481999,1,1,1992,0,0,8,0,0,0,4,0,0,0
482000,1,1,1992,1,1,1,1,1,1,1,1,1,1
482000,2,1,1992,0,0,0,0,0,0,0,0,0,0
482001,0,1,1992,11,0,0,17,0,22,0,0,0,0
482001,1,1,1992,0,0,10,6,0,0,0,0,0,13
482002,1,1,1992,0,0,0,0,0,0,0,0,0,0
482002,2,1,1992,0,0,0,0,0,0,16,0,0,0
482003,1,1,1992,0,0,0,0,0,0,0,0,0,0
482004,0,1,1992,0,0,0,0,0,0,11,0,0,0
482004,1,1,1992,0,9,0,0,25,0,0,0,0,17
482005,1,1,1992,0,0,0,0,0,0,0,0,0,0
482006,1,1,1992,4,4,4,4,4,4,4,4,4,4
482006,2,1,1992,0,0,0,0,0,0,0,6,0,0
482007,1,1,1992,21,21,21,21,21,21,21,21,21,21
482007,2,1,1992,5,0,0,4,0,0,0,0,15,22
482009,1,1,1992,0,19,0,0,0,11,0,0,14,17
482010,0,1,1992,0,0,0,0,0,0,0,0,0,0
482010,1,1,1992,15,15,15,15,15,15,15,15,15,15
482011,0,1,1992,0,0,0,0,0,0,0,0,0,0
482011,1,1,1992,0,0,14,17,15,0,0,0,0,8
482012,1,1,1992,0,0,0,0,0,0,0,0,0,0
482012,2,1,1992,0,0,12,0,0,0,0,0,0,0
482013,1,1,1992,19,19,19,19,19,19,19,19,19,19
482014,1,1,1992,27,27,27,27,27,27,27,27,27,27
482015,0,1,1992,0,0,0,0,0,0,0,0,0,0
482015,1,1,1992,0,0,0,0,0,0,0,0,0,0
482016,0,1,1992,0,0,0,0,0,0,0,0,0,0
482016,1,1,1992,0,0,0,11,0,7,19,0,0,0
482017,1,1,1992,0,0,0,0,0,0,0,0,0,0
482017,2,1,1992,0,0,0,0,0,0,0,0,0,0
482018,1,1,1992,16,16,16,16,16,16,16,16,16,16
482019,1,1,1992,0,0,0,0,0,0,0,0,0,0
482019,2,1,1992,0,0,0,0,13,0,0,0,0,0
482020,1,1,1992,2,4,0,13,0,18,28,10,10,13
482021,0,1,1992,19,0,0,4,20,0,23,0,11,13
482021,1,1,1992,0,17,0,0,0,0,0,0,0,0
482022,1,1,1992,20,20,20,20,20,20,20,20,20,20
482023,0,1,1992,0,9,2,0,10,0,12,0,0,25
482023,1,1,1992,0,0,0,0,0,0,0,0,21,0
482024,0,1,1992,0,0,0,0,0,0,0,0,0,0
482024,1,1,1992,0,0,0,4,0,15,0,12,9,0
482025,1,1,1992,0,0,14,0,20,0,0,0,0,0
482025,2,1,1992,0,0,0,0,0,0,0,0,0,0
482026,1,1,1992,29,29,29,29,29,29,29,29,29,29
482026,2,1,1992,29,29,29,29,29,29,29,29,29,29
482028,1,1,1992,2,2,2,2,2,2,2,2,2,2
482028,2,1,1992,28,9,13,0,0,32,0,5,4,8
482028,3,1,1992,0,0,16,0,0,0,0,0,0,0
482028,4,1,1992,16,11,21,10,0,0,0,11,0,4
482029,1,1,1992,17,17,17,17,17,17,17,17,17,17
482030,1,1,1992,10,8,0,24,21,20,7,16,6,6
482031,1,1,1992,0,0,0,0,0,12,0,0,0,0
482032,1,1,1992,0,0,0,0,0,0,0,0,0,0
482032,2,1,1992,0,0,0,0,0,0,0,0,0,0
482033,1,1,1992,17,17,17,17,17,17,17,17,17,17
482034,0,1,1992,0,0,0,0,0,0,0,0,0,0
482034,1,1,1992,0,0,0,0,0,0,0,0,0,23
482035,1,1,1992,29,0,12,0,0,0,0,26,21,0
482036,1,1,1992,0,0,0,0,0,0,0,0,0,0
482037,1,1,1992,0,0,0,0,0,0,0,0,0,0
482037,2,1,1992,31,31,31,31,31,31,31,31,31,31
482038,1,1,1992,0,0,0,0,0,0,0,0,0,0
482038,2,1,1992,0,0,0,0,0,0,0,25,0,0
482039,1,1,1992,0,0,0,0,0,0,0,0,0,0
482039,2,1,1992,0,0,0,0,0,0,0,0,0,0
482040,1,1,1992,0,12,0,0,20,0,0,15,0,7
482040,2,1,1992,0,17,0,0,0,0,0,0,0,0
482041,0,1,1992,23,23,23,23,23,23,23,23,23,23
482041,1,1,1992,27,0,0,18,9,17,0,0,0,18
482041,2,1,1992,0,0,0,0,0,0,14,13,0,0
482042,1,1,1992,0,0,0,0,0,17,0,0,0,0
482042,2,1,1992,0,0,0,0,0,0,0,0,0,0
482043,1,1,1992,0,5,0,0,0,0,0,0,0,0
482043,2,1,1992,20,0,0,0,0,23,0,0,3,0
482044,1,1,1992,0,15,20,0,0,0,26,0,0,0
482045,1,1,1992,4,4,4,4,4,4,4,4,4,4
482046,1,1,1992,15,15,15,15,15,15,15,15,15,15
482047,1,1,1992,0,0,8,0,0,13,0,0,0,0
482048,1,1,1992,0,0,0,0,0,0,0,0,0,0
482049,1,1,1992,0,0,0,0,0,0,0,0,0,0
482050,1,1,1992,14,14,14,14,14,14,14,14,14,14
482051,0,1,1992,0,0,0,0,0,0,0,0,0,0
482051,1,1,1992,0,0,0,0,0,8,0,0,0,0
482052,1,1,1992,0,18,0,0,0,0,0,0,0,0
482052,2,1,1992,9,13,0,0,0,0,0,0,0,0
482053,1,1,1992,13,0,21,15,0,0,0,43,0,0
482053,2,1,1992,0,0,0,0,16,0,0,0,0,0
482054,1,1,1992,22,22,22,22,22,22,22,22,22,22
482055,1,1,1992,20,20,20,20,20,20,20,20,20,20
482056,0,1,1992,14,0,31,11,30,0,21,0,30,20
482056,1,1,1992,0,0,0,0,0,0,0,0,0,0
482057,1,1,1992,10,38,20,33,38,17,15,17,11,15
482058,1,1,1992,22,22,22,22,22,22,22,22,22,22
482058,2,1,1992,0,0,20,0,17,9,0,9,14,7
482059,1,1,1992,12,0,0,0,22,0,0,0,0,0
482059,2,1,1992,12,12,12,12,12,12,12,12,12,12
482060,1,1,1992,14,14,14,14,14,14,14,14,14,14
482060,2,1,1992,0,0,0,0,0,0,0,0,0,0
482061,1,1,1992,0,6,21,8,16,0,0,0,8,0
482062,1,1,1992,0,10,12,14,8,12,0,7,0,0
482063,1,1,1992,21,20,0,17,14,22,24,19,0,16
482063,2,1,1992,32,17,15,0,0,25,31,8,15,9
482064,1,1,1992,21,21,21,21,21,21,21,21,21,21
482064,2,1,1992,0,0,0,0,0,0,0,0,0,0
482065,1,1,1992,10,0,0,0,0,0,9,0,0,0
482065,2,1,1992,0,0,0,0,13,0,0,0,0,0
482065,3,1,1992,0,0,0,0,0,0,11,0,0,7
482066,1,1,1992,31,19,4,9,16,3,23,19,30,24
482066,2,1,1992,0,0,0,0,0,0,0,0,0,0
482067,1,1,1992,0,0,0,0,0,0,0,0,0,0
482067,2,1,1992,0,0,0,0,0,0,0,0,0,0
482068,1,1,1992,16,16,16,16,16,16,16,16,16,16