ST_CASE,VEH_NO,PER_NO,YEAR,P1,P2,P3,P4,P5,P6,P7,P8,P9,P10
482069,1,1,1992,3,3,3,3,3,3,3,3,3,3
482069,2,1,1992,0,0,0,0,0,0,0,0,0,0
482070,1,1,1992,0,0,18,14,17,17,0,0,0,0
482070,2,1,1992,0,0,0,0,8,0,6,0,0,0
482071,1,1,1992,21,21,21,21,21,21,21,21,21,21
482072,1,1,1992,20,20,20,20,20,20,20,20,20,20
482073,1,1,1992,0,0,0,0,0,0,0,0,0,0
482073,2,1,1992,22,22,22,22,22,22,22,22,22,22
482074,1,1,1992,29,29,29,29,29,29,29,29,29,29
482075,0,1,1992,22,22,22,22,22,22,22,22,22,22
482075,1,1,1992,0,12,0,0,0,0,0,0,0,0
482076,1,1,1992,14,14,14,14,14,14,14,14,14,14
482077,1,1,1992,0,0,0,23,3,0,0,0,0,0
482078,1,1,1992,31,31,21,27,24,27,29,23,23,19
482079,1,1,1992,0,0,0,0,0,0,0,0,0,0
482079,2,1,1992,0,0,0,0,24,10,0,0,0,0
482080,1,1,1992,34,34,34,34,34,34,34,34,34,34
482080,2,1,1992,18,18,18,18,18,18,18,18,18,18
482081,1,1,1992,27,27,27,27,27,27,27,27,27,27
482082,1,1,1992,17,0,0,0,15,9,0,0,12,0
482083,1,1,1992,0,0,0,0,0,0,0,0,0,0
482084,1,1,1992,23,23,23,23,23,23,23,23,23,23
482084,2,1,1992,0,0,0,0,0,0,0,0,0,0
482085,1,1,1992,27,27,27,27,27,27,27,27,27,27
482086,1,1,1992,0,0,0,10,0,0,0,0,0,0
482086,2,1,1992,21,0,9,0,10,0,0,0,0,0
482087,1,1,1992,0,0,0,0,0,0,0,0,0,0
482087,2,1,1992,0,0,0,0,0,0,0,0,0,14
482088,1,1,1992,14,14,14,14,14,14,14,14,14,14
482089,1,1,1992,27,19,29,7,15,12,0,17,32,0
482090,0,1,1992,0,0,0,0,0,0,0,0,0,2
482090,1,1,1992,8,8,8,8,8,8,8,8,8,8
482091,1,1,1992,16,25,17,36,21,10,28,12,10,19
482091,2,1,1992,0,0,0,0,0,0,0,0,0,0
482092,1,1,1992,15,0,12,21,28,39,11,22,19,32
482093,1,1,1992,8,8,8,8,8,8,8,8,8,8
482094,0,1,1992,0,19,5,0,0,0,0,0,19,22
482094,1,1,1992,0,0,0,14,19,0,0,0,0,0
482095,1,1,1992,0,0,0,0,0,0,0,5,0,0
482095,2,1,1992,0,0,0,0,0,0,0,0,0,0
482096,1,1,1992,0,0,15,12,12,0,0,0,0,0
482096,2,1,1992,0,6,0,0,14,22,0,0,0,0
482096,3,1,1992,0,0,0,0,0,0,0,0,14,0
482097,1,1,1992,0,0,0,0,0,0,0,0,0,0
482098,1,1,1992,18,18,18,18,18,18,18,18,18,18
482099,1,1,1992,19,19,19,19,19,19,19,19,19,19
482099,2,1,1992,0,0,0,0,0,0,0,0,0,0
482100,0,1,1992,0,0,0,0,0,0,0,0,0,0
482100,1,1,1992,0,0,0,0,0,0,0,0,0,0
482101,1,1,1992,14,22,13,17,4,12,28,13,8,17
482101,2,1,1992,20,12,0,0,23,9,10,23,0,11
482102,1,1,1992,11,11,11,11,11,11,11,11,11,11
482102,2,1,1992,0,0,14,0,0,0,0,0,0,0
482103,1,1,1992,19,19,19,19,19,19,19,19,19,19
482103,2,1,1992,8,8,8,8,8,8,8,8,8,8
482104,1,1,1992,0,0,0,0,0,0,0,0,0,0
482105,1,1,1992,0,0,0,0,0,0,0,0,0,0
482106,1,1,1992,0,0,0,0,0,0,0,0,0,0
482106,2,1,1992,0,0,0,0,0,0,0,9,0,0
482107,1,1,1992,7,7,7,7,7,7,7,7,7,7
482108,0,1,1992,26,26,26,26,26,26,26,26,26,26
482108,1,1,1992,11,11,11,11,11,11,11,11,11,11
482109,0,1,1992,0,0,0,19,0,0,0,0,25,10
482109,1,1,1992,0,0,0,0,8,0,0,0,0,0
482110,1,1,1992,0,0,0,0,0,0,0,0,0,0
482110,2,1,1992,0,0,0,0,0,3,0,0,0,25
482111,0,1,1992,0,21,0,0,0,0,0,0,0,0
482111,1,1,1992,0,0,0,0,0,0,0,0,0,0
482112,1,1,1992,10,42,17,42,21,21,16,20,14,25
482113,1,1,1992,20,20,20,20,20,20,20,20,20,20
482114,1,1,1992,0,0,0,0,0,0,0,0,0,0
482115,0,1,1992,0,0,0,0,0,0,0,0,0,0
482115,1,1,1992,0,8,0,0,0,13,0,0,0,7
482116,1,1,1992,0,0,0,0,0,0,0,0,0,0
482116,2,1,1992,0,0,0,0,0,0,0,0,0,0
482117,0,1,1992,0,0,0,0,0,0,0,0,0,0
482117,1,1,1992,0,0,0,0,0,0,0,0,0,0
482118,1,1,1992,42,42,42,42,42,42,42,42,42,42
482119,1,1,1992,0,0,0,28,14,0,16,8,0,10
482120,1,1,1992,22,22,22,22,22,22,22,22,22,22
482121,0,1,1992,28,28,28,28,28,28,28,28,28,28
482121,1,1,1992,0,0,0,0,0,0,0,0,0,0
482122,1,1,1992,14,14,14,14,14,14,14,14,14,14
482123,1,1,1992,0,0,0,12,0,0,9,7,28,23
482124,1,1,1992,0,0,0,0,0,0,0,0,0,0
482126,1,1,1992,0,22,17,23,19,11,12,23,9,16
482127,1,1,1992,16,16,16,16,16,16,16,16,16,16
482127,2,1,1992,0,14,9,14,12,3,9,16,0,6
482128,1,1,1992,20,13,8,15,13,12,5,37,22,16
482129,1,1,1992,0,9,31,0,15,0,24,0,21,20
482130,1,1,1992,22,22,22,22,22,22,22,22,22,22
482131,0,1,1992,13,0,0,0,0,0,0,0,0,0
482131,1,1,1992,0,0,5,0,0,0,0,0,0,0
482132,1,1,1992,0,0,0,0,0,0,0,0,4,0
482132,2,1,1992,0,0,0,0,0,0,0,0,0,0
482133,0,1,1992,0,0,7,0,0,0,18,12,13,5
482133,1,1,1992,0,5,0,0,0,0,15,0,0,0
482134,0,1,1992,33,30,26,22,20,9,29,13,15,23
482134,1,1,1992,0,0,12,0,0,0,6,0,12,8
482135,1,1,1992,0,28,0,0,0,31,0,0,0,0
482135,2,1,1992,0,17,0,0,0,0,0,0,0,0
482136,0,1,1992,42,42,42,42,42,42,42,42,42,42
482136,1,1,1992,26,28,18,16,17,0,0,12,9,26
482137,1,1,1992,29,24,19,22,13,16,17,2,7,17
482138,1,1,1992,20,20,20,20,20,20,20,20,20,20
482139,0,3,1992,0,14,0,0,0,11,0,0,4,31
482139,1,1,1992,8,20,0,6,16,8,16,16,11,11
482140,1,1,1992,0,0,0,0,0,0,0,0,0,0
482140,2,1,1992,0,0,0,0,0,0,0,0,0,0
482141,1,1,1992,0,0,0,0,0,0,0,0,0,0
482142,1,1,1992,15,15,15,15,15,15,15,15,15,15
482143,1,1,1992,7,0,0,0,0,0,0,0,12,0
482144,1,1,1992,6,12,18,10,6,19,18,8,14,14
482145,1,1,1992,0,0,0,0,0,0,0,0,0,0
482145,2,1,1992,0,0,0,0,0,0,0,0,0,0
482146,1,1,1992,0,0,0,0,0,0,0,0,0,0
482147,1,1,1992,0,0,32,0,0,0,12,0,0,0
482147,2,1,1992,0,0,0,0,0,0,0,0,0,0
482148,1,1,1992,0,0,0,0,0,0,0,0,0,0
482148,2,1,1992,0,0,0,0,0,0,0,0,0,0
482149,1,1,1992,31,31,31,31,31,31,31,31,31,31
482150,1,1,1992,0,13,0,5,21,0,12,23,12,0
482151,1,1,1992,18,0,11,0,0,15,14,37,0,3
482152,1,1,1992,0,0,0,13,0,0,0,0,0,17
482152,2,1,1992,0,10,0,0,0,0,0,0,0,0
482153,0,1,1992,32,32,32,32,32,32,32,32,32,32
482153,1,1,1992,0,0,0,0,18,0,0,0,0,14
482154,0,1,1992,0,0,0,37,0,0,0,0,0,0
482154,1,1,1992,0,0,0,0,0,0,0,0,0,0
482155,1,1,1992,2,2,2,2,2,2,2,2,2,2
482155,2,1,1992,0,0,0,0,0,0,0,0,0,0
482156,0,1,1992,0,0,0,0,0,0,0,0,0,0
482156,1,1,1992,12,12,12,12,12,12,12,12,12,12
482157,1,1,1992,19,0,17,26,8,15,31,27,26,21
482158,1,1,1992,7,0,18,17,15,28,9,0,4,28
482158,2,1,1992,0,27,0,33,0,0,0,0,0,0
482158,3,1,1992,0,0,0,0,0,0,0,0,0,0
482158,4,1,1992,0,9,0,0,17,0,0,0,0,0
482159,1,1,1992,0,0,8,0,0,0,0,0,0,12
482159,2,1,1992,0,0,0,0,0,0,0,0,0,0
482160,1,1,1992,16,16,16,16,16,16,16,16,16,16
482161,1,1,1992,0,0,0,0,0,0,0,0,0,0
482162,1,1,1992,11,14,12,20,18,24,22,16,12,25
482162,2,1,1992,3,26,19,11,31,15,21,11,21,19
482163,1,1,1992,0,0,0,0,0,0,0,0,26,0
482163,2,1,1992,19,0,0,0,0,0,0,0,0,0
482164,1,1,1992,0,0,0,16,0,0,0,0,0,0
482164,2,1,1992,0,0,0,0,0,0,0,0,0,0
482166,1,1,1992,0,0,0,0,0,0,0,0,0,0
482166,2,1,1992,0,0,0,0,0,0,0,2,0,0
482167,1,1,1992,0,0,0,0,0,0,0,0,0,0
482167,2,1,1992,0,0,0,0,0,0,0,0,0,0
482167,3,1,1992,0,0,0,0,0,0,0,0,0,0
482168,1,1,1992,22,14,0,4,10,20,28,13,17,34
482169,1,1,1992,0,18,19,23,0,0,5,19,0,12
482170,1,1,1992,0,0,0,0,0,0,0,0,0,0
482170,2,1,1992,0,0,0,0,0,0,0,0,0,0
482171,1,1,1992,22,22,22,22,22,22,22,22,22,22
482171,2,1,1992,0,0,0,0,0,0,0,0,0,0
482172,0,1,1992,0,0,0,0,0,0,0,0,0,0
482172,1,1,1992,0,0,8,0,0,0,0,0,0,0
482173,1,1,1992,0,0,0,0,0,0,0,0,0,0
482173,2,1,1992,6,0,21,0,0,0,10,0,0,0
482174,0,1,1992,13,0,9,0,0,32,0,0,19,0
482174,1,1,1992,0,0,0,0,0,0,0,0,0,0
482175,1,1,1992,18,24,0,29,10,0,20,10,16,9
482176,1,1,1992,11,11,11,11,11,11,11,11,11,11
482177,0,1,1992,0,0,0,9,11,0,0,40,0,0
482177,1,1,1992,0,24,15,0,6,0,10,0,7,0
482178,0,1,1992,0,0,0,0,0,0,0,0,0,0
482178,1,1,1992,0,0,0,0,0,0,0,0,9,0
482179,0,1,1992,0,16,0,0,0,0,0,0,9,0
482179,1,1,1992,0,0,0,0,0,0,0,0,0,0
482180,0,1,1992,13,16,36,0,0,0,0,0,0,0
482180,1,1,1992,0,5,0,0,0,0,0,0,10,0
482181,0,1,1992,25,25,25,25,25,25,25,25,25,25
482181,1,1,1992,0,0,0,5,0,0,0,0,0,0
482182,1,1,1992,0,0,0,0,0,0,0,0,0,0
482183,0,1,1992,0,0,0,19,0,0,15,0,0,9
482183,1,1,1992,22,8,16,5,25,8,5,8,8,21
482184,1,1,1992,5,5,5,5,5,5,5,5,5,5
482185,1,1,1992,33,33,33,33,33,33,33,33,33,33
482186,1,1,1992,0,0,0,0,0,0,0,0,0,0
482187,0,1,1992,0,0,0,0,0,0,0,0,0,0
482187,1,1,1992,0,0,0,0,0,0,0,0,0,13
482188,0,1,1992,23,15,19,16,16,9,14,26,27,15
482188,1,1,1992,0,25,0,17,0,0,22,0,7,13
482189,1,1,1992,19,19,19,19,19,19,19,19,19,19
482190,0,1,1992,0,0,0,0,0,0,0,0,0,0
482190,1,1,1992,0,22,0,16,0,0,0,0,0,0
482191,1,1,1992,0,0,0,0,17,0,0,0,0,0
482191,2,1,1992,0,0,0,0,0,0,0,0,7,0
482192,1,1,1992,0,0,18,10,0,18,10,0,0,0
482193,0,1,1992,23,47,25,14,0,14,0,28,0,20
482193,1,1,1992,0,6,0,0,0,0,0,0,0,0
482193,2,1,1992,0,0,2,3,0,0,5,0,0,0
482194,1,1,1992,9,8,0,21,0,0,0,0,10,5
482195,1,1,1992,0,0,0,0,0,0,0,0,0,0
482196,1,1,1992,17,27,0,0,16,36,19,0,0,15
482197,0,1,1992,14,14,14,14,14,14,14,14,14,14
482197,1,1,1992,0,5,0,0,17,0,0,0,0,10
482198,1,1,1992,0,0,0,0,0,0,0,0,0,0
482198,2,1,1992,0,0,0,0,0,0,0,0,0,0
482198,3,1,1992,0,0,0,0,0,0,0,0,0,0
482199,1,1,1992,17,17,17,17,17,17,17,17,17,17
482199,2,1,1992,0,18,0,0,0,0,0,0,0,0
482200,1,1,1992,21,21,21,21,21,21,21,21,21,21
482200,2,1,1992,0,0,0,0,0,0,0,0,0,0
482201,1,1,1992,12,20,4,24,14,16,15,11,25,0
482202,1,1,1992,23,23,23,23,23,23,23,23,23,23
482203,1,1,1992,0,0,0,0,6,0,0,0,0,0
482204,1,1,1992,0,0,0,0,0,0,0,0,17,0
482204,2,1,1992,0,0,0,0,0,0,0,0,0,0
482205,1,1,1992,0,0,0,0,0,0,0,0,0,0
482206,1,1,1992,0,0,12,0,0,23,0,0,0,0
482206,2,1,1992,0,0,0,0,0,0,0,0,0,0
482207,1,1,1992,0,0,0,0,0,0,0,0,0,0
482207,2,1,1992,0,0,0,0,0,0,0,0,0,0
482208,0,1,1992,25,20,0,0,0,7,23,0,0,10
482208,1,1,1992,0,0,0,0,0,0,0,0,0,0
482209,1,1,1992,0,0,0,0,0,0,13,0,0,0
482209,2,1,1992,0,0,0,0,0,0,0,0,0,0
482210,1,1,1992,0,0,0,0,0,0,0,0,0,0
482211,1,1,1992,0,0,0,0,0,0,0,0,0,0
482211,2,1,1992,0,0,0,0,0,0,0,0,0,0
482212,1,1,1992,20,20,20,20,20,20,20,20,20,20
482213,1,1,1992,0,0,0,0,0,0,0,0,13,0
482214,1,1,1992,0,0,0,0,0,0,0,0,0,0
482214,2,1,1992,0,0,0,0,0,0,0,0,0,0
482215,1,1,1992,9,12,14,0,0,0,0,0,0,13
482215,2,1,1992,8,25,0,8,0,32,0,6,0,30
482216,1,1,1992,0,0,0,0,0,21,0,0,0,0
482216,2,1,1992,0,0,0,0,0,0,0,0,0,0
482217,1,1,1992,0,25,6,27,19,0,0,11,0,0
482217,2,1,1992,0,0,0,0,0,0,0,0,0,0
482218,1,1,1992,0,0,0,0,0,0,0,0,0,0
482218,2,1,1992,0,0,0,0,29,0,0,0,0,0
482219,1,1,1992,0,0,0,0,0,0,0,0,0,0
482219,2,1,1992,0,0,0,0,0,0,0,0,0,0
482220,1,1,1992,17,17,17,17,17,17,17,17,17,17
482221,1,1,1992,0,0,0,0,0,0,0,0,0,0
482221,2,1,1992,0,0,0,0,0,0,0,0,0,0
482222,1,1,1992,0,0,0,0,0,0,0,0,0,0
482223,0,1,1992,0,0,18,0,0,30,0,13,0,0
482223,1,1,1992,0,8,10,0,10,12,0,0,0,0
482224,0,1,1992,0,54,0,0,0,28,0,19,0,0
482224,1,1,1992,13,0,24,0,0,9,22,8,0,0
482225,1,1,1992,0,0,0,0,0,6,0,0,0,0
482225,2,1,1992,0,0,0,0,0,0,0,0,0,0
482226,1,1,1992,21,21,21,21,21,21,21,21,21,21
482226,2,1,1992,10,10,10,10,10,10,10,10,10,10
482227,1,1,1992,17,18,21,12,26,30,31,20,17,11
482228,1,1,1992,5,5,5,5,5,5,5,5,5,5
482229,0,1,1992,14,11,0,0,23,12,0,0,20,0
482229,1,1,1992,0,25,0,9,0,12,21,0,13,0
482230,1,1,1992,13,13,13,13,13,13,13,13,13,13
482231,1,1,1992,14,14,14,14,14,14,14,14,14,14
482231,2,1,1992,15,15,15,15,15,15,15,15,15,15
482232,0,1,1992,16,16,16,16,16,16,16,16,16,16
482232,1,1,1992,0,0,0,13,0,0,4,0,0,0
482233,1,1,1992,21,21,21,21,21,21,21,21,21,21
482233,2,1,1992,0,0,0,0,0,0,0,0,0,0
482234,1,1,1992,5,31,35,0,26,21,20,0,13,22
482235,0,1,1992,26,26,26,26,26,26,26,26,26,26
482235,1,1,1992,0,15,21,0,0,0,10,0,11,0
482236,1,1,1992,0,0,0,0,0,0,0,0,0,0
482237,1,1,1992,17,17,17,17,17,17,17,17,17,17
482238,1,1,1992,23,23,23,23,23,23,23,23,23,23
482238,2,1,1992,0,0,0,22,23,23,0,0,12,6
482239,1,1,1992,11,0,24,0,0,0,0,0,0,0
482239,2,1,1992,0,0,0,0,0,0,0,0,0,0
482240,1,1,1992,0,0,4,0,0,0,0,0,0,0
482240,2,1,1992,0,0,0,0,0,0,0,0,0,0
482241,0,1,1992,19,19,19,19,19,19,19,19,19,19
482241,1,1,1992,0,0,0,12,0,17,0,8,6,0
482242,0,1,1992,17,0,0,18,13,29,0,23,17,27
482242,0,2,1992,0,10,0,8,0,6,0,13,0,0
482242,1,1,1992,11,11,9,9,18,24,10,16,14,7
482242,2,1,1992,0,0,0,0,0,0,0,0,0,0
482243,1,1,1992,7,7,7,7,7,7,7,7,7,7
482244,1,1,1992,0,0,0,0,0,0,0,0,0,0
482244,2,1,1992,0,0,0,0,0,0,0,0,0,0
482245,1,1,1992,11,11,11,11,11,11,11,11,11,11
482246,1,1,1992,0,0,0,0,5,5,0,0,0,8
482247,1,1,1992,0,49,0,0,12,0,0,0,0,0
482247,2,1,1992,0,0,0,0,0,0,0,0,0,0
482248,1,1,1992,23,23,23,23,23,23,23,23,23,23
482249,1,1,1992,18,18,18,18,18,18,18,18,18,18
482249,2,1,1992,0,0,0,0,0,0,0,0,0,0
482250,0,1,1992,26,0,40,30,9,14,0,0,0,10
482250,1,1,1992,0,0,0,0,0,0,25,0,0,0
482251,1,1,1992,15,15,15,15,15,15,15,15,15,15
482251,2,1,1992,0,0,0,0,0,0,7,10,0,0
482252,1,1,1992,16,16,16,16,16,16,16,16,16,16
482253,1,1,1992,0,0,0,0,0,0,0,0,0,0
482254,0,1,1992,27,27,27,27,27,27,27,27,27,27
482254,1,1,1992,0,0,0,0,0,0,0,0,0,0
482255,1,1,1992,6,6,6,6,6,6,6,6,6,6
482256,1,1,1992,8,8,8,8,8,8,8,8,8,8
482257,1,1,1992,12,12,12,12,12,12,12,12,12,12
482258,1,1,1992,12,0,19,0,0,0,10,0,17,0
482258,2,1,1992,0,0,0,0,0,0,0,0,0,0
482258,3,1,1992,21,21,21,21,21,21,21,21,21,21
482258,4,1,1992,0,0,0,0,0,0,0,0,0,0
482259,1,1,1992,0,3,0,0,0,0,0,0,0,0
482259,2,1,1992,0,0,0,0,0,0,0,0,0,0
482260,1,1,1992,25,25,25,25,25,25,25,25,25,25
482261,1,1,1992,21,21,21,21,21,21,21,21,21,21
482262,1,1,1992,0,0,22,16,0,0,0,0,0,13
482262,2,1,1992,12,0,0,0,0,0,0,0,0,0
482263,1,1,1992,15,23,11,22,42,19,21,11,18,8
482263,2,1,1992,0,0,0,0,0,10,17,0,0,0
482264,1,1,1992,0,0,0,0,0,0,0,0,0,0
482265,1,1,1992,0,0,0,0,0,0,0,0,0,16
482265,2,1,1992,0,0,0,0,0,0,0,0,0,0
482265,3,1,1992,0,0,14,0,13,0,0,0,0,0
482266,1,1,1992,0,0,0,0,0,23,0,0,0,0
482266,2,1,1992,0,10,0,0,0,0,0,0,5,0
482267,1,1,1992,21,17,41,19,21,23,19,17,32,13
482268,1,1,1992,0,0,0,0,0,0,0,0,0,0
482268,2,1,1992,13,13,13,13,13,13,13,13,13,13
482269,1,1,1992,0,11,0,16,15,0,0,0,15,0
482270,1,1,1992,0,0,0,0,0,0,0,0,0,0
482270,2,1,1992,0,0,0,10,0,0,0,0,0,0
482271,1,1,1992,0,0,0,0,0,0,0,0,6,0
482271,2,1,1992,0,0,0,0,0,0,0,0,0,0
482272,1,1,1992,16,16,16,16,16,16,16,16,16,16
482272,2,1,1992,22,22,22,22,22,22,22,22,22,22
482273,1,1,1992,0,0,0,0,18,0,0,14,21,25
482273,2,1,1992,0,19,0,0,0,0,27,0,0,0
482274,1,1,1992,25,25,25,25,25,25,25,25,25,25
482275,1,1,1992,16,35,12,22,29,23,0,17,9,14
482276,1,1,1992,26,26,26,26,26,26,26,26,26,26
482277,1,1,1992,17,17,17,17,17,17,17,17,17,17
482278,1,1,1992,0,8,9,26,18,20,3,0,0,0
482278,2,1,1992,0,0,0,0,0,0,0,0,0,5
482279,0,1,1992,32,32,32,32,32,32,32,32,32,32
482279,1,1,1992,0,0,0,0,0,0,0,12,6,0
482280,1,1,1992,34,34,34,34,34,34,34,34,34,34
482281,1,1,1992,0,0,0,0,0,0,0,0,0,0
482282,1,1,1992,22,21,28,13,16,21,12,22,11,16
482282,2,1,1992,0,0,0,0,0,0,0,0,0,0
482282,3,1,1992,0,0,0,0,14,13,0,0,0,0
482283,0,1,1992,0,0,0,0,0,0,0,0,0,0
482283,1,1,1992,0,0,0,18,15,0,0,0,34,0
482283,2,1,1992,0,0,0,0,0,0,0,10,0,0
482284,1,1,1992,0,0,0,0,0,0,0,12,0,5
482284,2,1,1992,0,0,0,0,0,0,0,0,14,0
482285,0,1,1992,13,11,0,21,0,12,11,10,19,12
482285,1,1,1992,9,0,15,0,32,0,0,29,20,12
482286,1,1,1992,17,17,17,17,17,17,17,17,17,17
482286,2,1,1992,0,0,0,0,5,0,0,0,0,0
482287,1,1,1992,11,21,0,0,27,7,0,13,17,17
482288,1,1,1992,5,0,0,0,0,0,0,8,0,0
482288,2,1,1992,0,0,13,0,0,0,0,0,0,3
482289,0,1,1992,0,0,0,0,0,0,0,0,0,0
482289,0,2,1992,0,0,0,0,0,0,0,0,0,0
482289,0,3,1992,0,0,0,16,0,0,20,0,4,0
482289,1,1,1992,10,10,10,10,10,10,10,10,10,10
482289,2,1,1992,0,0,0,0,0,0,0,0,20,0
482290,0,1,1992,0,0,0,0,0,0,0,0,0,0
482290,1,1,1992,0,0,4,0,0,4,0,0,0,0
482291,0,1,1992,27,27,27,27,27,27,27,27,27,27
482291,1,1,1992,16,0,0,0,0,0,0,0,0,22
482292,1,1,1992,0,4,9,0,13,0,0,0,0,0
482292,2,1,1992,13,0,0,0,0,0,0,0,0,0
482293,1,1,1992,0,0,0,0,0,0,0,0,0,0
482293,2,1,1992,0,0,0,0,0,0,0,0,0,0
482294,1,1,1992,0,0,0,0,6,0,0,0,0,0
482294,2,1,1992,0,0,0,0,0,0,0,0,0,0
482295,1,1,1992,0,38,0,10,20,23,20,19,20,5
482296,1,1,1992,11,11,11,11,11,11,11,11,11,11
482297,1,1,1992,0,0,0,0,0,0,0,0,0,0
482297,2,1,1992,0,11,0,0,0,0,0,15,0,28
482298,1,1,1992,22,0,12,0,0,18,0,6,5,7
482299,1,1,1992,0,0,0,0,0,0,0,0,0,0
482299,2,1,1992,0,0,0,0,0,0,0,0,0,0
482300,1,1,1992,13,22,16,10,8,7,13,42,4,15
482301,1,1,1992,22,10,38,12,26,26,22,9,27,24
482301,2,1,1992,0,5,0,0,0,0,5,0,22,9
482302,1,1,1992,0,0,0,0,0,0,0,0,0,0
482302,2,1,1992,8,10,0,0,0,0,0,0,0,0
482303,1,1,1992,22,22,22,22,22,22,22,22,22,22
482303,2,1,1992,0,0,0,0,4,0,0,0,0,0
482304,0,1,1992,0,14,0,0,0,0,0,0,0,0
482304,1,1,1992,0,0,0,0,0,0,0,0,0,0
482305,1,1,1992,12,0,0,8,0,0,0,0,0,0
482306,0,1,1992,0,0,0,0,0,0,0,0,0,0
482306,1,1,1992,0,0,0,0,0,0,0,0,0,0
482307,1,1,1992,21,0,0,12,0,19,0,0,18,29
482307,2,1,1992,0,0,0,0,0,0,0,0,0,0
482307,3,1,1992,0,9,14,0,3,3,0,0,0,2
482308,1,1,1992,0,4,6,0,0,0,9,0,0,0
482309,1,1,1992,0,0,0,0,0,0,0,0,0,0
482309,2,1,1992,17,17,17,17,17,17,17,17,17,17
482310,1,1,1992,3,3,3,3,3,3,3,3,3,3
482311,1,1,1992,0,0,0,0,0,0,0,0,0,0
482311,2,1,1992,0,0,0,0,0,0,0,0,0,0
482312,0,1,1992,19,36,29,0,13,16,0,0,9,39
482312,1,1,1992,0,0,0,0,0,0,0,0,0,2
482313,1,1,1992,0,0,16,10,14,12,10,13,0,0
482314,1,1,1992,15,15,15,15,15,15,15,15,15,15
482315,1,1,1992,18,18,18,18,18,18,18,18,18,18
482315,2,1,1992,23,23,23,23,23,23,23,23,23,23
482316,1,2,1992,23,17,19,0,15,3,41,0,13,12
482317,1,1,1992,0,0,0,0,0,0,0,0,0,0
482318,1,1,1992,0,7,0,0,0,0,26,0,11,0
482319,1,1,1992,0,0,0,0,0,0,0,0,0,0
482319,2,1,1992,0,0,0,0,0,0,0,0,0,0
482320,1,1,1992,25,25,25,25,25,25,25,25,25,25
482321,0,1,1992,24,24,24,24,24,24,24,24,24,24
482321,1,1,1992,13,13,13,13,13,13,13,13,13,13
482322,1,1,1992,0,0,0,0,0,0,0,0,0,0
482322,2,1,1992,0,15,0,0,19,0,0,0,0,0
482323,1,1,1992,0,0,0,0,0,1,0,0,20,0
482323,2,1,1992,0,19,0,0,0,10,0,0,12,0
482324,1,1,1992,0,5,0,0,12,0,0,0,18,29
482324,2,1,1992,0,18,14,17,14,9,21,13,5,8
482325,1,1,1992,25,25,25,25,25,25,25,25,25,25
482326,1,1,1992,0,0,11,18,18,10,17,6,13,5
482327,1,1,1992,12,14,32,23,9,20,9,8,44,9
482328,1,1,1992,0,14,20,14,19,14,0,0,0,12
482328,2,1,1992,0,0,0,8,18,0,0,0,0,10
482329,1,1,1992,14,14,14,14,14,14,14,14,14,14
482330,1,1,1992,7,7,7,7,7,7,7,7,7,7
482331,0,1,1992,31,31,31,31,31,31,31,31,31,31
482331,1,1,1992,0,0,31,0,0,0,0,0,0,29
482332,1,1,1992,0,0,0,0,0,0,0,0,0,0
482333,1,1,1992,0,0,0,0,0,0,0,0,0,0
482333,2,1,1992,0,0,0,0,0,0,0,0,0,0
482334,1,1,1992,0,0,0,0,0,0,0,0,0,0
482334,2,1,1992,0,0,0,0,0,0,0,0,0,0
482335,1,1,1992,0,0,0,13,0,0,0,0,0,0
482335,2,1,1992,0,0,0,0,0,32,0,0,0,5
482335,3,1,1992,9,0,0,0,0,0,0,0,14,13
482335,4,1,1992,0,0,0,0,0,0,0,0,0,0
482335,5,1,1992,0,0,0,0,15,0,0,0,0,0
482335,6,1,1992,0,0,0,0,0,0,0,0,0,0
482336,1,1,1992,18,18,18,18,18,18,18,18,18,18
482336,2,1,1992,0,0,12,0,12,15,0,0,5,0
482336,3,1,1992,0,0,0,11,0,0,0,0,0,0
482337,1,1,1992,0,0,0,0,10,0,0,0,0,0
482337,2,1,1992,0,0,0,0,0,0,0,0,0,0
482338,1,1,1992,18,18,18,18,18,18,18,18,18,18
482339,0,1,1992,24,24,24,24,24,24,24,24,24,24
482339,1,1,1992,0,0,0,0,7,0,0,0,0,0