ST_CASE,VEH_NO,PER_NO,YEAR,P1,P2,P3,P4,P5,P6,P7,P8,P9,P10
482339,2,1,1992,0,14,0,0,38,0,0,0,0,0
482340,1,1,1992,26,26,26,26,26,26,26,26,26,26
482341,1,1,1992,0,0,0,0,7,0,0,0,0,0
482341,2,1,1992,0,0,0,0,0,0,0,0,0,0
482342,0,1,1992,0,0,0,0,0,0,0,0,0,0
482342,1,1,1992,0,0,0,0,0,0,0,0,21,0
482343,1,1,1992,0,0,0,0,0,0,0,24,0,0
482344,1,1,1992,0,0,0,0,0,0,0,0,0,0
482344,2,1,1992,0,0,0,0,0,0,0,0,10,0
482345,1,1,1992,0,0,0,0,0,0,0,0,0,0
482345,2,1,1992,0,0,0,0,0,0,0,0,0,0
482346,0,1,1992,0,0,0,0,0,39,0,0,0,0
482346,1,1,1992,14,0,0,0,0,0,0,16,0,0
482347,1,1,1992,16,18,10,4,20,11,10,19,13,20
482348,1,1,1992,19,19,19,19,19,19,19,19,19,19
482348,2,1,1992,17,17,17,17,17,17,17,17,17,17
482349,1,1,1992,0,0,2,0,0,0,0,10,10,21
482349,2,1,1992,0,0,0,0,0,0,0,0,0,0
482350,1,1,1992,25,25,25,25,25,25,25,25,25,25
482350,2,1,1992,8,0,0,16,7,0,0,0,0,0
482351,1,1,1992,0,0,0,0,0,0,0,0,0,0
482352,1,1,1992,0,0,0,0,0,11,0,0,0,0
482352,2,1,1992,0,0,0,0,0,0,0,0,0,0
482353,1,1,1992,7,16,5,13,10,20,15,20,20,12
482353,2,1,1992,3,0,0,0,16,0,0,17,7,0
482355,0,1,1992,0,0,0,0,0,0,0,0,0,0
482355,0,2,1992,14,24,18,0,0,4,0,27,0,21
482355,1,1,1992,9,0,0,0,0,0,17,0,0,0
482356,1,1,1992,22,10,14,11,0,24,13,26,0,0
482356,2,1,1992,0,0,0,12,0,0,0,0,0,0
482357,1,1,1992,21,7,19,15,15,0,13,8,11,0
482358,1,1,1992,17,0,0,12,6,25,6,17,24,0
482358,2,1,1992,0,0,0,0,9,10,0,26,16,0
482359,1,1,1992,0,0,0,21,0,0,0,0,4,0
482360,1,1,1992,0,0,0,0,0,0,0,0,0,0
482360,2,1,1992,0,0,0,0,0,0,12,0,0,0
482361,1,1,1992,0,19,20,0,6,12,0,0,23,19
482362,0,1,1992,0,0,0,0,0,0,0,0,0,0
482362,1,1,1992,0,0,0,0,0,0,0,23,0,0
482363,1,1,1992,0,0,0,0,0,0,0,0,0,0
482363,2,1,1992,0,0,0,0,0,13,0,0,0,0
482364,1,1,1992,24,16,0,23,13,20,12,10,20,17
482365,1,1,1992,10,9,0,18,0,0,0,15,0,0
482366,1,1,1992,0,0,0,0,0,0,0,0,0,0
482367,1,1,1992,0,0,0,0,0,0,0,0,0,0
482368,1,1,1992,15,0,0,0,0,0,0,0,0,0
482369,1,1,1992,13,24,19,0,0,20,34,10,15,14
482369,2,1,1992,24,14,6,12,25,6,6,13,22,25
482370,1,1,1992,14,14,14,14,14,14,14,14,14,14
482371,0,1,1992,0,0,0,0,0,0,7,16,0,0
482371,1,1,1992,0,0,0,0,0,0,0,0,0,0
482372,0,1,1992,0,33,0,0,0,11,0,0,0,0
482372,1,1,1992,0,0,0,0,0,0,0,0,0,0
482373,0,1,1992,20,20,20,20,20,20,20,20,20,20
482373,1,1,1992,0,15,0,0,0,3,19,8,12,0
482374,1,1,1992,11,11,11,11,11,11,11,11,11,11
482375,1,1,1992,23,23,23,23,23,23,23,23,23,23
482376,1,1,1992,20,20,20,20,20,20,20,20,20,20
482378,0,1,1992,21,21,21,21,21,21,21,21,21,21
482378,1,1,1992,0,0,13,0,0,0,0,0,0,0
482379,1,1,1992,0,0,0,0,0,0,0,0,0,0
482380,1,1,1992,22,22,22,22,22,22,22,22,22,22
482381,0,1,1992,0,0,0,0,0,0,0,0,0,0
482381,1,1,1992,0,0,0,0,0,0,0,0,0,0
482382,1,1,1992,35,35,35,35,35,35,35,35,35,35
482383,1,1,1992,16,16,16,16,16,16,16,16,16,16
482383,2,1,1992,0,0,15,0,0,0,0,0,0,0
482384,0,1,1992,0,0,0,8,0,0,31,20,0,0
482384,1,1,1992,16,0,0,0,0,15,0,19,15,21
482385,0,1,1992,19,28,21,23,24,17,0,0,9,0
482385,1,1,1992,0,0,0,0,0,0,0,0,0,0
482385,2,1,1992,0,19,0,0,13,4,0,13,0,6
482386,0,1,1992,0,0,0,0,0,0,0,0,0,0
482386,1,1,1992,0,0,0,0,0,0,0,0,0,0
482388,1,1,1992,0,0,0,0,0,0,0,0,0,0
482388,2,1,1992,0,0,0,0,0,6,0,8,0,0
482389,1,1,1992,0,0,0,0,0,0,0,8,0,0
482389,2,1,1992,0,0,0,0,0,0,0,0,0,0
482390,1,1,1992,0,0,0,0,0,0,0,0,0,13
482391,1,1,1992,0,0,0,0,0,0,0,0,0,0
482392,1,1,1992,0,0,0,11,0,0,0,0,0,15
482393,1,1,1992,0,0,0,0,0,0,0,0,0,0
482393,2,1,1992,0,0,0,0,0,0,0,0,0,0
482394,1,1,1992,14,14,14,14,14,14,14,14,14,14
482395,1,1,1992,0,25,0,0,0,0,0,0,0,0
482395,2,1,1992,6,6,6,6,6,6,6,6,6,6
482396,1,1,1992,0,0,0,0,0,0,0,0,0,0
482396,2,1,1992,0,0,0,0,0,0,0,0,0,0
482397,1,1,1992,19,19,19,19,19,19,19,19,19,19
482398,1,1,1992,0,0,0,0,0,0,0,0,0,0
482398,2,1,1992,11,26,6,0,14,14,9,0,20,8
482399,1,1,1992,0,0,0,0,0,0,0,0,0,0
482399,2,1,1992,7,0,0,0,0,0,0,0,0,0
482400,1,1,1992,24,24,24,24,24,24,24,24,24,24
482400,2,1,1992,0,0,0,0,0,0,0,0,0,0
482401,1,1,1992,20,20,20,20,20,20,20,20,20,20
482401,2,1,1992,10,10,10,10,10,10,10,10,10,10
482401,3,1,1992,0,0,0,0,0,0,0,0,0,0
482402,1,1,1992,0,0,0,0,17,0,0,0,0,0
482403,0,1,1992,26,0,7,0,0,0,22,0,16,25
482403,1,1,1992,2,2,2,2,2,2,2,2,2,2
482404,1,1,1992,0,0,0,0,0,0,0,0,0,0
482404,2,1,1992,0,0,0,0,0,0,0,0,0,0
482405,1,1,1992,3,3,3,3,3,3,3,3,3,3
482406,0,1,1992,0,0,0,0,0,0,0,0,0,0
482406,1,1,1992,0,0,0,0,0,14,0,0,0,7
482407,0,1,1992,24,24,24,24,24,24,24,24,24,24
482407,1,1,1992,0,9,0,0,0,0,28,0,17,0
482408,1,1,1992,17,17,17,17,17,17,17,17,17,17
482408,2,1,1992,0,0,0,0,0,0,0,0,0,0
482409,1,1,1992,15,15,15,15,15,15,15,15,15,15
482409,2,1,1992,23,0,0,0,16,0,0,0,27,15
482410,1,1,1992,8,8,8,8,8,8,8,8,8,8
482411,1,1,1992,21,25,0,16,0,16,29,29,36,5
482412,0,1,1992,28,28,28,28,28,28,28,28,28,28
482412,1,1,1992,8,8,8,8,8,8,8,8,8,8
482413,1,1,1992,0,0,0,0,0,0,0,0,0,0
482413,2,1,1992,25,25,25,25,25,25,25,25,25,25
482414,1,1,1992,22,22,22,22,22,22,22,22,22,22
482414,2,1,1992,0,0,4,0,0,0,0,0,0,0
482414,3,1,1992,0,0,0,0,0,0,0,0,0,0
482415,1,1,1992,12,12,12,12,12,12,12,12,12,12
482416,0,1,1992,8,19,24,6,0,27,22,33,33,0
482416,1,1,1992,12,12,12,12,12,12,12,12,12,12
482417,1,1,1992,0,26,12,8,18,9,14,8,14,9
482417,2,1,1992,0,11,14,0,0,0,0,4,0,0
482418,1,1,1992,16,16,16,16,16,16,16,16,16,16
482419,0,1,1992,0,0,0,0,0,0,0,0,0,0
482419,1,1,1992,0,0,0,0,0,0,0,0,0,0
482420,0,1,1992,0,0,0,0,0,0,0,0,0,23
482420,0,2,1992,14,22,0,31,21,20,18,9,33,0
482420,1,1,1992,0,0,0,9,0,0,10,0,0,0
482420,2,1,1992,0,0,0,0,0,0,0,0,0,0
482421,1,1,1992,20,9,22,32,24,23,31,0,18,20
482422,1,1,1992,0,0,0,0,0,0,0,0,0,0
482422,2,1,1992,0,0,0,0,0,0,0,0,0,0
482423,1,1,1992,0,0,0,0,0,0,33,0,0,0
482423,2,1,1992,0,0,0,0,0,0,0,0,15,0
482424,1,1,1992,0,0,0,0,0,0,0,0,0,0
482425,0,1,1992,7,7,7,7,7,7,7,7,7,7
482425,2,1,1992,0,0,0,19,0,22,0,0,24,0
482425,3,1,1992,0,0,0,0,0,0,0,0,8,0
482426,1,1,1992,31,48,18,26,15,27,23,28,18,0
482427,0,1,1992,0,0,0,0,0,0,0,0,0,0
482427,1,1,1992,14,14,14,14,14,14,14,14,14,14
482428,1,1,1992,0,10,9,11,16,0,13,0,0,0
482429,1,1,1992,7,0,0,0,0,20,7,0,0,16
482430,1,1,1992,19,40,14,0,0,35,0,0,12,0
482431,1,1,1992,0,13,0,0,0,0,0,0,0,0
482431,2,1,1992,0,0,0,25,0,9,16,15,18,7
482431,3,1,1992,15,18,0,0,23,0,0,0,12,0
482431,4,1,1992,24,0,0,4,13,0,20,0,17,12
482432,1,1,1992,15,3,0,14,14,0,0,11,0,0
482433,1,1,1992,0,0,12,0,0,11,0,0,0,19
482433,2,1,1992,11,24,12,10,12,19,8,13,7,16
482434,0,1,1992,0,0,0,0,0,0,0,0,28,0
482434,1,1,1992,0,0,0,0,0,0,0,0,0,0
482435,1,1,1992,16,9,20,20,19,21,3,13,21,14
482436,0,1,1992,20,24,25,0,0,0,24,0,0,0
482436,0,2,1992,0,12,20,0,0,9,0,0,20,0
482436,1,1,1992,0,0,0,0,0,16,0,0,0,0
482437,1,1,1992,0,0,0,0,0,0,0,0,0,0
482437,2,1,1992,0,0,16,0,0,0,20,3,0,27
482438,0,1,1992,23,23,23,23,23,23,23,23,23,23
482438,1,1,1992,0,0,0,0,0,0,0,0,0,0
482439,1,1,1992,0,0,0,0,0,0,0,0,0,0
482439,2,1,1992,0,0,0,0,0,0,0,0,0,0
482440,1,1,1992,0,0,0,0,0,0,0,0,0,0
482440,2,1,1992,0,14,0,0,0,0,0,0,0,0
482441,1,1,1992,20,0,0,0,0,0,0,0,0,10
482441,2,1,1992,0,0,13,0,17,15,0,0,0,0
482442,1,1,1992,12,14,43,5,17,7,10,23,24,10
482443,1,1,1992,3,12,30,0,0,0,18,0,0,0
482443,2,1,1992,0,0,0,0,0,0,18,18,0,6
482444,1,1,1992,25,25,25,25,25,25,25,25,25,25
482444,2,1,1992,0,0,0,0,0,0,0,0,0,0
482445,1,1,1992,15,17,7,13,16,32,12,11,9,11
482446,1,1,1992,19,19,19,19,19,19,19,19,19,19
482447,1,1,1992,0,19,14,6,24,14,16,24,9,0
482448,1,1,1992,30,30,30,30,30,30,30,30,30,30
482449,1,1,1992,0,0,0,0,0,0,0,0,0,0
482449,2,1,1992,11,12,7,12,14,10,13,13,10,21
482450,1,1,1992,0,0,0,0,0,0,0,0,0,0
482450,2,1,1992,0,0,0,0,0,0,0,0,0,0
482451,0,1,1992,8,19,21,0,0,30,0,17,0,3
482451,1,1,1992,2,4,2,18,15,7,0,12,6,10
482452,1,1,1992,26,26,26,26,26,26,26,26,26,26
482452,2,1,1992,0,0,0,0,0,25,17,0,0,14
482453,1,1,1992,29,15,10,19,17,20,11,20,17,18
482453,2,1,1992,0,28,17,0,0,14,17,23,18,8
482454,1,1,1992,30,30,30,30,30,30,30,30,30,30
482455,1,1,1992,0,0,0,0,0,0,0,0,0,0
482455,2,1,1992,0,0,0,0,0,0,0,0,0,0
482456,1,1,1992,0,0,0,0,0,10,11,13,0,9
482456,2,1,1992,24,0,11,18,20,12,11,0,19,14
482457,1,1,1992,0,14,0,0,18,0,21,17,15,30
482458,1,1,1992,22,22,22,22,22,22,22,22,22,22
482458,2,1,1992,15,2,0,0,0,0,0,13,12,0
482459,1,1,1992,9,9,9,9,9,9,9,9,9,9
482459,2,1,1992,0,0,0,0,0,0,0,0,0,0
482460,1,1,1992,15,15,15,15,15,15,15,15,15,15
482461,0,1,1992,0,0,0,0,0,0,0,0,11,0
482461,1,1,1992,0,0,13,0,0,0,0,0,0,0
482462,1,1,1992,0,0,0,12,0,0,0,0,0,0
482463,1,1,1992,0,0,0,24,0,0,0,0,0,0
482464,1,1,1992,0,0,0,0,0,0,0,0,0,0
482464,2,1,1992,0,0,0,0,0,0,0,0,0,0
482465,1,1,1992,11,11,11,11,11,11,11,11,11,11
482466,1,1,1992,0,0,7,0,12,13,21,5,22,0
482466,2,1,1992,17,14,16,0,17,20,23,0,13,0
482466,3,1,1992,0,0,0,0,0,0,33,0,0,0
482467,1,1,1992,0,0,0,0,0,0,0,0,0,0
482467,2,1,1992,0,0,0,0,0,0,0,0,0,0
482468,1,1,1992,0,20,8,15,0,0,2,22,15,23
482468,2,1,1992,0,0,0,0,11,3,10,0,0,0
482468,3,1,1992,2,0,7,0,0,0,15,6,0,0
482469,0,1,1992,24,24,24,24,24,24,24,24,24,24
482469,1,1,1992,0,0,0,0,0,0,0,0,0,0
482470,1,1,1992,0,0,0,0,0,0,0,0,0,0
482470,2,1,1992,0,0,0,0,0,0,0,0,0,0
482471,1,1,1992,14,12,10,26,13,8,44,22,17,17
482472,1,1,1992,20,20,20,20,20,20,20,20,20,20
482473,1,1,1992,14,14,0,15,28,9,17,15,3,10
482474,1,1,1992,0,0,0,0,0,0,0,0,0,0
482475,0,1,1992,16,0,0,12,23,19,0,0,0,0
482475,1,1,1992,0,0,26,0,0,0,0,0,0,0
482476,1,1,1992,28,28,28,28,28,28,28,28,28,28
482477,1,1,1992,0,0,0,0,0,0,0,0,0,0
482477,2,1,1992,0,0,0,0,0,0,0,13,7,0
482478,1,1,1992,13,15,0,10,10,35,13,18,17,15
482479,1,1,1992,19,19,19,19,19,19,19,19,19,19
482480,1,1,1992,0,0,0,0,0,0,0,0,0,10
482480,2,1,1992,0,0,0,0,0,0,0,0,0,0
482481,1,1,1992,15,15,15,15,15,15,15,15,15,15
482482,1,1,1992,33,33,33,33,33,33,33,33,33,33
482483,1,1,1992,0,16,13,23,0,0,31,16,13,28
482484,1,1,1992,5,0,0,0,0,0,0,0,0,0
482485,1,1,1992,0,13,0,13,17,21,0,26,19,17
482486,1,1,1992,17,17,17,17,17,17,17,17,17,17
482487,1,1,1992,0,0,0,0,0,0,0,0,0,0
482487,2,1,1992,0,0,0,0,0,0,0,0,0,0
482488,1,1,1992,12,20,24,18,9,9,17,26,22,20
482489,1,1,1992,13,13,13,13,13,13,13,13,13,13
482490,1,1,1992,0,0,0,0,0,0,0,0,0,0
482490,2,1,1992,0,0,0,0,14,24,0,0,0,10
482491,0,1,1992,0,0,0,0,0,0,0,0,0,0
482491,0,2,1992,0,0,0,0,0,0,0,0,0,0
482491,1,1,1992,0,0,0,0,0,0,0,0,0,0
482492,1,1,1992,0,0,0,0,0,0,17,0,0,0
482493,1,1,1992,0,0,0,0,0,0,0,0,26,0
482493,2,1,1992,0,0,0,0,0,0,0,0,0,0
482494,1,1,1992,0,0,0,0,0,0,0,0,0,0
482494,2,1,1992,0,0,0,0,0,0,0,0,0,0
482494,3,1,1992,0,14,0,0,0,0,4,0,0,0
482494,4,1,1992,0,0,0,0,0,0,0,0,0,0
482495,0,1,1992,22,0,0,0,0,0,0,0,0,0
482495,1,1,1992,0,0,0,0,0,0,0,0,0,18
482496,0,1,1992,0,0,0,10,0,0,11,0,0,0
482496,1,1,1992,0,0,0,0,0,0,0,0,0,0
482497,1,1,1992,0,0,0,0,0,0,0,0,0,0
482497,2,1,1992,0,0,8,19,0,0,9,0,0,0
482498,1,1,1992,4,29,22,0,4,0,0,0,27,24
482498,2,1,1992,0,0,0,0,0,0,0,0,0,0
482499,1,1,1992,22,22,22,22,22,22,22,22,22,22
482499,2,1,1992,11,0,26,17,8,13,29,7,10,18
482500,1,1,1992,0,16,11,0,11,0,0,24,0,0
482501,0,1,1992,8,8,8,8,8,8,8,8,8,8
482501,1,1,1992,4,11,0,0,3,0,11,20,0,0
482502,1,1,1992,16,8,31,21,16,15,7,19,27,26
482503,1,1,1992,0,0,0,18,0,16,0,0,0,0
482503,2,1,1992,0,0,0,0,0,0,0,0,0,0
482504,1,1,1992,0,0,0,0,0,0,0,0,0,0
482504,2,1,1992,0,0,0,0,0,0,0,0,0,0
482505,0,1,1992,27,27,27,27,27,27,27,27,27,27
482505,1,1,1992,27,13,0,0,2,0,0,19,0,0
482506,0,1,1992,21,0,0,0,30,21,0,0,0,17
482506,1,1,1992,7,0,0,0,0,0,0,0,0,0
482507,1,1,1992,25,25,25,25,25,25,25,25,25,25
482507,2,1,1992,0,0,0,0,0,0,0,0,0,0
482508,0,1,1992,12,16,22,8,0,0,14,14,23,0
482508,1,1,1992,0,0,14,5,9,6,14,15,0,0
482509,0,1,1992,20,20,20,20,20,20,20,20,20,20
482509,1,1,1992,21,15,0,0,11,6,0,0,0,0
482510,1,1,1992,5,5,5,5,5,5,5,5,5,5
482510,2,1,1992,0,0,0,12,15,7,0,0,3,5
482511,1,1,1992,13,13,13,13,13,13,13,13,13,13
482512,1,1,1992,6,6,6,6,6,6,6,6,6,6
482512,2,1,1992,0,0,0,0,0,0,0,0,0,0
482513,1,1,1992,17,17,17,17,17,17,17,17,17,17
482514,1,1,1992,27,27,27,27,27,27,27,27,27,27
482515,1,1,1992,34,20,11,37,15,3,25,32,23,24
482516,1,1,1992,0,0,0,0,0,0,0,15,0,0
482516,2,1,1992,0,0,0,0,0,0,0,0,0,0
482517,1,1,1992,0,0,0,0,0,0,0,0,0,0
482517,2,1,1992,0,0,0,0,0,0,0,0,0,0
482518,0,1,1992,0,0,0,14,13,25,0,11,0,0
482518,1,1,1992,0,0,0,22,0,0,0,0,0,0
482519,0,1,1992,0,0,0,0,0,0,0,0,0,0
482519,1,1,1992,0,0,0,0,0,0,0,0,0,0
482520,1,1,1992,0,0,0,0,0,0,0,0,0,0
482520,2,1,1992,0,0,0,15,0,0,0,0,0,0
482521,0,1,1992,26,26,26,26,26,26,26,26,26,26
482521,1,1,1992,0,0,0,0,0,16,0,0,9,17
482522,0,1,1992,0,0,0,0,20,21,0,0,0,6
482522,1,1,1992,0,6,18,0,0,0,14,28,0,0
482523,0,1,1992,0,0,0,0,0,0,0,0,0,0
482523,1,1,1992,0,0,0,0,10,0,0,0,0,0
482524,1,1,1992,0,16,21,0,0,0,18,6,0,14
482524,2,1,1992,0,0,0,0,0,0,0,0,0,0
482525,1,1,1992,9,9,9,9,9,9,9,9,9,9
482526,1,1,1992,0,0,0,0,0,0,0,0,0,0
482526,2,1,1992,0,0,10,0,0,0,0,0,0,0
482527,1,1,1992,10,10,10,10,10,10,10,10,10,10
482527,2,1,1992,0,0,0,0,0,0,0,0,0,0
482528,1,1,1992,8,8,8,8,8,8,8,8,8,8
482529,1,1,1992,0,0,0,0,0,11,0,0,7,0
482529,2,1,1992,0,0,0,0,0,0,0,0,0,0
482530,1,1,1992,25,25,25,25,25,25,25,25,25,25
482531,1,1,1992,9,9,9,9,9,9,9,9,9,9
482532,1,1,1992,0,0,0,0,0,0,0,0,0,0
482532,2,1,1992,0,0,0,0,0,0,0,0,0,0
482532,3,1,1992,0,0,0,0,0,20,0,0,0,0
482533,1,1,1992,0,0,26,0,0,0,0,0,5,0
482533,2,1,1992,0,0,0,0,0,0,0,0,7,0
482534,0,1,1992,19,19,19,19,19,19,19,19,19,19
482534,1,1,1992,6,0,0,0,0,14,0,0,0,19
482535,1,1,1992,0,0,0,0,0,0,0,16,12,0
482535,2,1,1992,0,0,0,0,0,0,0,0,0,0
482536,1,1,1992,0,0,0,0,0,0,0,0,0,0
482537,1,1,1992,0,0,0,0,0,0,0,0,0,0
482538,1,1,1992,8,8,8,8,8,8,8,8,8,8
482539,1,1,1992,0,0,0,0,12,0,0,0,22,10
482539,2,1,1992,0,0,0,0,0,0,0,0,0,0
482540,1,1,1992,0,0,0,0,0,0,0,0,0,3
482540,2,1,1992,7,0,6,0,0,0,0,0,0,0
482540,3,1,1992,0,0,0,0,0,0,0,0,0,0
482541,1,1,1992,15,15,15,15,15,15,15,15,15,15
482541,2,1,1992,16,16,16,16,16,16,16,16,16,16
482542,1,1,1992,16,14,20,24,16,39,41,0,24,25
482543,1,1,1992,0,0,0,0,0,0,0,0,0,0
482543,2,1,1992,0,0,0,0,0,0,0,0,0,0
482544,1,1,1992,0,0,0,0,0,0,0,0,0,0
482545,1,1,1992,0,0,0,0,0,0,0,0,0,0
482545,2,1,1992,0,0,0,0,0,0,0,0,0,0
482546,0,1,1992,17,11,0,0,0,18,4,0,0,8
482546,1,1,1992,0,0,11,0,11,0,0,0,0,0
482547,1,1,1992,18,18,18,18,18,18,18,18,18,18
482548,1,1,1992,22,22,22,22,22,22,22,22,22,22
482549,0,1,1992,0,7,0,0,0,0,21,0,0,0
482549,1,1,1992,24,33,20,20,16,41,39,21,20,19
482550,0,1,1992,29,29,29,29,29,29,29,29,29,29
482550,1,1,1992,0,0,21,0,16,0,0,0,0,0
482551,1,1,1992,0,0,0,0,0,0,0,0,0,0
482552,1,1,1992,26,26,26,26,26,26,26,26,26,26
482552,2,1,1992,0,0,12,0,0,0,0,0,0,0
482553,1,1,1992,0,0,0,0,0,0,0,0,0,0
482553,2,1,1992,23,0,0,0,0,0,0,0,0,0
482553,3,1,1992,0,0,0,0,0,0,0,0,0,0
482553,4,1,1992,24,24,24,24,24,24,24,24,24,24
482554,1,1,1992,0,0,0,0,0,0,0,0,0,0
482555,1,1,1992,0,0,0,0,0,0,0,0,0,0
482555,2,1,1992,0,0,0,12,0,0,0,17,0,0
482556,1,1,1992,20,20,20,20,20,20,20,20,20,20
482557,0,1,1992,0,0,0,0,0,0,0,0,0,0
482557,1,1,1992,16,16,16,16,16,16,16,16,16,16
482558,1,1,1992,4,4,4,4,4,4,4,4,4,4
482558,2,1,1992,0,0,0,0,0,0,0,0,0,0
482559,1,1,1992,0,19,25,25,0,19,22,8,18,38
482560,1,1,1992,10,10,10,10,10,10,10,10,10,10
482561,0,1,1992,0,0,0,0,6,0,0,0,13,0
482561,1,1,1992,0,0,0,0,0,0,9,0,17,0
482562,1,1,1992,0,0,0,0,0,0,0,0,0,0
482562,2,1,1992,0,0,0,0,0,0,0,0,0,0
482563,1,1,1992,0,0,0,0,0,0,0,16,0,0
482564,0,1,1992,14,0,13,19,29,13,18,16,20,0
482564,0,2,1992,0,0,0,0,0,0,0,0,0,0
482564,1,1,1992,0,0,0,0,0,0,0,0,0,0
482565,0,1,1992,30,30,30,30,30,30,30,30,30,30
482565,1,1,1992,19,19,19,19,19,19,19,19,19,19
482566,1,1,1992,24,24,24,24,24,24,24,24,24,24
482567,1,1,1992,0,0,0,0,18,0,0,0,0,0
482567,2,1,1992,0,0,0,0,0,0,0,0,0,0
482568,1,1,1992,22,22,22,22,22,22,22,22,22,22
482569,1,1,1992,20,7,10,10,34,11,28,24,11,26
482570,0,1,1992,24,0,27,0,0,19,0,0,9,0
482570,1,1,1992,0,0,0,10,0,0,0,11,16,0
482571,1,1,1992,0,0,0,18,0,0,0,0,0,3
482571,2,1,1992,0,0,0,0,0,0,0,0,0,0
482572,1,1,1992,19,12,24,24,28,17,12,16,5,0
482573,1,1,1992,0,0,0,0,0,0,0,0,0,0
482573,2,1,1992,0,0,0,0,0,0,0,0,0,0
482574,1,1,1992,32,36,14,23,23,16,38,29,15,27
482575,1,1,1992,0,0,0,0,0,0,0,0,0,0
482575,2,1,1992,0,0,0,0,0,0,10,0,0,0
482575,3,1,1992,0,0,7,0,0,0,0,0,0,0
482576,0,1,1992,40,40,40,40,40,40,40,40,40,40
482576,1,1,1992,0,10,0,0,0,0,0,0,0,0
482577,0,1,1992,0,0,15,23,0,12,0,0,10,0
482577,1,1,1992,15,15,15,15,15,15,15,15,15,15
482578,1,1,1992,0,0,0,0,0,0,24,0,0,0
482578,2,1,1992,0,0,0,0,0,0,0,0,0,0
482579,0,1,1992,13,0,0,0,0,0,20,0,12,0
482579,1,1,1992,0,0,0,0,0,0,0,0,0,0
482580,1,1,1992,18,18,18,18,18,18,18,18,18,18
482581,1,1,1992,0,0,0,0,0,0,0,0,0,0
482581,2,1,1992,0,0,0,0,0,0,0,9,0,0
482582,0,1,1992,0,20,21,4,17,18,41,12,20,11
482582,1,1,1992,12,12,12,12,12,12,12,12,12,12
482583,1,1,1992,0,0,8,0,0,0,0,0,0,0
482584,1,1,1992,2,2,2,2,2,2,2,2,2,2
482584,2,1,1992,0,0,0,0,0,0,0,0,0,0
482585,1,1,1992,0,0,0,0,0,0,0,0,0,0
482585,2,1,1992,0,0,0,0,0,0,0,0,0,0
482586,0,1,1992,0,0,0,0,0,0,0,0,0,0
482586,1,1,1992,12,12,12,12,12,12,12,12,12,12
482587,1,1,1992,37,37,37,37,37,37,37,37,37,37
482588,1,1,1992,0,0,0,0,0,0,0,0,0,0
482588,2,1,1992,12,0,0,14,0,0,0,0,0,0
482589,1,1,1992,18,18,18,18,18,18,18,18,18,18
482590,1,1,1992,0,0,0,0,0,0,0,0,0,0
482590,2,1,1992,9,0,0,0,0,0,5,2,14,22
482591,1,1,1992,26,26,26,26,26,26,26,26,26,26
482591,2,1,1992,0,27,0,0,0,0,0,0,0,0
482592,1,1,1992,0,0,0,0,0,0,0,0,0,0
482592,2,1,1992,9,0,0,0,0,0,0,0,0,0
482593,0,1,1992,31,31,31,31,31,31,31,31,31,31
482593,1,1,1992,0,0,0,0,0,0,0,0,0,0
482594,1,1,1992,7,7,7,7,7,7,7,7,7,7
482595,1,1,1992,18,18,18,18,18,18,18,18,18,18
482595,2,1,1992,0,0,0,0,9,0,0,0,0,0
482596,0,1,1992,15,13,14,17,32,30,21,16,0,21
482596,1,1,1992,0,0,0,0,15,0,0,12,0,12
482597,1,1,1992,0,13,14,0,0,0,0,0,0,0
482598,1,1,1992,0,15,16,0,14,3,14,17,0,12
482599,1,1,1992,10,16,20,4,12,20,7,19,16,16
482600,1,1,1992,5,5,5,5,5,5,5,5,5,5
482600,2,1,1992,22,27,10,26,18,19,15,27,29,3
482601,1,1,1992,26,26,26,26,26,26,26,26,26,26
482601,2,1,1992,0,0,7,0,0,2,0,0,15,9
482602,1,1,1992,0,0,0,0,0,0,0,13,6,0
482603,1,1,1992,17,14,34,15,6,14,15,7,11,8
482604,1,1,1992,11,11,11,11,11,11,11,11,11,11
482604,2,1,1992,0,0,0,0,10,0,0,0,0,12
482604,3,1,1992,4,0,0,0,0,0,0,0,0,0
482605,1,1,1992,0,16,0,0,0,0,0,0,0,13
482605,2,1,1992,0,0,4,0,0,0,0,15,0,0
482606,1,1,1992,21,21,21,21,21,21,21,21,21,21