ST_CASE,VEH_NO,PER_NO,YEAR,P1,P2,P3,P4,P5,P6,P7,P8,P9,P10
482607,1,1,1992,16,16,16,16,16,16,16,16,16,16
482608,1,1,1992,25,4,0,0,0,0,0,0,0,0
482608,2,1,1992,0,0,0,0,0,0,0,0,0,0
482609,1,1,1992,0,0,0,0,0,0,0,0,0,0
482609,2,1,1992,0,0,0,0,0,0,0,0,0,0
482610,1,1,1992,19,25,12,11,16,8,16,26,7,17
482611,1,1,1992,9,9,9,9,9,9,9,9,9,9
482612,1,1,1992,5,16,5,15,5,3,6,19,0,3
482613,1,1,1992,0,0,0,0,3,0,0,0,0,0
482613,2,1,1992,0,11,27,0,0,0,0,0,0,0
482614,1,1,1992,5,5,5,5,5,5,5,5,5,5
482614,2,1,1992,13,13,23,0,0,0,0,0,3,0
482615,1,1,1992,0,0,0,0,19,6,0,0,0,0
482615,2,1,1992,0,0,0,0,0,0,0,0,0,0
482616,0,1,1992,0,13,0,0,26,0,0,12,0,0
482616,0,2,1992,10,17,0,0,8,0,0,0,0,0
482616,1,1,1992,0,0,0,0,0,0,0,0,0,9
482616,2,1,1992,0,0,0,0,0,0,0,0,9,0
482617,1,1,1992,0,0,0,0,0,0,0,0,0,18
482617,2,1,1992,0,0,0,0,0,0,8,0,0,0
482618,1,1,1992,0,28,16,27,20,25,20,22,11,27
482619,1,1,1992,25,25,25,25,25,25,25,25,25,25
482620,1,1,1992,0,0,0,0,0,0,0,0,0,0
482620,2,1,1992,21,21,21,21,21,21,21,21,21,21
482621,1,1,1992,0,24,0,0,0,0,13,12,0,0
482621,2,1,1992,27,27,27,27,27,27,27,27,27,27
482622,1,1,1992,20,20,20,20,20,20,20,20,20,20
482622,2,1,1992,15,10,0,3,0,15,5,0,21,19
482623,1,1,1992,0,0,0,0,0,0,0,0,0,0
482624,1,1,1992,0,0,0,0,0,0,0,0,0,0
482624,2,1,1992,0,0,0,0,0,0,0,0,0,0
482625,1,1,1992,13,13,13,13,13,13,13,13,13,13
482626,1,1,1992,17,17,17,17,17,17,17,17,17,17
482627,1,1,1992,13,13,0,15,0,0,0,0,18,0
482628,1,1,1992,9,0,0,0,0,0,0,0,0,24
482628,2,1,1992,0,0,0,0,0,0,0,0,0,0
482629,1,1,1992,17,0,0,0,0,0,0,0,0,0
482629,2,1,1992,0,0,0,0,0,0,0,0,0,0
482630,0,1,1992,21,21,21,21,21,21,21,21,21,21
482630,1,1,1992,0,21,0,0,0,0,7,0,0,14
482631,1,1,1992,0,0,16,6,7,0,0,0,7,0
482631,2,1,1992,0,0,15,0,0,15,15,0,0,0
482632,0,1,1992,30,16,29,40,33,29,6,27,36,33
482632,1,1,1992,11,0,0,5,0,0,0,0,0,0
482633,1,1,1992,11,2,20,0,3,0,0,0,14,29
482633,2,1,1992,21,18,17,17,0,25,12,14,23,23
482634,0,1,1992,0,26,0,0,0,0,0,0,0,0
482634,1,1,1992,0,0,0,0,0,0,0,0,0,9
482635,1,1,1992,0,23,0,0,0,0,0,0,0,0
482636,1,1,1992,0,6,7,0,14,0,0,0,0,0
482637,1,1,1992,17,17,17,17,17,17,17,17,17,17
482638,0,1,1992,0,0,0,0,0,0,0,0,0,0
482638,1,1,1992,0,0,0,0,0,0,0,0,0,0
482639,0,1,1992,24,14,14,11,11,0,0,27,0,26
482639,1,1,1992,0,0,0,0,0,0,0,0,0,0
482640,1,1,1992,24,13,7,11,11,15,20,21,11,14
482641,1,1,1992,0,0,0,0,0,0,0,0,0,0
482641,2,1,1992,22,22,22,22,22,22,22,22,22,22
482642,1,1,1992,0,0,0,0,0,0,0,0,0,0
482642,2,1,1992,0,0,0,0,0,0,0,0,0,0
482643,0,1,1992,0,0,25,34,0,17,0,0,9,16
482643,1,1,1992,4,0,0,0,12,6,0,4,0,0
482644,0,1,1992,0,0,27,19,0,30,0,0,0,0
482644,1,1,1992,16,12,0,20,18,15,28,14,11,29
482645,1,1,1992,11,17,17,13,6,16,5,4,23,37
482645,2,1,1992,0,0,0,0,24,0,0,0,0,0
482646,0,1,1992,15,0,0,24,15,0,0,0,0,29
482646,1,1,1992,0,0,0,0,0,0,0,17,0,0
482646,2,1,1992,0,0,0,0,0,0,0,0,0,0
482647,0,1,1992,0,0,0,0,0,0,0,0,0,0
482647,1,1,1992,0,0,0,0,0,0,0,0,0,0
482648,1,1,1992,0,17,31,25,8,10,26,39,20,0
482648,2,1,1992,0,0,0,0,0,0,0,0,0,0
482649,1,1,1992,17,0,0,0,0,0,0,15,0,0
482649,2,1,1992,7,0,0,0,0,0,0,0,0,0
482650,0,1,1992,0,28,0,0,0,0,0,0,0,0
482650,1,1,1992,0,0,0,0,0,0,0,0,0,0
482651,1,1,1992,11,11,11,11,11,11,11,11,11,11
482651,2,1,1992,0,0,0,0,0,0,0,0,0,0
482652,1,1,1992,0,0,0,0,0,0,0,0,0,0
482653,1,1,1992,0,19,0,0,17,0,0,0,0,6
482654,1,1,1992,9,9,9,9,9,9,9,9,9,9
482655,1,1,1992,0,24,0,0,0,15,29,17,13,25
482656,1,1,1992,27,27,27,27,27,27,27,27,27,27
482657,1,1,1992,0,0,0,0,0,0,0,0,0,0
482658,1,1,1992,0,0,0,0,0,0,0,0,0,0
482658,2,1,1992,0,0,0,0,0,0,0,0,0,0
482659,1,1,1992,0,0,0,0,0,0,0,0,0,0
482659,2,1,1992,0,0,0,0,0,0,0,0,0,0
482659,3,1,1992,0,0,11,8,20,0,0,0,0,0
482660,1,1,1992,0,0,0,0,0,0,0,0,0,0
482660,2,1,1992,0,0,0,0,0,0,0,0,0,0
482661,1,1,1992,16,16,16,16,16,16,16,16,16,16
482663,1,1,1992,0,0,0,0,0,0,0,0,0,0
482663,2,1,1992,14,14,13,0,12,0,5,0,22,14
482664,1,1,1992,5,5,5,5,5,5,5,5,5,5
482664,2,1,1992,0,0,0,0,0,0,0,0,0,0
482665,1,1,1992,18,18,18,18,18,18,18,18,18,18
482666,0,1,1992,0,37,0,26,0,30,0,29,11,0
482666,1,1,1992,12,0,0,0,0,0,0,0,0,2
482666,2,1,1992,0,11,0,19,15,25,0,22,10,0
482667,0,1,1992,26,26,26,26,26,26,26,26,26,26
482667,1,1,1992,0,27,17,0,0,0,0,6,0,0
482667,2,1,1992,0,0,0,0,0,0,0,0,0,0
482668,0,1,1992,27,27,27,27,27,27,27,27,27,27
482668,1,1,1992,0,0,0,0,0,0,0,0,0,0
482668,2,1,1992,0,0,0,0,0,0,0,0,0,0
482669,1,1,1992,16,3,17,10,10,8,9,22,13,6
482670,0,1,1992,0,0,0,0,0,0,0,0,0,0
482670,1,1,1992,0,0,0,0,0,0,0,0,0,0
482670,2,1,1992,0,0,0,0,0,0,7,0,0,0
482671,0,1,1992,0,0,0,0,0,0,0,0,0,0
482672,1,1,1992,25,25,25,25,25,25,25,25,25,25
482672,2,1,1992,18,0,0,0,0,0,0,24,0,26
482673,1,1,1992,9,0,0,0,0,19,19,1,0,17
482674,1,1,1992,0,5,10,0,5,0,26,0,0,0
482674,2,1,1992,0,0,0,0,0,0,17,0,0,0
482675,1,1,1992,0,0,0,0,0,0,0,0,0,0
482675,2,1,1992,0,0,0,0,8,0,0,0,0,0
482676,1,1,1992,0,0,17,25,0,26,9,9,20,7
482677,1,1,1992,14,14,14,14,14,14,14,14,14,14
482678,1,1,1992,0,8,0,0,0,0,0,0,0,0
482679,0,1,1992,18,0,16,20,17,11,0,0,21,12
482679,1,1,1992,0,0,7,0,0,0,0,0,17,0
482680,1,1,1992,0,0,0,0,0,0,0,0,0,0
482680,2,1,1992,0,0,0,0,0,0,0,0,0,0
482681,1,1,1992,23,0,0,0,0,0,0,0,0,0
482681,2,1,1992,0,0,0,0,0,0,0,0,0,13
482682,1,1,1992,0,8,9,31,6,12,11,2,0,0
482683,0,1,1992,0,0,0,16,0,0,0,6,0,0
482683,1,1,1992,25,9,14,14,34,19,19,24,13,4
482684,1,1,1992,26,26,26,26,26,26,26,26,26,26
482685,1,1,1992,0,0,0,0,0,0,0,0,0,0
482685,2,1,1992,0,0,10,0,0,0,0,0,0,0
482686,0,1,1992,17,15,31,0,8,0,23,15,0,13
482686,1,1,1992,6,17,0,0,6,0,0,0,0,0
482687,0,1,1992,2,0,0,17,0,19,0,9,26,0
482687,1,1,1992,0,0,0,18,0,0,0,0,0,0
482687,2,1,1992,0,0,0,0,14,0,0,0,0,0
482688,0,1,1992,0,0,0,0,0,0,0,0,0,0
482688,1,1,1992,2,0,0,21,0,0,0,0,0,13
482689,1,1,1992,0,0,0,0,0,0,0,0,0,0
482689,2,1,1992,0,0,0,0,0,0,0,0,0,0
482690,1,1,1992,22,21,23,22,19,0,15,31,26,0
482691,1,1,1992,31,0,23,0,10,37,0,18,14,16
482692,1,1,1992,0,0,0,0,0,0,5,0,0,2
482692,2,1,1992,0,0,0,0,17,13,0,0,0,0
482693,0,1,1992,0,0,0,29,29,0,0,0,0,0
482694,1,1,1992,0,0,0,0,0,0,0,0,0,0
482694,2,1,1992,0,0,0,0,0,4,0,0,0,0
482695,1,1,1992,0,0,0,0,0,0,0,0,0,0
482695,2,1,1992,0,0,0,0,0,0,0,0,0,0
482696,1,1,1992,0,0,0,0,9,0,17,0,0,0
482696,2,1,1992,0,0,0,0,0,0,0,0,0,0
482697,1,1,1992,5,5,5,5,5,5,5,5,5,5
482698,1,1,1992,11,11,11,11,11,11,11,11,11,11
482698,2,1,1992,0,0,0,0,0,0,0,0,0,0
482699,1,1,1992,0,9,0,0,0,0,0,0,32,0
482700,0,1,1992,18,18,18,18,18,18,18,18,18,18
482700,1,1,1992,0,0,0,21,10,14,0,0,17,0
482701,1,1,1992,20,0,14,17,0,0,36,13,15,25
482701,2,1,1992,12,0,8,14,13,22,0,0,0,0
482702,1,1,1992,0,0,0,0,0,0,0,0,0,0
482702,2,1,1992,0,0,0,0,0,0,0,0,0,0
482703,0,1,1992,41,41,41,41,41,41,41,41,41,41
482703,1,1,1992,0,0,0,0,0,0,0,0,0,0
482704,1,1,1992,0,21,8,4,5,14,5,13,12,14
482704,2,1,1992,0,0,0,0,0,0,0,0,0,0
482705,1,1,1992,0,0,0,0,0,0,0,0,0,0
482705,2,1,1992,0,0,0,0,0,0,0,0,0,0
482705,3,1,1992,0,0,0,0,0,0,8,0,0,0
482706,1,1,1992,34,18,0,0,20,35,13,33,0,8
482706,2,1,1992,0,0,0,0,0,0,0,0,6,0
490001,1,1,1992,21,21,21,21,21,21,21,21,21,21
490001,2,1,1992,0,0,0,0,0,0,0,0,0,0
490002,1,1,1992,0,0,0,0,0,0,0,0,0,0
490002,2,1,1992,0,0,0,0,0,0,0,0,0,0
490003,1,1,1992,0,0,0,0,0,0,0,0,0,0
490003,2,1,1992,0,0,0,0,0,0,0,0,0,0
490004,0,1,1992,0,0,0,0,0,0,0,0,0,0
490004,1,1,1992,0,0,0,0,0,0,0,0,0,0
490005,0,1,1992,28,28,28,28,28,28,28,28,28,28
490005,1,1,1992,0,0,0,0,0,0,0,0,0,0
490006,1,1,1992,17,17,17,17,17,17,17,17,17,17
490006,2,1,1992,0,0,0,0,0,0,0,0,0,0
490007,1,1,1992,32,32,32,32,32,32,32,32,32,32
490008,1,1,1992,24,24,24,24,24,24,24,24,24,24
490009,1,1,1992,0,0,0,0,0,0,0,0,0,0
490009,2,1,1992,0,0,0,0,0,0,0,0,0,0
490010,1,1,1992,28,28,28,28,28,28,28,28,28,28
490012,1,1,1992,0,0,0,0,0,0,0,0,0,0
490012,2,1,1992,0,0,0,0,0,0,0,0,0,0
490013,1,1,1992,0,0,0,0,0,0,0,0,0,0
490014,1,1,1992,14,14,14,14,14,14,14,14,14,14
490014,2,1,1992,15,15,15,15,15,15,15,15,15,15
490015,1,1,1992,10,10,10,10,10,10,10,10,10,10
490015,2,1,1992,0,0,0,0,0,0,0,0,0,0
490015,3,1,1992,0,0,0,8,0,0,0,0,0,0
490016,1,1,1992,14,14,14,14,14,14,14,14,14,14
490017,1,1,1992,0,0,0,0,0,0,0,0,0,0
490017,2,1,1992,0,0,0,0,0,0,0,0,0,0
490019,1,1,1992,0,0,0,0,0,0,0,0,0,0
490020,1,1,1992,0,0,0,0,0,0,0,0,0,0
490021,1,1,1992,0,0,0,0,0,0,0,0,0,0
490022,0,1,1992,0,0,0,0,0,0,0,0,0,0
490022,1,1,1992,0,0,0,0,0,0,0,0,0,0
490023,0,1,1992,0,0,0,0,0,0,0,0,0,0
490023,1,1,1992,0,0,0,0,0,0,0,0,0,0
490024,1,1,1992,0,0,0,0,0,0,0,0,0,0
490025,1,1,1992,0,0,0,0,0,0,0,0,0,0
490025,2,1,1992,0,0,0,0,0,0,0,0,0,0
490026,1,1,1992,0,0,0,0,0,0,0,0,0,0
490026,2,1,1992,0,0,0,0,0,0,0,0,0,0
490027,1,1,1992,0,0,0,0,0,0,0,0,0,0
490027,2,1,1992,0,0,0,0,0,0,0,0,0,0
490028,1,1,1992,0,0,0,0,0,0,0,0,0,0
490028,2,1,1992,0,0,0,0,0,0,0,0,0,0
490029,1,1,1992,0,0,0,0,0,0,0,0,0,0
490030,0,1,1992,19,19,19,19,19,19,19,19,19,19
490030,1,1,1992,4,4,4,4,4,4,4,4,4,4
490031,1,1,1992,10,10,10,10,10,10,10,10,10,10
490032,1,1,1992,7,7,7,7,7,7,7,7,7,7
490033,0,1,1992,0,17,0,0,0,0,0,0,0,0
490033,1,1,1992,0,0,0,0,0,0,0,0,0,0
490033,2,1,1992,0,0,0,0,0,0,0,0,0,0
490034,0,1,1992,0,0,0,0,0,0,0,0,0,0
490034,1,1,1992,0,0,0,0,0,0,0,0,0,0
490035,1,1,1992,28,28,28,28,28,28,28,28,28,28
490035,2,1,1992,0,0,0,0,0,0,0,0,0,0
490036,0,1,1992,0,0,0,0,0,0,0,0,0,0
490036,1,1,1992,0,0,0,0,0,0,0,0,0,0
490037,1,1,1992,28,28,28,28,28,28,28,28,28,28
490037,2,1,1992,0,0,0,0,0,0,0,0,0,0
490037,3,1,1992,0,0,0,0,0,0,0,0,0,0
490038,0,1,1992,0,0,0,0,0,0,0,0,0,0
490038,1,1,1992,14,14,14,14,14,14,14,14,14,14
490039,1,1,1992,1,1,1,1,1,1,1,1,1,1
490040,0,1,1992,0,0,0,0,0,0,0,0,0,0
490040,1,1,1992,0,0,0,0,0,0,0,0,0,0
490041,1,1,1992,0,0,0,0,0,0,0,0,0,0
490041,2,1,1992,0,0,0,0,0,0,0,0,0,0
490042,1,1,1992,0,0,0,0,0,0,0,0,0,0
490043,1,1,1992,0,0,0,0,0,0,0,0,0,0
490044,1,1,1992,0,0,0,0,0,0,0,0,0,0
490045,1,1,1992,0,0,0,0,0,0,0,0,0,0
490046,1,1,1992,0,0,0,0,0,0,0,0,0,0
490047,1,1,1992,0,0,0,0,0,0,0,0,14,0
490048,1,1,1992,0,0,0,0,0,0,0,0,0,0
490049,1,1,1992,18,18,18,18,18,18,18,18,18,18
490050,0,1,1992,20,20,20,20,20,20,20,20,20,20
490050,1,1,1992,0,0,0,0,0,0,0,0,0,0
490050,2,1,1992,0,0,0,0,0,0,0,0,0,0
490051,0,1,1992,0,0,0,0,0,0,0,0,0,0
490051,1,1,1992,0,0,0,0,0,0,0,0,0,0
490052,1,1,1992,0,0,0,0,0,0,0,0,0,0
490052,2,1,1992,0,0,0,0,0,0,0,0,0,0
490053,1,1,1992,0,0,0,0,0,0,0,0,0,0
490053,2,1,1992,0,0,0,0,0,0,0,0,0,0
490054,1,1,1992,24,24,24,24,24,24,24,24,24,24
490055,1,1,1992,0,0,0,0,0,0,0,0,0,0
490055,2,1,1992,0,0,0,0,0,0,0,0,0,0
490056,0,1,1992,0,0,0,0,0,0,0,0,0,0
490056,1,1,1992,0,0,0,0,0,0,0,0,0,0
490057,1,1,1992,9,9,9,9,9,9,9,9,9,9
490058,1,1,1992,0,0,0,0,0,0,0,0,0,0
490059,1,1,1992,0,0,0,0,0,0,0,0,0,0
490059,2,1,1992,0,0,0,0,0,0,0,0,0,0
490060,1,1,1992,13,13,13,13,13,13,13,13,13,13
490061,0,1,1992,0,0,0,0,0,0,0,0,0,0
490061,1,1,1992,0,0,0,0,0,0,0,0,0,0
490062,1,1,1992,19,19,19,19,19,19,19,19,19,19
490063,0,1,1992,0,0,0,0,0,0,0,0,0,0
490063,1,1,1992,0,0,0,0,0,0,0,0,0,0
490064,1,1,1992,0,0,0,0,0,0,0,0,0,0
490065,1,1,1992,0,0,0,0,0,0,0,0,0,0
490065,2,1,1992,0,0,0,0,0,0,0,0,0,0
490066,1,1,1992,0,0,0,0,0,0,0,0,0,0
490067,0,1,1992,18,18,18,18,18,18,18,18,18,18
490067,1,1,1992,0,0,0,0,0,0,0,0,0,0
490068,1,1,1992,12,12,12,12,12,12,12,12,12,12
490069,1,1,1992,0,0,0,0,0,0,0,0,0,0
490070,0,1,1992,0,0,0,0,0,0,0,0,0,0
490070,1,1,1992,0,0,0,0,0,0,0,0,0,0
490071,1,1,1992,0,0,0,0,0,0,0,0,0,0
490071,2,1,1992,0,0,0,0,0,0,0,0,0,0
490072,1,1,1992,0,0,0,0,0,0,0,0,0,0
490072,2,1,1992,0,0,0,0,17,0,0,0,0,0
490073,1,1,1992,0,0,0,0,0,0,0,0,0,0
490074,1,1,1992,0,0,0,0,0,0,0,0,0,0
490074,2,1,1992,0,0,0,0,0,0,0,0,0,0
490075,1,1,1992,0,0,0,0,0,0,0,0,0,0
490076,0,1,1992,9,9,9,9,9,9,9,9,9,9
490076,1,1,1992,0,0,0,0,0,0,0,0,0,0
490077,1,1,1992,0,0,0,0,0,0,0,0,0,0
490078,1,1,1992,0,0,0,0,0,0,0,0,0,0
490079,1,1,1992,0,0,0,0,0,0,0,0,0,0
490080,0,1,1992,0,0,0,0,0,0,0,0,0,0
490080,1,1,1992,0,0,0,0,0,0,0,0,0,0
490081,1,1,1992,0,0,0,0,0,0,0,0,0,0
490081,2,1,1992,0,0,0,0,0,0,0,0,0,0
490082,1,1,1992,7,7,7,7,7,7,7,7,7,7
490082,2,1,1992,0,0,0,0,0,0,0,0,0,0
490083,1,1,1992,11,11,11,11,11,11,11,11,11,11
490084,1,1,1992,2,2,2,2,2,2,2,2,2,2
490085,1,1,1992,0,0,0,0,0,0,0,0,0,0
490086,1,1,1992,0,0,0,0,0,0,0,0,0,0
490086,2,1,1992,0,0,0,0,0,0,0,0,0,0
490087,1,1,1992,0,0,0,0,0,0,0,0,0,0
490088,1,1,1992,0,0,0,0,0,0,0,0,0,0
490089,1,1,1992,0,0,0,0,0,0,0,0,0,0
490090,1,1,1992,0,0,0,0,0,0,0,0,0,0
490090,2,1,1992,0,0,0,0,0,0,0,0,0,0
490091,1,1,1992,0,17,0,0,0,0,0,10,0,0
490092,1,1,1992,0,0,0,0,0,0,0,0,0,0
490093,1,1,1992,0,0,0,0,0,0,0,0,0,0
490093,2,1,1992,0,0,0,0,0,0,0,0,0,0
490094,1,1,1992,0,0,0,0,0,0,0,0,0,0
490094,2,1,1992,0,0,0,0,0,0,0,0,0,0
490095,1,1,1992,0,0,0,0,0,0,0,0,0,0
490096,1,1,1992,0,0,0,18,0,0,0,0,21,12
490097,1,1,1992,0,0,0,0,0,0,0,0,0,0
490098,1,1,1992,0,0,0,0,0,0,0,0,0,0
490100,1,1,1992,0,0,0,0,0,0,0,0,0,0
490101,1,1,1992,0,0,0,0,0,0,0,0,0,0
490101,2,1,1992,0,3,0,0,13,0,0,0,0,0
490102,1,1,1992,0,0,0,0,0,0,0,0,0,0
490102,2,1,1992,0,0,0,0,0,0,0,0,0,0
490103,1,1,1992,0,0,0,0,0,34,0,0,0,0
490104,1,1,1992,21,21,21,21,21,21,21,21,21,21
490105,0,1,1992,0,0,0,0,0,0,0,0,0,0
490105,1,1,1992,0,0,0,0,0,0,0,0,0,0
490106,0,1,1992,0,0,0,0,0,0,0,0,0,0
490106,1,1,1992,0,0,0,0,0,0,0,0,0,0
490107,1,1,1992,0,0,0,0,0,0,0,0,0,0
490108,1,1,1992,0,0,0,0,0,0,0,0,0,0
490109,1,1,1992,0,0,0,0,0,0,0,0,0,0
490110,1,1,1992,9,9,9,9,9,9,9,9,9,9
490111,1,1,1992,0,0,0,0,0,0,0,0,0,0
490112,1,1,1992,0,0,0,0,0,0,0,0,0,0
490112,2,1,1992,0,0,0,0,0,0,0,0,0,0
490113,0,1,1992,0,0,0,0,0,0,0,0,0,0
490113,0,2,1992,24,0,27,12,30,18,35,36,10,37
490113,0,3,1992,0,0,0,0,0,0,0,0,0,0
490113,1,1,1992,0,0,0,0,0,0,0,0,0,0
490114,1,1,1992,0,0,6,0,0,0,16,0,0,0
490115,0,1,1992,0,0,0,0,0,0,0,0,0,0
490115,0,2,1992,23,23,23,23,23,23,23,23,23,23
490115,0,3,1992,0,0,0,0,0,0,0,0,0,0
490115,1,1,1992,0,21,7,0,16,0,14,0,0,2
490116,1,1,1992,24,24,24,24,24,24,24,24,24,24
490116,2,1,1992,23,23,23,23,23,23,23,23,23,23
490117,1,1,1992,0,0,15,0,0,0,7,9,0,0
490118,1,1,1992,0,0,0,0,0,0,0,0,0,0
490118,2,1,1992,0,0,0,0,0,0,0,0,0,0
490119,1,1,1992,0,0,0,0,0,0,0,0,0,0
490119,2,1,1992,0,0,0,0,0,0,0,0,0,0
490120,1,1,1992,0,0,0,0,0,0,0,0,0,0
490120,2,1,1992,14,14,14,14,14,14,14,14,14,14
490121,1,1,1992,0,0,0,0,0,0,0,0,0,0
490122,0,1,1992,0,0,0,0,0,0,0,0,0,0
490122,1,1,1992,0,16,0,0,0,0,0,0,21,0
490123,1,1,1992,0,0,0,0,0,0,0,0,0,0
490124,1,1,1992,10,10,10,10,10,10,10,10,10,10
490125,1,1,1992,0,0,0,0,0,0,0,0,0,0
490126,1,1,1992,0,0,0,0,0,0,0,0,0,0
490126,2,1,1992,16,16,16,16,16,16,16,16,16,16
490127,1,1,1992,0,0,11,0,7,0,0,0,0,0
490128,1,1,1992,23,9,28,13,16,8,20,21,12,22
490129,0,1,1992,0,0,0,0,0,0,0,0,0,0
490129,1,1,1992,2,2,2,2,2,2,2,2,2,2
490130,1,1,1992,0,0,0,0,0,0,0,0,0,0
490130,2,1,1992,0,0,0,0,0,0,0,0,0,0
490131,1,1,1992,0,0,0,0,0,0,0,0,0,0
490132,0,1,1992,37,37,37,37,37,37,37,37,37,37
490132,1,1,1992,5,0,0,0,0,0,0,0,0,0
490133,0,1,1992,0,0,0,0,0,0,0,0,0,0
490133,1,1,1992,0,0,0,0,0,0,0,0,0,0
490134,1,1,1992,0,0,0,0,0,0,0,0,0,0
490134,2,1,1992,0,0,0,0,0,0,0,0,0,0
490135,1,1,1992,0,0,0,0,0,0,0,0,0,0
490136,1,1,1992,0,0,0,0,0,0,0,0,0,0
490137,1,1,1992,15,15,15,15,15,15,15,15,15,15
490138,1,1,1992,0,0,0,0,0,0,0,0,0,0
490138,2,1,1992,0,0,0,0,0,0,0,0,0,0
490139,1,1,1992,15,0,0,0,0,0,0,0,0,0
490139,2,1,1992,0,0,0,0,0,0,0,0,0,0
490139,3,1,1992,0,0,0,0,0,0,0,0,0,0
490140,1,1,1992,0,0,0,0,0,0,0,0,0,0
490141,1,1,1992,23,18,37,21,26,28,9,21,11,11
490142,1,1,1992,0,0,0,0,0,0,0,0,0,0
490143,1,1,1992,0,0,0,0,0,0,0,0,0,0
490144,1,1,1992,26,0,0,12,0,0,0,0,0,4
490145,1,1,1992,0,0,0,0,0,0,0,0,0,0
490145,2,1,1992,0,0,0,0,0,0,0,0,0,0
490146,1,1,1992,10,10,10,10,10,10,10,10,10,10
490146,2,1,1992,1,1,1,1,1,1,1,1,1,1
490147,1,1,1992,0,0,0,0,0,0,0,0,0,0
490148,1,1,1992,34,34,34,34,34,34,34,34,34,34
490149,1,1,1992,0,0,0,0,0,0,0,0,0,0
490150,0,1,1992,26,26,26,26,26,26,26,26,26,26
490150,1,1,1992,10,26,0,0,0,0,0,0,11,0
490151,1,1,1992,9,20,22,8,32,11,19,14,12,12
490151,2,1,1992,0,9,0,0,0,0,0,0,0,0
490152,1,1,1992,0,0,0,0,0,0,0,0,0,0
490152,2,1,1992,0,0,0,0,12,0,0,0,0,5
490154,1,1,1992,0,0,0,0,0,0,0,0,0,0
490154,2,1,1992,0,0,0,0,0,0,0,0,0,0
490155,1,1,1992,0,0,0,0,0,0,0,0,0,0
490155,2,1,1992,0,0,0,0,0,0,0,0,0,0
490156,1,1,1992,0,0,0,0,0,0,0,0,0,0
490156,2,1,1992,0,0,0,0,0,0,0,0,0,0
490157,1,1,1992,0,0,0,7,0,0,0,0,0,0
490158,1,1,1992,2,2,2,2,2,2,2,2,2,2
490159,1,1,1992,17,15,0,9,7,8,24,0,6,8
490160,1,1,1992,0,0,0,0,0,0,0,0,0,0
490161,0,1,1992,0,0,0,0,0,0,0,0,0,0
490161,1,1,1992,8,8,8,8,8,8,8,8,8,8
490162,1,1,1992,18,19,25,5,43,8,21,8,17,17
490162,2,1,1992,0,0,0,0,0,0,0,0,0,0
490162,3,1,1992,0,0,0,0,0,0,0,0,0,0
490162,4,1,1992,0,0,0,0,0,0,0,0,0,0
490162,5,1,1992,0,0,0,0,15,0,0,0,0,0
490163,1,1,1992,22,22,22,22,22,22,22,22,22,22
490164,1,1,1992,0,0,0,0,0,0,0,0,0,0
490164,2,1,1992,0,0,0,0,0,0,0,0,0,0
490165,1,1,1992,0,0,0,0,0,0,0,0,0,0
490165,2,1,1992,5,5,5,5,5,5,5,5,5,5
490166,1,1,1992,0,0,0,0,0,0,0,0,0,0
490167,1,1,1992,0,0,0,0,0,0,0,0,0,0
490167,2,1,1992,0,0,0,0,0,0,0,0,0,0
490168,1,1,1992,0,0,0,0,0,0,0,0,0,0
490169,1,1,1992,26,26,26,26,26,26,26,26,26,26
490169,2,1,1992,0,0,0,0,0,0,0,0,0,0
490171,1,1,1992,18,18,18,18,18,18,18,18,18,18
490172,0,1,1992,0,0,0,0,0,0,0,0,0,0
490172,1,1,1992,0,0,0,0,0,0,0,0,0,0
490173,1,1,1992,0,0,0,0,0,0,0,0,0,0
490173,2,1,1992,3,3,3,3,3,3,3,3,3,3
490174,1,1,1992,0,0,15,0,0,0,0,0,0,8
490174,2,1,1992,0,0,0,0,0,21,0,0,0,0
490175,1,1,1992,25,25,25,25,25,25,25,25,25,25
490176,1,1,1992,18,18,18,18,18,18,18,18,18,18
490176,2,1,1992,9,9,9,9,9,9,9,9,9,9
490177,1,1,1992,0,0,0,0,0,0,0,0,0,0
490177,2,1,1992,0,0,0,0,0,0,0,0,0,0
490178,1,1,1992,0,18,0,0,3,20,12,0,0,0
490178,2,1,1992,0,0,0,0,0,0,0,0,0,0
490179,1,1,1992,0,0,0,0,0,0,0,0,0,0
490180,1,1,1992,0,0,0,0,0,0,0,0,0,0
490181,1,1,1992,19,19,19,19,19,19,19,19,19,19
490182,0,1,1992,18,18,18,18,18,18,18,18,18,18
490182,1,1,1992,0,0,0,0,0,0,0,0,0,0
490183,0,1,1992,0,0,0,0,0,0,0,0,0,0
490183,1,1,1992,0,0,0,0,0,0,0,0,0,0
490184,0,1,1992,0,0,0,0,0,0,0,0,0,0
490184,1,1,1992,0,0,0,0,0,0,0,0,0,0
490185,1,1,1992,0,0,0,0,0,0,0,0,0,0
490185,2,1,1992,0,0,0,0,0,0,0,0,0,0
490186,1,1,1992,0,0,0,0,0,0,0,0,0,0
490186,2,1,1992,0,0,0,0,0,0,0,0,0,0
490187,1,1,1992,9,9,9,9,9,9,9,9,9,9