ST_CASE,VEH_NO,PER_NO,YEAR,P1,P2,P3,P4,P5,P6,P7,P8,P9,P10
490187,2,1,1992,0,0,0,0,0,0,0,0,0,0
490188,1,1,1992,0,0,0,0,0,0,0,0,0,0
490189,1,1,1992,6,6,6,6,6,6,6,6,6,6
490190,1,1,1992,32,32,32,32,32,32,32,32,32,32
490191,1,1,1992,18,18,18,18,18,18,18,18,18,18
490191,2,1,1992,0,0,0,0,0,0,0,0,0,0
490192,1,1,1992,4,4,4,4,4,4,4,4,4,4
490193,0,1,1992,0,0,0,0,0,0,0,0,0,0
490193,1,1,1992,0,0,0,0,0,0,0,0,0,0
490194,1,1,1992,0,13,0,0,0,0,0,0,0,0
490194,2,1,1992,0,0,0,0,0,0,0,0,0,0
490195,1,1,1992,0,0,0,0,0,0,0,0,0,0
490195,2,1,1992,0,0,0,0,0,0,0,0,0,0
490195,3,1,1992,0,0,0,0,0,0,0,0,0,0
490197,1,1,1992,29,29,29,29,29,29,29,29,29,29
490197,2,1,1992,0,0,0,0,0,0,0,0,0,0
490198,0,1,1992,0,0,0,0,0,0,0,0,0,0
490198,0,2,1992,0,0,0,0,0,0,0,0,0,0
490198,1,1,1992,3,3,3,3,3,3,3,3,3,3
490199,0,1,1992,0,0,0,0,0,0,0,0,0,0
490199,1,1,1992,24,31,0,0,0,0,0,0,0,0
490200,1,1,1992,0,0,0,0,0,0,0,0,0,0
490200,2,1,1992,15,9,3,0,0,0,12,16,17,0
490201,1,1,1992,0,0,0,0,0,0,0,0,0,0
490201,2,1,1992,0,0,0,0,0,0,0,0,0,0
490202,1,1,1992,0,0,0,0,0,0,0,0,0,0
490202,2,1,1992,0,0,0,0,0,0,0,0,0,0
490203,1,1,1992,0,0,0,0,0,0,0,0,0,0
490204,1,1,1992,0,0,0,0,0,0,0,0,0,0
490204,2,1,1992,0,0,0,0,0,0,0,0,0,0
490204,3,1,1992,0,0,0,0,0,0,0,0,0,0
490206,1,1,1992,0,0,0,0,0,0,0,0,0,0
490207,1,1,1992,0,0,0,0,0,0,0,0,0,0
490207,2,1,1992,0,0,0,0,0,0,0,0,0,0
490208,1,1,1992,0,0,0,0,0,0,0,0,0,0
490208,2,1,1992,0,0,0,0,0,0,0,0,0,0
490209,1,1,1992,0,0,0,0,0,0,0,0,0,0
490210,1,1,1992,0,0,0,0,0,0,0,0,0,0
490211,1,1,1992,0,0,0,0,0,0,0,0,0,0
490211,2,1,1992,0,0,0,0,0,0,0,0,0,0
490212,1,1,1992,0,0,0,0,0,0,0,0,0,0
490212,2,1,1992,0,0,0,0,0,0,0,0,0,0
490213,0,1,1992,0,24,0,0,0,0,17,0,22,0
490213,1,1,1992,0,0,0,0,0,0,0,0,0,0
490213,2,1,1992,0,0,0,0,0,0,0,0,0,0
490214,0,1,1992,0,0,0,0,0,0,0,0,0,0
490214,0,2,1992,0,15,0,0,0,0,0,20,0,0
490214,1,1,1992,0,0,0,0,0,0,0,0,0,0
490215,1,1,1992,0,0,0,0,0,0,0,0,0,0
490215,2,1,1992,0,0,0,0,0,0,0,0,0,0
490216,0,1,1992,0,0,20,0,0,5,0,0,0,0
490216,1,1,1992,0,0,0,0,0,0,0,0,0,0
490217,1,1,1992,0,0,0,0,0,0,0,0,0,0
490218,1,1,1992,0,0,0,0,0,0,0,0,19,0
490218,2,1,1992,0,0,0,0,0,0,0,0,0,0
490219,0,1,1992,0,0,0,0,0,0,0,0,0,0
490219,1,1,1992,0,0,0,0,0,0,0,0,0,0
490220,1,1,1992,0,0,0,0,0,0,0,0,0,0
490221,1,1,1992,0,0,0,0,0,0,0,0,0,0
490221,2,1,1992,0,0,0,0,0,0,0,0,0,0
490222,1,1,1992,0,0,0,0,0,0,9,0,8,0
490223,1,1,1992,0,0,0,0,0,0,0,0,0,0
490224,1,1,1992,0,0,0,0,0,0,0,0,0,0
490224,2,1,1992,0,0,0,0,0,0,0,0,0,0
490225,1,1,1992,0,0,0,0,0,0,0,0,0,0
490226,0,1,1992,0,0,0,0,0,0,0,0,0,0
490226,1,1,1992,0,0,0,0,0,0,0,0,0,0
490227,0,1,1992,0,0,0,0,0,0,0,0,0,0
490227,1,1,1992,0,0,0,0,0,0,0,0,0,0
490227,2,1,1992,0,0,0,0,0,0,0,0,0,0
490227,3,1,1992,0,0,0,0,0,0,0,0,0,0
490228,0,1,1992,0,0,0,0,0,0,0,0,0,0
490228,1,1,1992,0,0,0,0,0,0,0,0,0,0
490229,0,1,1992,0,0,0,0,0,0,0,0,0,0
490229,1,1,1992,11,0,0,0,0,0,0,0,13,0
490230,1,1,1992,28,28,28,28,28,28,28,28,28,28
490231,1,1,1992,0,0,0,0,0,0,0,0,0,0
490231,2,1,1992,0,0,0,0,0,0,0,0,0,0
490232,1,1,1992,0,0,0,0,0,0,0,0,0,0
490233,1,1,1992,28,28,28,28,28,28,28,28,28,28
490234,1,1,1992,0,0,0,0,0,0,0,0,0,0
490234,2,1,1992,0,0,0,0,0,0,0,0,0,0
490235,1,1,1992,0,0,0,0,0,0,0,0,0,0
490236,0,1,1992,0,0,0,0,0,0,0,0,0,0
490236,1,1,1992,0,0,0,0,0,0,0,0,0,0
490237,0,1,1992,0,0,0,0,0,0,0,0,0,0
490237,1,1,1992,0,0,0,0,0,0,0,0,0,0
490238,1,1,1992,0,0,0,0,0,0,0,0,0,0
490239,0,1,1992,13,13,13,13,13,13,13,13,13,13
490239,1,1,1992,0,0,0,0,0,0,0,0,0,0
490240,1,1,1992,6,6,6,6,6,6,6,6,6,6
490241,1,1,1992,0,0,0,0,0,0,0,0,0,0
490241,2,1,1992,0,0,0,0,0,0,0,0,0,0
490242,1,1,1992,0,0,0,0,0,0,0,0,0,0
490242,2,1,1992,0,0,0,0,0,0,0,0,0,0
500001,1,1,1992,13,13,13,13,13,13,13,13,13,13
500002,1,1,1992,0,0,0,0,0,0,0,0,0,0
500004,0,1,1992,0,0,0,0,0,0,0,0,0,0
500004,1,1,1992,0,0,0,0,0,0,0,0,0,0
500005,1,1,1992,0,0,0,0,0,0,0,0,0,0
500006,1,1,1992,0,0,0,0,0,0,0,0,0,0
500006,2,1,1992,5,0,0,0,0,0,0,0,0,0
500006,3,1,1992,0,0,14,0,0,0,18,0,0,0
500007,1,1,1992,0,0,0,0,0,0,0,0,0,0
500007,2,1,1992,0,0,0,0,0,0,0,0,0,0
500008,1,1,1992,2,2,2,2,2,2,2,2,2,2
500008,2,1,1992,0,0,0,0,0,0,0,0,9,0
500009,1,1,1992,0,0,0,0,0,0,0,0,0,0
500011,1,1,1992,16,16,16,16,16,16,16,16,16,16
500011,2,1,1992,17,31,15,8,14,9,0,3,7,0
500012,1,1,1992,0,0,0,18,0,11,0,0,0,0
500013,1,1,1992,0,0,0,0,0,0,0,0,0,0
500014,1,1,1992,1,1,1,1,1,1,1,1,1,1
500014,2,1,1992,0,0,0,0,0,0,0,0,0,0
500014,3,1,1992,10,10,10,10,10,10,10,10,10,10
500015,1,1,1992,16,5,0,0,0,0,0,0,0,0
500016,1,1,1992,21,21,21,21,21,21,21,21,21,21
500018,1,1,1992,22,22,22,22,22,22,22,22,22,22
500019,1,1,1992,9,0,0,0,0,0,0,0,0,0
500020,1,1,1992,0,0,0,0,0,0,0,0,0,0
500020,2,1,1992,0,0,0,0,0,0,0,0,0,0
500021,1,1,1992,0,0,0,0,0,0,0,28,0,27
500022,1,1,1992,27,27,27,27,27,27,27,27,27,27
500023,1,1,1992,0,0,0,0,0,0,0,0,0,0
500023,2,1,1992,0,0,0,0,0,0,0,0,0,0
500025,1,1,1992,13,13,13,13,13,13,13,13,13,13
500025,2,1,1992,0,0,0,0,0,0,0,0,0,0
500026,1,1,1992,0,0,0,0,0,0,0,0,0,0
500027,1,1,1992,0,0,0,0,0,0,0,0,0,0
500028,1,1,1992,8,20,8,0,18,0,9,0,16,26
500029,0,1,1992,0,0,25,0,0,0,0,8,0,0
500029,1,1,1992,0,0,0,0,0,0,4,0,0,0
500030,1,1,1992,30,20,19,8,4,23,11,12,19,0
500031,1,1,1992,0,0,0,0,0,0,0,0,0,0
500031,2,1,1992,0,0,0,0,0,0,0,0,0,0
500032,1,1,1992,20,20,20,20,20,20,20,20,20,20
500033,1,1,1992,0,0,0,0,0,0,0,0,0,0
500034,1,1,1992,12,12,12,12,12,12,12,12,12,12
500035,1,1,1992,15,15,15,15,15,15,15,15,15,15
500036,1,1,1992,0,0,0,0,0,0,0,0,0,0
500036,2,1,1992,0,0,0,0,0,0,0,0,0,0
500037,1,1,1992,17,17,17,17,17,17,17,17,17,17
500038,1,1,1992,0,0,3,9,0,0,0,0,0,0
500038,2,1,1992,0,0,0,0,0,0,0,0,0,0
500039,1,1,1992,0,0,0,0,0,0,0,0,0,0
500039,2,1,1992,0,0,0,0,0,0,0,0,10,0
500040,1,1,1992,18,32,42,11,7,17,15,29,23,2
500040,2,1,1992,0,0,0,0,0,0,0,0,0,0
500042,1,1,1992,0,0,0,0,0,0,0,0,0,0
500042,2,1,1992,0,0,12,0,0,0,0,0,0,0
500043,1,1,1992,0,0,0,53,0,0,0,0,23,0
500044,1,1,1992,16,16,16,16,16,16,16,16,16,16
500045,1,1,1992,21,13,12,21,13,26,0,10,22,19
500047,1,1,1992,0,8,0,0,0,0,0,6,13,0
500048,1,1,1992,0,0,0,0,0,0,0,0,0,0
500049,0,1,1992,24,24,24,24,24,24,24,24,24,24
500049,1,1,1992,0,0,0,0,0,0,0,0,0,0
500050,1,1,1992,0,0,0,0,0,0,0,0,0,0
500051,1,1,1992,0,0,7,0,0,0,0,0,0,0
500052,1,1,1992,0,0,0,0,0,0,0,0,0,0
500052,2,1,1992,0,0,0,0,0,0,0,0,0,0
500053,1,1,1992,0,0,0,0,0,0,0,0,0,0
500054,0,1,1992,0,0,0,0,0,0,0,0,0,0
500054,1,1,1992,0,0,0,0,0,0,0,0,0,0
500055,1,1,1992,28,28,28,28,28,28,28,28,28,28
500056,1,1,1992,0,0,0,0,0,0,0,0,0,0
500056,2,1,1992,0,0,0,0,0,0,0,0,0,0
500057,1,1,1992,1,1,1,1,1,1,1,1,1,1
500058,1,1,1992,24,24,24,24,24,24,24,24,24,24
500059,1,1,1992,0,0,0,0,0,0,0,0,0,0
500061,1,1,1992,19,19,19,19,19,19,19,19,19,19
500063,1,1,1992,9,9,9,9,9,9,9,9,9,9
500063,2,1,1992,0,0,0,0,0,0,0,0,0,0
500064,1,1,1992,16,16,16,16,16,16,16,16,16,16
500065,1,1,1992,0,0,22,0,0,13,5,0,0,0
500066,1,1,1992,0,0,0,0,0,0,0,0,0,0
500067,1,1,1992,0,0,8,0,0,0,0,0,0,0
500068,0,1,1992,0,0,0,0,0,0,0,0,0,10
500068,1,1,1992,0,0,0,0,0,0,0,0,0,0
500069,1,1,1992,0,0,0,0,0,0,0,0,0,0
500069,2,1,1992,0,0,0,0,0,0,0,0,0,0
500070,1,1,1992,16,16,16,16,16,16,16,16,16,16
500071,1,1,1992,0,0,0,0,0,0,0,0,0,0
500071,2,1,1992,0,0,0,0,0,0,0,0,0,0
500072,1,1,1992,0,7,16,8,0,0,19,0,0,0
500073,1,1,1992,24,24,24,24,24,24,24,24,24,24
500074,1,1,1992,0,0,0,0,0,0,0,0,0,0
500074,2,1,1992,0,0,0,0,0,0,0,0,0,0
500076,0,1,1992,13,13,0,0,13,0,0,0,0,6
500076,1,1,1992,0,0,0,0,0,0,0,0,0,0
500077,0,1,1992,22,11,11,0,0,21,20,19,11,24
500077,1,1,1992,0,0,0,0,0,0,0,0,0,0
500078,1,1,1992,25,25,25,25,25,25,25,25,25,25
500078,2,1,1992,0,0,0,0,0,0,0,4,0,0
500079,1,1,1992,0,0,0,0,0,0,0,0,0,0
500079,2,1,1992,0,0,0,0,0,0,0,0,0,0
500080,1,1,1992,19,19,19,19,19,19,19,19,19,19
500080,2,1,1992,17,0,0,0,0,21,15,31,0,22
500081,1,1,1992,0,0,0,0,0,0,0,0,0,0
500081,2,1,1992,0,0,0,0,0,0,0,0,0,0
500082,1,1,1992,10,10,10,10,10,10,10,10,10,10
500083,1,1,1992,12,14,11,15,5,12,2,8,10,17
500084,1,1,1992,24,24,24,24,24,24,24,24,24,24
500085,1,1,1992,0,0,0,0,0,0,0,0,0,0
500085,2,1,1992,0,0,0,0,0,0,0,0,0,0
500086,0,1,1992,0,0,0,0,0,0,0,0,0,0
500086,1,1,1992,0,0,0,0,0,0,0,0,0,0
500087,1,1,1992,20,20,20,20,20,20,20,20,20,20
500088,1,1,1992,0,18,3,0,0,13,14,18,0,0
500089,1,1,1992,17,17,17,17,17,17,17,17,17,17
500090,1,1,1992,0,0,0,0,0,0,0,0,0,0
500090,2,1,1992,0,0,0,0,0,0,0,0,0,0
500092,0,1,1992,23,9,0,0,42,0,0,0,0,18
500092,1,1,1992,0,0,0,0,0,0,0,0,0,0
500093,1,1,1992,9,9,9,9,9,9,9,9,9,9
500095,1,1,1992,0,0,0,0,0,0,0,0,0,0
500095,2,1,1992,0,0,3,0,0,0,0,0,0,0
500096,0,1,1992,0,0,0,0,0,0,0,0,0,0
500096,1,1,1992,0,0,0,0,0,0,0,0,0,0
500097,1,1,1992,0,0,0,0,0,0,0,0,0,0
500098,0,1,1992,0,0,0,0,0,0,0,0,0,0
510001,1,1,1992,6,25,3,0,14,15,6,22,9,5
510002,1,1,1992,0,0,0,25,0,0,0,0,0,0
510002,2,1,1992,0,0,0,0,0,0,0,0,0,0
510003,1,1,1992,0,0,0,0,0,0,0,0,0,0
510003,2,1,1992,0,0,0,0,0,0,0,0,0,0
510004,1,1,1992,0,0,0,0,0,0,0,0,0,0
510004,2,1,1992,0,0,10,0,0,0,0,0,0,0
510005,1,1,1992,19,0,0,0,0,0,0,0,0,0
510005,2,1,1992,0,0,0,0,0,0,0,0,0,0
510006,1,1,1992,17,19,19,4,18,23,12,23,25,25
510007,1,1,1992,0,0,0,0,0,0,0,0,0,0
510008,1,1,1992,0,0,0,0,0,0,0,0,0,0
510008,2,1,1992,0,0,0,0,0,0,0,0,0,0
510008,3,1,1992,0,0,0,0,0,0,0,0,0,0
510009,1,1,1992,0,0,0,0,0,0,0,0,0,0
510009,2,1,1992,0,0,0,0,0,0,0,0,0,0
510011,0,1,1992,3,3,3,3,3,3,3,3,3,3
510011,1,1,1992,0,0,0,0,0,0,0,0,0,0
510011,2,1,1992,0,0,0,13,0,0,0,0,0,0
510011,3,1,1992,0,0,0,0,0,0,0,0,0,0
510011,4,1,1992,0,0,0,0,0,0,0,0,0,0
510011,5,1,1992,0,0,0,0,0,0,0,0,0,0
510012,1,1,1992,19,19,19,19,19,19,19,19,19,19
510013,1,1,1992,0,0,0,0,0,0,0,0,0,0
510013,2,1,1992,0,0,0,0,0,0,0,0,0,0
510014,0,1,1992,0,0,0,0,0,0,0,0,0,0
510014,0,2,1992,5,0,21,0,0,0,0,0,16,0
510014,0,3,1992,0,11,0,0,0,0,10,0,0,0
510014,3,1,1992,6,6,6,6,6,6,6,6,6,6
510015,1,1,1992,0,0,0,0,0,0,0,0,0,0
510015,2,1,1992,19,19,19,19,19,19,19,19,19,19
510016,1,1,1992,0,0,0,0,0,0,0,0,0,0
510017,1,1,1992,0,0,0,0,0,0,0,0,0,0
510018,1,1,1992,15,10,14,21,27,11,24,29,21,13
510019,1,1,1992,21,14,21,13,14,31,19,20,28,21
510020,0,1,1992,0,0,0,0,0,0,0,0,0,0
510020,1,1,1992,0,0,0,0,0,0,0,0,0,0
510021,1,1,1992,0,0,0,0,0,0,0,0,0,0
510021,2,1,1992,0,0,0,0,0,0,0,0,0,0
510022,1,1,1992,0,0,0,0,0,0,0,14,0,0
510023,1,1,1992,0,0,0,0,0,0,0,0,0,0
510023,2,1,1992,0,0,0,0,0,0,0,0,0,0
510024,1,1,1992,34,28,24,0,20,13,21,14,10,10
510025,1,1,1992,0,0,0,0,0,0,0,9,37,0
510026,1,1,1992,13,13,13,13,13,13,13,13,13,13
510026,2,1,1992,25,32,8,3,23,9,24,14,12,0
510027,1,1,1992,0,0,0,0,0,0,0,0,0,0
510028,1,1,1992,0,0,0,0,0,0,0,0,0,0
510028,2,1,1992,0,0,0,0,0,0,0,0,0,0
510029,1,1,1992,20,26,23,20,29,12,24,19,19,13
510030,1,1,1992,0,0,0,0,0,0,0,0,0,0
510030,2,1,1992,0,0,0,0,0,0,0,0,0,0
510031,1,1,1992,24,24,24,24,24,24,24,24,24,24
510032,0,1,1992,26,22,21,12,23,14,20,17,27,12
510032,1,1,1992,0,29,0,0,0,0,0,0,0,0
510033,1,1,1992,14,14,14,14,14,14,14,14,14,14
510034,0,1,1992,0,0,0,0,0,0,0,0,0,0
510034,1,1,1992,0,0,0,0,0,0,0,0,0,0
510035,1,1,1992,0,0,0,0,0,0,0,0,0,0
510036,0,1,1992,0,0,0,0,0,0,0,0,0,0
510036,1,1,1992,0,0,0,0,0,0,0,0,0,0
510037,1,1,1992,0,0,0,0,18,0,0,0,0,0
510037,2,1,1992,0,0,0,0,0,0,0,0,0,0
510038,0,1,1992,0,0,0,0,0,0,0,0,0,0
510038,1,1,1992,0,0,0,0,0,0,0,0,0,0
510039,1,1,1992,0,0,0,0,0,0,0,0,0,0
510040,1,1,1992,0,0,0,0,0,0,0,0,0,0
510040,2,1,1992,0,0,0,0,0,0,0,0,0,0
510041,1,1,1992,0,23,7,0,33,0,18,27,0,28
510042,1,1,1992,0,0,0,0,0,0,0,0,0,0
510043,1,1,1992,20,20,20,20,20,20,20,20,20,20
510044,1,1,1992,22,22,22,22,22,22,22,22,22,22
510045,1,1,1992,0,0,0,0,0,0,0,0,6,0
510046,1,1,1992,0,0,0,0,0,0,0,0,0,0
510046,2,1,1992,0,0,0,9,12,0,0,13,18,8
510046,3,1,1992,0,0,0,0,0,0,0,0,0,0
510047,1,1,1992,0,0,0,0,0,0,0,0,0,0
510047,2,1,1992,0,0,0,0,0,0,0,0,0,0
510048,1,1,1992,0,0,0,0,0,0,0,0,0,0
510048,2,1,1992,0,0,0,0,0,0,0,0,0,0
510049,1,1,1992,0,0,0,0,0,0,0,0,0,0
510050,1,1,1992,10,36,43,23,22,42,27,19,30,17
510051,1,1,1992,0,0,0,0,0,0,0,0,6,0
510051,2,1,1992,0,0,0,0,0,0,0,0,0,0
510052,1,1,1992,0,0,0,0,0,0,0,0,0,0
510052,2,1,1992,0,0,0,0,0,0,0,0,0,0
510053,1,1,1992,15,15,15,15,15,15,15,15,15,15
510054,0,1,1992,41,41,41,41,41,41,41,41,41,41
510054,1,1,1992,0,0,0,0,0,15,0,0,0,0
510055,1,1,1992,14,19,14,16,20,18,10,15,16,9
510056,1,1,1992,0,0,0,0,0,0,0,0,0,0
510057,1,1,1992,24,19,20,18,36,45,14,18,16,7
510058,1,1,1992,0,0,0,0,0,0,0,7,0,0
510059,1,1,1992,0,0,0,0,0,0,0,0,0,0
510059,2,1,1992,0,0,0,0,0,0,0,0,0,0
510060,1,1,1992,8,8,8,8,8,8,8,8,8,8
510061,1,1,1992,16,16,16,16,16,16,16,16,16,16
510062,1,1,1992,0,0,0,0,0,0,0,0,0,0
510063,1,1,1992,12,12,12,12,12,12,12,12,12,12
510064,1,1,1992,9,9,9,9,9,9,9,9,9,9
510065,0,1,1992,0,0,0,10,0,0,0,0,0,0
510065,1,1,1992,0,0,0,0,0,0,0,0,0,0
510067,1,1,1992,0,0,0,0,0,0,0,0,0,0
510068,1,1,1992,0,0,0,0,0,0,0,0,0,0
510068,2,1,1992,23,0,0,0,14,0,0,0,0,0
510069,1,1,1992,0,0,0,0,0,0,0,0,0,0
510069,2,1,1992,0,0,0,0,0,0,0,0,0,0
510070,1,1,1992,0,0,0,0,0,0,0,0,0,0
510071,1,1,1992,8,8,8,8,8,8,8,8,8,8
510072,1,1,1992,0,0,20,0,0,0,0,0,0,0
510075,1,1,1992,0,0,0,0,0,0,0,0,0,0
510075,2,1,1992,0,0,0,0,0,0,0,0,0,0
510075,3,1,1992,0,0,0,0,0,0,0,0,0,19
510076,1,1,1992,12,4,18,19,0,15,31,19,17,8
510077,1,1,1992,25,12,9,7,7,17,18,6,12,7
510077,2,1,1992,0,0,0,0,0,0,0,0,0,0
510078,1,1,1992,0,0,0,0,0,0,0,0,0,0
510078,2,1,1992,0,0,0,0,0,0,0,0,0,0
510079,1,1,1992,0,0,0,0,0,0,0,0,0,0
510079,2,1,1992,0,0,0,0,0,0,0,0,0,0
510080,1,1,1992,0,0,0,0,0,0,0,0,0,0
510080,2,1,1992,0,0,0,0,0,0,0,0,0,0
510081,1,1,1992,0,0,7,0,0,0,0,0,0,0
510081,2,1,1992,0,0,0,0,0,0,0,0,0,0
510082,1,1,1992,0,19,0,0,9,0,0,0,0,12
510083,1,1,1992,0,0,0,0,0,0,10,0,0,0
510084,0,1,1992,29,29,29,29,29,29,29,29,29,29
510084,1,1,1992,0,0,0,0,0,0,0,0,0,0
510085,0,1,1992,32,32,32,32,32,32,32,32,32,32
510085,1,1,1992,0,0,0,3,0,0,0,0,0,0
510086,1,1,1992,19,19,19,19,19,19,19,19,19,19
510086,2,1,1992,0,0,0,0,0,0,0,0,0,0
510086,3,1,1992,0,0,0,0,0,0,0,0,0,0
510087,1,1,1992,14,8,15,3,17,10,18,14,6,11
510087,2,1,1992,0,0,0,0,0,0,0,0,0,0
510087,3,1,1992,0,0,0,0,0,0,0,0,0,0
510088,1,1,1992,11,15,7,23,10,22,8,12,17,18
510089,1,1,1992,18,18,18,18,18,18,18,18,18,18
510089,2,1,1992,0,0,0,0,0,0,0,0,0,0
510090,1,1,1992,0,0,0,0,0,0,0,0,0,0
510090,2,1,1992,0,0,0,0,0,0,0,0,0,0
510091,1,1,1992,0,0,0,0,0,0,0,0,0,0
510091,2,1,1992,0,0,0,0,0,0,0,0,0,0
510092,1,1,1992,0,0,0,0,0,0,0,0,0,0
510092,2,1,1992,0,11,0,0,0,0,12,0,0,0
510093,1,1,1992,0,0,0,0,0,0,0,0,0,0
510094,0,1,1992,0,0,0,23,24,0,0,0,0,38
510094,1,1,1992,0,0,0,0,0,0,0,0,0,0
510095,1,1,1992,0,0,7,0,0,0,0,0,0,8
510095,2,1,1992,0,0,0,0,0,0,0,0,0,0
510096,0,1,1992,34,15,16,27,6,20,19,14,25,36
510096,1,1,1992,11,0,10,28,8,7,19,0,6,7
510097,1,1,1992,0,0,0,4,0,0,0,0,0,0
510098,1,1,1992,0,0,0,0,0,3,0,0,0,0
510098,2,1,1992,0,0,0,0,0,0,0,0,0,0
510099,1,1,1992,5,5,5,5,5,5,5,5,5,5
510099,2,1,1992,0,24,21,19,13,0,4,14,26,15
510100,1,1,1992,0,0,0,0,0,0,0,0,0,0
510100,2,1,1992,0,0,0,0,0,0,0,0,0,0
510101,1,1,1992,0,0,0,0,0,0,0,0,0,0
510101,2,1,1992,0,0,0,0,0,0,0,0,0,0
510102,1,1,1992,0,0,0,0,0,0,0,0,0,0
510103,0,1,1992,0,0,0,0,0,0,0,0,0,0
510103,1,1,1992,0,0,0,0,0,0,0,0,0,0
510104,1,1,1992,0,0,0,0,29,0,0,0,0,0
510105,1,1,1992,0,0,0,0,0,0,0,0,6,15
510106,0,1,1992,10,7,0,41,24,0,18,12,16,29
510106,1,1,1992,17,0,17,8,19,15,14,22,19,14
510107,1,1,1992,15,15,15,15,15,15,15,15,15,15
510108,0,1,1992,0,0,0,0,0,0,0,0,0,0
510108,0,2,1992,0,0,0,0,5,0,19,0,0,0
510108,0,3,1992,0,0,10,27,0,26,34,0,12,0
510108,0,4,1992,0,17,0,0,0,0,0,0,9,0
510108,1,1,1992,0,0,0,0,0,0,0,0,0,0
510109,1,1,1992,40,0,0,0,0,0,0,0,0,0
510110,1,1,1992,0,0,0,0,0,0,0,0,0,0
510110,2,1,1992,0,0,0,0,0,0,0,0,0,0
510111,1,1,1992,28,28,28,28,28,28,28,28,28,28
510112,1,1,1992,28,18,10,5,8,7,4,19,19,10
510112,2,1,1992,18,18,18,18,18,18,18,18,18,18
510113,1,1,1992,0,0,0,0,0,0,0,0,0,0
510114,1,1,1992,14,14,14,14,14,14,14,14,14,14
510115,1,1,1992,0,0,0,0,0,0,0,0,0,0
510115,2,1,1992,0,0,0,0,0,0,0,0,0,0
510116,1,1,1992,23,23,23,23,23,23,23,23,23,23
510117,0,1,1992,30,25,32,20,22,16,5,29,31,8
510117,1,1,1992,0,0,0,0,0,0,0,0,0,0
510118,1,1,1992,0,0,0,0,0,0,0,0,0,0
510118,2,1,1992,0,0,0,0,0,0,0,0,0,0
510119,1,1,1992,18,18,18,18,18,18,18,18,18,18
510120,1,1,1992,0,0,0,0,0,0,0,0,0,0
510120,2,1,1992,0,0,0,0,0,0,0,0,0,0
510121,1,1,1992,0,0,0,0,0,0,0,0,0,0
510121,2,1,1992,0,0,0,0,0,0,0,7,0,0
510122,1,1,1992,16,16,16,16,16,16,16,16,16,16
510124,1,1,1992,19,18,8,4,10,19,12,24,22,9
510124,2,1,1992,14,13,18,12,12,17,15,18,23,22
510125,1,1,1992,0,0,0,0,0,0,0,0,0,0
510126,1,1,1992,5,5,5,5,5,5,5,5,5,5
510127,1,1,1992,0,0,13,0,0,0,0,0,0,0
510127,2,1,1992,12,0,8,14,0,6,12,5,9,4
510129,1,1,1992,0,0,0,0,0,0,0,0,0,0
510129,2,1,1992,0,0,0,0,0,0,0,0,0,0
510130,1,1,1992,0,0,18,0,0,5,0,0,0,0
510130,2,1,1992,4,11,13,0,16,14,10,8,6,0
510131,1,1,1992,0,0,0,0,0,0,0,0,0,0
510132,1,1,1992,0,0,0,0,0,0,0,0,0,0
510132,2,1,1992,0,0,0,0,0,0,0,0,0,0
510133,1,1,1992,26,26,26,26,26,26,26,26,26,26
510134,1,1,1992,19,0,0,0,0,0,0,0,0,0
510135,1,1,1992,25,25,25,25,25,25,25,25,25,25
510136,1,1,1992,0,0,0,0,0,0,0,0,0,0
510136,2,1,1992,0,0,0,0,0,0,0,0,0,0
510137,1,1,1992,21,21,21,21,21,21,21,21,21,21
510138,0,1,1992,35,35,35,35,35,35,35,35,35,35
510138,1,1,1992,0,0,0,0,0,0,0,0,0,0
510138,2,1,1992,10,0,9,9,0,0,7,0,0,11
510139,1,1,1992,13,13,13,13,13,13,13,13,13,13
510139,2,1,1992,0,0,0,0,0,0,0,20,0,0
510139,3,1,1992,0,0,0,0,0,0,0,0,0,0
510139,4,1,1992,0,0,0,0,0,0,0,30,0,0
510139,5,1,1992,6,0,0,0,0,0,0,0,0,0
510140,1,1,1992,0,0,0,0,0,0,0,0,0,0
510140,2,1,1992,0,0,0,0,0,0,0,0,0,0
510141,1,1,1992,0,0,0,0,0,0,0,0,0,0
510141,2,1,1992,0,0,0,0,0,0,0,0,0,0
510142,1,1,1992,0,0,0,0,0,0,0,0,0,0
510142,2,1,1992,0,0,0,0,0,0,0,0,0,0
510143,0,1,1992,19,0,0,21,13,15,15,0,16,0
510143,1,1,1992,0,0,0,0,15,0,0,0,0,0
510144,1,1,1992,0,0,0,0,0,0,0,0,0,18
510145,1,1,1992,13,31,21,16,18,13,14,8,24,7
510146,1,1,1992,0,0,0,0,0,0,0,0,0,0
510146,2,1,1992,0,0,0,0,0,0,0,0,0,0
510147,1,1,1992,21,21,21,21,21,21,21,21,21,21
510148,1,1,1992,19,19,19,19,19,19,19,19,19,19
510149,1,1,1992,27,27,27,27,27,27,27,27,27,27
510150,1,1,1992,0,0,0,0,0,0,0,0,0,0
510151,0,1,1992,8,0,0,12,0,2,17,0,0,0
510151,1,1,1992,0,0,0,0,0,0,15,0,0,0