ST_CASE,VEH_NO,PER_NO,YEAR,P1,P2,P3,P4,P5,P6,P7,P8,P9,P10
510423,1,1,1992,0,0,0,0,0,0,0,0,0,0
510424,1,1,1992,21,5,10,8,19,9,31,17,7,18
510424,2,1,1992,0,0,0,11,0,0,0,0,0,0
510425,1,1,1992,18,18,18,18,18,18,18,18,18,18
510426,1,1,1992,0,0,0,0,0,0,0,0,0,0
510426,2,1,1992,0,0,0,0,0,0,0,0,0,0
510427,1,1,1992,3,3,3,3,3,3,3,3,3,3
510428,1,1,1992,14,14,14,14,14,14,14,14,14,14
510429,1,1,1992,0,0,0,0,0,0,0,0,0,0
510429,2,1,1992,0,0,0,0,0,0,0,0,0,0
510430,1,1,1992,0,0,0,0,0,0,0,0,0,0
510430,2,1,1992,0,0,0,0,0,0,0,0,0,0
510431,1,1,1992,16,16,16,16,16,16,16,16,16,16
510432,1,1,1992,16,0,17,0,25,19,0,9,0,20
510433,1,1,1992,0,0,0,0,0,0,0,0,0,0
510434,0,1,1992,20,20,20,20,20,20,20,20,20,20
510434,1,1,1992,0,0,0,0,0,0,0,0,0,18
510435,1,1,1992,19,18,14,11,17,24,7,5,15,30
510436,1,1,1992,0,0,0,0,0,8,0,0,0,0
510436,2,1,1992,0,0,0,0,0,0,0,0,0,0
510437,1,1,1992,6,11,12,0,0,17,14,14,2,0
510438,1,1,1992,12,12,12,12,12,12,12,12,12,12
510439,1,1,1992,0,0,0,0,0,0,0,0,0,0
510440,1,1,1992,14,13,9,15,13,17,15,7,26,7
510441,1,1,1992,0,0,0,0,0,0,0,0,0,0
510441,2,1,1992,0,0,0,0,0,0,0,0,0,0
510442,1,1,1992,8,8,8,8,8,8,8,8,8,8
510442,2,1,1992,5,0,0,0,0,0,0,0,0,0
510443,1,1,1992,0,0,8,0,0,21,0,0,0,0
510444,1,1,1992,0,0,0,0,0,0,0,0,0,0
510444,2,1,1992,0,0,0,0,0,0,0,0,0,0
510444,3,1,1992,0,0,0,0,0,0,0,0,0,0
510445,1,1,1992,0,0,0,0,0,0,0,0,0,0
510446,1,1,1992,15,14,0,22,18,22,17,12,31,14
510446,2,1,1992,0,0,0,0,0,0,0,0,0,0
510447,1,1,1992,0,0,0,0,0,0,0,0,0,0
510448,1,1,1992,0,0,0,0,0,0,0,0,0,0
510448,2,1,1992,0,0,0,0,0,0,0,0,0,0
510449,1,1,1992,11,11,11,11,11,11,11,11,11,11
510449,2,1,1992,10,21,11,0,11,18,35,17,24,15
510450,1,1,1992,19,19,19,19,19,19,19,19,19,19
510451,0,1,1992,0,0,0,0,0,0,0,0,0,0
510451,1,1,1992,0,0,0,0,0,0,0,0,0,0
510452,1,1,1992,0,4,13,4,26,8,21,16,9,3
510453,1,1,1992,18,0,13,11,17,16,32,13,8,21
510454,0,1,1992,0,0,0,0,0,0,0,0,0,0
510454,1,1,1992,0,10,5,0,0,0,0,0,0,10
510455,1,1,1992,0,0,0,0,0,0,0,0,0,0
510455,2,1,1992,0,0,0,0,0,0,0,0,0,0
510456,1,1,1992,0,0,8,0,0,0,0,0,0,0
510457,1,1,1992,0,0,0,0,0,0,0,0,0,0
510457,2,1,1992,0,0,0,8,0,0,0,0,0,0
510457,3,1,1992,0,0,0,0,18,0,0,0,0,0
510458,1,1,1992,25,25,25,25,25,25,25,25,25,25
510459,1,1,1992,0,0,0,0,0,0,0,0,0,0
510459,2,1,1992,0,0,0,0,0,0,0,0,0,0
510460,0,1,1992,0,0,0,0,0,0,0,0,0,0
510460,0,2,1992,0,20,10,27,24,23,11,19,23,8
510460,1,1,1992,0,0,0,0,0,0,0,0,0,0
510461,1,1,1992,6,0,14,10,11,15,9,7,7,24
510462,1,1,1992,0,0,0,0,0,0,0,0,0,0
510463,1,1,1992,0,0,0,0,0,0,0,0,0,0
510463,2,1,1992,0,0,0,0,0,0,0,0,0,0
510464,1,1,1992,0,0,0,0,0,0,0,12,0,0
510464,2,1,1992,0,0,0,0,0,0,0,0,0,0
510465,0,1,1992,0,0,0,0,0,0,0,0,0,0
510465,1,1,1992,0,0,0,0,0,0,0,0,0,0
510466,1,1,1992,0,0,0,0,0,0,0,0,0,0
510466,2,1,1992,0,0,0,0,14,0,0,0,0,0
510467,1,1,1992,0,0,0,0,0,0,0,0,0,0
510467,2,1,1992,0,0,0,0,0,0,0,0,0,0
510468,1,1,1992,0,0,0,0,0,0,0,0,0,0
510468,2,1,1992,0,0,0,0,0,0,0,0,0,0
510469,1,1,1992,0,0,0,0,0,0,0,0,0,0
510469,2,1,1992,0,0,0,0,0,0,0,0,0,0
510470,0,1,1992,0,0,0,0,0,0,0,0,0,0
510470,1,1,1992,0,0,0,0,0,0,0,0,0,0
510471,1,1,1992,0,0,0,0,0,0,0,0,0,0
510473,1,1,1992,13,13,13,13,13,13,13,13,13,13
510474,1,1,1992,0,0,0,0,0,0,0,0,0,0
510475,1,1,1992,6,3,22,0,24,14,11,19,0,17
510476,1,1,1992,0,0,0,0,0,0,0,0,22,20
510477,1,1,1992,17,17,17,17,17,17,17,17,17,17
510478,0,1,1992,22,22,22,22,22,22,22,22,22,22
510478,1,1,1992,26,0,11,10,15,24,22,17,3,12
510479,1,1,1992,0,0,0,0,0,0,0,0,0,0
510479,2,1,1992,0,0,0,0,0,0,0,0,0,0
510480,1,1,1992,0,17,13,13,14,19,8,12,16,19
510480,2,1,1992,0,0,0,0,0,0,0,0,0,0
510481,0,1,1992,0,0,0,0,0,0,0,0,0,0
510481,1,1,1992,0,0,0,0,0,0,0,8,0,0
510483,1,1,1992,4,15,18,14,17,10,13,13,0,10
510483,2,1,1992,17,27,13,0,15,32,5,9,3,8
510483,3,1,1992,0,0,0,0,0,0,0,0,0,0
510484,0,1,1992,0,0,0,0,0,0,0,0,0,0
510484,0,2,1992,0,3,0,0,0,0,0,0,0,0
510484,1,1,1992,4,12,13,9,36,9,14,12,26,7
510485,1,1,1992,0,0,0,5,0,0,0,0,0,0
510485,2,1,1992,8,11,18,5,27,28,11,28,7,27
510486,1,1,1992,24,24,24,24,24,24,24,24,24,24
510487,0,1,1992,0,0,18,0,21,0,0,0,26,0
510487,1,1,1992,0,0,0,0,0,0,0,0,0,0
510488,1,1,1992,0,0,0,0,0,0,0,0,0,0
510489,1,1,1992,0,0,0,0,0,14,0,0,0,0
510489,2,1,1992,0,0,0,0,0,0,6,0,2,0
510490,1,1,1992,0,0,0,0,0,0,0,0,0,0
510491,0,1,1992,3,3,3,3,3,3,3,3,3,3
510491,1,1,1992,0,0,0,0,0,0,0,7,0,0
510491,2,1,1992,0,0,0,0,12,0,0,0,0,0
510492,1,1,1992,0,0,0,0,0,0,0,0,0,0
510492,2,1,1992,0,0,0,0,0,0,0,0,0,0
510493,1,1,1992,0,0,0,0,0,0,0,0,0,0
510494,1,1,1992,0,0,0,0,0,16,0,0,0,0
510494,2,1,1992,0,0,0,0,0,0,0,0,0,0
510495,1,1,1992,0,29,0,0,0,0,8,0,0,0
510496,1,1,1992,0,0,0,0,0,0,0,0,0,0
510496,2,1,1992,0,0,0,0,0,0,0,0,0,0
510496,3,1,1992,0,0,0,0,0,0,0,0,0,0
510496,4,1,1992,0,0,0,0,0,0,0,0,0,0
510496,5,1,1992,0,0,0,0,0,0,0,0,0,0
510497,1,1,1992,21,21,21,21,21,21,21,21,21,21
510498,1,1,1992,0,0,0,0,0,0,0,0,0,0
510498,2,1,1992,0,0,0,0,0,0,0,0,0,0
510498,3,1,1992,0,0,0,0,0,0,0,0,0,0
510499,1,1,1992,0,0,0,0,0,0,0,0,0,0
510500,0,1,1992,0,0,0,0,0,0,0,0,0,0
510500,1,1,1992,17,18,10,20,9,12,8,18,24,9
510501,1,1,1992,29,29,29,29,29,29,29,29,29,29
510503,1,1,1992,0,0,0,0,0,0,0,9,2,0
510503,2,1,1992,22,22,22,22,22,22,22,22,22,22
510504,1,1,1992,19,19,19,19,19,19,19,19,19,19
510505,1,1,1992,26,24,30,9,19,14,19,11,23,22
510506,1,1,1992,0,0,0,0,0,0,0,0,0,0
510506,2,1,1992,0,0,0,0,0,0,0,0,0,0
510507,1,1,1992,15,15,15,15,15,15,15,15,15,15
510508,0,1,1992,13,0,0,0,0,0,0,0,0,0
510508,1,1,1992,19,17,13,3,12,24,22,7,0,5
510509,1,1,1992,9,12,14,27,0,16,15,13,18,11
510509,2,1,1992,0,0,0,0,0,0,0,0,0,0
510510,1,1,1992,12,12,12,12,12,12,12,12,12,12
510511,0,1,1992,31,31,31,31,31,31,31,31,31,31
510511,1,1,1992,4,4,0,0,0,0,0,0,0,0
510512,1,1,1992,0,0,0,0,0,0,0,0,0,0
510512,2,1,1992,0,0,0,0,0,0,0,0,0,0
510513,1,1,1992,23,23,23,23,23,23,23,23,23,23
510514,1,1,1992,0,0,0,5,0,0,0,0,0,0
510515,1,1,1992,0,0,0,0,0,0,0,0,0,0
510515,2,1,1992,0,0,0,0,0,0,0,0,0,0
510516,1,1,1992,0,0,0,3,0,0,0,0,0,0
510516,2,1,1992,21,26,12,17,17,5,24,5,9,18
510517,1,1,1992,19,19,19,19,19,19,19,19,19,19
510518,1,1,1992,15,7,0,10,26,16,6,11,0,9
510519,1,1,1992,0,15,4,9,29,12,0,13,0,10
510519,2,1,1992,0,0,0,0,0,0,0,0,0,0
510520,0,1,1992,0,0,0,0,0,0,0,0,0,0
510520,1,1,1992,15,23,23,10,10,46,4,19,25,14
510521,1,1,1992,14,14,14,14,14,14,14,14,14,14
510521,2,1,1992,0,0,0,0,16,0,0,11,0,0
510522,1,1,1992,0,0,28,0,11,20,16,0,13,28
510522,2,1,1992,0,0,0,0,0,0,0,0,0,0
510523,1,1,1992,13,13,13,13,13,13,13,13,13,13
510524,1,1,1992,10,15,16,11,18,11,16,32,10,27
510525,1,1,1992,16,12,10,8,11,19,15,26,30,8
510526,1,1,1992,0,0,0,0,0,0,0,0,0,0
510526,2,1,1992,0,0,0,0,0,0,0,0,0,0
510527,1,1,1992,0,0,0,0,0,0,0,0,0,0
510527,2,1,1992,0,0,0,0,0,0,0,0,0,0
510528,1,1,1992,18,18,18,18,18,18,18,18,18,18
510529,1,1,1992,27,27,27,27,27,27,27,27,27,27
510530,1,1,1992,0,0,0,0,0,0,0,0,0,0
510531,1,1,1992,0,0,0,0,0,0,0,0,0,0
510532,0,1,1992,0,0,0,0,0,0,0,0,0,0
510532,1,1,1992,0,0,0,0,0,0,0,0,0,0
510533,0,1,1992,26,26,26,26,26,26,26,26,26,26
510533,1,1,1992,8,16,0,5,3,5,27,7,5,0
510534,1,1,1992,36,36,36,36,36,36,36,36,36,36
510535,1,1,1992,0,0,0,0,0,0,0,0,0,0
510536,1,1,1992,0,0,0,0,0,5,0,0,0,0
510537,1,1,1992,0,0,0,0,0,0,0,0,0,0
510539,1,1,1992,15,15,15,15,15,15,15,15,15,15
510540,1,1,1992,5,0,0,0,0,0,0,0,0,0
510541,1,1,1992,0,0,0,0,0,0,0,0,0,0
510541,2,1,1992,0,0,0,0,0,0,0,0,0,0
510542,1,1,1992,15,11,18,22,17,22,4,8,13,12
510542,2,1,1992,0,0,0,0,0,0,0,0,0,0
510543,1,1,1992,20,20,20,20,20,20,20,20,20,20
510545,1,1,1992,28,28,28,28,28,28,28,28,28,28
510546,1,1,1992,0,0,0,0,22,0,0,0,0,0
510546,2,1,1992,0,0,0,0,0,0,0,0,0,0
510546,3,1,1992,0,0,0,0,0,0,0,17,0,0
510546,4,1,1992,0,0,0,0,0,0,0,0,0,0
510547,1,1,1992,0,0,0,0,0,0,0,0,0,0
510547,2,1,1992,0,0,0,0,0,0,0,0,16,0
510548,1,1,1992,34,34,34,34,34,34,34,34,34,34
510549,0,1,1992,0,0,0,0,0,0,0,0,0,0
510549,1,1,1992,0,10,12,7,15,4,9,15,12,27
510550,1,1,1992,12,12,12,12,12,12,12,12,12,12
510551,1,1,1992,5,5,5,5,5,5,5,5,5,5
510552,1,1,1992,0,0,0,0,0,0,0,0,0,0
510552,2,1,1992,0,0,0,0,0,0,0,0,0,0
510553,0,1,1992,0,0,0,0,0,0,0,0,0,0
510553,1,1,1992,0,0,0,0,0,0,0,0,0,0
510554,1,1,1992,18,18,18,18,18,18,18,18,18,18
510555,1,1,1992,0,0,0,0,0,0,0,0,0,0
510555,2,1,1992,0,0,0,0,0,0,0,0,0,0
510556,1,1,1992,0,0,0,0,0,0,0,0,0,0
510556,2,1,1992,0,0,0,0,0,0,0,0,0,0
510557,0,1,1992,15,15,15,15,15,15,15,15,15,15
510557,1,1,1992,0,3,13,3,5,20,9,1,7,0
510558,1,1,1992,0,0,0,0,0,0,0,0,0,0
510558,2,1,1992,0,0,0,0,0,0,0,0,0,0
510559,1,1,1992,0,0,0,0,0,0,0,0,0,0
510560,1,1,1992,0,0,7,0,16,15,0,0,0,19
510561,1,1,1992,21,21,21,21,21,21,21,21,21,21
510562,1,1,1992,19,19,19,19,19,19,19,19,19,19
510562,2,1,1992,0,0,0,0,0,0,0,0,0,0
510563,1,1,1992,0,27,0,0,0,0,0,18,6,0
510563,2,1,1992,0,0,0,0,0,0,0,0,0,0
510564,1,1,1992,0,0,0,0,0,0,0,0,0,0
510565,1,1,1992,0,0,0,0,0,0,0,0,0,0
510565,2,1,1992,0,0,0,0,0,0,0,0,0,0
510565,3,1,1992,0,0,0,0,0,0,0,0,0,0
510566,1,1,1992,0,0,0,0,0,0,0,0,0,0
510566,2,1,1992,0,0,0,0,0,0,0,0,0,0
510567,1,1,1992,0,0,0,0,0,0,0,0,0,0
510567,2,1,1992,0,0,0,0,0,0,0,0,0,0
510568,1,1,1992,0,0,0,0,0,0,0,0,0,0
510569,1,1,1992,0,0,0,0,0,0,0,0,0,0
510570,0,1,1992,0,0,0,0,0,0,0,0,0,0
510570,1,1,1992,0,0,0,0,0,0,0,0,0,0
510571,1,1,1992,0,0,0,0,0,0,0,0,0,0
510572,1,1,1992,0,0,0,0,0,0,0,0,0,0
510573,1,1,1992,18,0,13,7,0,0,0,0,11,0
510573,2,1,1992,0,0,0,0,0,0,0,0,0,0
510574,1,1,1992,0,0,0,0,0,0,0,0,0,0
510574,2,1,1992,0,0,0,0,0,0,0,0,0,0
510575,1,1,1992,31,31,31,31,31,31,31,31,31,31
510575,2,1,1992,0,0,0,0,0,0,0,0,0,0
510576,0,1,1992,0,28,0,0,0,0,0,0,0,36
510576,1,1,1992,0,0,0,0,0,0,0,0,0,0
510577,1,1,1992,0,0,0,0,0,0,0,0,0,0
510577,2,1,1992,0,0,0,0,0,0,0,0,0,0
510578,1,1,1992,0,0,0,8,19,0,22,8,10,0
510578,2,1,1992,0,0,0,0,0,0,0,0,0,0
510579,1,1,1992,14,15,32,5,12,5,0,19,3,19
510580,1,1,1992,0,14,0,0,0,10,0,0,0,0
510581,1,1,1992,7,7,7,7,7,7,7,7,7,7
510582,1,1,1992,0,0,0,0,0,0,0,0,0,0
510582,2,1,1992,16,16,16,16,16,16,16,16,16,16
510583,1,1,1992,19,13,4,6,9,0,19,5,19,17
510584,1,1,1992,0,0,0,0,0,0,0,0,0,0
510585,1,1,1992,32,32,32,32,32,32,32,32,32,32
510586,0,1,1992,0,0,0,0,0,0,0,0,0,0
510586,1,1,1992,0,0,0,0,0,0,0,0,23,0
510587,1,1,1992,0,0,0,0,0,0,0,0,0,0
510588,1,1,1992,18,18,18,18,18,18,18,18,18,18
510589,1,1,1992,15,0,20,0,17,12,28,16,2,46
510590,1,1,1992,0,0,0,0,0,0,0,0,0,11
510591,1,1,1992,0,0,0,10,0,0,0,0,0,0
510591,2,1,1992,0,0,0,0,0,0,0,0,0,0
510592,1,1,1992,0,0,0,0,0,0,15,0,0,0
510592,2,1,1992,0,0,0,0,0,0,9,3,0,7
510593,1,1,1992,15,16,12,22,19,16,7,25,20,28
510594,1,1,1992,0,0,0,0,0,0,0,0,0,0
510594,2,1,1992,0,10,4,17,17,9,13,6,5,7
510595,0,1,1992,0,0,0,0,0,0,0,0,0,0
510595,1,1,1992,0,0,0,0,0,0,0,0,14,0
510596,0,1,1992,5,5,5,5,5,5,5,5,5,5
510596,1,1,1992,0,0,0,0,0,0,0,0,0,0
510597,1,1,1992,0,0,0,0,0,0,0,0,0,0
510597,2,1,1992,17,17,17,17,17,17,17,17,17,17
510598,1,1,1992,21,32,0,19,17,0,24,0,35,5
510599,1,1,1992,0,0,0,0,0,0,0,0,0,0
510599,2,1,1992,0,0,0,0,0,0,0,0,0,0
510600,1,1,1992,0,0,0,0,0,0,0,0,0,0
510601,1,1,1992,0,0,0,0,0,0,0,0,0,0
510601,2,1,1992,0,0,0,0,0,0,0,0,0,0
510602,1,1,1992,0,0,0,0,0,27,0,0,0,0
510602,2,1,1992,0,0,0,0,0,0,0,0,0,0
510603,1,1,1992,0,0,0,0,0,0,0,0,0,0
510604,1,1,1992,0,0,0,0,0,0,0,0,0,0
510605,1,1,1992,18,8,11,15,12,17,20,18,20,9
510606,1,1,1992,0,0,0,0,0,0,0,0,0,0
510607,1,1,1992,7,7,7,7,7,7,7,7,7,7
510608,1,1,1992,18,18,18,18,18,18,18,18,18,18
510609,0,1,1992,2,2,2,2,2,2,2,2,2,2
510610,1,1,1992,26,28,17,16,31,21,25,17,13,21
510611,1,1,1992,0,0,0,0,0,0,0,0,0,0
510612,1,1,1992,0,0,0,0,0,0,0,0,0,0
510613,1,1,1992,0,0,0,0,0,0,11,0,0,0
510613,2,1,1992,11,15,23,23,0,18,0,0,12,0
510614,1,1,1992,0,0,0,0,0,0,0,0,0,0
510614,2,1,1992,0,0,0,0,0,0,0,0,0,0
510615,1,1,1992,0,0,0,0,0,0,0,0,13,0
510616,1,1,1992,0,0,0,12,0,0,0,0,0,0
510617,1,1,1992,0,0,0,0,0,0,0,9,0,0
510617,2,1,1992,0,0,0,0,0,0,0,0,0,0
510618,1,1,1992,18,10,0,6,6,8,33,28,18,13
510618,2,1,1992,0,0,0,0,0,0,0,0,0,0
510619,1,1,1992,0,0,0,0,0,0,0,0,0,0
510620,1,1,1992,0,0,0,0,0,0,0,0,0,0
510621,1,1,1992,0,0,0,0,0,0,0,0,0,0
510622,1,1,1992,22,24,19,17,20,10,31,32,16,10
510623,1,1,1992,18,18,18,18,18,18,18,18,18,18
510623,2,1,1992,0,0,0,0,0,0,0,0,0,0
510623,3,1,1992,0,0,0,0,0,0,0,0,0,0
510623,4,1,1992,0,9,0,0,0,0,0,0,0,0
510624,1,1,1992,20,20,20,20,20,20,20,20,20,20
510625,1,1,1992,20,20,20,20,20,20,20,20,20,20
510626,1,1,1992,20,17,15,7,19,32,30,21,28,17
510627,1,1,1992,0,19,34,16,27,12,11,24,21,13
510628,1,1,1992,16,16,16,16,16,16,16,16,16,16
510629,1,1,1992,0,0,0,0,0,0,0,0,0,0
510630,0,1,1992,11,0,0,25,27,18,19,3,0,0
510630,1,1,1992,4,0,15,0,0,0,0,0,0,0
510631,1,1,1992,6,6,6,6,6,6,6,6,6,6
510631,2,1,1992,0,0,0,0,0,0,0,0,0,0
510632,0,1,1992,25,25,25,25,25,25,25,25,25,25
510632,1,1,1992,0,0,0,0,0,8,0,0,0,0
510633,1,1,1992,0,0,0,0,0,0,0,0,0,0
510633,2,1,1992,0,0,0,0,0,0,0,0,0,0
510634,1,1,1992,5,5,5,5,5,5,5,5,5,5
510634,2,1,1992,23,0,0,0,0,0,0,0,0,0
510635,1,1,1992,29,29,29,29,29,29,29,29,29,29
510636,1,1,1992,0,0,0,0,0,0,0,0,0,0
510637,0,1,1992,0,0,0,0,0,0,0,0,0,0
510637,1,1,1992,0,0,0,0,0,0,0,0,0,0
510637,2,1,1992,0,0,7,0,0,0,0,0,0,0
510639,1,1,1992,0,0,0,17,0,0,0,0,0,0
510640,1,1,1992,0,0,0,0,0,0,0,0,0,0
510640,2,1,1992,0,0,0,0,0,0,0,0,0,0
510641,1,1,1992,0,0,0,0,0,0,0,0,0,0
510641,2,1,1992,0,0,0,0,0,0,0,0,0,0
510641,3,1,1992,0,0,0,0,3,0,0,0,0,0
510642,1,1,1992,0,0,0,0,0,0,0,0,0,0
510643,1,1,1992,19,19,23,21,29,14,14,24,19,32
510644,1,1,1992,0,0,0,0,0,0,0,0,0,0
510645,1,1,1992,25,25,25,25,25,25,25,25,25,25
510646,0,1,1992,0,0,0,0,0,0,0,0,0,0
510646,1,1,1992,0,0,0,0,0,0,0,0,22,0
510647,1,1,1992,14,13,9,18,23,31,17,0,21,9
510648,1,1,1992,22,22,22,22,22,22,22,22,22,22
510649,1,1,1992,0,0,0,0,0,0,0,0,0,0
510650,1,1,1992,0,0,0,0,0,0,0,0,0,0
510650,2,1,1992,0,15,9,0,0,0,15,0,14,0
510651,1,1,1992,0,0,0,0,0,0,0,0,0,0
510651,2,1,1992,0,0,5,0,0,0,0,0,0,0
510652,1,1,1992,5,5,5,5,5,5,5,5,5,5
510653,1,1,1992,20,20,20,20,20,20,20,20,20,20
510654,1,1,1992,0,0,0,0,0,0,0,0,0,0
510654,2,1,1992,0,0,0,0,0,0,0,0,0,0
510655,1,1,1992,0,0,0,0,0,0,0,0,0,0
510655,2,1,1992,0,3,0,0,0,0,0,0,0,0
510656,1,1,1992,0,0,0,0,0,0,0,0,0,0
510656,2,1,1992,0,0,0,0,0,0,0,0,0,0
510657,0,1,1992,0,0,0,0,0,0,0,0,0,0
510657,1,1,1992,0,0,0,0,0,0,0,0,0,0
510657,2,1,1992,0,0,0,0,0,0,0,0,0,0
510658,1,1,1992,0,0,7,0,0,0,0,0,0,0
510659,1,1,1992,0,0,0,0,0,0,0,0,0,0
510659,2,1,1992,0,0,0,0,0,0,0,0,0,0
510660,0,1,1992,0,0,0,0,0,19,0,25,0,0
510660,1,1,1992,0,0,0,0,0,0,0,0,0,0
510661,1,1,1992,0,0,0,0,0,0,0,0,0,0
510661,2,1,1992,0,0,0,0,0,0,0,0,0,0
510662,1,1,1992,0,0,0,0,0,0,0,0,0,0
510663,1,1,1992,0,32,11,16,18,0,10,6,0,10
510663,2,1,1992,0,0,0,0,0,0,0,0,0,0
510664,1,1,1992,23,23,23,23,23,23,23,23,23,23
510665,1,1,1992,0,0,0,0,0,0,0,0,0,0
510666,1,1,1992,22,22,22,22,22,22,22,22,22,22
510667,1,1,1992,0,0,0,0,0,0,0,0,0,0
510667,2,1,1992,0,0,0,0,0,0,0,0,0,0
510668,1,1,1992,0,0,0,0,0,0,0,0,0,0
510668,2,1,1992,0,0,0,0,0,0,0,0,0,0
510669,1,1,1992,0,0,0,0,18,0,0,0,5,0
510670,1,1,1992,0,0,0,0,0,0,0,0,0,0
510670,2,1,1992,0,0,0,0,0,0,0,0,0,0
510671,0,1,1992,0,0,0,0,0,0,0,0,0,0
510671,1,1,1992,0,0,0,0,0,0,0,0,0,0
510672,1,1,1992,10,10,10,17,5,14,17,16,13,6
510673,0,1,1992,0,0,0,0,0,0,0,0,0,0
510673,1,1,1992,0,0,0,0,0,0,0,13,0,0
510674,1,1,1992,6,6,6,6,6,6,6,6,6,6
510674,2,1,1992,7,8,13,7,22,15,0,13,11,16
510675,1,1,1992,14,14,14,14,14,14,14,14,14,14
510676,0,1,1992,0,0,0,0,0,0,0,0,0,26
510676,1,1,1992,0,0,0,0,0,0,0,0,0,0
510677,0,1,1992,0,0,0,0,0,0,0,0,0,0
510677,1,1,1992,0,0,0,0,0,0,0,0,0,0
510677,2,1,1992,0,0,0,0,0,0,0,0,0,0
510678,0,1,1992,14,14,14,14,14,14,14,14,14,14
510678,1,1,1992,0,0,0,0,0,0,0,0,0,0
510678,2,1,1992,0,0,0,0,0,0,0,0,0,0
510678,3,1,1992,0,0,0,0,0,0,0,0,0,0
510679,1,1,1992,25,25,25,25,25,25,25,25,25,25
510680,1,1,1992,7,18,20,38,20,25,8,17,23,11
510681,1,1,1992,0,0,0,12,0,0,0,0,0,0
510681,2,1,1992,0,0,0,0,0,0,0,0,0,0
510682,1,1,1992,0,0,0,0,0,0,0,0,0,0
510683,1,1,1992,40,40,40,40,40,40,40,40,40,40
510683,2,1,1992,0,0,0,0,0,0,0,0,0,0
510684,0,1,1992,0,0,0,0,0,0,0,0,0,0
510684,0,2,1992,0,0,18,0,0,0,0,0,0,0
510684,1,1,1992,0,0,0,0,0,0,0,0,0,0
510685,1,1,1992,9,31,0,16,14,15,3,21,20,15
510686,0,1,1992,21,0,0,30,0,0,0,0,0,0
510686,1,1,1992,0,0,0,0,0,0,0,0,0,0
510687,1,1,1992,4,0,0,0,0,0,0,0,0,0
510687,2,1,1992,0,0,0,0,0,0,0,0,0,0
510688,1,1,1992,0,0,0,0,0,0,0,0,0,0
510689,1,1,1992,17,22,21,14,22,18,21,10,14,16
510690,0,1,1992,0,0,0,0,0,0,0,0,0,0
510690,1,1,1992,0,0,0,0,0,0,0,0,4,0
510691,1,1,1992,0,0,0,0,0,0,0,0,0,0
510691,2,1,1992,0,0,0,0,0,0,0,0,0,0
510691,3,1,1992,33,33,33,33,33,33,33,33,33,33
510692,1,1,1992,19,9,18,15,22,17,20,20,23,6
510693,0,1,1992,0,0,0,0,0,0,0,0,0,0
510693,1,1,1992,0,0,0,0,0,0,0,0,0,0
510694,1,1,1992,0,0,0,0,0,0,15,0,0,0
510694,2,1,1992,0,0,0,0,0,0,0,0,0,0
510694,3,1,1992,0,0,0,0,0,0,0,0,0,0
510695,1,1,1992,15,15,15,15,15,15,15,15,15,15
510696,1,1,1992,22,22,22,22,22,22,22,22,22,22
510697,1,1,1992,0,0,0,0,0,0,0,0,0,0
510697,2,1,1992,0,0,0,0,0,0,0,0,0,0
510698,1,1,1992,0,0,0,0,0,0,0,0,0,0
510698,2,1,1992,0,0,0,0,0,0,0,0,23,0
510699,1,1,1992,0,0,0,0,0,0,0,10,0,0
510700,1,1,1992,26,26,26,26,26,26,26,26,26,26
510701,1,1,1992,9,24,20,21,28,27,13,12,12,11
510702,1,1,1992,0,0,0,0,0,0,0,0,0,0
510703,1,1,1992,0,0,0,0,0,0,0,0,0,0
510703,2,1,1992,14,0,0,0,0,0,0,0,0,0
510703,3,1,1992,19,19,19,19,19,19,19,19,19,19
510704,1,1,1992,0,0,0,6,0,0,0,3,0,0
510704,2,1,1992,0,0,0,0,0,0,0,0,0,0
510705,1,1,1992,0,20,14,0,13,0,0,0,13,18
510706,1,1,1992,26,31,10,17,25,13,22,21,26,13
510707,0,1,1992,15,12,9,18,22,27,14,16,23,23
510707,1,1,1992,0,0,0,0,0,0,0,0,0,0
510708,1,1,1992,6,6,6,6,6,6,6,6,6,6
510709,1,1,1992,16,16,12,11,16,14,6,7,23,7
510710,1,1,1992,0,0,0,0,0,0,0,0,0,0
510711,1,1,1992,0,0,14,0,0,0,0,25,0,17
510712,1,1,1992,6,31,10,17,12,8,0,15,14,19
510712,2,1,1992,0,0,0,0,0,0,0,0,0,0
510713,1,1,1992,32,32,32,32,32,32,32,32,32,32
510714,1,1,1992,0,0,0,0,0,0,0,0,0,0
510715,1,1,1992,0,0,0,0,0,0,0,0,0,0
510716,1,1,1992,0,0,0,0,0,0,0,0,0,0
510716,2,1,1992,0,0,0,0,0,0,0,0,0,0
510717,1,1,1992,35,35,35,35,35,35,35,35,35,35
510718,0,1,1992,32,32,32,32,32,32,32,32,32,32
510718,1,1,1992,0,0,0,0,0,0,0,0,0,0