ST_CASE,VEH_NO,PER_NO,YEAR,P1,P2,P3,P4,P5,P6,P7,P8,P9,P10
510719,1,1,1992,0,0,0,0,0,0,0,0,0,0
510719,2,1,1992,5,7,15,16,18,4,0,12,1,0
510720,1,1,1992,19,0,0,0,0,0,0,0,0,0
510720,2,1,1992,16,16,16,16,16,16,16,16,16,16
510721,1,1,1992,0,0,0,0,0,0,0,0,0,0
510721,2,1,1992,0,0,0,0,0,0,0,0,0,0
510722,1,1,1992,0,0,0,0,0,14,0,0,0,0
510723,1,1,1992,13,13,13,13,13,13,13,13,13,13
510724,1,1,1992,0,0,0,0,0,0,0,0,0,0
510725,1,1,1992,0,0,0,0,0,0,0,0,0,0
510725,2,1,1992,0,0,0,0,0,0,0,0,0,0
510726,1,1,1992,0,0,0,0,0,0,0,0,0,0
510727,1,1,1992,0,15,0,17,17,15,21,6,0,21
510727,2,1,1992,11,0,0,0,0,13,19,0,0,3
510728,1,1,1992,26,26,26,26,26,26,26,26,26,26
510729,1,1,1992,14,14,14,14,14,14,14,14,14,14
510730,0,1,1992,0,0,0,0,0,0,0,0,0,0
510730,1,1,1992,0,0,0,0,0,0,0,0,0,0
510731,0,1,1992,0,0,0,0,0,0,0,0,0,0
510731,1,1,1992,0,0,0,0,0,0,0,0,0,0
510732,1,1,1992,0,0,0,0,0,0,0,0,0,0
510732,2,1,1992,0,0,0,0,0,0,0,0,0,0
510733,1,1,1992,1,1,1,1,1,1,1,1,1,1
510733,2,1,1992,0,0,0,0,0,0,0,0,0,0
510734,1,1,1992,8,14,21,13,20,13,20,16,1,30
510734,2,1,1992,0,0,0,0,0,0,0,0,0,0
510734,3,1,1992,0,0,0,36,0,0,0,0,0,0
510735,1,1,1992,0,0,0,0,0,0,0,0,0,0
510735,2,1,1992,0,0,0,0,0,0,0,0,0,0
510736,1,1,1992,0,0,0,0,0,0,0,0,0,0
510736,2,1,1992,0,0,0,0,0,0,0,0,0,0
510737,1,1,1992,0,0,0,0,0,0,0,0,0,0
510737,2,1,1992,0,0,0,0,0,0,0,0,0,0
510738,1,1,1992,0,0,0,0,0,0,0,0,0,0
510738,2,1,1992,0,0,0,0,0,0,0,0,0,0
510739,1,1,1992,23,23,23,23,23,23,23,23,23,23
510741,1,1,1992,0,0,0,0,0,0,0,0,0,0
510742,1,1,1992,0,0,0,0,0,0,0,0,0,0
510742,2,1,1992,0,0,0,0,0,0,0,0,0,0
510743,1,1,1992,5,5,5,5,5,5,5,5,5,5
510743,2,1,1992,0,0,0,0,0,0,0,0,0,0
510744,0,1,1992,19,27,18,31,0,43,17,32,31,8
510744,1,1,1992,38,31,14,23,14,16,11,15,14,7
510745,1,1,1992,21,21,21,21,21,21,21,21,21,21
510746,1,1,1992,22,22,22,22,22,22,22,22,22,22
510747,1,1,1992,20,20,20,20,20,20,20,20,20,20
510749,1,1,1992,0,0,0,0,0,0,0,0,0,0
510749,2,1,1992,0,0,0,0,0,0,0,0,0,0
510750,1,1,1992,11,10,13,14,14,13,21,23,0,21
510750,2,1,1992,0,0,0,0,0,0,0,0,0,0
510751,1,1,1992,0,0,0,0,0,0,0,0,0,0
510751,2,1,1992,0,0,0,0,0,0,0,0,0,0
510751,3,1,1992,0,0,0,0,0,0,0,0,0,0
510751,4,1,1992,0,10,25,0,0,0,0,0,0,0
510752,1,1,1992,0,0,0,0,0,0,0,0,0,0
510752,2,1,1992,0,0,0,0,0,0,0,0,0,0
510752,3,1,1992,0,0,0,0,0,0,0,0,0,0
510753,1,1,1992,0,0,0,0,0,0,0,0,0,0
510753,2,1,1992,0,0,0,0,0,0,0,0,0,0
510754,1,1,1992,14,6,7,3,28,9,9,18,13,14
510755,1,1,1992,26,26,26,26,26,26,26,26,26,26
510756,1,1,1992,0,0,0,0,6,0,0,0,0,0
510756,2,1,1992,0,0,0,0,0,0,0,0,3,0
510757,1,1,1992,0,0,0,0,0,0,0,0,0,0
510758,1,1,1992,0,0,0,0,23,0,0,0,0,0
510758,2,1,1992,0,0,0,0,0,0,0,0,0,0
510759,1,1,1992,0,0,0,0,0,0,0,0,0,0
510760,1,1,1992,0,0,0,0,0,0,0,0,0,0
510761,1,1,1992,8,26,17,33,7,20,18,28,29,18
510761,2,1,1992,0,0,0,0,0,0,0,0,0,0
510762,1,1,1992,8,0,26,14,0,13,22,0,0,5
510763,1,1,1992,16,16,16,16,16,16,16,16,16,16
510764,1,1,1992,0,0,0,18,0,9,0,13,0,0
510765,1,1,1992,17,0,0,0,0,0,0,0,0,0
510766,1,1,1992,0,15,0,0,0,16,0,5,0,16
510766,2,1,1992,0,0,0,0,0,0,0,0,0,0
510767,1,1,1992,4,4,4,4,4,4,4,4,4,4
510768,1,1,1992,0,0,0,0,0,0,0,0,0,0
510769,1,1,1992,0,0,0,0,0,0,0,0,0,0
510769,2,1,1992,0,0,0,0,0,0,0,0,3,0
510770,1,1,1992,0,0,0,0,0,0,0,0,0,0
510771,1,1,1992,0,13,5,0,15,12,6,30,17,24
510772,1,1,1992,0,0,0,0,0,0,0,0,0,0
510773,1,1,1992,0,0,0,0,0,0,0,0,0,0
510773,2,1,1992,0,0,0,0,0,0,0,0,0,0
510774,1,1,1992,0,0,0,0,0,0,0,0,0,0
510774,2,1,1992,0,0,0,0,0,0,0,0,0,0
510775,1,1,1992,0,0,0,0,0,0,0,0,0,0
510775,2,1,1992,0,0,0,0,0,0,0,0,0,0
510776,1,1,1992,12,12,12,12,12,12,12,12,12,12
510777,1,1,1992,20,25,0,0,17,23,19,0,0,0
510778,0,1,1992,0,0,0,0,0,0,0,0,0,0
510778,1,1,1992,0,0,0,0,0,0,0,0,0,0
510779,0,1,1992,0,0,0,0,0,0,11,0,0,0
510779,1,1,1992,0,0,0,0,0,0,0,0,0,11
510780,1,2,1992,11,19,0,19,14,11,6,0,21,10
530001,0,1,1992,20,20,20,20,20,20,20,20,20,20
530001,1,1,1992,4,4,4,4,4,4,4,4,4,4
530002,1,1,1992,17,17,17,17,17,17,17,17,17,17
530002,2,1,1992,0,0,0,0,0,0,0,0,0,0
530003,1,1,1992,0,0,0,0,0,0,0,0,0,0
530003,2,1,1992,0,0,0,0,0,0,0,0,2,0
530004,1,1,1992,17,17,17,17,17,17,17,17,17,17
530004,2,1,1992,0,0,0,0,0,0,0,0,0,0
530005,0,1,1992,0,0,0,0,0,0,0,0,0,0
530005,1,1,1992,0,0,0,0,0,0,0,0,0,0
530006,1,1,1992,0,0,0,6,0,0,0,0,0,0
530007,0,1,1992,12,12,12,12,12,12,12,12,12,12
530007,0,2,1992,20,0,0,0,19,5,0,0,0,0
530007,0,3,1992,0,5,0,4,18,7,0,14,0,0
530007,1,1,1992,0,0,0,0,0,0,0,0,0,0
530008,1,1,1992,0,0,0,0,0,0,0,0,0,0
530008,2,1,1992,0,0,0,0,0,0,0,0,0,0
530008,3,1,1992,9,35,32,11,0,22,6,21,0,21
530009,1,1,1992,0,0,0,0,0,0,0,0,0,0
530009,2,1,1992,0,0,0,0,0,0,0,0,0,0
530010,1,1,1992,13,13,13,13,13,13,13,13,13,13
530010,2,1,1992,0,0,0,0,0,0,0,0,0,0
530011,1,1,1992,0,0,0,0,0,0,0,0,0,0
530011,2,1,1992,0,0,0,0,0,0,0,0,0,0
530012,1,1,1992,0,0,0,0,0,0,0,0,0,0
530012,2,1,1992,0,0,0,0,0,0,0,0,0,0
530013,1,1,1992,0,0,0,0,0,0,0,0,0,0
530013,2,1,1992,0,0,0,0,0,0,0,0,0,0
530014,1,1,1992,0,0,0,5,0,0,0,0,0,0
530015,0,1,1992,24,24,24,24,24,24,24,24,24,24
530015,1,1,1992,11,0,0,0,0,0,0,0,0,0
530016,0,1,1992,0,0,0,0,0,0,0,0,0,0
530016,1,1,1992,0,0,0,0,0,0,0,0,0,0
530017,1,1,1992,0,0,0,0,0,0,0,0,0,0
530018,0,1,1992,0,0,0,0,0,0,0,0,0,0
530018,1,1,1992,0,0,0,0,0,0,0,0,0,0
530019,0,1,1992,2,2,2,2,2,2,2,2,2,2
530019,1,1,1992,0,0,0,0,0,10,0,0,0,0
530020,1,1,1992,22,22,22,22,22,22,22,22,22,22
530022,1,1,1992,0,0,0,0,0,0,0,0,0,0
530022,2,1,1992,0,0,0,0,0,17,0,0,0,0
530023,1,1,1992,0,0,0,0,0,0,0,0,0,0
530023,2,1,1992,0,0,0,0,0,0,0,0,0,25
530024,1,1,1992,21,21,21,21,21,21,21,21,21,21
530025,1,1,1992,0,11,7,0,0,0,0,0,0,0
530026,1,1,1992,0,0,0,0,0,0,0,0,0,0
530027,1,1,1992,0,0,0,0,0,0,0,0,0,0
530027,2,1,1992,0,0,0,0,0,0,0,0,0,0
530028,1,1,1992,18,18,18,18,18,18,18,18,18,18
530028,2,1,1992,0,0,0,0,0,0,0,0,0,0
530029,1,1,1992,0,0,0,0,0,0,0,0,0,11
530029,2,1,1992,33,33,33,33,33,33,33,33,33,33
530030,1,1,1992,19,19,19,19,19,19,19,19,19,19
530031,0,1,1992,0,0,0,0,0,0,0,0,0,0
530031,1,1,1992,0,0,0,0,0,0,0,0,0,0
530032,0,1,1992,0,0,0,0,0,0,0,0,0,0
530032,1,1,1992,0,0,0,0,0,0,0,0,0,0
530033,1,1,1992,12,12,12,12,12,12,12,12,12,12
530034,1,1,1992,17,17,17,17,17,17,17,17,17,17
530035,1,1,1992,0,0,0,0,0,0,0,0,0,0
530035,2,1,1992,10,10,10,10,10,10,10,10,10,10
530036,1,1,1992,0,0,0,0,0,0,0,0,0,0
530037,1,1,1992,21,21,21,21,21,21,21,21,21,21
530037,2,1,1992,0,0,0,0,0,0,0,0,0,0
530038,1,1,1992,23,23,23,23,23,23,23,23,23,23
530038,2,1,1992,0,0,0,0,0,0,0,0,0,0
530039,1,1,1992,13,13,13,13,13,13,13,13,13,13
530041,1,1,1992,0,0,0,0,0,3,0,0,0,0
530041,2,1,1992,0,0,0,0,0,0,0,0,0,0
530042,0,1,1992,32,32,32,32,32,32,32,32,32,32
530042,1,1,1992,0,0,0,0,0,0,0,0,0,0
530043,1,1,1992,14,14,14,14,14,14,14,14,14,14
530044,1,1,1992,22,22,22,22,22,22,22,22,22,22
530045,1,1,1992,17,17,17,17,17,17,17,17,17,17
530046,1,1,1992,22,22,22,22,22,22,22,22,22,22
530046,2,1,1992,0,0,0,0,0,0,0,0,0,0
530047,0,1,1992,0,0,0,0,0,0,0,0,14,0
530047,0,2,1992,0,0,0,0,0,0,0,0,0,0
530047,1,1,1992,0,0,0,0,0,0,0,0,0,0
530048,1,1,1992,0,0,0,0,0,0,0,0,0,0
530049,1,1,1992,23,23,23,23,23,23,23,23,23,23
530050,1,1,1992,8,8,8,8,8,8,8,8,8,8
530050,2,1,1992,0,0,0,0,0,0,0,0,0,0
530051,1,1,1992,34,34,34,34,34,34,34,34,34,34
530051,2,1,1992,0,0,17,0,0,17,0,0,0,0
530051,3,1,1992,0,0,0,0,0,0,20,8,13,4
530052,0,1,1992,0,0,0,0,0,0,0,0,0,0
530052,1,1,1992,0,0,0,0,0,0,0,0,0,0
530053,0,1,1992,0,0,0,0,0,0,0,0,0,0
530053,1,1,1992,0,0,5,0,0,0,0,0,0,0
530054,1,1,1992,27,27,27,27,27,27,27,27,27,27
530054,2,1,1992,4,4,4,4,4,4,4,4,4,4
530055,1,1,1992,28,28,28,28,28,28,28,28,28,28
530056,0,1,1992,0,0,0,0,0,0,0,0,0,0
530056,1,1,1992,7,7,7,7,7,7,7,7,7,7
530057,1,1,1992,22,22,22,22,22,22,22,22,22,22
530058,0,1,1992,5,0,0,0,0,0,0,0,0,0
530058,1,1,1992,0,0,0,0,0,0,0,0,0,0
530059,1,1,1992,0,0,0,0,0,0,0,0,0,0
530059,2,1,1992,0,0,0,0,0,0,0,0,0,0
530060,1,1,1992,21,21,21,21,21,21,21,21,21,21
530061,1,1,1992,0,0,0,0,0,0,0,0,0,0
530062,0,1,1992,14,14,14,14,14,14,14,14,14,14
530062,1,1,1992,0,0,0,0,0,0,0,0,0,0
530063,0,1,1992,0,0,0,0,0,0,0,0,0,0
530063,1,1,1992,12,0,11,0,0,0,0,0,0,0
530063,2,1,1992,0,0,0,0,0,0,0,0,10,24
530064,0,1,1992,0,0,0,0,0,0,0,0,0,0
530064,1,1,1992,0,0,0,0,0,0,0,0,0,0
530065,1,1,1992,8,8,8,8,8,8,8,8,8,8
530065,2,1,1992,0,0,0,0,0,0,0,0,0,0
530067,1,1,1992,4,4,4,4,4,4,4,4,4,4
530068,1,1,1992,9,11,0,6,18,15,8,15,11,5
530068,2,1,1992,0,0,0,0,0,0,0,0,0,0
530069,0,1,1992,0,0,0,0,0,0,0,0,0,0
530069,1,1,1992,0,0,0,0,0,0,0,0,0,0
530070,1,1,1992,0,0,0,0,0,0,0,0,0,0
530071,0,1,1992,29,29,29,29,29,29,29,29,29,29
530071,1,1,1992,0,0,0,0,0,0,0,0,0,0
530072,1,1,1992,0,0,0,0,0,0,0,0,0,0
530072,2,1,1992,0,0,0,0,0,0,0,0,0,0
530073,1,1,1992,0,0,0,0,0,0,0,0,0,0
530073,2,1,1992,0,0,0,0,0,0,0,0,0,0
530074,0,1,1992,14,14,14,14,14,14,14,14,14,14
530074,1,1,1992,32,0,0,0,0,0,0,0,0,0
530075,1,1,1992,32,32,32,32,32,32,32,32,32,32
530076,1,1,1992,25,25,25,25,25,25,25,25,25,25
530076,2,1,1992,0,0,5,0,12,0,0,0,0,0
530077,1,1,1992,4,4,4,4,4,4,4,4,4,4
530078,1,1,1992,0,0,0,0,0,0,0,0,0,0
530078,2,1,1992,0,0,0,0,0,0,0,0,0,0
530079,0,1,1992,0,0,0,0,0,0,0,0,0,0
530079,1,1,1992,0,0,0,0,0,0,0,0,0,0
530080,1,1,1992,0,0,0,0,0,0,0,0,0,0
530080,2,1,1992,0,0,0,0,0,0,0,0,0,0
530081,0,1,1992,0,0,0,0,0,0,0,0,0,0
530081,1,1,1992,0,17,0,0,0,0,0,0,0,0
530082,1,1,1992,0,0,0,0,0,0,0,0,0,0
530083,1,1,1992,0,0,0,0,0,0,0,0,0,0
530083,2,1,1992,0,0,0,0,0,0,0,0,0,0
530084,1,1,1992,0,0,0,0,0,0,0,0,0,0
530085,1,1,1992,9,9,9,9,9,9,9,9,9,9
530086,0,1,1992,0,0,0,0,0,0,0,0,0,0
530086,1,1,1992,6,6,6,6,6,6,6,6,6,6
530087,1,1,1992,19,19,19,19,19,19,19,19,19,19
530088,1,1,1992,15,15,15,15,15,15,15,15,15,15
530089,1,1,1992,0,0,0,0,0,0,0,0,0,0
530090,1,1,1992,0,0,0,0,0,0,0,0,0,0
530090,2,1,1992,0,0,0,0,0,0,0,0,0,0
530091,1,1,1992,20,20,20,20,20,20,20,20,20,20
530092,1,1,1992,20,20,20,20,20,20,20,20,20,20
530093,1,1,1992,0,0,0,0,0,0,0,0,0,0
530094,1,1,1992,0,0,0,0,0,0,0,0,14,0
530094,2,1,1992,0,7,16,18,3,0,22,12,5,23
530095,1,1,1992,0,0,0,0,0,0,8,0,0,0
530095,2,1,1992,0,0,0,0,0,0,0,0,0,0
530096,1,1,1992,9,9,9,9,9,9,9,9,9,9
530097,1,1,1992,6,6,6,6,6,6,6,6,6,6
530097,2,1,1992,16,16,16,16,16,16,16,16,16,16
530098,1,1,1992,19,19,19,19,19,19,19,19,19,19
530098,2,1,1992,0,0,0,0,0,0,0,0,0,0
530098,3,1,1992,0,0,0,0,0,0,0,0,0,0
530099,1,1,1992,18,18,18,18,18,18,18,18,18,18
530100,1,1,1992,0,0,0,0,0,0,0,0,0,0
530100,2,1,1992,0,0,0,0,0,0,0,0,0,0
530101,0,1,1992,0,0,0,0,0,0,0,0,0,0
530101,1,1,1992,0,0,0,0,0,0,0,0,0,0
530102,1,1,1992,26,0,0,0,0,0,0,0,0,0
530102,2,1,1992,27,26,0,0,0,0,0,0,0,0
530103,1,1,1992,0,0,0,0,0,0,0,0,0,0
530103,2,1,1992,23,23,23,23,23,23,23,23,23,23
530104,1,1,1992,6,6,6,6,6,6,6,6,6,6
530105,1,1,1992,0,0,0,0,0,0,0,0,0,0
530107,1,1,1992,3,3,3,3,3,3,3,3,3,3
530107,2,1,1992,0,0,0,0,0,0,0,0,0,0
530108,1,1,1992,15,15,15,15,15,15,15,15,15,15
530109,1,1,1992,0,0,0,0,0,0,0,0,0,0
530109,2,1,1992,0,0,0,0,0,0,0,0,0,0
530109,3,1,1992,0,0,0,0,0,0,0,0,0,0
530110,1,1,1992,42,42,42,42,42,42,42,42,42,42
530111,1,1,1992,22,22,22,22,22,22,22,22,22,22
530112,0,1,1992,0,0,0,0,0,0,0,0,0,0
530112,1,1,1992,0,0,17,0,0,0,0,0,0,0
530113,1,1,1992,7,5,0,17,10,7,28,18,10,6
530114,1,1,1992,0,0,0,0,0,0,0,0,0,0
530115,1,1,1992,0,0,0,0,0,0,0,0,0,0
530116,1,1,1992,0,0,0,0,0,0,0,0,0,0
530117,1,1,1992,0,0,0,0,0,0,0,0,0,0
530117,2,1,1992,0,0,0,0,0,0,0,0,0,0
530118,1,1,1992,19,19,19,19,19,19,19,19,19,19
530119,1,1,1992,0,0,0,0,0,0,0,0,0,0
530120,1,1,1992,0,0,0,0,0,0,0,0,0,0
530120,2,1,1992,0,0,0,0,0,0,13,0,0,0
530121,1,1,1992,32,32,32,32,32,32,32,32,32,32
530121,2,1,1992,7,0,8,0,0,0,0,0,0,0
530121,3,1,1992,14,15,20,18,13,8,14,11,0,10
530123,1,1,1992,22,22,22,22,22,22,22,22,22,22
530123,2,1,1992,0,0,0,0,0,0,0,0,0,0
530124,1,1,1992,0,0,0,0,0,0,0,0,0,0
530125,1,1,1992,10,10,10,10,10,10,10,10,10,10
530126,1,1,1992,9,9,9,9,9,9,9,9,9,9
530127,1,1,1992,0,0,0,0,0,0,0,0,0,0
530128,1,1,1992,0,0,0,0,0,0,0,0,0,0
530129,1,1,1992,17,17,17,17,17,17,17,17,17,17
530131,0,1,1992,0,11,0,0,0,0,0,23,0,0
530131,1,1,1992,0,0,0,0,0,0,0,0,0,0
530132,1,1,1992,0,0,0,0,0,0,0,0,0,0
530132,2,1,1992,0,0,0,0,0,0,0,0,0,0
530133,1,1,1992,15,15,15,15,15,15,15,15,15,15
530133,2,1,1992,7,0,0,0,0,0,0,0,0,0
530134,1,1,1992,21,21,21,21,21,21,21,21,21,21
530135,1,1,1992,16,16,16,16,16,16,16,16,16,16
530136,1,1,1992,0,0,0,0,0,0,0,0,3,0
530137,1,1,1992,0,0,0,0,0,0,0,0,0,0
530137,2,1,1992,0,0,0,0,0,0,0,0,0,0
530138,0,1,1992,0,0,0,0,0,0,0,0,0,0
530138,1,1,1992,0,0,0,0,0,0,0,0,0,0
530139,1,1,1992,21,21,21,21,21,21,21,21,21,21
530140,1,1,1992,0,0,0,0,0,0,0,0,0,0
530140,2,1,1992,0,0,0,0,0,0,0,0,0,0
530140,3,1,1992,0,0,0,0,0,0,0,0,0,0
530141,1,1,1992,21,21,21,21,21,21,21,21,21,21
530141,2,1,1992,0,0,0,0,0,0,0,0,0,0
530141,3,1,1992,0,0,0,0,0,0,0,0,0,0
530142,1,1,1992,30,30,30,30,30,30,30,30,30,30
530143,1,1,1992,12,12,12,12,12,12,12,12,12,12
530145,1,1,1992,0,0,0,0,0,0,0,0,0,14
530146,1,1,1992,0,0,0,0,0,0,0,0,0,0
530147,1,1,1992,19,19,19,19,19,19,19,19,19,19
530148,1,1,1992,0,0,0,0,0,0,0,0,0,0
530148,2,1,1992,6,6,6,6,6,6,6,6,6,6
530149,0,1,1992,0,0,0,0,0,0,0,0,0,0
530149,1,1,1992,0,0,0,0,0,0,0,0,0,0
530150,0,1,1992,0,0,0,35,0,0,15,0,0,0
530150,1,1,1992,0,0,0,0,0,0,0,0,0,0
530151,0,1,1992,28,28,28,28,28,28,28,28,28,28
530151,1,1,1992,0,0,0,25,0,0,24,0,0,0
530152,1,1,1992,18,18,18,18,18,18,18,18,18,18
530152,2,1,1992,0,0,0,0,0,0,0,0,0,0
530153,1,1,1992,5,5,5,5,5,5,5,5,5,5
530153,2,1,1992,20,20,20,20,20,20,20,20,20,20
530154,1,1,1992,0,0,0,0,0,0,0,0,0,0
530156,1,1,1992,20,20,20,20,20,20,20,20,20,20
530157,1,1,1992,19,19,19,19,19,19,19,19,19,19
530158,1,1,1992,0,0,0,0,0,0,0,0,0,0
530158,2,1,1992,0,0,0,0,0,0,0,0,0,0
530158,3,1,1992,0,0,0,0,0,0,0,0,0,0
530160,1,1,1992,24,24,24,24,24,24,24,24,24,24
530160,2,1,1992,0,0,0,0,0,0,0,0,0,0
530161,1,1,1992,16,16,16,16,16,16,16,16,16,16
530162,1,1,1992,0,0,0,0,0,0,0,0,0,0
530162,2,1,1992,0,0,0,0,0,0,0,0,0,0
530163,0,1,1992,0,0,0,0,0,0,0,0,0,0
530163,1,1,1992,0,0,0,0,0,0,0,0,0,0
530164,1,1,1992,26,26,26,26,26,26,26,26,26,26
530165,1,1,1992,24,24,24,24,24,24,24,24,24,24
530166,1,1,1992,0,0,0,0,0,0,0,0,0,0
530166,2,1,1992,0,0,0,0,0,0,0,0,0,0
530167,1,1,1992,0,0,0,0,0,0,0,0,0,0
530168,1,1,1992,6,6,6,6,6,6,6,6,6,6
530168,2,1,1992,0,0,0,0,0,0,0,0,0,0
530169,1,1,1992,20,20,20,20,20,20,20,20,20,20
530170,1,1,1992,0,0,0,0,0,0,0,0,0,0
530170,2,1,1992,0,0,0,0,0,0,0,0,0,0
530171,1,1,1992,0,0,0,0,0,0,0,11,0,0
530171,2,1,1992,0,0,0,0,0,0,0,0,0,0
530172,1,1,1992,22,22,22,22,22,22,22,22,22,22
530173,1,1,1992,0,0,0,0,0,0,0,0,0,0
530173,2,1,1992,0,0,0,0,0,0,0,0,0,0
530174,0,1,1992,0,0,0,0,0,0,0,0,0,0
530174,1,1,1992,18,18,0,0,0,0,9,0,0,0
530175,1,1,1992,0,0,0,0,0,0,0,0,0,0
530175,2,1,1992,0,0,0,0,0,0,0,0,0,0
530176,1,1,1992,0,0,0,0,0,0,0,0,0,0
530177,1,1,1992,15,15,15,15,15,15,15,15,15,15
530178,0,1,1992,0,0,0,0,0,0,0,0,0,0
530178,1,1,1992,0,0,0,0,0,0,0,0,0,0
530179,1,1,1992,18,18,18,18,18,18,18,18,18,18
530179,2,1,1992,0,0,0,0,0,0,0,0,0,0
530180,1,1,1992,0,0,0,0,0,0,0,0,0,0
530181,1,1,1992,16,16,16,16,16,16,16,16,16,16
530181,2,1,1992,15,15,15,15,15,15,15,15,15,15
530182,1,1,1992,5,5,5,5,5,5,5,5,5,5
530183,1,1,1992,24,24,24,24,24,24,24,24,24,24
530184,1,1,1992,11,11,11,11,11,11,11,11,11,11
530184,2,1,1992,0,0,0,0,0,7,0,0,0,0
530185,1,1,1992,0,0,0,0,0,0,0,0,0,0
530186,1,1,1992,0,0,0,0,0,0,0,0,0,0
530187,1,1,1992,10,10,10,10,10,10,10,10,10,10
530187,2,1,1992,0,0,0,0,0,0,0,0,8,0
530188,0,1,1992,22,22,22,22,22,22,22,22,22,22
530188,1,1,1992,0,0,0,0,0,0,0,0,0,0
530189,1,1,1992,0,0,0,0,0,0,0,0,0,0
530189,2,1,1992,0,0,0,0,0,0,0,0,0,0
530190,1,1,1992,4,4,4,4,4,4,4,4,4,4
530190,2,1,1992,0,0,0,0,0,0,0,0,0,0
530191,1,1,1992,6,6,6,6,6,6,6,6,6,6
530192,0,1,1992,0,0,0,0,0,0,0,0,0,0
530192,1,1,1992,0,0,11,0,0,0,0,0,0,0
530193,1,1,1992,0,0,0,0,29,0,0,0,0,0
530193,2,1,1992,4,0,0,4,0,0,0,0,0,0
530194,1,1,1992,0,0,0,0,0,0,0,0,0,0
530195,1,1,1992,0,0,0,0,0,0,0,0,0,0
530195,2,1,1992,14,14,14,14,14,14,14,14,14,14
530196,1,1,1992,38,38,38,38,38,38,38,38,38,38
530197,1,1,1992,23,23,23,23,23,23,23,23,23,23
530198,1,1,1992,0,0,0,0,0,0,0,0,0,0
530199,1,1,1992,0,0,0,0,0,0,0,0,0,0
530199,2,1,1992,0,0,0,0,0,0,0,0,0,0
530199,3,1,1992,0,0,0,0,0,0,0,0,0,0
530200,1,1,1992,0,0,0,0,0,0,0,0,0,0
530201,1,1,1992,0,0,0,0,0,0,0,0,0,0
530202,1,1,1992,22,22,22,22,22,22,22,22,22,22
530202,2,1,1992,0,0,0,0,0,0,0,0,0,0
530203,1,1,1992,0,1,0,0,0,16,8,0,0,0
530203,2,1,1992,0,0,0,0,0,0,0,0,0,0
530204,1,1,1992,0,0,0,0,0,0,0,0,0,0
530204,2,1,1992,0,0,0,0,0,0,0,0,0,0
530205,1,1,1992,17,17,17,17,17,17,17,17,17,17
530205,2,1,1992,0,24,15,18,22,29,19,0,0,18
530205,3,1,1992,0,0,0,0,0,0,0,0,0,0
530206,1,1,1992,0,4,0,0,6,8,0,0,0,0
530207,1,1,1992,0,0,0,0,0,0,0,0,0,0
530207,2,1,1992,7,0,0,0,0,0,0,0,0,0
530208,1,1,1992,19,19,19,19,19,19,19,19,19,19
530209,1,1,1992,19,19,19,19,19,19,19,19,19,19
530210,1,1,1992,0,0,0,0,0,0,0,0,0,0
530210,2,1,1992,0,0,0,0,0,0,0,0,0,0
530211,1,1,1992,0,0,0,0,0,0,0,0,0,0
530211,2,1,1992,0,0,0,0,0,0,0,0,0,0
530211,3,1,1992,0,0,0,0,0,0,0,0,0,0
530211,4,1,1992,0,6,0,0,0,0,0,0,0,0
530212,1,1,1992,0,0,0,0,0,0,0,0,0,0
530213,1,1,1992,25,25,25,25,25,25,25,25,25,25
530214,1,1,1992,0,0,0,0,0,0,0,0,0,0
530216,1,1,1992,11,11,11,11,11,11,11,11,11,11
530217,1,1,1992,0,0,0,0,0,0,0,0,0,0
530218,1,1,1992,21,21,21,21,21,21,21,21,21,21
530219,1,1,1992,0,0,0,0,0,0,0,0,0,0
530219,2,1,1992,0,0,0,0,0,0,0,0,0,0
530220,1,1,1992,0,0,0,0,0,0,0,0,0,0
530220,2,1,1992,0,0,0,0,0,0,0,0,0,0
530221,1,1,1992,8,8,8,8,8,8,8,8,8,8
530222,1,1,1992,15,15,15,15,15,15,15,15,15,15
530222,2,1,1992,15,15,15,15,15,15,15,15,15,15
530223,1,1,1992,0,0,0,0,0,0,0,0,0,0
530224,1,1,1992,25,25,25,25,25,25,25,25,25,25
530225,1,1,1992,0,0,0,0,0,0,0,0,0,0
530226,1,1,1992,24,24,24,24,24,24,24,24,24,24
530226,2,1,1992,0,0,0,0,0,0,0,0,0,0
530227,0,1,1992,15,15,15,15,15,15,15,15,15,15
530227,1,1,1992,0,9,0,0,16,8,0,0,0,0
530228,1,1,1992,24,24,24,24,24,24,24,24,24,24
530229,1,1,1992,32,32,32,32,32,32,32,32,32,32
530230,1,1,1992,0,0,0,0,0,0,0,0,0,0
530232,1,1,1992,23,23,23,23,23,23,23,23,23,23
530233,1,1,1992,0,0,0,0,0,0,0,0,0,0
530233,2,1,1992,0,0,0,0,0,0,0,0,0,0
530234,1,1,1992,21,15,22,21,20,36,12,31,27,19