ST_CASE,VEH_NO,PER_NO,YEAR,P1,P2,P3,P4,P5,P6,P7,P8,P9,P10
530235,0,1,1992,0,0,0,0,0,0,0,0,0,0
530235,1,1,1992,0,0,0,0,0,0,0,0,0,0
530236,1,1,1992,0,3,0,0,0,9,0,4,0,0
530238,0,1,1992,27,27,27,27,27,27,27,27,27,27
530238,1,1,1992,0,0,0,0,0,0,0,0,0,0
530239,1,1,1992,0,0,0,0,0,0,0,0,0,0
530239,2,1,1992,0,0,0,0,0,0,0,0,0,0
530240,0,1,1992,0,0,0,0,0,0,0,0,0,0
530240,0,2,1992,0,0,0,0,0,0,0,0,0,0
530240,1,1,1992,0,0,0,0,0,4,0,0,0,0
530241,1,1,1992,0,0,0,0,0,0,0,0,0,0
530241,2,1,1992,0,0,0,0,0,0,0,0,0,0
530242,0,1,1992,0,0,0,0,0,0,0,0,0,0
530242,1,1,1992,0,0,0,0,0,0,0,15,0,0
530243,1,1,1992,0,0,0,0,0,0,0,0,0,0
530243,2,1,1992,0,0,0,0,0,0,0,0,0,0
530244,1,1,1992,22,22,22,22,22,22,22,22,22,22
530244,2,1,1992,0,0,0,0,0,0,0,0,0,0
530245,1,1,1992,7,7,7,7,7,7,7,7,7,7
530246,1,1,1992,10,10,10,10,10,10,10,10,10,10
530247,1,1,1992,0,0,0,0,0,0,0,0,0,0
530248,1,1,1992,0,0,0,0,0,0,0,0,0,0
530248,2,1,1992,0,0,0,0,0,0,0,0,0,0
530249,1,1,1992,0,8,0,0,0,0,0,0,0,0
530249,2,1,1992,0,0,0,0,0,0,0,0,0,0
530250,1,1,1992,27,27,27,27,27,27,27,27,27,27
530251,1,1,1992,7,7,7,7,7,7,7,7,7,7
530252,1,1,1992,6,6,6,6,6,6,6,6,6,6
530253,1,1,1992,0,0,0,0,0,0,0,0,0,0
530253,2,1,1992,0,0,0,0,0,0,17,0,0,0
530254,1,1,1992,0,0,0,0,0,0,0,0,0,0
530255,1,1,1992,21,21,21,21,21,21,21,21,21,21
530256,0,1,1992,0,0,0,0,0,0,0,0,0,0
530256,1,1,1992,0,0,0,0,0,0,0,0,0,16
530257,1,1,1992,28,28,28,28,28,28,28,28,28,28
530258,1,1,1992,0,0,0,0,0,0,0,0,0,0
530258,2,1,1992,0,0,0,0,0,0,0,0,0,0
530259,1,1,1992,0,0,0,0,0,0,0,0,0,0
530260,1,1,1992,16,16,16,16,16,16,16,16,16,16
530262,1,1,1992,31,31,31,31,31,31,31,31,31,31
530263,1,1,1992,35,35,35,35,35,35,35,35,35,35
530264,1,1,1992,19,19,19,19,19,19,19,19,19,19
530265,1,1,1992,21,21,21,21,21,21,21,21,21,21
530266,1,1,1992,15,15,15,15,15,15,15,15,15,15
530266,2,1,1992,0,0,0,0,0,0,0,0,0,0
530267,1,1,1992,11,11,11,11,11,11,11,11,11,11
530268,3,1,1992,17,17,17,17,17,17,17,17,17,17
530269,1,1,1992,0,0,0,0,0,0,18,0,0,18
530269,2,1,1992,0,0,0,0,0,0,0,0,0,0
530270,1,1,1992,6,6,6,6,6,6,6,6,6,6
530271,1,1,1992,6,6,6,6,6,6,6,6,6,6
530272,1,1,1992,16,16,16,16,16,16,16,16,16,16
530273,1,1,1992,17,17,17,17,17,17,17,17,17,17
530273,2,1,1992,0,0,0,0,0,0,0,0,0,0
530273,3,1,1992,0,0,0,0,0,0,0,0,0,0
530275,1,1,1992,3,3,3,3,3,3,3,3,3,3
530275,2,1,1992,0,0,0,0,0,0,0,0,0,0
530276,1,1,1992,0,0,0,0,0,0,0,0,0,0
530276,2,1,1992,0,0,0,0,0,0,0,0,0,0
530277,1,1,1992,19,19,19,19,19,19,19,19,19,19
530278,1,1,1992,0,0,0,0,0,0,0,0,0,0
530278,2,1,1992,0,0,0,0,0,0,0,0,0,0
530279,1,1,1992,13,13,13,13,13,13,13,13,13,13
530280,1,1,1992,22,22,22,22,22,22,22,22,22,22
530281,0,1,1992,0,0,0,0,0,0,0,0,0,0
530281,1,1,1992,22,22,22,22,22,22,22,22,22,22
530282,1,1,1992,31,31,31,31,31,31,31,31,31,31
530283,1,1,1992,20,20,20,20,20,20,20,20,20,20
530284,1,1,1992,0,0,0,0,22,0,0,25,0,0
530285,1,1,1992,34,34,34,34,34,34,34,34,34,34
530285,2,1,1992,7,7,7,7,7,7,7,7,7,7
530286,0,1,1992,0,9,4,21,0,35,0,17,0,0
530286,0,2,1992,0,0,0,0,0,0,0,0,0,0
530286,0,3,1992,4,10,0,0,0,8,19,0,0,0
530286,0,4,1992,13,8,0,23,0,0,0,0,0,0
530286,0,5,1992,22,13,0,33,12,0,0,0,0,30
530286,0,6,1992,0,10,12,16,9,27,0,11,0,0
530286,0,7,1992,0,18,5,14,3,26,0,9,0,11
530286,0,8,1992,0,0,12,0,0,19,11,0,11,31
530286,0,9,1992,4,11,11,16,12,26,0,0,0,0
530286,1,1,1992,0,0,0,0,0,0,0,0,0,0
530287,1,1,1992,0,0,0,0,0,0,0,0,0,0
530287,2,1,1992,0,0,0,0,0,0,0,0,0,0
530288,1,1,1992,31,31,31,31,31,31,31,31,31,31
530288,2,1,1992,0,0,0,0,0,0,0,0,0,0
530289,1,1,1992,0,0,0,0,0,0,0,0,0,0
530291,1,1,1992,0,0,0,0,0,0,0,0,0,0
530291,2,1,1992,0,0,0,0,0,0,0,0,0,0
530292,1,1,1992,24,24,24,24,24,24,24,24,24,24
530293,1,1,1992,0,0,0,0,0,0,0,0,0,0
530293,2,1,1992,0,0,0,0,0,0,0,0,0,0
530293,3,1,1992,0,0,25,0,14,13,12,0,0,0
530294,1,1,1992,0,0,0,0,0,0,0,0,0,0
530294,2,1,1992,0,0,0,0,0,0,0,0,0,10
530295,0,1,1992,0,0,0,0,0,0,0,0,0,0
530295,1,1,1992,0,0,0,0,0,0,0,0,0,0
530296,1,1,1992,0,0,0,0,0,0,0,0,0,0
530296,2,1,1992,0,0,0,0,0,0,0,0,0,0
530297,1,1,1992,20,20,20,20,20,20,20,20,20,20
530298,0,1,1992,11,11,11,11,11,11,11,11,11,11
530298,1,1,1992,0,0,0,0,0,0,0,0,0,0
530299,1,1,1992,0,0,0,0,0,0,0,0,0,0
530300,1,1,1992,0,0,0,0,0,0,0,0,0,0
530301,1,1,1992,0,0,0,0,0,0,0,0,0,0
530301,2,1,1992,0,0,0,0,0,0,0,0,0,0
530302,0,1,1992,0,0,0,0,0,0,0,0,0,0
530302,1,1,1992,0,0,0,0,0,0,0,0,0,0
530303,1,1,1992,3,3,3,3,3,3,3,3,3,3
530304,1,1,1992,32,32,32,32,32,32,32,32,32,32
530304,2,1,1992,0,0,0,0,0,0,0,0,0,0
530304,3,1,1992,0,0,0,0,0,0,0,0,0,0
530304,4,1,1992,0,0,0,0,0,0,0,0,0,0
530305,1,1,1992,10,10,10,10,10,10,10,10,10,10
530306,1,1,1992,12,12,12,12,12,12,12,12,12,12
530307,1,1,1992,10,10,10,10,10,10,10,10,10,10
530308,1,1,1992,0,0,0,0,0,0,0,0,0,0
530309,1,1,1992,0,0,0,0,0,0,0,0,0,0
530310,1,1,1992,15,15,15,15,15,15,15,15,15,15
530310,2,1,1992,0,0,0,0,0,0,0,0,0,0
530311,1,1,1992,22,22,22,22,22,22,22,22,22,22
530312,1,1,1992,0,15,0,9,14,0,15,0,29,0
530312,2,1,1992,0,0,0,0,0,0,0,0,0,0
530313,1,1,1992,20,20,20,20,20,20,20,20,20,20
530314,1,1,1992,20,20,20,20,20,20,20,20,20,20
530315,1,1,1992,18,18,18,18,18,18,18,18,18,18
530316,1,1,1992,20,20,20,20,20,20,20,20,20,20
530317,1,1,1992,18,18,18,18,18,18,18,18,18,18
530318,1,1,1992,0,0,0,0,0,0,0,0,0,0
530319,1,1,1992,0,0,0,0,0,0,0,0,0,0
530319,2,1,1992,0,0,0,0,0,0,0,0,0,0
530320,1,1,1992,8,8,8,8,8,8,8,8,8,8
530321,1,1,1992,10,10,10,10,10,10,10,10,10,10
530322,1,1,1992,0,0,0,0,0,0,0,0,0,0
530322,2,1,1992,0,0,0,0,0,0,0,0,0,0
530323,1,1,1992,15,15,15,15,15,15,15,15,15,15
530324,1,1,1992,23,23,23,23,23,23,23,23,23,23
530325,1,1,1992,5,5,5,5,5,5,5,5,5,5
530326,1,1,1992,14,14,14,14,14,14,14,14,14,14
530327,1,1,1992,0,0,0,0,0,0,0,0,0,0
530328,0,1,1992,0,0,0,0,0,0,0,0,0,0
530328,1,1,1992,0,0,0,0,0,0,0,0,0,0
530329,1,1,1992,18,18,18,18,18,18,18,18,18,18
530329,2,1,1992,0,0,0,0,0,0,0,0,0,0
530330,1,1,1992,0,0,0,0,0,0,0,0,0,0
530330,2,1,1992,0,0,0,0,0,7,0,0,0,0
530331,1,1,1992,0,0,0,0,0,0,0,0,0,0
530332,1,1,1992,0,0,0,0,0,0,0,0,0,0
530333,1,1,1992,14,14,14,14,14,14,14,14,14,14
530334,1,1,1992,0,0,0,0,0,0,0,0,0,0
530334,2,1,1992,0,0,0,0,0,0,0,0,0,0
530335,1,1,1992,18,18,18,18,18,18,18,18,18,18
530336,1,1,1992,0,0,0,0,0,0,0,0,0,0
530336,2,1,1992,0,0,0,0,0,0,0,0,0,0
530336,3,1,1992,0,0,0,0,0,0,0,0,0,0
530337,1,1,1992,17,20,35,23,21,16,21,19,0,0
530337,2,1,1992,0,0,0,0,0,0,0,0,0,0
530338,0,1,1992,18,18,18,18,18,18,18,18,18,18
530338,1,1,1992,0,0,0,0,0,0,0,0,0,0
530339,1,1,1992,0,0,0,0,0,0,0,0,0,0
530339,2,1,1992,0,0,0,0,0,0,0,0,0,0
530340,1,1,1992,0,0,0,0,0,0,0,0,0,0
530341,1,1,1992,0,0,0,0,0,0,0,0,0,0
530341,2,1,1992,0,0,0,0,0,0,0,0,0,0
530342,1,1,1992,0,0,0,0,0,0,0,0,0,0
530343,1,1,1992,0,0,0,0,0,0,0,0,0,0
530344,1,1,1992,11,11,11,11,11,11,11,11,11,11
530345,1,1,1992,13,13,13,13,13,13,13,13,13,13
530346,1,1,1992,0,0,0,0,0,0,0,0,0,0
530346,2,1,1992,0,0,15,0,0,0,0,0,0,0
530347,1,1,1992,0,0,0,0,0,0,0,0,0,0
530347,2,1,1992,0,0,0,0,0,0,0,0,0,0
530348,1,1,1992,19,19,19,19,19,19,19,19,19,19
530349,1,1,1992,17,17,17,17,17,17,17,17,17,17
530351,1,1,1992,3,3,3,3,3,3,3,3,3,3
530352,1,1,1992,12,12,12,12,12,12,12,12,12,12
530352,2,1,1992,0,0,0,0,0,0,0,0,0,0
530353,1,1,1992,0,0,0,0,0,0,0,0,0,0
530354,1,1,1992,0,0,0,0,0,0,0,0,0,0
530354,2,1,1992,0,0,0,0,0,0,0,0,0,0
530355,1,1,1992,0,0,0,0,0,0,0,0,0,0
530357,1,1,1992,0,0,0,0,0,0,0,0,0,0
530357,2,1,1992,0,0,0,0,0,0,0,0,0,0
530358,1,1,1992,0,0,0,0,0,0,0,0,0,0
530359,1,1,1992,19,19,19,19,19,19,19,19,19,19
530359,2,1,1992,0,0,0,0,0,0,0,0,0,0
530360,1,1,1992,16,16,16,16,16,16,16,16,16,16
530360,2,1,1992,0,0,0,0,0,0,0,0,0,0
530361,1,1,1992,0,0,0,0,0,0,0,0,0,0
530362,1,1,1992,0,0,0,0,0,0,0,0,0,0
530362,2,1,1992,0,0,0,0,0,0,0,0,0,0
530362,3,1,1992,0,0,0,0,0,0,0,0,0,0
530362,4,1,1992,0,0,0,0,0,0,0,0,0,0
530363,1,1,1992,0,0,0,0,0,0,0,0,0,0
530364,1,2,1992,0,0,23,0,0,0,0,0,21,0
530365,1,1,1992,0,0,0,0,0,0,0,0,0,0
530365,2,1,1992,0,0,0,0,0,0,0,0,0,0
530366,1,1,1992,12,12,12,12,12,12,12,12,12,12
530367,1,1,1992,0,0,13,0,0,0,0,0,0,0
530367,2,1,1992,0,0,0,0,0,0,0,0,0,0
530368,1,1,1992,0,0,0,0,0,0,0,0,0,11
530368,2,1,1992,0,0,0,0,0,0,0,0,0,0
530368,3,1,1992,0,0,0,0,0,0,0,0,0,0
530369,0,1,1992,23,23,23,23,23,23,23,23,23,23
530369,1,1,1992,0,29,15,11,16,13,14,22,5,20
530370,1,1,1992,0,0,0,0,0,0,0,0,0,0
530371,1,1,1992,5,5,5,5,5,5,5,5,5,5
530372,0,1,1992,0,0,0,0,0,0,0,0,0,0
530372,1,1,1992,0,0,0,0,0,0,0,0,0,0
530373,1,1,1992,15,15,15,15,15,15,15,15,15,15
530374,1,1,1992,16,16,16,16,16,16,16,16,16,16
530375,1,1,1992,0,0,0,0,0,0,0,0,0,0
530375,2,1,1992,0,0,0,0,0,0,0,0,0,0
530376,1,1,1992,15,15,15,15,15,15,15,15,15,15
530377,1,1,1992,0,0,0,0,0,0,0,0,0,0
530377,2,1,1992,0,0,0,0,0,0,0,0,0,0
530378,1,1,1992,8,8,8,8,8,8,8,8,8,8
530379,1,1,1992,0,0,0,0,0,0,0,0,0,0
530379,2,1,1992,0,0,0,0,0,0,0,0,0,0
530380,1,1,1992,0,0,0,0,0,0,0,0,0,0
530380,2,1,1992,0,0,0,0,0,0,0,0,0,0
530381,1,1,1992,19,19,19,19,19,19,19,19,19,19
530382,1,1,1992,0,0,0,0,0,0,0,0,0,0
530382,2,1,1992,0,0,0,0,0,0,0,0,0,0
530383,1,1,1992,12,12,12,12,12,12,12,12,12,12
530383,2,1,1992,0,0,0,0,0,0,0,0,0,0
530384,1,1,1992,0,0,0,0,0,0,0,0,0,0
530384,2,1,1992,0,0,0,0,0,0,0,0,0,0
530384,3,1,1992,3,3,3,3,3,3,3,3,3,3
530384,4,1,1992,0,0,0,0,0,0,0,0,0,0
530385,0,1,1992,0,0,0,0,0,0,0,0,0,0
530385,1,1,1992,0,0,0,0,0,0,0,0,0,0
530386,1,1,1992,0,0,0,0,0,0,0,0,0,0
530386,2,1,1992,0,0,0,0,0,0,0,0,0,0
530387,1,1,1992,0,0,0,0,0,0,0,0,0,0
530387,2,1,1992,24,24,24,24,24,24,24,24,24,24
530388,1,1,1992,0,0,0,0,0,0,0,0,0,0
530388,2,1,1992,0,0,0,0,0,0,23,0,0,0
530389,1,1,1992,24,24,24,24,24,24,24,24,24,24
530390,1,1,1992,17,17,17,17,17,17,17,17,17,17
530390,2,1,1992,0,0,0,0,0,0,0,0,0,0
530391,1,1,1992,0,0,0,0,0,0,0,0,0,0
530392,1,1,1992,0,0,0,0,0,0,0,0,0,0
530392,2,1,1992,0,0,0,0,0,0,0,0,0,0
530393,1,1,1992,16,16,16,16,16,16,16,16,16,16
530394,1,1,1992,0,0,0,0,0,0,0,0,0,0
530395,1,1,1992,26,26,26,26,26,26,26,26,26,26
530396,1,1,1992,23,23,23,23,23,23,23,23,23,23
530396,2,1,1992,14,14,14,14,14,14,14,14,14,14
530397,1,1,1992,0,0,0,0,0,0,0,0,0,0
530398,1,1,1992,18,18,18,18,18,18,18,18,18,18
530398,2,1,1992,0,0,0,0,0,0,0,0,0,0
530399,1,1,1992,0,0,0,0,0,0,0,0,0,0
530399,2,1,1992,0,0,0,10,0,0,0,0,0,0
530401,1,1,1992,22,22,22,22,22,22,22,22,22,22
530401,2,1,1992,0,0,0,0,0,0,0,0,0,0
530402,1,1,1992,0,0,5,18,0,5,0,0,0,0
530405,1,1,1992,11,11,11,11,11,11,11,11,11,11
530406,1,1,1992,14,14,14,14,14,14,14,14,14,14
530407,1,1,1992,0,0,0,0,0,0,0,0,0,0
530407,2,1,1992,0,0,0,0,0,0,0,0,9,0
530408,1,1,1992,0,0,0,0,0,0,0,0,0,0
530408,2,1,1992,0,0,0,0,0,0,0,0,0,0
530409,1,1,1992,12,0,0,0,0,20,0,0,18,18
530410,1,1,1992,19,19,19,19,19,19,19,19,19,19
530410,2,1,1992,0,0,0,0,0,0,0,0,0,0
530411,1,1,1992,10,10,10,10,10,10,10,10,10,10
530411,2,1,1992,0,0,0,0,0,0,0,0,0,0
530412,1,1,1992,24,24,24,24,24,24,24,24,24,24
530413,1,1,1992,0,0,0,0,0,0,0,0,0,0
530413,2,1,1992,3,3,3,3,3,3,3,3,3,3
530414,1,1,1992,8,8,8,8,8,8,8,8,8,8
530414,2,1,1992,0,0,0,0,0,0,0,0,0,0
530415,1,1,1992,30,30,30,30,30,30,30,30,30,30
530416,0,1,1992,15,15,15,15,15,15,15,15,15,15
530416,1,1,1992,0,0,8,0,0,0,0,0,8,6
530417,1,1,1992,19,19,19,19,19,19,19,19,19,19
530417,2,1,1992,0,0,0,0,0,0,0,0,0,0
530418,1,1,1992,0,0,0,0,0,0,0,0,0,0
530419,0,1,1992,0,18,0,0,0,0,0,0,0,0
530419,1,1,1992,0,0,0,0,0,0,0,0,0,0
530420,1,1,1992,34,34,34,34,34,34,34,34,34,34
530421,1,1,1992,0,0,0,0,0,0,0,0,0,0
530422,1,1,1992,22,22,22,22,22,22,22,22,22,22
530423,1,1,1992,15,15,15,15,15,15,15,15,15,15
530424,0,1,1992,0,0,0,0,0,0,0,0,0,0
530424,1,1,1992,0,0,0,0,19,0,0,0,0,0
530425,1,1,1992,13,13,13,13,13,13,13,13,13,13
530426,0,1,1992,0,0,0,0,0,0,0,0,0,0
530426,1,1,1992,0,0,0,0,0,0,0,0,0,0
530427,1,1,1992,6,6,6,6,6,6,6,6,6,6
530427,2,1,1992,5,6,26,11,28,15,28,15,11,16
530428,0,1,1992,0,0,0,0,0,0,0,0,0,0
530428,1,1,1992,0,0,0,0,0,0,0,0,0,0
530429,0,1,1992,0,0,0,0,0,0,0,0,0,0
530429,1,1,1992,0,0,0,0,0,0,0,0,0,0
530430,1,1,1992,10,10,10,10,10,10,10,10,10,10
530430,2,1,1992,0,0,0,0,0,0,0,0,0,0
530431,0,1,1992,0,0,0,0,0,0,0,0,0,0
530431,1,1,1992,0,12,0,0,0,0,0,0,5,0
530431,2,1,1992,0,30,12,0,0,0,0,0,0,11
530432,1,1,1992,0,0,0,0,0,0,0,0,0,0
530432,2,1,1992,3,0,0,0,0,0,0,0,2,0
530433,1,1,1992,13,13,13,13,13,13,13,13,13,13
530433,2,1,1992,0,0,0,0,0,0,0,0,0,0
530435,1,1,1992,18,18,18,18,18,18,18,18,18,18
530436,1,1,1992,18,18,18,18,18,18,18,18,18,18
530437,1,1,1992,0,0,0,0,0,0,0,0,0,0
530437,2,1,1992,0,0,0,0,0,0,9,0,0,0
530438,1,1,1992,0,0,0,0,0,0,0,0,0,0
530438,2,1,1992,0,0,0,0,0,0,0,0,0,0
530439,1,1,1992,0,0,0,0,0,0,0,0,0,0
530440,1,1,1992,0,0,0,0,0,0,0,0,0,0
530441,1,1,1992,27,27,27,27,27,27,27,27,27,27
530442,1,1,1992,0,0,0,0,0,0,0,0,0,0
530442,2,1,1992,0,0,0,0,0,0,0,0,0,0
530443,1,1,1992,18,18,18,18,18,18,18,18,18,18
530444,1,1,1992,0,0,0,0,0,0,0,0,0,0
530444,2,1,1992,0,0,0,0,0,0,0,0,0,0
530444,3,1,1992,0,0,0,0,0,0,0,0,0,0
530445,1,1,1992,0,0,0,0,0,0,0,0,0,0
530445,2,1,1992,0,0,0,0,0,0,0,0,0,0
530446,1,1,1992,14,15,33,44,49,30,14,14,15,17
530446,2,1,1992,0,0,0,0,0,0,0,0,0,0
530447,1,1,1992,0,0,0,0,0,0,0,0,0,0
530447,2,1,1992,26,26,26,26,26,26,26,26,26,26
530448,1,1,1992,0,0,0,0,0,0,0,0,0,0
530448,2,1,1992,12,12,12,12,12,12,12,12,12,12
530449,1,1,1992,0,0,0,0,0,0,0,0,0,0
530450,1,1,1992,14,16,8,0,18,46,19,34,13,36
530451,1,1,1992,0,0,0,0,0,0,0,0,0,0
530451,2,1,1992,0,0,0,0,0,0,0,0,0,0
530453,1,1,1992,0,0,0,0,0,0,0,0,0,0
530453,2,1,1992,0,0,0,0,0,0,0,0,0,0
530454,1,1,1992,0,0,0,0,0,0,0,0,0,0
530455,1,1,1992,17,17,17,17,17,17,17,17,17,17
530456,1,1,1992,2,2,2,2,2,2,2,2,2,2
530457,1,1,1992,0,0,0,0,0,0,0,0,0,0
530458,1,1,1992,53,53,53,53,53,53,53,53,53,53
530458,2,1,1992,0,0,0,0,0,0,0,0,0,0
530459,1,1,1992,0,0,0,0,0,0,0,0,0,0
530459,2,1,1992,0,0,0,0,0,0,0,0,0,0
530460,1,1,1992,0,0,0,0,0,0,0,0,0,0
530460,2,1,1992,0,0,0,0,0,0,0,0,0,0
530461,1,1,1992,0,0,0,0,0,0,0,0,0,0
530461,2,1,1992,0,0,0,0,0,0,0,0,0,0
530462,0,1,1992,0,0,0,0,0,0,0,0,0,0
530462,1,1,1992,0,0,0,0,0,0,0,0,0,0
530462,2,1,1992,0,0,0,0,0,0,0,0,0,0
530462,3,1,1992,0,0,0,0,0,0,0,0,0,0
530463,1,1,1992,16,16,16,16,16,16,16,16,16,16
530464,1,1,1992,0,0,0,0,0,0,0,0,0,0
530464,2,1,1992,0,0,0,0,0,0,0,0,0,0
530465,0,1,1992,0,0,0,0,0,0,0,0,0,0
530465,1,1,1992,3,13,0,0,0,0,0,14,0,0
530466,1,1,1992,16,16,16,16,16,16,16,16,16,16
530466,2,1,1992,0,0,0,0,0,0,0,0,0,0
530467,1,1,1992,16,16,16,16,16,16,16,16,16,16
530467,2,1,1992,0,0,0,0,0,0,0,0,0,0
530468,1,1,1992,24,24,24,24,24,24,24,24,24,24
530469,1,1,1992,0,0,0,0,0,0,0,0,0,0
530469,2,1,1992,0,0,0,0,0,0,0,0,0,0
530470,1,1,1992,0,0,0,0,0,0,0,0,0,0
530470,2,1,1992,13,13,13,13,13,13,13,13,13,13
530471,1,1,1992,19,19,19,19,19,19,19,19,19,19
530472,1,1,1992,0,0,0,0,0,0,0,0,0,0
530472,2,1,1992,0,0,0,0,0,0,0,0,0,0
530473,1,1,1992,0,0,0,0,0,0,0,0,0,0
530474,0,1,1992,0,0,0,0,0,0,0,0,0,0
530474,1,1,1992,0,0,0,0,0,0,0,0,0,0
530475,0,1,1992,0,0,0,0,0,0,0,0,0,0
530475,1,1,1992,0,0,0,0,0,0,0,0,0,0
530476,0,1,1992,17,17,17,17,17,17,17,17,17,17
530476,1,1,1992,0,0,0,0,0,0,0,0,0,0
530477,1,1,1992,2,0,0,0,0,0,0,0,0,0
530477,2,1,1992,0,0,0,0,0,0,0,0,0,0
530478,1,1,1992,5,5,5,5,5,5,5,5,5,5
530479,1,1,1992,0,0,0,0,0,0,0,0,0,0
530480,1,1,1992,0,0,0,0,0,0,0,0,0,0
530481,1,1,1992,24,24,24,24,24,24,24,24,24,24
530482,1,1,1992,25,25,25,25,25,25,25,25,25,25
530483,1,1,1992,25,25,25,25,25,25,25,25,25,25
530483,2,1,1992,0,0,0,0,0,0,0,0,0,0
530484,1,1,1992,0,0,0,0,0,0,0,0,0,0
530485,1,1,1992,0,0,0,0,0,0,0,0,0,0
530487,1,1,1992,0,0,0,0,0,0,0,0,0,0
530488,1,1,1992,0,0,0,0,0,0,0,0,0,19
530490,1,1,1992,0,16,0,0,0,0,0,0,28,0
530490,2,1,1992,0,0,0,0,0,0,0,0,0,0
530491,1,1,1992,15,15,15,15,15,15,15,15,15,15
530491,2,1,1992,0,0,0,0,0,0,0,0,0,0
530492,0,1,1992,0,0,0,0,0,0,0,0,0,0
530492,1,1,1992,0,0,0,0,7,0,0,0,0,0
530493,0,1,1992,0,0,0,0,0,0,0,0,0,0
530493,1,1,1992,0,0,0,0,0,0,0,0,0,0
530494,1,1,1992,0,0,0,0,0,0,17,0,0,0
530494,2,1,1992,0,0,0,0,0,0,0,0,0,0
530495,0,1,1992,21,0,0,0,0,0,0,0,0,5
530495,1,1,1992,6,6,6,6,6,6,6,6,6,6
530496,1,1,1992,0,0,0,0,0,0,0,0,0,0
530497,1,1,1992,0,0,0,0,0,0,0,0,0,0
530497,2,1,1992,19,19,19,19,19,19,19,19,19,19
530498,1,1,1992,6,6,6,6,6,6,6,6,6,6
530498,2,1,1992,0,0,0,0,0,0,0,0,0,0
530499,1,1,1992,0,0,0,0,0,0,0,0,0,0
530500,0,1,1992,0,0,0,0,0,0,0,0,0,0
530500,1,1,1992,0,0,0,0,0,0,0,0,0,0
530501,1,1,1992,19,19,19,19,19,19,19,19,19,19
530502,1,1,1992,0,0,0,0,0,0,0,0,0,0
530502,2,1,1992,0,0,0,0,0,0,0,0,0,0
530503,1,1,1992,5,5,5,5,5,5,5,5,5,5
530504,1,1,1992,25,25,25,25,25,25,25,25,25,25
530504,2,1,1992,0,0,0,0,0,0,0,0,0,0
530505,1,1,1992,14,14,14,14,14,14,14,14,14,14
530505,2,1,1992,0,0,0,0,0,0,21,0,0,0
530506,0,1,1992,23,23,23,23,23,23,23,23,23,23
530506,1,1,1992,0,0,0,0,0,0,0,0,0,0
530507,1,1,1992,21,21,21,21,21,21,21,21,21,21
530507,2,1,1992,0,0,0,0,0,0,0,0,0,0
530508,1,1,1992,31,31,31,31,31,31,31,31,31,31
530508,2,1,1992,0,0,0,0,0,0,0,0,0,0
530509,1,1,1992,0,0,0,0,0,0,0,0,0,0
530510,0,1,1992,21,21,21,21,21,21,21,21,21,21
530510,1,1,1992,0,0,0,0,0,0,0,0,0,0
530510,2,1,1992,0,0,0,0,0,0,0,10,0,0
530511,1,1,1992,0,0,0,9,18,0,0,0,0,0
530512,1,1,1992,0,0,0,0,0,0,0,0,0,0
530513,0,1,1992,0,0,0,0,0,0,0,0,0,0
530513,0,2,1992,0,0,0,0,0,0,0,0,0,0
530513,1,1,1992,0,0,0,0,0,0,0,0,0,0
530513,2,1,1992,0,0,0,0,0,0,0,0,0,0
530514,1,1,1992,18,18,18,18,18,18,18,18,18,18
530514,2,1,1992,0,0,0,0,0,0,0,0,0,0
530515,0,1,1992,0,0,0,0,0,0,0,0,0,0
530515,1,1,1992,0,0,0,0,0,0,0,0,0,0
530516,1,1,1992,0,0,0,0,0,0,0,0,0,0
530516,2,1,1992,0,0,0,0,0,0,0,0,0,0
530516,3,1,1992,0,0,11,0,0,0,0,0,0,0
530517,1,1,1992,25,25,25,25,25,25,25,25,25,25
530518,1,1,1992,9,9,9,9,9,9,9,9,9,9
530518,2,1,1992,0,0,0,0,0,0,0,0,0,0
530519,1,1,1992,8,8,8,8,8,8,8,8,8,8
530521,1,1,1992,10,10,10,10,10,10,10,10,10,10
530521,2,1,1992,0,0,0,0,0,13,3,0,0,0
530522,1,1,1992,0,0,0,0,0,0,0,0,0,0
530522,2,1,1992,0,0,0,0,0,0,0,0,0,0
530523,1,1,1992,29,29,29,29,29,29,29,29,29,29
530524,1,1,1992,24,24,24,24,24,24,24,24,24,24
530527,1,1,1992,0,0,0,0,0,0,0,0,0,0
530527,2,1,1992,7,7,7,7,7,7,7,7,7,7
530528,1,1,1992,23,23,23,23,23,23,23,23,23,23
530528,2,1,1992,0,0,0,29,0,0,0,0,0,0
530529,1,1,1992,17,17,17,17,17,17,17,17,17,17