ST_CASE,VEH_NO,PER_NO,YEAR,P1,P2,P3,P4,P5,P6,P7,P8,P9,P10
530531,1,1,1992,19,19,19,19,19,19,19,19,19,19
530532,0,1,1992,0,0,0,0,0,0,0,0,0,0
530532,1,1,1992,0,0,0,0,0,0,0,0,0,0
530533,1,1,1992,15,15,15,15,15,15,15,15,15,15
530534,1,1,1992,0,0,0,0,0,0,0,0,0,0
530534,2,1,1992,0,0,0,0,0,0,0,0,0,0
530535,1,1,1992,0,0,0,0,0,0,0,0,0,0
530535,2,1,1992,0,0,0,0,0,0,0,0,0,0
530536,1,1,1992,27,27,27,27,27,27,27,27,27,27
530536,2,1,1992,0,0,0,0,0,0,0,0,0,0
530537,1,1,1992,21,21,21,21,21,21,21,21,21,21
530538,1,1,1992,0,0,0,0,0,0,0,0,0,0
530538,2,1,1992,0,0,0,0,0,0,0,0,0,0
530539,1,1,1992,0,0,0,0,0,0,0,0,0,0
530540,1,1,1992,0,0,0,0,0,0,0,0,0,0
530541,1,1,1992,0,0,0,5,0,0,21,0,0,0
530542,1,1,1992,22,22,22,22,22,22,22,22,22,22
530543,0,1,1992,0,0,0,0,0,0,0,0,0,0
530543,0,2,1992,0,0,0,0,0,0,0,0,0,0
530543,1,1,1992,0,0,0,0,0,0,0,0,0,0
530544,0,1,1992,26,26,26,26,26,26,26,26,26,26
530544,1,1,1992,0,0,0,0,0,0,0,0,0,0
530545,1,1,1992,13,13,13,13,13,13,13,13,13,13
530545,2,1,1992,0,0,0,0,0,0,13,0,0,0
530545,3,1,1992,0,0,0,0,0,0,0,0,0,0
530546,1,1,1992,0,0,0,0,0,0,0,0,0,0
530546,2,1,1992,0,0,0,0,0,0,0,0,0,0
530547,1,1,1992,0,0,0,0,0,0,0,0,0,0
530547,2,1,1992,0,0,0,0,0,0,0,0,0,0
530548,1,1,1992,14,0,0,20,0,10,2,17,13,10
530549,1,1,1992,23,23,23,23,23,23,23,23,23,23
530550,1,1,1992,0,0,0,0,0,0,0,0,0,0
530550,2,1,1992,0,0,0,0,12,0,0,0,0,0
530551,1,1,1992,0,0,0,0,0,0,0,0,0,0
530552,0,1,1992,22,22,22,22,22,22,22,22,22,22
530552,1,1,1992,0,0,0,0,0,0,0,0,0,6
530553,1,1,1992,0,0,0,0,0,0,0,13,15,0
530553,2,1,1992,0,0,0,0,0,0,0,0,0,0
530554,1,1,1992,0,0,0,0,0,0,0,0,0,0
530554,2,1,1992,0,0,0,0,0,0,0,0,0,0
530554,3,1,1992,0,0,0,0,0,0,0,0,0,0
530555,1,1,1992,4,0,0,0,0,0,0,0,0,0
530556,0,1,1992,0,0,0,0,0,0,0,0,0,0
530556,1,1,1992,0,0,0,0,0,0,0,0,0,0
530557,1,1,1992,0,0,0,0,0,0,0,0,0,0
530557,2,1,1992,0,0,0,0,0,0,0,0,0,0
530557,3,1,1992,0,0,0,0,0,0,0,0,0,0
530557,4,1,1992,0,0,0,0,0,0,0,0,0,0
530558,1,1,1992,0,0,0,0,0,0,0,0,0,0
530558,2,1,1992,0,0,0,0,0,0,0,0,0,0
530559,1,1,1992,0,0,0,0,0,0,0,0,0,0
530560,1,1,1992,0,0,0,0,0,0,0,0,0,0
530560,2,1,1992,0,0,0,0,0,0,0,0,0,0
530561,1,1,1992,17,17,17,17,17,17,17,17,17,17
530561,2,1,1992,0,0,0,0,0,0,0,0,0,0
530562,1,1,1992,22,22,22,22,22,22,22,22,22,22
530563,1,1,1992,20,20,20,20,20,20,20,20,20,20
530564,0,1,1992,9,9,9,9,9,9,9,9,9,9
530564,1,1,1992,18,18,18,18,18,18,18,18,18,18
530565,1,1,1992,21,21,21,21,21,21,21,21,21,21
530566,1,1,1992,16,16,16,16,16,16,16,16,16,16
530567,1,1,1992,19,19,19,19,19,19,19,19,19,19
530567,2,1,1992,23,23,23,23,23,23,23,23,23,23
530568,0,1,1992,19,19,19,19,19,19,19,19,19,19
530568,1,1,1992,0,0,0,0,0,0,0,0,0,0
530569,1,1,1992,0,0,0,0,0,0,0,0,0,0
530569,2,1,1992,0,0,0,0,0,0,0,0,0,0
530570,1,1,1992,27,27,27,27,27,27,27,27,27,27
530571,1,1,1992,24,24,24,24,24,24,24,24,24,24
530572,1,1,1992,0,0,0,0,0,0,0,0,0,0
530572,2,1,1992,0,0,0,0,0,0,0,0,0,0
530573,0,1,1992,0,0,0,0,0,0,0,0,0,0
530573,1,1,1992,0,0,0,0,0,0,0,0,0,0
530574,0,1,1992,34,34,34,34,34,34,34,34,34,34
530574,1,1,1992,0,0,0,0,0,0,0,0,0,0
530575,1,1,1992,0,0,0,0,0,0,0,0,0,0
530575,2,1,1992,0,0,0,0,0,0,0,0,0,0
530576,1,1,1992,1,1,1,1,1,1,1,1,1,1
530577,0,1,1992,0,0,0,0,0,0,0,0,0,0
530577,1,1,1992,0,12,10,0,0,6,0,0,0,0
530578,1,1,1992,0,0,0,0,0,0,0,0,0,0
530578,2,1,1992,0,0,0,0,0,0,0,0,0,0
530579,1,1,1992,0,0,0,0,0,0,0,0,0,0
530580,1,1,1992,0,0,0,0,0,0,0,0,0,0
530580,2,1,1992,0,0,0,0,0,0,0,0,0,0
530581,0,1,1992,17,17,17,17,17,17,17,17,17,17
530581,1,1,1992,0,0,0,0,0,0,0,0,0,0
530582,1,1,1992,0,0,0,0,0,0,0,0,0,0
530582,2,1,1992,0,0,0,0,0,0,4,0,0,0
530582,3,1,1992,0,0,0,0,0,0,10,0,0,0
530583,0,1,1992,0,0,0,0,0,0,0,0,0,0
530583,1,1,1992,0,0,0,8,0,0,0,0,0,0
530584,1,1,1992,0,0,0,0,0,0,0,0,0,0
530584,2,1,1992,0,0,0,0,0,0,0,0,0,0
530584,3,1,1992,0,0,0,0,0,0,0,0,0,0
530584,4,1,1992,0,0,0,0,0,0,0,0,0,0
530584,5,1,1992,0,0,0,0,18,0,0,0,0,0
530585,0,1,1992,0,0,0,0,0,0,0,0,0,0
530585,1,1,1992,0,0,0,0,0,0,0,0,0,0
530586,1,1,1992,27,27,27,27,27,27,27,27,27,27
530586,2,1,1992,0,0,0,0,0,0,0,0,0,0
530587,1,1,1992,0,0,0,0,0,0,0,0,0,0
530588,1,1,1992,0,0,0,0,0,0,0,0,0,0
530588,2,1,1992,0,0,0,0,0,0,0,0,0,0
530589,1,1,1992,0,0,0,0,0,0,0,0,0,0
530589,2,1,1992,0,0,0,0,0,0,0,0,0,0
530590,0,1,1992,0,0,0,0,0,0,0,0,0,0
530590,1,1,1992,0,0,0,0,0,0,0,0,0,0
530591,1,1,1992,0,0,0,0,0,0,0,0,0,0
530591,2,1,1992,3,3,3,3,3,3,3,3,3,3
530592,1,1,1992,0,0,0,0,0,0,0,0,0,0
530592,2,1,1992,0,0,0,0,0,0,0,15,0,0
530593,1,1,1992,0,0,0,0,0,0,0,0,0,0
530593,2,1,1992,1,1,1,1,1,1,1,1,1,1
530594,1,1,1992,0,0,0,0,0,0,0,0,0,0
530594,2,1,1992,0,0,0,0,0,0,0,0,0,0
530595,1,1,1992,0,0,0,0,0,0,0,0,0,0
530595,2,1,1992,0,0,0,0,0,0,0,0,0,0
530595,3,1,1992,0,0,0,0,0,0,0,0,0,0
530596,1,1,1992,0,0,0,0,0,0,0,0,0,0
530596,2,1,1992,0,0,0,0,0,0,0,0,0,0
530596,3,1,1992,0,0,0,0,0,0,0,0,0,0
530598,1,1,1992,0,0,0,0,0,0,0,0,0,0
530598,2,1,1992,0,0,0,0,0,0,0,0,0,0
530598,3,1,1992,0,0,0,0,0,0,0,0,0,0
530598,4,1,1992,0,0,0,0,0,0,0,0,0,0
530599,0,1,1992,0,0,0,0,0,0,0,0,0,0
530599,1,1,1992,0,0,0,0,0,0,0,0,0,0
530600,1,1,1992,0,0,0,0,0,0,0,0,0,0
530600,2,1,1992,0,0,0,0,0,0,0,0,0,0
530601,1,1,1992,25,25,25,25,25,25,25,25,25,25
530601,2,1,1992,0,0,0,0,0,0,0,0,10,0
530602,1,1,1992,0,0,0,0,0,0,0,0,0,0
530603,1,1,1992,0,0,0,0,0,0,0,0,0,0
530604,0,1,1992,0,0,0,0,0,0,0,0,0,0
530604,1,1,1992,0,0,0,0,0,0,0,0,0,0
530605,1,1,1992,16,5,10,21,0,37,29,23,12,16
530606,1,1,1992,19,19,19,19,19,19,19,19,19,19
530606,2,1,1992,0,0,0,0,0,0,0,0,0,7
530607,1,1,1992,27,27,27,27,27,27,27,27,27,27
530607,2,1,1992,0,0,0,0,0,0,0,0,0,0
530608,1,1,1992,0,0,0,0,0,0,0,0,0,0
530608,2,1,1992,0,0,0,0,0,0,0,0,0,0
530609,1,1,1992,0,18,0,0,0,0,11,0,0,0
530609,2,1,1992,0,0,0,0,0,0,0,18,0,0
530609,3,1,1992,0,0,0,0,0,0,0,0,0,0
530610,1,1,1992,0,0,0,0,0,0,0,0,0,0
530610,2,1,1992,0,0,0,0,0,0,0,0,0,0
530611,0,1,1992,0,0,0,0,0,0,0,0,0,0
530611,1,1,1992,0,0,0,0,0,0,0,0,0,0
530612,0,1,1992,0,0,0,0,0,0,0,0,0,0
530612,1,1,1992,0,0,0,0,0,0,0,0,0,0
530612,2,1,1992,0,0,0,0,0,0,0,14,0,0
530613,1,1,1992,8,10,19,24,17,12,20,8,22,26
530613,2,1,1992,0,0,0,0,0,0,0,0,0,0
530614,1,1,1992,0,0,0,0,0,0,0,0,0,0
530615,1,1,1992,0,0,0,0,0,0,0,0,0,0
530615,2,1,1992,0,0,0,0,0,0,0,0,0,0
530616,0,1,1992,0,0,0,0,0,0,0,0,0,0
530616,1,1,1992,22,22,22,22,22,22,22,22,22,22
530617,1,1,1992,2,2,2,2,2,2,2,2,2,2
530618,1,1,1992,24,24,24,24,24,24,24,24,24,24
530619,1,1,1992,35,35,35,35,35,35,35,35,35,35
530620,1,1,1992,28,28,28,28,28,28,28,28,28,28
530621,1,1,1992,12,12,12,12,12,12,12,12,12,12
540001,1,1,1992,22,22,22,22,22,22,22,22,22,22
540002,1,1,1992,0,0,0,0,0,0,0,0,0,0
540003,1,1,1992,19,19,19,19,19,19,19,19,19,19
540003,2,1,1992,0,0,0,0,0,0,0,0,0,0
540004,1,1,1992,0,0,0,0,0,0,0,0,0,0
540005,1,1,1992,0,0,0,0,0,0,0,0,0,0
540005,2,1,1992,0,0,0,0,0,0,0,0,0,0
540006,1,1,1992,29,29,29,29,29,29,29,29,29,29
540007,1,1,1992,10,10,10,10,10,10,10,10,10,10
540009,1,1,1992,17,17,17,17,17,17,17,17,17,17
540010,1,1,1992,0,0,0,0,0,0,0,0,0,0
540010,2,1,1992,20,20,20,20,20,20,20,20,20,20
540011,1,1,1992,0,0,0,0,0,0,0,0,0,0
540011,2,1,1992,0,0,0,0,0,0,0,0,0,0
540012,1,1,1992,0,0,0,0,0,0,0,0,0,0
540012,2,1,1992,0,0,0,0,0,0,0,0,0,0
540013,0,1,1992,29,29,29,29,29,29,29,29,29,29
540013,1,1,1992,0,0,0,0,0,8,8,0,0,0
540014,1,1,1992,0,0,0,0,0,0,0,0,0,0
540014,2,1,1992,0,0,0,0,0,0,0,0,0,0
540015,1,1,1992,0,0,0,0,0,0,0,0,0,0
540015,2,1,1992,0,0,0,0,0,0,0,0,0,0
540016,0,1,1992,32,32,32,32,32,32,32,32,32,32
540016,1,1,1992,0,0,0,0,0,0,0,0,0,0
540017,1,1,1992,9,9,9,9,9,9,9,9,9,9
540018,1,1,1992,0,0,0,0,0,0,0,0,0,0
540018,2,1,1992,0,22,0,0,0,0,0,0,0,0
540019,1,1,1992,0,0,0,0,0,0,0,0,0,0
540019,2,1,1992,25,25,25,25,25,25,25,25,25,25
540020,1,1,1992,0,0,0,0,0,0,0,0,0,5
540021,1,1,1992,0,0,0,0,0,0,0,0,0,0
540022,1,1,1992,0,0,0,0,0,0,0,0,0,0
540022,2,1,1992,0,0,0,0,0,0,0,0,0,0
540023,1,1,1992,0,0,0,0,0,0,0,0,0,0
540023,2,1,1992,0,0,0,0,0,0,0,0,0,0
540024,1,1,1992,0,0,0,0,0,0,0,0,0,0
540024,2,1,1992,0,0,0,0,0,0,0,0,0,0
540025,1,1,1992,19,19,19,19,19,19,19,19,19,19
540027,1,1,1992,34,34,34,34,34,34,34,34,34,34
540028,1,1,1992,0,0,0,0,0,0,0,0,0,0
540028,2,1,1992,0,0,0,0,0,0,0,0,0,0
540029,0,1,1992,15,15,15,15,15,15,15,15,15,15
540029,1,1,1992,0,0,0,0,0,0,0,0,0,0
540030,1,1,1992,0,0,0,0,0,0,0,0,0,0
540030,2,1,1992,0,0,0,0,0,0,0,0,0,0
540031,0,1,1992,24,24,24,24,24,24,24,24,24,24
540031,1,1,1992,0,0,0,0,0,0,0,0,0,0
540032,1,1,1992,0,0,0,0,0,0,0,0,0,0
540033,1,1,1992,0,0,0,0,0,0,0,0,0,0
540033,2,1,1992,5,5,5,5,5,5,5,5,5,5
540034,1,1,1992,12,12,12,12,12,12,12,12,12,12
540034,2,1,1992,0,0,0,0,0,0,0,0,0,0
540035,1,1,1992,0,0,0,0,0,0,0,0,0,0
540035,2,1,1992,0,0,0,0,0,0,0,0,0,0
540035,3,1,1992,0,0,0,0,0,0,0,0,0,0
540036,1,1,1992,0,0,0,0,0,0,0,0,0,0
540036,2,1,1992,0,0,0,0,0,0,0,0,0,0
540036,3,1,1992,0,0,0,0,0,0,0,0,0,0
540037,1,1,1992,0,0,0,9,0,0,0,0,0,0
540038,1,1,1992,22,22,22,22,22,22,22,22,22,22
540039,1,1,1992,0,0,0,0,0,0,0,0,0,0
540039,2,1,1992,0,0,0,0,0,0,0,0,0,0
540040,1,1,1992,0,0,0,0,0,0,0,0,0,0
540040,2,1,1992,0,0,0,0,0,0,0,0,0,0
540041,0,1,1992,0,0,0,0,0,0,0,0,0,0
540041,1,1,1992,0,0,9,0,0,9,0,0,0,0
540042,0,1,1992,0,13,0,0,0,5,0,4,0,15
540042,0,2,1992,0,0,0,0,0,0,0,0,0,0
540042,1,1,1992,0,0,0,0,0,0,0,0,0,0
540043,1,1,1992,0,0,0,0,0,0,0,0,0,0
540043,2,1,1992,0,0,0,0,0,0,0,0,0,0
540044,1,1,1992,16,16,16,16,16,16,16,16,16,16
540044,2,1,1992,7,0,0,0,0,0,0,0,0,0
540045,1,1,1992,20,20,20,20,20,20,20,20,20,20
540045,2,1,1992,15,25,39,9,0,26,3,0,0,17
540046,1,1,1992,0,0,16,0,10,0,0,0,0,2
540047,1,1,1992,0,0,0,0,0,0,0,0,0,0
540047,2,1,1992,0,0,0,0,0,0,0,0,0,0
540048,1,1,1992,32,32,32,32,32,32,32,32,32,32
540049,1,1,1992,0,0,0,0,0,0,0,0,0,0
540049,2,1,1992,0,0,0,0,0,0,0,0,0,0
540050,1,1,1992,28,28,28,28,28,28,28,28,28,28
540051,0,1,1992,0,0,0,0,0,0,0,0,0,0
540051,1,1,1992,15,15,15,15,15,15,15,15,15,15
540052,0,1,1992,20,20,20,20,20,20,20,20,20,20
540052,1,1,1992,11,11,11,11,11,11,11,11,11,11
540053,1,1,1992,0,24,12,0,14,0,0,0,0,0
540054,1,1,1992,28,28,28,28,28,28,28,28,28,28
540055,0,1,1992,0,0,0,0,0,0,0,0,0,0
540055,1,1,1992,0,0,0,0,15,0,0,0,0,0
540056,1,1,1992,0,0,0,0,0,0,0,0,0,0
540057,1,1,1992,0,0,0,0,0,0,0,0,0,0
540057,2,1,1992,0,0,0,0,0,0,0,0,0,0
540058,1,1,1992,0,0,0,0,0,0,0,0,0,0
540059,1,1,1992,30,30,30,30,30,30,30,30,30,30
540060,1,1,1992,0,0,0,0,0,0,0,0,0,0
540060,2,1,1992,17,17,17,17,17,17,17,17,17,17
540061,1,1,1992,29,29,29,29,29,29,29,29,29,29
540062,1,1,1992,0,0,0,0,0,0,0,0,0,0
540062,2,1,1992,4,4,4,4,4,4,4,4,4,4
540063,1,1,1992,26,18,12,25,15,16,17,21,32,40
540064,1,1,1992,16,16,16,16,16,16,16,16,16,16
540064,2,1,1992,0,0,0,0,0,0,0,0,0,0
540065,1,1,1992,0,0,0,0,0,0,0,0,0,0
540066,1,1,1992,0,0,0,0,0,0,0,0,0,0
540066,2,1,1992,0,0,0,0,0,0,0,0,0,0
540067,1,1,1992,0,0,0,0,0,0,0,0,0,0
540067,2,1,1992,0,0,0,0,0,0,0,0,0,0
540068,1,1,1992,0,0,0,0,0,0,0,0,0,0
540068,2,1,1992,17,17,17,17,17,17,17,17,17,17
540069,1,1,1992,22,29,29,16,17,31,21,27,28,21
540070,1,1,1992,0,0,0,0,0,0,0,0,0,0
540070,2,1,1992,0,0,0,0,0,0,0,0,0,0
540070,3,1,1992,0,0,0,0,0,0,0,0,0,0
540071,1,1,1992,0,0,0,0,17,13,0,0,0,0
540072,1,1,1992,0,0,0,0,0,0,0,0,0,0
540072,2,1,1992,0,0,0,0,0,0,0,0,0,0
540073,1,1,1992,24,24,24,24,24,24,24,24,24,24
540074,1,1,1992,0,0,0,0,0,0,0,0,0,0
540074,2,1,1992,0,0,0,0,0,0,0,0,0,0
540075,1,1,1992,22,22,22,22,22,22,22,22,22,22
540076,1,1,1992,0,0,0,0,0,0,0,0,0,0
540076,2,1,1992,0,0,0,0,0,0,0,0,0,0
540077,1,1,1992,0,0,0,0,0,0,0,0,0,0
540077,2,1,1992,0,0,0,0,0,0,0,0,0,0
540078,1,1,1992,0,0,0,0,0,0,0,0,0,0
540078,2,1,1992,0,0,0,0,0,0,0,0,0,0
540079,1,1,1992,0,0,0,0,0,0,0,0,0,0
540080,1,1,1992,14,13,6,23,16,14,11,10,12,17
540081,1,1,1992,0,0,0,0,0,0,0,0,6,0
540081,2,1,1992,0,0,0,0,0,0,0,0,0,0
540082,1,1,1992,0,0,0,0,0,0,0,0,0,0
540082,2,1,1992,8,8,8,8,8,8,8,8,8,8
540083,1,1,1992,20,20,20,20,20,20,20,20,20,20
540083,2,1,1992,0,0,0,0,0,0,0,0,0,0
540084,1,1,1992,13,13,13,13,13,13,13,13,13,13
540085,1,1,1992,25,25,25,25,25,25,25,25,25,25
540086,1,1,1992,0,0,0,0,0,0,0,0,0,0
540087,0,1,1992,11,11,11,11,11,11,11,11,11,11
540087,1,1,1992,0,0,0,0,0,0,6,0,0,0
540088,1,1,1992,0,0,0,0,0,0,0,0,0,0
540088,2,1,1992,0,0,0,0,0,0,0,0,0,0
540089,1,1,1992,18,18,18,18,18,18,18,18,18,18
540090,1,1,1992,18,18,18,18,18,18,18,18,18,18
540091,1,1,1992,24,24,24,24,24,24,24,24,24,24
540092,1,1,1992,30,30,30,30,30,30,30,30,30,30
540093,1,1,1992,0,0,0,0,0,0,0,0,0,0
540093,2,1,1992,0,0,0,0,0,0,0,0,0,0
540094,1,1,1992,0,0,0,14,0,17,0,0,0,0
540094,2,1,1992,22,22,22,22,22,22,22,22,22,22
540094,3,1,1992,7,18,7,14,10,4,5,10,0,16
540095,0,1,1992,0,0,0,0,0,0,0,0,0,0
540095,1,1,1992,0,0,0,0,0,0,0,0,0,0
540096,1,1,1992,21,21,21,21,21,21,21,21,21,21
540097,1,1,1992,0,0,0,0,0,0,0,0,0,0
540098,1,1,1992,11,11,11,11,11,11,11,11,11,11
540099,1,1,1992,9,0,0,21,0,0,0,0,0,0
540100,1,1,1992,14,14,14,14,14,14,14,14,14,14
540101,1,1,1992,0,0,0,0,0,0,0,0,0,0
540101,2,1,1992,0,0,0,0,0,0,0,0,0,0
540102,1,1,1992,0,0,0,0,0,0,0,0,0,0
540102,2,1,1992,0,0,0,0,0,0,0,0,0,0
540103,1,1,1992,0,0,0,0,5,0,0,0,0,0
540103,2,1,1992,0,0,0,0,0,0,0,0,0,0
540104,1,1,1992,0,0,0,0,0,0,0,0,0,0
540104,2,1,1992,0,0,0,0,0,0,0,0,0,0
540104,3,1,1992,0,0,0,0,0,0,0,0,0,0
540105,1,1,1992,16,0,0,0,0,0,23,0,0,0
540105,2,1,1992,0,0,0,0,0,0,0,6,0,0
540106,1,1,1992,2,2,2,2,2,2,2,2,2,2
540106,2,1,1992,0,0,0,0,0,0,0,0,0,0
540107,1,1,1992,0,0,0,0,0,0,0,0,0,0
540107,2,1,1992,0,0,0,0,0,0,0,0,0,0
540108,1,1,1992,25,25,25,25,25,25,25,25,25,25
540109,0,1,1992,23,23,23,23,23,23,23,23,23,23
540109,1,1,1992,0,0,0,0,0,0,0,0,0,0
540110,1,1,1992,21,21,21,21,21,21,21,21,21,21
540111,1,1,1992,0,0,0,0,0,0,0,0,0,0
540111,2,1,1992,0,0,0,0,0,0,0,0,0,0
540112,1,1,1992,6,6,6,6,6,6,6,6,6,6
540113,1,1,1992,14,14,14,14,14,14,14,14,14,14
540114,1,1,1992,20,20,20,20,20,20,20,20,20,20
540115,1,1,1992,0,0,0,0,0,0,0,0,0,0
540116,1,1,1992,15,15,15,15,15,15,15,15,15,15
540117,1,1,1992,0,0,0,0,0,0,0,0,0,0
540117,2,1,1992,0,0,0,0,0,0,0,0,0,0
540118,1,1,1992,7,7,7,7,7,7,7,7,7,7
540119,1,1,1992,0,0,0,0,0,0,0,0,0,0
540120,1,1,1992,0,0,0,0,0,0,0,0,0,0
540121,1,1,1992,0,0,0,0,0,0,0,0,0,0
540121,2,1,1992,9,0,0,0,20,0,0,0,0,0
540122,1,1,1992,0,0,0,0,0,0,0,0,0,0
540122,2,1,1992,0,0,0,0,0,0,0,0,0,0
540123,1,1,1992,0,0,0,0,0,0,0,0,0,0
540124,1,1,1992,0,0,0,0,0,0,0,0,0,0
540124,2,1,1992,0,0,0,0,0,0,6,0,0,0
540125,1,1,1992,0,0,0,0,0,0,0,0,0,0
540126,1,1,1992,0,0,0,14,11,0,9,0,0,0
540127,1,1,1992,0,0,0,0,0,0,0,0,0,0
540127,2,1,1992,0,0,0,0,0,0,0,0,0,0
540128,1,1,1992,0,0,0,0,0,0,0,0,0,0
540128,2,1,1992,0,0,0,0,0,0,0,0,0,0
540128,3,1,1992,0,0,0,0,0,0,0,0,0,0
540128,4,1,1992,0,0,0,7,0,0,0,0,0,0
540129,0,1,1992,23,23,23,23,23,23,23,23,23,23
540129,0,2,1992,20,20,20,20,20,20,20,20,20,20
540129,1,1,1992,0,0,0,0,0,0,0,0,0,0
540130,1,1,1992,0,0,0,0,0,0,0,0,0,0
540130,2,1,1992,0,0,0,0,0,0,0,0,0,0
540131,1,1,1992,0,0,0,0,0,0,0,0,0,0
540131,2,1,1992,0,0,0,0,0,0,0,0,0,0
540132,1,1,1992,29,29,29,29,29,29,29,29,29,29
540132,2,1,1992,0,0,0,0,0,0,0,0,0,0
540133,1,1,1992,23,23,23,23,23,23,23,23,23,23
540134,1,1,1992,0,0,0,0,0,0,0,0,0,0
540134,2,1,1992,0,0,0,0,0,0,0,0,0,0
540136,1,1,1992,9,9,9,9,9,9,9,9,9,9
540137,1,1,1992,22,22,22,22,22,22,22,22,22,22
540138,1,1,1992,0,0,0,0,0,0,0,0,0,0
540138,2,1,1992,8,8,8,8,8,8,8,8,8,8
540138,3,1,1992,0,0,0,0,0,0,0,0,0,0
540139,1,1,1992,0,0,0,14,0,0,0,0,0,0
540140,1,1,1992,0,0,0,0,0,0,0,0,0,0
540140,2,1,1992,0,0,0,0,0,0,0,0,0,0
540141,1,1,1992,0,0,0,0,0,0,0,0,0,0
540141,2,1,1992,0,0,0,0,0,0,0,0,0,0
540142,1,1,1992,0,0,0,0,0,0,0,0,14,0
540143,1,1,1992,0,0,0,0,0,0,0,0,0,0
540144,1,1,1992,15,15,15,15,15,15,15,15,15,15
540145,1,1,1992,0,0,0,0,0,0,0,0,0,0
540146,1,1,1992,0,0,0,0,0,0,0,0,0,0
540146,2,1,1992,0,0,0,0,0,0,0,0,0,0
540147,1,1,1992,0,0,0,0,0,0,0,0,0,0
540147,2,1,1992,0,0,0,0,0,0,0,0,0,0
540148,1,1,1992,0,0,0,0,0,0,0,0,0,0
540148,2,1,1992,0,0,0,0,0,0,0,0,0,0
540149,1,1,1992,15,15,15,15,15,15,15,15,15,15
540150,1,1,1992,5,5,5,5,5,5,5,5,5,5
540150,2,1,1992,0,4,0,0,0,0,0,0,0,0
540151,1,1,1992,29,29,29,29,29,29,29,29,29,29
540152,1,1,1992,20,7,6,0,36,18,29,19,9,21
540152,2,1,1992,0,0,0,0,0,0,0,0,0,0
540153,1,1,1992,12,20,12,11,34,18,19,22,28,10
540154,0,1,1992,0,5,0,12,18,0,28,0,0,0
540154,1,1,1992,23,23,23,23,23,23,23,23,23,23
540155,1,1,1992,0,0,0,0,0,0,0,0,0,0
540156,1,1,1992,0,0,0,0,14,0,0,0,0,0
540156,2,1,1992,0,0,0,0,0,0,0,0,0,0
540157,1,1,1992,0,0,0,0,0,0,0,0,0,0
540157,2,1,1992,18,18,18,18,18,18,18,18,18,18
540158,1,1,1992,0,0,0,0,0,0,0,0,0,0
540158,2,1,1992,0,0,0,0,0,0,0,0,0,0
540159,1,1,1992,7,12,13,21,13,11,30,27,9,12
540160,1,1,1992,8,8,8,8,8,8,8,8,8,8
540161,1,1,1992,17,5,12,0,0,0,0,0,0,0
540162,1,1,1992,0,0,0,0,0,0,0,0,0,0
540162,2,1,1992,0,0,0,0,0,0,0,0,0,0
540163,1,1,1992,9,3,15,9,10,3,25,17,16,9
540164,1,1,1992,8,11,0,0,0,7,0,0,5,3
540164,2,1,1992,0,0,0,0,0,0,0,0,0,0
540165,0,1,1992,21,21,21,21,21,21,21,21,21,21
540165,1,1,1992,0,0,0,0,0,0,0,0,0,0
540166,1,1,1992,17,17,17,17,17,17,17,17,17,17
540167,1,1,1992,0,0,26,0,0,0,0,0,0,0
540167,2,1,1992,0,0,0,0,0,0,0,0,0,0
540168,1,1,1992,0,0,0,0,0,0,0,0,0,0
540168,2,1,1992,0,0,0,0,0,0,0,0,0,0
540169,1,1,1992,0,0,0,0,0,0,0,0,0,0
540170,1,1,1992,26,26,26,26,26,26,26,26,26,26
540171,1,1,1992,0,0,0,0,0,0,0,17,0,0
540171,2,1,1992,0,0,0,0,0,0,0,0,0,0
540171,3,1,1992,0,0,0,0,0,0,0,0,0,0
540172,1,1,1992,8,8,8,8,8,8,8,8,8,8
540173,1,1,1992,0,0,0,0,0,0,0,0,0,0
540173,2,1,1992,0,0,25,0,0,0,0,0,0,0
540174,1,1,1992,0,0,0,0,0,0,0,0,0,0
540175,1,1,1992,2,2,2,2,2,2,2,2,2,2
540175,2,1,1992,20,0,0,26,0,0,0,0,19,0
540176,1,1,1992,20,20,20,20,20,20,20,20,20,20
540177,1,1,1992,22,22,22,22,22,22,22,22,22,22
540178,0,1,1992,0,0,0,0,0,0,0,0,0,0
540178,1,1,1992,0,0,0,0,0,0,0,0,0,0
540179,1,1,1992,19,19,19,19,19,19,19,19,19,19
540179,2,1,1992,0,0,0,0,0,0,0,0,0,0
540180,1,1,1992,0,0,0,0,0,0,0,0,0,0
540181,1,1,1992,29,29,29,29,29,29,29,29,29,29
540182,1,1,1992,25,25,25,25,25,25,25,25,25,25
540183,1,1,1992,18,18,18,18,18,18,18,18,18,18
540183,2,1,1992,0,0,0,0,0,0,0,0,0,0
540184,1,1,1992,0,0,0,0,0,0,0,0,0,0
540184,2,1,1992,0,0,0,0,0,0,0,0,0,0
540185,1,1,1992,18,18,18,18,18,18,18,18,18,18
540186,1,1,1992,9,9,9,9,9,9,9,9,9,9