ST_CASE,VEH_NO,PER_NO,YEAR,P1,P2,P3,P4,P5,P6,P7,P8,P9,P10
540187,1,1,1992,17,17,17,17,17,17,17,17,17,17
540188,1,1,1992,37,37,37,37,37,37,37,37,37,37
540189,1,1,1992,0,0,0,0,0,0,0,0,0,0
540189,2,1,1992,13,13,13,13,13,13,13,13,13,13
540190,1,1,1992,0,0,0,0,0,0,0,0,0,0
540191,1,1,1992,4,4,4,4,4,4,4,4,4,4
540192,1,1,1992,0,12,0,0,0,0,0,0,0,0
540192,2,1,1992,0,0,0,0,0,0,0,15,0,0
540194,1,1,1992,0,0,0,0,0,0,0,0,0,0
540194,2,1,1992,0,0,0,0,0,0,0,0,0,0
540195,0,1,1992,8,8,8,8,8,8,8,8,8,8
540195,1,1,1992,0,0,15,0,0,0,0,0,0,0
540196,1,1,1992,0,0,0,0,0,0,0,0,0,9
540196,2,1,1992,17,17,17,17,17,17,17,17,17,17
540197,1,1,1992,0,0,0,0,0,0,0,0,0,0
540197,2,1,1992,4,0,0,0,0,0,0,0,0,0
540198,1,1,1992,0,0,0,0,0,0,0,0,0,0
540199,1,1,1992,0,0,0,0,0,0,0,0,0,0
540199,2,1,1992,31,31,31,31,31,31,31,31,31,31
540199,3,1,1992,0,0,0,0,0,0,0,0,0,0
540200,1,1,1992,17,17,17,17,17,17,17,17,17,17
540201,1,1,1992,25,25,25,25,25,25,25,25,25,25
540202,1,1,1992,0,0,0,0,0,0,0,0,0,0
540203,1,1,1992,0,0,0,0,0,0,0,0,0,0
540204,1,1,1992,9,9,9,9,9,9,9,9,9,9
540205,1,1,1992,0,0,0,0,0,0,0,0,0,0
540206,1,1,1992,0,0,0,0,0,0,0,0,0,0
540207,1,1,1992,19,19,19,19,19,19,19,19,19,19
540207,2,1,1992,0,0,0,0,0,0,0,0,0,0
540207,3,1,1992,0,0,0,0,0,0,0,0,0,0
540208,1,1,1992,31,31,31,31,31,31,31,31,31,31
540209,1,1,1992,0,0,0,0,0,0,0,0,0,0
540209,2,1,1992,0,0,0,0,0,0,0,0,0,0
540210,1,1,1992,1,1,1,1,1,1,1,1,1,1
540212,1,1,1992,0,0,0,0,0,0,0,0,0,0
540213,1,1,1992,16,16,16,16,16,16,16,16,16,16
540214,1,1,1992,0,0,0,0,0,0,0,0,0,0
540215,1,1,1992,0,0,0,0,0,0,0,0,0,0
540216,1,1,1992,24,24,24,24,24,24,24,24,24,24
540217,1,1,1992,10,10,10,10,10,10,10,10,10,10
540218,0,1,1992,0,0,0,0,0,0,0,25,0,8
540218,1,1,1992,0,0,0,0,0,0,0,0,0,0
540219,1,1,1992,0,0,6,0,0,0,0,0,5,0
540221,1,1,1992,10,10,10,10,10,10,10,10,10,10
540222,1,1,1992,0,0,0,0,0,0,0,0,0,0
540223,1,1,1992,0,0,0,0,0,0,0,0,0,0
540224,1,1,1992,16,16,16,16,16,16,16,16,16,16
540225,1,1,1992,0,0,0,0,0,0,0,0,0,0
540226,1,1,1992,0,0,0,0,0,0,0,0,0,0
540227,1,1,1992,0,0,0,0,0,12,0,0,0,0
540228,1,1,1992,31,31,31,31,31,31,31,31,31,31
540229,1,1,1992,0,0,0,0,0,0,0,0,0,0
540229,2,1,1992,0,0,0,0,0,0,0,0,0,0
540230,1,1,1992,0,0,0,0,0,0,0,0,0,0
540230,2,1,1992,0,0,0,0,0,0,0,0,0,0
540231,1,1,1992,17,17,17,17,17,17,17,17,17,17
540232,1,1,1992,5,5,5,5,5,5,5,5,5,5
540233,1,1,1992,29,36,25,26,32,21,30,8,36,25
540234,1,1,1992,0,0,0,0,0,0,0,0,0,0
540234,2,1,1992,0,0,0,0,0,0,0,0,0,0
540235,0,1,1992,18,18,18,18,18,18,18,18,18,18
540235,1,1,1992,0,0,0,0,0,0,0,0,0,0
540236,1,1,1992,0,0,0,0,0,0,0,0,0,0
540236,2,1,1992,10,10,10,10,10,10,10,10,10,10
540236,3,1,1992,0,0,0,0,0,0,0,0,0,0
540236,4,1,1992,0,0,0,0,0,0,0,0,0,0
540237,1,1,1992,0,0,0,0,0,0,0,0,0,0
540237,2,1,1992,0,0,0,0,0,0,0,0,0,0
540238,1,1,1992,0,0,0,0,0,0,0,0,0,0
540238,2,1,1992,0,0,0,0,0,0,0,0,0,0
540239,0,1,1992,0,0,0,0,0,0,0,0,0,0
540239,1,1,1992,0,0,0,0,0,0,0,0,0,0
540240,1,1,1992,22,22,22,22,22,22,22,22,22,22
540241,1,1,1992,0,14,0,15,10,10,0,17,0,0
540242,1,1,1992,0,0,0,0,0,0,0,0,0,0
540243,1,1,1992,0,0,0,0,0,0,0,0,0,0
540244,1,1,1992,0,0,0,0,0,0,0,0,0,0
540245,1,1,1992,0,0,0,0,0,0,0,0,0,0
540246,1,1,1992,13,0,0,0,0,0,12,13,0,0
540246,2,1,1992,0,0,0,0,0,0,0,0,0,0
540247,1,1,1992,0,0,0,0,0,0,0,0,0,0
540248,1,1,1992,0,9,0,0,0,0,0,0,0,0
540248,2,1,1992,0,0,0,0,0,0,0,0,0,0
540249,1,1,1992,0,0,0,0,0,0,0,0,0,0
540249,2,1,1992,0,0,0,0,0,0,0,0,0,0
540249,3,1,1992,0,0,0,0,0,0,0,0,0,0
540250,1,1,1992,10,10,10,10,10,10,10,10,10,10
540251,1,1,1992,0,27,7,20,17,10,34,0,0,17
540252,1,1,1992,22,22,22,22,22,22,22,22,22,22
540253,1,1,1992,0,0,0,0,0,0,0,0,0,0
540253,2,1,1992,0,0,0,0,0,0,0,0,0,0
540254,1,1,1992,9,9,9,9,9,9,9,9,9,9
540255,1,1,1992,0,0,0,0,0,0,0,0,0,0
540255,2,1,1992,0,0,0,0,0,0,0,0,0,0
540255,3,1,1992,0,0,0,0,0,0,0,0,0,0
540256,1,1,1992,0,0,0,0,0,0,0,0,13,0
540257,1,1,1992,0,0,0,0,0,0,0,0,0,0
540258,0,1,1992,16,16,16,16,16,16,16,16,16,16
540258,1,1,1992,0,0,0,0,0,0,0,0,0,0
540259,1,1,1992,18,18,18,18,18,18,18,18,18,18
540260,1,1,1992,0,0,0,0,0,0,0,0,0,0
540261,1,1,1992,8,8,8,8,8,8,8,8,8,8
540262,1,1,1992,0,0,0,0,0,0,0,0,0,0
540263,1,1,1992,2,2,2,2,2,2,2,2,2,2
540264,1,1,1992,0,0,0,0,0,0,0,0,0,0
540265,1,1,1992,26,26,26,26,26,26,26,26,26,26
540266,1,1,1992,0,3,0,0,0,0,0,0,0,0
540267,1,1,1992,26,26,26,26,26,26,26,26,26,26
540268,1,1,1992,0,0,0,0,0,0,0,0,0,0
540269,0,1,1992,0,0,0,29,0,0,0,0,18,0
540269,1,1,1992,0,0,0,0,0,0,0,0,0,0
540270,1,2,1992,28,29,30,18,12,15,33,0,9,17
540271,1,1,1992,0,0,0,0,0,0,0,14,0,0
540272,1,1,1992,0,0,0,0,0,0,0,0,0,0
540273,1,1,1992,0,0,0,0,0,0,0,0,0,0
540273,2,1,1992,0,0,0,0,0,0,0,0,0,0
540274,1,1,1992,0,0,0,0,0,0,0,0,7,0
540274,2,1,1992,0,0,0,0,0,0,0,0,0,5
540274,3,1,1992,0,0,0,0,0,0,0,0,0,0
540275,1,1,1992,0,0,0,0,0,0,0,0,0,0
540275,2,1,1992,0,0,0,0,0,0,0,0,19,0
540276,1,1,1992,61,61,61,61,61,61,61,61,61,61
540277,1,1,1992,0,0,0,0,0,0,0,0,0,0
540277,2,1,1992,0,0,0,0,0,0,0,0,0,0
540278,1,1,1992,21,21,21,21,21,21,21,21,21,21
540278,2,1,1992,0,0,0,10,0,0,0,0,0,0
540279,1,1,1992,0,0,0,0,0,0,0,0,5,0
540279,2,1,1992,0,0,0,0,0,0,0,0,0,0
540280,1,1,1992,21,21,21,21,21,21,21,21,21,21
540281,1,1,1992,0,0,0,0,0,0,0,0,10,0
540282,1,1,1992,0,0,0,0,0,13,0,0,0,0
540282,2,1,1992,0,0,0,0,0,0,0,0,0,0
540283,1,1,1992,0,0,0,0,0,0,0,0,0,0
540283,2,1,1992,6,14,11,5,12,16,14,11,23,17
540284,1,1,1992,18,18,18,18,18,18,18,18,18,18
540285,1,1,1992,0,0,0,0,0,0,0,0,0,0
540285,2,1,1992,0,0,0,0,0,0,3,0,0,0
540286,1,1,1992,0,0,0,0,0,0,0,0,0,0
540286,2,1,1992,20,20,20,20,20,20,20,20,20,20
540287,1,1,1992,0,0,0,0,0,0,0,0,0,0
540287,2,1,1992,0,0,0,0,0,0,0,0,0,0
540288,1,1,1992,0,0,0,0,0,0,0,0,0,0
540288,2,1,1992,26,26,26,26,26,26,26,26,26,26
540289,1,1,1992,36,36,36,36,36,36,36,36,36,36
540290,1,1,1992,11,11,11,11,11,11,11,11,11,11
540291,1,1,1992,0,0,0,0,0,0,0,0,0,0
540291,2,1,1992,0,0,0,0,0,0,0,0,0,0
540292,1,1,1992,0,0,0,0,0,0,0,0,0,0
540292,2,1,1992,0,0,0,0,0,0,0,0,0,0
540293,1,1,1992,16,16,16,16,16,16,16,16,16,16
540294,1,1,1992,0,0,0,0,0,0,0,0,0,0
540294,2,1,1992,0,0,0,0,0,0,0,0,0,0
540295,1,1,1992,0,0,0,0,0,0,0,0,0,0
540296,1,1,1992,0,0,0,0,0,0,0,0,0,0
540297,1,1,1992,14,14,14,14,14,14,14,14,14,14
540298,0,1,1992,10,10,10,10,10,10,10,10,10,10
540298,1,1,1992,0,0,0,0,0,0,0,0,0,0
540299,1,1,1992,0,0,0,0,0,0,0,0,0,0
540300,1,1,1992,15,15,15,15,15,15,15,15,15,15
540301,1,1,1992,0,0,0,0,0,0,0,0,0,0
540302,1,1,1992,0,0,0,0,0,0,0,0,0,0
540302,2,1,1992,0,0,20,0,0,0,0,0,0,0
540303,1,1,1992,0,0,0,0,0,0,0,0,0,0
540303,2,1,1992,0,0,0,0,0,0,0,0,0,0
540304,0,1,1992,0,0,0,0,0,0,0,0,0,0
540304,1,1,1992,0,0,0,0,0,0,0,0,0,0
540305,1,1,1992,11,11,11,11,11,11,11,11,11,11
540306,1,1,1992,30,30,30,30,30,30,30,30,30,30
540306,2,1,1992,18,18,18,18,18,18,18,18,18,18
540307,1,1,1992,17,17,17,17,17,17,17,17,17,17
540308,1,1,1992,0,0,0,0,0,0,70,0,0,0
540308,2,1,1992,0,0,0,0,0,0,0,0,0,0
540309,0,1,1992,25,25,25,25,25,25,25,25,25,25
540309,1,1,1992,0,0,17,0,0,0,0,0,0,0
540310,1,1,1992,0,0,0,0,0,0,0,0,0,0
540310,2,1,1992,0,0,0,0,0,0,0,0,0,0
540311,0,1,1992,5,5,5,5,5,5,5,5,5,5
540311,1,1,1992,0,0,0,0,0,0,0,0,0,0
540312,1,1,1992,26,26,26,26,26,26,26,26,26,26
540313,1,1,1992,0,0,0,0,0,0,0,0,0,0
540314,1,1,1992,23,23,23,23,23,23,23,23,23,23
540315,1,1,1992,14,14,14,14,14,14,14,14,14,14
540316,1,1,1992,0,0,0,0,0,0,0,0,0,0
540316,2,1,1992,0,0,0,0,0,0,0,0,0,0
540317,1,1,1992,0,0,0,0,0,0,0,0,0,0
540317,2,1,1992,0,0,0,0,0,0,0,0,0,0
540318,1,1,1992,18,14,27,0,12,18,19,28,22,14
540320,1,1,1992,0,0,0,0,0,0,0,0,0,0
540320,2,1,1992,0,0,0,0,0,0,0,0,0,0
540321,0,1,1992,0,0,0,0,0,0,0,0,0,0
540321,1,1,1992,0,0,0,0,0,0,0,0,0,0
540322,1,1,1992,13,13,13,13,13,13,13,13,13,13
540323,1,1,1992,14,0,0,0,0,0,0,0,0,0
540323,2,1,1992,12,12,12,12,12,12,12,12,12,12
540324,1,1,1992,5,5,5,5,5,5,5,5,5,5
540324,2,1,1992,13,13,13,13,13,13,13,13,13,13
540325,1,1,1992,29,29,29,29,29,29,29,29,29,29
540326,1,1,1992,0,0,0,0,0,0,0,0,0,0
540327,1,1,1992,0,0,0,0,0,0,0,0,0,0
540328,1,1,1992,0,0,0,0,0,0,0,0,0,0
540328,2,1,1992,0,0,0,0,0,0,0,0,0,0
540329,0,1,1992,0,0,0,0,0,0,0,0,0,0
540329,1,1,1992,0,0,0,0,0,0,0,0,0,0
540330,1,1,1992,0,0,0,0,0,0,0,0,0,0
540330,2,1,1992,0,0,0,0,0,0,0,0,0,0
540331,1,1,1992,10,10,10,10,10,10,10,10,10,10
540331,2,1,1992,0,0,0,0,0,0,0,0,0,0
540332,0,1,1992,0,0,0,0,0,0,0,0,0,0
540332,0,2,1992,0,0,0,0,0,0,0,0,0,0
540332,1,1,1992,0,30,0,0,0,0,0,0,0,0
540333,1,1,1992,0,0,14,0,0,0,0,0,0,0
540334,1,1,1992,0,0,0,0,0,0,0,0,0,0
540334,2,1,1992,0,0,0,0,0,0,0,0,0,0
540335,1,1,1992,27,27,27,27,27,27,27,27,27,27
540336,1,1,1992,0,0,0,0,0,0,0,0,0,0
540336,2,1,1992,0,0,0,0,0,0,0,0,0,0
540337,0,1,1992,28,28,28,28,28,28,28,28,28,28
540337,1,1,1992,7,0,0,0,0,0,0,0,0,0
540338,1,1,1992,18,18,18,18,18,18,18,18,18,18
540339,1,1,1992,0,0,0,0,0,0,0,0,0,0
540339,2,1,1992,0,0,0,0,0,0,0,0,0,0
540340,0,1,1992,0,0,0,0,0,0,0,0,0,0
540340,1,1,1992,0,0,0,0,0,0,0,0,0,0
540341,1,1,1992,14,14,14,14,14,14,14,14,14,14
540342,1,1,1992,0,0,0,0,0,0,0,0,0,0
540342,2,1,1992,0,0,0,0,0,0,0,0,0,0
540343,1,1,1992,12,12,12,12,12,12,12,12,12,12
540344,1,1,1992,6,6,6,6,6,6,6,6,6,6
540345,1,1,1992,10,10,10,10,10,10,10,10,10,10
540346,1,1,1992,11,11,11,11,11,11,11,11,11,11
540346,2,1,1992,0,0,0,0,0,0,0,0,0,0
540347,0,1,1992,9,9,9,9,9,9,9,9,9,9
540347,1,1,1992,0,0,0,0,0,0,0,0,0,0
540348,1,1,1992,0,0,0,0,0,0,0,0,0,0
540349,1,1,1992,28,28,28,28,28,28,28,28,28,28
540350,1,1,1992,0,0,0,0,0,0,0,0,0,0
540350,2,1,1992,0,0,0,0,0,0,0,0,0,0
540351,1,1,1992,7,0,0,0,0,0,0,0,0,0
540351,2,1,1992,0,0,0,0,0,0,0,0,0,0
540352,1,1,1992,40,0,18,0,15,0,14,0,4,15
540353,1,1,1992,10,10,10,10,10,10,10,10,10,10
540354,1,1,1992,0,0,0,0,0,0,0,0,0,0
540355,1,1,1992,0,0,0,0,0,0,0,0,0,0
540356,1,1,1992,0,0,0,0,0,0,0,0,0,0
540357,1,1,1992,0,0,0,0,0,0,0,0,0,0
540357,2,1,1992,0,0,0,0,0,0,0,0,0,0
540358,1,1,1992,0,0,0,0,0,0,0,0,0,0
540358,2,1,1992,0,0,0,0,0,0,0,0,0,0
540359,0,1,1992,30,30,30,30,30,30,30,30,30,30
540359,1,1,1992,0,0,0,0,20,0,0,0,0,0
540360,1,1,1992,14,20,6,5,24,22,15,14,25,8
540360,2,1,1992,0,0,0,0,0,0,0,0,0,0
540362,1,1,1992,0,0,0,0,0,0,0,0,0,0
540362,2,1,1992,0,0,0,0,0,0,0,0,0,0
540363,1,1,1992,0,0,0,0,0,0,0,0,0,0
540364,1,1,1992,14,14,14,14,14,14,14,14,14,14
540365,1,1,1992,0,0,0,0,0,0,0,0,0,0
540366,1,1,1992,0,0,0,0,0,0,0,0,0,0
540366,2,1,1992,0,0,0,0,0,0,0,0,0,0
540367,1,1,1992,16,16,16,16,16,16,16,16,16,16
540368,1,1,1992,15,15,15,15,15,15,15,15,15,15
540369,1,1,1992,14,14,14,14,14,14,14,14,14,14
540370,1,1,1992,0,0,0,0,0,0,0,0,0,0
540371,1,1,1992,10,10,10,10,10,10,10,10,10,10
540372,1,1,1992,1,1,1,1,1,1,1,1,1,1
540373,1,1,1992,0,0,0,0,0,0,0,0,0,0
540374,1,1,1992,35,35,35,35,35,35,35,35,35,35
550001,1,1,1992,0,18,0,0,0,0,0,0,0,0
550001,2,1,1992,0,0,0,0,0,0,0,0,0,0
550002,0,1,1992,0,0,0,0,0,0,0,0,0,0
550002,1,1,1992,0,0,0,0,0,0,0,0,0,0
550003,1,1,1992,39,39,39,39,39,39,39,39,39,39
550003,2,1,1992,0,18,0,0,0,0,17,0,0,0
550004,1,1,1992,0,0,0,0,0,0,0,0,0,11
550004,2,1,1992,0,0,5,0,11,0,0,0,25,2
550005,1,1,1992,26,26,26,26,26,26,26,26,26,26
550005,2,1,1992,0,0,0,0,0,0,0,0,0,0
550006,1,1,1992,9,9,9,9,9,9,9,9,9,9
550006,2,1,1992,0,0,0,0,0,0,0,0,0,0
550007,1,1,1992,16,16,16,16,16,16,16,16,16,16
550008,1,1,1992,6,6,6,6,6,6,6,6,6,6
550008,2,1,1992,0,0,0,0,0,0,0,6,0,0
550009,1,1,1992,15,15,15,15,15,15,15,15,15,15
550010,1,1,1992,0,0,0,0,0,0,17,20,23,0
550011,1,1,1992,0,0,0,0,0,0,0,0,0,0
550012,1,1,1992,0,0,3,0,0,0,0,0,0,0
550012,2,1,1992,0,0,0,0,0,0,0,0,0,0
550013,1,1,1992,0,0,0,0,0,0,0,0,0,0
550014,1,1,1992,0,0,0,0,0,0,0,0,0,0
550014,2,1,1992,0,0,0,0,0,0,0,0,0,0
550015,1,1,1992,0,0,0,0,0,0,0,0,0,0
550015,2,1,1992,0,0,0,0,0,0,0,0,0,0
550015,3,1,1992,0,0,0,0,0,0,0,0,0,0
550016,1,1,1992,0,0,0,0,0,0,0,0,0,0
550016,2,1,1992,0,0,0,0,0,0,0,0,0,0
550017,0,1,1992,0,0,0,0,0,0,0,0,0,0
550017,1,1,1992,24,24,24,24,24,24,24,24,24,24
550018,1,1,1992,0,0,0,0,0,0,0,0,0,0
550019,1,1,1992,32,32,32,32,32,32,32,32,32,32
550020,1,1,1992,0,0,0,0,0,0,0,0,0,0
550020,2,1,1992,0,0,0,0,0,0,0,0,0,0
550021,1,1,1992,25,25,25,25,25,25,25,25,25,25
550021,2,1,1992,0,0,0,0,0,0,0,0,0,0
550021,3,1,1992,0,0,0,0,0,0,0,0,0,0
550022,1,1,1992,0,0,0,0,0,0,0,0,0,0
550023,1,1,1992,20,20,20,20,20,20,20,20,20,20
550024,1,1,1992,0,15,0,0,0,0,0,0,0,0
550024,2,1,1992,8,8,8,8,8,8,8,8,8,8
550025,1,1,1992,12,9,25,14,23,21,8,10,13,14
550026,1,1,1992,0,0,0,0,0,0,0,0,0,0
550026,2,1,1992,0,0,0,0,0,0,0,0,0,0
550027,1,1,1992,0,0,0,0,0,0,0,0,0,0
550027,2,1,1992,11,11,11,11,11,11,11,11,11,11
550028,1,1,1992,0,0,0,0,0,0,0,0,0,0
550028,2,1,1992,0,0,0,0,0,0,0,0,0,0
550029,1,1,1992,0,0,0,0,0,0,0,0,0,0
550029,2,1,1992,0,0,0,0,0,0,0,0,0,0
550030,1,1,1992,4,0,0,0,0,0,0,0,0,0
550030,2,1,1992,0,0,0,0,0,0,0,0,0,0
550032,1,1,1992,0,0,0,0,0,0,0,0,0,0
550032,2,1,1992,0,0,0,0,0,0,0,0,0,0
550033,1,1,1992,0,0,0,0,0,0,0,0,0,0
550033,2,1,1992,5,0,0,0,0,0,0,0,0,0
550034,0,1,1992,30,30,30,30,30,30,30,30,30,30
550034,1,1,1992,13,0,0,0,0,0,0,0,13,0
550035,1,1,1992,17,17,17,17,17,17,17,17,17,17
550036,1,1,1992,0,0,0,0,0,0,0,0,0,0
550037,1,1,1992,0,0,0,0,0,0,0,0,0,0
550037,2,1,1992,17,17,17,17,17,17,17,17,17,17
550038,1,1,1992,0,0,0,0,0,0,0,0,0,0
550038,2,1,1992,0,0,0,0,0,0,0,0,0,0
550039,1,1,1992,17,17,17,17,17,17,17,17,17,17
550039,2,1,1992,0,0,0,0,0,0,0,0,0,0
550040,0,1,1992,0,0,0,0,0,0,0,0,0,0
550040,1,1,1992,0,0,0,0,0,0,0,0,0,0
550041,1,1,1992,0,0,0,0,0,0,0,0,0,0
550041,2,1,1992,0,0,0,0,0,0,0,0,0,0
550042,1,1,1992,0,0,0,0,0,0,0,0,0,0
550042,2,1,1992,0,0,0,0,0,0,0,0,0,0
550042,3,1,1992,0,0,0,0,0,0,0,0,0,0
550043,0,1,1992,0,0,0,0,0,0,0,0,0,0
550043,1,1,1992,0,0,0,0,0,0,0,0,0,0
550044,1,1,1992,18,18,18,18,18,18,18,18,18,18
550045,1,1,1992,21,21,21,21,21,21,21,21,21,21
550046,1,1,1992,0,0,0,0,0,18,0,0,27,14
550046,2,1,1992,0,0,0,0,0,0,15,0,0,0
550047,1,1,1992,28,28,28,28,28,28,28,28,28,28
550048,1,1,1992,0,0,0,0,0,0,0,0,0,0
550049,1,1,1992,0,0,0,0,0,0,0,0,0,0
550049,2,1,1992,0,0,0,0,0,0,0,0,0,0
550049,3,1,1992,0,0,0,0,0,0,0,0,0,0
550051,1,1,1992,11,11,11,11,11,11,11,11,11,11
550052,1,1,1992,18,18,18,18,18,18,18,18,18,18
550053,1,1,1992,0,0,0,0,0,0,0,0,0,0
550053,2,1,1992,0,0,0,0,0,0,0,0,0,0
550054,1,1,1992,14,14,14,14,14,14,14,14,14,14
550054,2,1,1992,22,22,22,22,22,22,22,22,22,22
550055,1,1,1992,0,0,0,0,0,0,0,0,0,0
550055,2,1,1992,0,0,0,0,0,0,0,0,0,0
550056,0,1,1992,0,0,0,0,0,0,0,0,0,0
550056,1,1,1992,0,0,0,0,0,0,0,0,0,0
550057,1,1,1992,0,0,0,0,0,0,0,0,0,0
550057,2,1,1992,0,0,0,0,0,0,0,0,0,0
550057,3,1,1992,16,16,16,16,16,16,16,16,16,16
550058,1,1,1992,0,0,0,0,0,0,0,0,0,0
550059,1,1,1992,0,0,0,0,0,0,0,0,0,10
550059,2,1,1992,0,0,0,0,0,0,8,0,0,0
550060,1,1,1992,0,0,0,0,0,0,0,0,0,0
550061,0,1,1992,0,0,0,0,0,0,0,0,0,0
550061,1,1,1992,15,0,0,9,7,6,0,19,0,0
550062,1,1,1992,0,0,0,0,0,0,0,0,0,0
550062,2,1,1992,0,0,0,12,0,0,0,0,0,13
550063,1,1,1992,0,0,0,0,0,0,0,0,0,0
550064,1,1,1992,0,0,0,0,0,0,0,0,0,0
550064,2,1,1992,0,0,0,0,0,0,0,0,0,0
550065,1,1,1992,0,0,0,0,0,0,0,0,0,0
550065,2,1,1992,0,0,0,0,0,0,0,0,0,0
550066,1,1,1992,0,0,0,0,0,0,0,0,0,0
550067,1,1,1992,0,0,0,0,0,0,0,0,0,0
550067,2,1,1992,0,0,0,0,0,0,0,0,0,0
550068,0,1,1992,0,0,0,0,0,0,0,0,0,0
550068,1,1,1992,17,17,17,17,17,17,17,17,17,17
550069,1,1,1992,0,0,0,0,0,0,0,0,0,0
550069,2,1,1992,0,0,0,0,0,0,0,0,0,0
550069,3,1,1992,0,0,0,0,0,0,0,0,0,0
550070,1,1,1992,25,25,25,25,25,25,25,25,25,25
550070,2,1,1992,30,30,30,30,30,30,30,30,30,30
550071,1,1,1992,29,29,29,29,29,29,29,29,29,29
550072,1,1,1992,20,20,20,20,20,20,20,20,20,20
550073,0,1,1992,0,0,0,0,0,0,0,0,0,0
550073,1,1,1992,0,0,0,0,0,0,0,0,0,0
550074,1,1,1992,19,19,19,19,19,19,19,19,19,19
550075,1,1,1992,11,0,0,0,0,0,0,0,0,0
550075,2,1,1992,0,0,0,0,0,0,0,0,0,0
550076,0,1,1992,18,18,18,18,18,18,18,18,18,18
550076,1,1,1992,0,0,10,0,0,0,0,0,0,8
550077,1,1,1992,0,0,0,0,0,0,0,0,0,0
550078,0,1,1992,0,0,0,0,0,0,0,0,0,0
550078,0,2,1992,0,0,4,0,0,0,0,0,0,0
550078,1,1,1992,0,0,0,0,0,0,0,0,0,0
550079,1,1,1992,15,15,15,15,15,15,15,15,15,15
550080,1,1,1992,0,0,0,0,0,0,0,0,0,0
550080,2,1,1992,0,0,0,0,0,0,0,0,0,0
550081,1,1,1992,0,0,0,0,0,0,0,0,0,0
550082,1,1,1992,11,11,11,11,11,11,11,11,11,11
550083,1,1,1992,0,0,0,0,0,0,0,0,0,0
550084,0,1,1992,34,34,34,34,34,34,34,34,34,34
550084,1,1,1992,0,0,0,0,0,0,0,0,0,0
550085,1,1,1992,30,30,30,30,30,30,30,30,30,30
550086,1,1,1992,17,17,17,17,17,17,17,17,17,17
550086,2,1,1992,0,0,0,0,0,0,0,0,0,0
550087,1,1,1992,0,0,0,0,0,0,0,0,0,0
550087,2,1,1992,0,0,0,0,0,0,0,15,0,0
550088,1,1,1992,9,9,9,9,9,9,9,9,9,9
550088,2,1,1992,0,0,0,0,0,0,0,0,0,0
550089,1,1,1992,0,0,0,0,54,0,0,0,0,0
550089,2,1,1992,34,34,34,34,34,34,34,34,34,34
550090,1,1,1992,24,24,24,24,24,24,24,24,24,24
550091,1,1,1992,12,12,12,12,12,12,12,12,12,12
550092,1,1,1992,2,2,2,2,2,2,2,2,2,2
550092,2,1,1992,0,0,0,0,0,17,5,0,0,0
550093,1,1,1992,0,0,0,0,0,0,0,0,0,0
550093,2,1,1992,12,0,8,0,0,0,0,0,0,0
550094,1,1,1992,20,20,20,20,20,20,20,20,20,20
550095,0,1,1992,0,0,0,0,0,0,0,0,0,0
550095,1,1,1992,13,0,10,0,0,0,0,0,0,0
550096,1,1,1992,0,0,0,0,0,0,0,0,0,0
550096,2,1,1992,6,6,6,6,6,6,6,6,6,6
550097,1,1,1992,1,1,1,1,1,1,1,1,1,1
550097,2,1,1992,0,0,0,0,0,0,0,0,0,0
550098,0,1,1992,0,0,0,0,0,0,0,0,0,0
550098,1,1,1992,0,0,0,0,0,0,0,0,0,0
550099,1,1,1992,0,0,0,0,0,0,0,0,0,0
550100,1,1,1992,25,25,25,25,25,25,25,25,25,25
550101,1,1,1992,0,0,0,3,13,0,0,0,0,0
550101,2,1,1992,0,0,0,0,15,0,0,0,0,0
550102,1,1,1992,18,18,18,18,18,18,18,18,18,18
550102,2,1,1992,0,0,0,10,0,0,0,12,0,0
550103,1,1,1992,0,0,0,0,0,0,0,0,0,0
550104,1,1,1992,0,0,0,0,0,0,0,0,0,0
550104,2,1,1992,0,0,0,0,0,0,0,0,0,0
550105,1,1,1992,17,17,17,17,17,17,17,17,17,17
550106,1,1,1992,28,28,28,28,28,28,28,28,28,28
550107,1,1,1992,0,0,0,0,0,0,0,0,0,0
550108,1,1,1992,0,0,0,0,0,0,0,0,0,0
550108,2,1,1992,0,0,0,0,0,0,0,0,0,0
550109,1,1,1992,0,29,0,0,0,0,0,0,14,0
550109,2,1,1992,0,0,0,0,0,0,0,0,0,0
550109,3,1,1992,0,0,0,0,0,0,0,0,0,0
550110,1,1,1992,21,21,21,21,21,21,21,21,21,21
550111,0,1,1992,0,0,0,0,0,0,0,0,0,0
550111,1,1,1992,0,0,0,0,0,0,0,0,0,0
550112,1,1,1992,15,15,15,15,15,15,15,15,15,15
550113,1,1,1992,0,0,0,0,0,0,0,0,0,0