ST_CASE,VEH_NO,PER_NO,YEAR,P1,P2,P3,P4,P5,P6,P7,P8,P9,P10
550113,2,1,1992,9,0,0,0,0,0,0,0,0,0
550113,3,1,1992,0,0,0,0,0,6,0,0,0,0
550113,4,1,1992,0,9,0,0,0,0,0,0,0,0
550113,5,1,1992,0,0,0,0,0,0,0,0,0,0
550113,6,1,1992,0,0,0,0,0,0,0,0,0,9
550113,7,1,1992,0,0,0,0,16,0,0,0,0,0
550114,1,1,1992,0,0,0,0,0,0,0,0,0,0
550114,2,1,1992,0,0,0,0,0,0,0,0,0,0
550115,1,1,1992,0,0,0,0,0,0,0,0,0,0
550116,1,1,1992,0,9,0,14,0,0,0,7,0,0
550116,2,1,1992,0,0,0,0,0,0,0,0,0,0
550117,1,1,1992,5,5,5,5,5,5,5,5,5,5
550118,1,1,1992,0,0,0,0,0,0,0,0,0,0
550118,2,1,1992,0,0,0,0,0,0,0,0,0,0
550119,1,1,1992,14,14,14,14,14,14,14,14,14,14
550120,1,1,1992,0,0,0,0,0,0,0,0,0,0
550120,2,1,1992,0,0,0,0,0,0,0,0,0,0
550121,1,1,1992,21,21,21,21,21,21,21,21,21,21
550122,1,1,1992,0,0,0,0,0,0,0,0,0,0
550123,1,1,1992,0,0,0,0,0,0,0,0,0,0
550124,1,1,1992,0,0,0,0,0,0,0,0,0,0
550125,1,1,1992,0,0,0,0,0,0,0,0,0,0
550126,1,1,1992,26,26,26,26,26,26,26,26,26,26
550126,2,1,1992,6,0,0,0,0,10,0,0,0,6
550127,1,1,1992,0,0,0,0,0,0,0,0,0,0
550127,2,1,1992,0,0,0,0,0,0,0,0,0,0
550127,3,1,1992,0,0,0,0,0,0,0,0,0,0
550128,1,1,1992,4,4,4,4,4,4,4,4,4,4
550129,1,1,1992,0,0,0,0,0,0,0,0,0,0
550129,2,1,1992,0,0,0,0,0,0,0,0,0,0
550130,1,1,1992,16,16,16,16,16,16,16,16,16,16
550131,1,1,1992,4,5,18,6,14,7,20,8,12,12
550132,1,1,1992,21,21,21,21,21,21,21,21,21,21
550133,1,1,1992,0,0,0,0,0,0,0,0,0,0
550134,1,1,1992,10,10,10,10,10,10,10,10,10,10
550135,1,1,1992,0,0,0,0,0,0,0,0,0,0
550135,2,1,1992,0,0,0,7,0,0,0,0,0,0
550136,1,1,1992,0,0,0,0,0,0,0,0,0,0
550137,1,1,1992,0,0,0,0,0,0,0,0,0,0
550137,2,1,1992,0,0,0,0,0,0,0,0,0,0
550138,1,1,1992,0,0,0,0,0,0,0,0,0,0
550139,1,1,1992,0,0,0,14,0,0,0,6,0,0
550140,1,1,1992,14,14,14,14,14,14,14,14,14,14
550141,0,1,1992,0,0,0,0,0,0,0,0,0,0
550141,1,1,1992,0,0,0,0,0,0,0,0,0,0
550142,1,1,1992,23,23,23,23,23,23,23,23,23,23
550142,2,1,1992,0,0,0,0,0,0,0,0,0,0
550143,1,1,1992,18,18,18,18,18,18,18,18,18,18
550144,1,1,1992,14,14,14,14,14,14,14,14,14,14
550145,1,1,1992,22,22,22,22,22,22,22,22,22,22
550146,1,1,1992,22,22,22,22,22,22,22,22,22,22
550147,1,1,1992,0,0,0,0,0,0,0,0,0,0
550148,1,1,1992,0,0,0,0,0,0,0,0,0,0
550149,0,1,1992,0,0,0,0,0,0,0,0,0,0
550149,1,1,1992,0,0,0,0,0,0,0,0,0,0
550150,1,1,1992,27,27,27,27,27,27,27,27,27,27
550150,2,1,1992,0,0,0,0,0,0,0,0,0,0
550151,1,1,1992,31,31,31,31,31,31,31,31,31,31
550151,2,1,1992,0,0,0,0,0,0,0,0,0,0
550152,1,1,1992,0,0,0,0,0,0,0,0,0,0
550152,2,1,1992,0,0,0,0,0,0,0,0,0,0
550153,1,1,1992,16,16,16,16,16,16,16,16,16,16
550154,1,1,1992,14,14,14,14,14,14,14,14,14,14
550155,1,1,1992,0,0,0,0,0,0,0,0,0,0
550155,2,1,1992,0,0,0,0,0,0,0,0,0,0
550156,1,1,1992,17,17,17,17,17,17,17,17,17,17
550157,1,1,1992,0,0,0,0,0,0,0,0,0,0
550158,1,1,1992,0,0,0,0,0,0,0,0,0,0
550158,2,1,1992,0,0,0,0,0,0,0,0,0,0
550158,3,1,1992,0,19,0,0,0,0,0,0,0,0
550159,1,1,1992,19,19,19,19,19,19,19,19,19,19
550159,2,1,1992,19,19,19,19,19,19,19,19,19,19
550160,1,1,1992,0,0,0,0,0,0,0,0,0,0
550160,2,1,1992,0,0,0,0,0,0,0,0,0,0
550161,0,1,1992,0,0,0,0,0,0,0,0,0,12
550161,1,1,1992,0,0,0,0,0,0,0,0,0,0
550162,1,1,1992,6,6,6,6,6,6,6,6,6,6
550163,1,1,1992,32,32,32,32,32,32,32,32,32,32
550164,1,1,1992,0,0,0,0,0,0,0,0,0,0
550164,2,1,1992,0,0,0,0,0,0,0,0,0,0
550165,1,1,1992,0,0,0,0,0,0,0,0,0,0
550165,2,1,1992,0,0,0,0,0,0,0,0,0,0
550165,3,1,1992,0,0,0,0,0,0,0,0,0,0
550166,1,1,1992,0,0,0,0,0,0,0,0,0,0
550167,1,1,1992,21,21,21,21,21,21,21,21,21,21
550168,1,1,1992,21,21,21,21,21,21,21,21,21,21
550168,2,1,1992,0,0,0,0,0,0,0,0,0,0
550169,1,1,1992,24,24,24,24,24,24,24,24,24,24
550169,2,1,1992,16,16,16,16,16,16,16,16,16,16
550170,1,1,1992,0,0,0,0,0,0,0,0,0,0
550170,2,1,1992,0,0,0,0,18,0,0,0,0,13
550171,1,1,1992,0,0,0,9,0,0,15,0,0,0
550171,2,1,1992,0,0,0,0,0,0,0,0,0,0
550172,1,1,1992,0,0,0,0,0,0,0,0,0,0
550172,2,1,1992,0,0,0,9,0,0,9,0,18,23
550173,1,1,1992,0,0,0,0,0,0,0,0,0,0
550173,2,1,1992,0,0,0,0,0,0,0,0,0,0
550174,1,1,1992,3,3,3,3,3,3,3,3,3,3
550174,2,1,1992,0,0,0,0,0,0,0,0,0,0
550175,0,1,1992,0,0,0,0,0,0,0,0,0,0
550175,1,1,1992,0,0,0,0,0,0,0,0,0,0
550176,1,1,1992,0,0,0,0,0,0,0,18,0,0
550176,2,1,1992,0,0,0,0,0,0,0,0,0,0
550177,0,1,1992,0,0,0,0,0,0,0,0,0,0
550177,1,1,1992,0,0,0,0,0,0,0,0,0,0
550178,0,1,1992,0,0,0,0,0,0,0,0,0,0
550178,1,1,1992,0,0,0,8,0,0,0,13,0,0
550179,1,1,1992,21,21,21,21,21,21,21,21,21,21
550180,1,1,1992,0,0,0,0,0,0,0,0,0,0
550180,2,1,1992,3,0,0,13,0,0,0,0,0,7
550181,1,1,1992,0,0,0,0,0,0,0,0,0,0
550181,2,1,1992,21,21,21,21,21,21,21,21,21,21
550182,1,1,1992,0,20,0,25,0,0,0,0,0,0
550183,1,1,1992,16,25,14,27,25,15,17,14,21,14
550184,1,1,1992,0,0,0,0,0,0,0,0,0,0
550185,1,1,1992,8,8,8,8,8,8,8,8,8,8
550185,2,1,1992,6,6,6,6,6,6,6,6,6,6
550186,1,1,1992,0,0,0,6,0,0,0,0,0,0
550186,2,1,1992,30,30,30,30,30,30,30,30,30,30
550187,1,1,1992,31,31,31,31,31,31,31,31,31,31
550188,1,1,1992,21,21,21,21,21,21,21,21,21,21
550189,1,1,1992,0,0,0,0,0,0,0,0,0,0
550190,0,1,1992,0,0,0,0,0,0,0,0,0,0
550190,1,1,1992,0,0,0,0,0,0,0,0,0,0
550191,1,1,1992,15,15,15,15,15,15,15,15,15,15
550192,1,1,1992,3,3,3,3,3,3,3,3,3,3
550193,1,1,1992,0,0,0,0,0,0,0,0,0,0
550194,1,1,1992,15,15,15,15,15,15,15,15,15,15
550195,1,1,1992,12,12,12,12,12,12,12,12,12,12
550196,1,1,1992,22,22,22,22,22,22,22,22,22,22
550196,2,1,1992,13,13,13,13,13,13,13,13,13,13
550197,1,1,1992,18,18,18,18,18,18,18,18,18,18
550198,0,1,1992,0,0,0,0,0,0,0,0,0,0
550198,1,1,1992,0,0,0,0,0,0,0,0,0,0
550199,1,1,1992,0,0,0,0,0,0,0,0,0,0
550199,2,1,1992,0,0,0,0,0,0,0,0,0,0
550200,1,1,1992,13,13,13,13,13,13,13,13,13,13
550201,1,1,1992,20,20,20,20,20,20,20,20,20,20
550202,1,1,1992,14,14,14,14,14,14,14,14,14,14
550203,1,1,1992,20,20,20,20,20,20,20,20,20,20
550204,1,1,1992,3,3,3,3,3,3,3,3,3,3
550204,2,1,1992,0,0,0,0,0,0,0,0,0,0
550205,1,1,1992,0,0,0,0,0,0,0,0,0,0
550205,2,1,1992,0,0,0,0,0,0,0,0,0,0
550206,1,1,1992,0,13,0,0,0,0,0,14,0,0
550207,1,1,1992,4,4,4,4,4,4,4,4,4,4
550208,1,1,1992,0,0,0,0,0,0,0,0,0,0
550208,2,1,1992,0,0,0,0,0,0,0,0,0,0
550209,1,1,1992,0,0,0,0,0,0,0,0,0,0
550209,2,1,1992,4,0,0,0,0,0,0,0,0,0
550210,0,1,1992,0,0,0,0,0,0,0,0,0,0
550210,1,1,1992,0,0,0,0,0,0,0,0,0,0
550211,1,1,1992,29,29,29,29,29,29,29,29,29,29
550211,2,1,1992,0,0,0,0,0,0,0,0,0,0
550212,1,1,1992,0,0,0,0,0,0,0,0,0,0
550213,1,1,1992,0,0,0,0,0,0,0,0,0,0
550213,2,1,1992,37,37,37,37,37,37,37,37,37,37
550214,1,1,1992,12,12,12,12,12,12,12,12,12,12
550214,2,1,1992,22,0,21,13,2,12,15,25,0,0
550215,1,1,1992,0,0,0,0,0,0,0,0,0,0
550215,2,1,1992,0,0,0,0,0,0,0,7,0,0
550216,1,1,1992,13,13,13,13,13,13,13,13,13,13
550217,1,1,1992,0,0,0,0,0,0,0,0,0,0
550217,2,1,1992,0,0,0,0,0,0,0,0,0,0
550218,1,1,1992,0,0,0,0,0,0,0,0,0,0
550219,1,1,1992,0,0,0,0,0,0,0,0,0,0
550219,2,1,1992,0,0,0,0,0,0,0,0,0,0
550220,1,1,1992,15,15,15,15,15,15,15,15,15,15
550220,2,1,1992,0,0,0,0,0,0,0,0,0,0
550221,1,1,1992,0,0,0,0,0,0,0,0,0,0
550221,2,1,1992,0,0,0,0,0,0,0,0,0,0
550222,1,1,1992,0,0,0,0,0,0,0,0,0,0
550222,2,1,1992,0,0,0,0,0,0,0,0,0,0
550223,1,1,1992,10,10,10,10,10,10,10,10,10,10
550224,1,1,1992,6,6,6,6,6,6,6,6,6,6
550225,1,1,1992,0,0,0,0,0,0,0,0,0,0
550226,1,1,1992,0,0,0,0,0,0,0,0,0,0
550227,1,1,1992,16,16,16,16,16,16,16,16,16,16
550227,2,1,1992,12,12,12,12,12,12,12,12,12,12
550228,1,1,1992,21,21,21,21,21,21,21,21,21,21
550229,1,1,1992,0,0,0,0,0,0,0,0,0,0
550229,2,1,1992,0,0,0,0,0,0,0,0,0,0
550230,1,1,1992,0,11,0,0,0,0,18,0,0,0
550230,2,1,1992,7,0,0,0,0,0,0,0,22,0
550231,1,1,1992,0,0,0,0,0,0,0,0,0,0
550231,2,1,1992,0,0,0,0,0,0,0,0,0,0
550232,1,1,1992,12,12,12,12,12,12,12,12,12,12
550233,1,1,1992,30,30,30,30,30,30,30,30,30,30
550234,1,1,1992,14,14,14,14,14,14,14,14,14,14
550235,1,1,1992,0,0,0,0,0,0,0,0,0,0
550235,2,1,1992,15,22,31,16,15,23,20,14,17,14
550236,1,1,1992,0,0,0,0,0,0,0,0,0,0
550236,2,1,1992,0,0,0,0,0,0,0,0,0,0
550237,1,1,1992,18,18,18,18,18,18,18,18,18,18
550237,2,1,1992,27,27,27,27,27,27,27,27,27,27
550238,1,1,1992,20,20,20,20,20,20,20,20,20,20
550239,1,1,1992,3,3,3,3,3,3,3,3,3,3
550239,2,1,1992,0,0,0,0,0,0,0,0,0,0
550240,0,1,1992,0,0,0,0,0,0,0,0,0,0
550240,1,1,1992,0,0,0,0,0,0,0,0,0,0
550241,1,1,1992,0,0,0,0,0,0,0,0,0,0
550241,2,1,1992,0,0,0,0,0,0,0,0,0,0
550242,1,1,1992,0,0,0,0,0,0,0,0,0,0
550243,1,1,1992,26,26,26,26,26,26,26,26,26,26
550244,1,1,1992,24,24,24,24,24,24,24,24,24,24
550245,1,1,1992,0,0,0,0,0,0,0,0,0,0
550246,1,1,1992,26,26,26,26,26,26,26,26,26,26
550247,1,1,1992,0,0,0,0,0,0,0,0,0,0
550247,2,1,1992,0,0,0,0,0,0,0,0,0,8
550248,1,1,1992,0,0,0,0,0,0,0,0,0,0
550248,2,1,1992,0,0,0,0,0,0,0,0,0,0
550249,0,1,1992,0,0,0,0,0,0,0,0,0,0
550249,1,1,1992,18,18,18,18,18,18,18,18,18,18
550250,1,1,1992,0,0,0,0,0,0,0,0,0,0
550250,2,1,1992,0,10,0,0,0,0,0,0,0,0
550250,3,1,1992,0,0,0,0,0,0,0,0,0,0
550250,4,1,1992,0,0,0,0,0,0,0,0,0,0
550252,1,1,1992,0,0,23,0,0,0,6,13,0,19
550252,2,1,1992,0,0,0,0,0,0,0,0,0,0
550253,1,1,1992,0,0,0,0,0,0,0,0,0,0
550254,1,1,1992,17,17,17,17,17,17,17,17,17,17
550255,1,1,1992,18,18,18,18,18,18,18,18,18,18
550256,1,1,1992,0,0,0,0,0,0,0,0,0,0
550256,2,1,1992,0,0,0,0,0,0,0,0,0,0
550257,1,1,1992,0,0,0,0,0,0,0,0,0,0
550258,1,1,1992,24,24,24,24,24,24,24,24,24,24
550259,1,1,1992,0,0,0,0,0,0,0,20,0,0
550259,2,1,1992,0,0,0,0,0,0,0,0,0,0
550260,1,1,1992,0,0,4,0,0,0,0,0,0,0
550260,2,1,1992,0,0,0,0,0,0,0,0,0,0
550261,1,1,1992,22,22,22,22,22,22,22,22,22,22
550262,0,1,1992,0,0,0,0,0,0,0,0,0,0
550262,1,1,1992,0,0,0,0,0,0,0,0,0,0
550263,1,1,1992,0,0,0,0,0,0,0,0,0,0
550263,2,1,1992,0,0,0,0,0,0,0,0,0,0
550264,1,1,1992,0,0,0,0,0,0,0,0,0,0
550264,2,1,1992,16,16,16,16,16,16,16,16,16,16
550265,1,1,1992,10,10,10,10,10,10,10,10,10,10
550266,1,1,1992,0,0,0,15,0,0,0,0,19,0
550266,2,1,1992,0,0,0,0,0,0,0,0,0,0
550267,1,1,1992,2,2,2,2,2,2,2,2,2,2
550268,1,1,1992,0,0,0,0,0,0,0,0,0,0
550268,2,1,1992,2,2,2,2,2,2,2,2,2,2
550269,1,1,1992,3,3,3,3,3,3,3,3,3,3
550269,2,1,1992,0,0,0,0,0,0,0,0,0,0
550270,1,1,1992,2,2,2,2,2,2,2,2,2,2
550270,2,1,1992,10,10,10,10,10,10,10,10,10,10
550271,1,1,1992,0,0,0,18,0,0,0,0,0,6
550271,2,1,1992,0,0,0,0,0,0,0,0,0,0
550272,1,1,1992,26,26,26,26,26,26,26,26,26,26
550272,2,1,1992,0,0,0,0,0,0,0,0,0,0
550273,1,1,1992,0,0,0,0,0,0,0,0,0,0
550273,2,1,1992,0,0,0,0,0,0,0,0,0,0
550274,1,1,1992,0,0,0,0,0,0,0,0,0,0
550274,2,1,1992,0,0,0,0,0,0,0,0,0,0
550275,0,1,1992,26,26,26,26,26,26,26,26,26,26
550275,1,1,1992,0,0,0,0,0,0,0,0,0,0
550276,1,1,1992,22,22,22,22,22,22,22,22,22,22
550276,2,1,1992,10,10,10,10,10,10,10,10,10,10
550278,1,1,1992,0,0,0,0,0,0,20,0,0,0
550279,0,1,1992,0,0,0,0,0,0,0,0,0,0
550279,1,1,1992,0,0,0,0,0,0,0,0,0,0
550280,1,1,1992,16,16,16,16,16,16,16,16,16,16
550280,2,1,1992,15,19,11,0,10,14,0,14,13,0
550281,1,1,1992,16,16,16,16,16,16,16,16,16,16
550282,1,1,1992,0,0,0,0,0,0,0,0,0,0
550282,2,1,1992,0,0,12,0,7,0,0,16,6,0
550283,1,1,1992,0,0,0,0,0,0,15,0,13,0
550283,2,1,1992,7,7,7,7,7,7,7,7,7,7
550284,1,1,1992,0,0,0,0,0,0,0,0,0,0
550284,2,1,1992,0,0,0,0,4,0,0,0,0,0
550285,1,1,1992,23,23,23,23,23,23,23,23,23,23
550286,1,1,1992,17,17,17,17,17,17,17,17,17,17
550287,1,1,1992,11,13,0,27,0,23,14,28,9,0
550288,1,1,1992,0,0,0,0,0,0,0,0,0,0
550288,2,1,1992,0,0,0,0,0,0,0,0,0,0
550289,0,1,1992,0,0,0,0,0,0,0,0,0,0
550289,1,1,1992,0,0,0,0,0,0,0,0,0,0
550290,1,1,1992,0,0,0,0,0,0,0,0,0,0
550291,1,3,1992,0,0,0,0,0,0,0,0,0,0
550291,2,1,1992,0,0,0,0,0,0,0,0,0,0
550292,1,1,1992,19,19,19,19,19,19,19,19,19,19
550292,2,1,1992,0,0,0,0,0,0,0,0,0,0
550293,1,1,1992,0,0,0,0,0,0,0,0,0,0
550294,1,1,1992,0,0,0,0,0,0,0,0,0,0
550295,1,1,1992,0,0,0,0,0,0,0,0,0,0
550295,2,1,1992,0,0,0,0,0,0,0,0,0,0
550296,1,1,1992,0,0,0,0,0,0,0,0,0,0
550296,2,1,1992,0,0,0,0,0,0,0,0,0,0
550297,1,1,1992,0,0,0,0,0,0,0,0,0,0
550297,2,1,1992,0,0,0,0,0,0,0,0,0,0
550298,1,1,1992,0,0,0,0,0,0,0,0,0,15
550299,1,1,1992,0,0,0,0,0,0,0,0,0,0
550300,1,1,1992,22,22,22,22,22,22,22,22,22,22
550301,1,1,1992,0,0,0,0,0,0,0,0,0,0
550302,0,1,1992,19,19,19,19,19,19,19,19,19,19
550302,1,1,1992,14,14,14,14,14,14,14,14,14,14
550303,1,1,1992,0,0,0,0,0,0,0,0,0,0
550303,2,1,1992,0,0,0,0,0,0,0,0,0,0
550304,1,1,1992,14,14,14,14,14,14,14,14,14,14
550305,1,1,1992,0,0,0,0,0,29,0,0,0,8
550306,1,1,1992,0,0,0,0,0,0,0,0,0,0
550307,1,1,1992,10,10,10,10,10,10,10,10,10,10
550308,0,1,1992,0,0,0,0,0,0,0,0,0,0
550308,1,1,1992,10,0,4,0,0,0,0,0,0,0
550309,1,1,1992,22,22,22,22,22,22,22,22,22,22
550310,1,1,1992,0,0,0,0,0,0,0,0,0,0
550310,2,1,1992,0,0,0,0,0,0,0,0,0,0
550311,1,1,1992,0,0,0,0,0,0,0,0,0,0
550311,2,1,1992,0,0,0,0,0,0,0,0,0,0
550312,1,1,1992,0,0,0,0,0,0,0,0,0,0
550312,2,1,1992,0,0,0,0,0,0,0,0,0,0
550313,1,1,1992,0,0,13,0,0,2,0,0,0,0
550314,1,1,1992,18,18,18,18,18,18,18,18,18,18
550314,2,1,1992,65,0,0,0,0,0,0,0,0,0
550315,1,1,1992,0,0,0,0,0,0,0,0,0,0
550316,1,1,1992,0,0,0,0,0,0,0,0,0,0
550316,2,1,1992,0,0,0,0,0,0,0,0,0,0
550316,3,1,1992,0,0,0,0,0,0,0,0,0,0
550317,0,1,1992,33,33,33,33,33,33,33,33,33,33
550317,1,1,1992,4,4,4,4,4,4,4,4,4,4
550318,1,1,1992,0,0,0,0,0,0,0,0,0,0
550318,2,1,1992,0,0,0,0,0,0,0,0,0,0
550319,1,1,1992,14,14,14,14,14,14,14,14,14,14
550320,0,1,1992,0,0,0,0,0,0,0,0,0,0
550320,1,1,1992,0,0,0,0,0,0,0,0,15,0
550321,1,2,1992,21,17,12,16,11,13,11,19,16,21
550322,1,1,1992,0,0,0,0,0,0,0,0,0,0
550322,2,1,1992,21,21,21,21,21,21,21,21,21,21
550323,1,1,1992,0,0,0,0,0,18,0,0,0,0
550323,2,1,1992,0,0,0,0,0,0,0,0,0,0
550324,1,1,1992,12,12,12,12,12,12,12,12,12,12
550325,0,1,1992,0,0,0,0,0,0,0,0,0,0
550325,1,1,1992,0,0,0,0,0,0,0,0,0,0
550326,1,1,1992,16,16,16,16,16,16,16,16,16,16
550327,0,1,1992,0,0,0,0,0,0,0,0,0,0
550327,1,1,1992,0,0,0,0,0,0,0,0,0,0
550328,0,1,1992,0,0,0,0,0,0,0,0,0,0
550328,1,1,1992,7,0,0,0,0,0,0,0,0,0
550329,1,1,1992,11,11,11,11,11,11,11,11,11,11
550330,1,1,1992,0,0,0,0,0,0,0,0,0,0
550330,2,1,1992,0,0,0,0,0,0,0,0,0,0
550331,1,1,1992,0,0,0,0,0,0,0,0,0,0
550332,1,1,1992,0,0,0,0,0,0,0,0,0,0
550332,2,1,1992,0,0,0,0,0,0,0,0,0,0
550333,1,1,1992,23,23,23,23,23,23,23,23,23,23
550334,1,1,1992,0,0,0,0,0,0,0,0,0,0
550334,2,1,1992,0,0,0,0,0,0,0,0,0,0
550335,1,1,1992,7,20,18,21,15,15,19,14,24,7
550336,1,3,1992,16,16,16,16,16,16,16,16,16,16
550337,1,1,1992,0,0,0,0,0,0,0,0,0,0
550338,1,1,1992,22,22,22,22,22,22,22,22,22,22
550339,1,1,1992,36,36,36,36,36,36,36,36,36,36
550340,1,1,1992,0,0,0,0,0,0,0,0,0,0
550340,2,1,1992,0,0,9,0,0,0,0,0,0,0
550341,1,1,1992,0,0,0,0,0,0,0,0,0,0
550342,1,1,1992,29,29,29,29,29,29,29,29,29,29
550343,1,1,1992,0,0,0,0,0,0,0,0,0,0
550343,2,1,1992,0,0,0,0,0,0,0,0,0,0
550344,1,1,1992,22,22,22,22,22,22,22,22,22,22
550345,1,1,1992,0,0,0,0,0,0,0,0,0,0
550346,1,1,1992,0,0,0,0,0,0,0,0,0,0
550346,2,1,1992,0,0,0,0,0,0,0,0,0,0
550347,1,1,1992,15,15,15,15,15,15,15,15,15,15
550348,1,1,1992,32,32,32,32,32,32,32,32,32,32
550349,1,1,1992,23,23,23,23,23,23,23,23,23,23
550349,2,1,1992,0,0,0,0,0,0,0,0,0,0
550350,1,1,1992,0,0,0,0,0,0,0,0,0,0
550350,2,1,1992,0,0,0,0,0,0,0,0,0,0
550351,1,1,1992,0,0,0,0,0,0,0,0,0,0
550351,2,1,1992,0,0,0,0,0,0,0,0,0,0
550352,1,1,1992,0,0,0,0,0,0,0,0,0,0
550352,2,1,1992,0,0,0,0,0,0,0,0,0,0
550352,3,1,1992,0,0,0,0,0,0,0,0,0,0
550353,1,1,1992,9,9,9,9,9,9,9,9,9,9
550354,1,1,1992,16,16,16,16,16,16,16,16,16,16
550355,1,1,1992,0,0,0,0,0,0,0,0,0,0
550355,2,1,1992,0,0,0,0,0,0,0,0,0,0
550356,1,1,1992,0,0,0,0,0,0,0,0,0,5
550356,2,1,1992,0,0,0,0,0,0,0,0,0,0
550357,0,1,1992,0,0,0,0,0,0,0,0,0,0
550357,1,1,1992,0,0,0,0,0,0,0,0,0,0
550358,1,1,1992,16,16,16,16,16,16,16,16,16,16
550359,1,1,1992,18,18,18,18,18,18,18,18,18,18
550360,1,1,1992,43,43,43,43,43,43,43,43,43,43
550361,1,1,1992,21,21,21,21,21,21,21,21,21,21
550362,1,1,1992,0,0,0,0,0,0,0,0,0,0
550362,2,1,1992,0,0,0,0,0,0,0,0,0,0
550363,1,1,1992,33,33,33,33,33,33,33,33,33,33
550364,0,1,1992,0,0,0,0,0,0,0,0,0,0
550364,1,1,1992,0,0,0,0,0,0,0,0,0,0
550365,1,1,1992,0,0,0,0,0,0,0,0,0,0
550366,1,1,1992,22,22,22,22,22,22,22,22,22,22
550367,1,1,1992,14,14,14,14,14,14,14,14,14,14
550368,1,1,1992,0,0,0,0,0,0,0,0,0,0
550368,2,1,1992,0,0,0,0,0,0,0,0,0,0
550369,1,1,1992,0,0,0,0,10,0,0,19,22,0
550369,2,1,1992,0,0,0,0,0,0,0,0,0,0
550370,1,1,1992,0,0,0,0,0,0,3,0,0,0
550370,2,1,1992,0,0,14,0,20,0,0,0,0,0
550370,3,1,1992,0,0,0,0,0,0,0,14,0,0
550371,1,1,1992,0,0,0,0,0,0,0,0,0,0
550371,2,1,1992,0,0,0,0,0,0,0,0,0,0
550372,1,1,1992,0,0,0,0,0,0,0,0,0,0
550372,2,1,1992,0,0,0,0,0,0,0,0,0,0
550373,0,1,1992,0,0,0,0,0,0,0,0,0,0
550373,1,1,1992,14,14,14,14,14,14,14,14,14,14
550373,2,1,1992,0,0,4,0,0,0,0,0,0,0
550374,1,1,1992,0,0,0,0,0,0,0,0,0,0
550374,2,1,1992,0,0,0,0,0,0,0,0,0,0
550375,1,1,1992,26,26,26,26,26,26,26,26,26,26
550376,1,1,1992,0,0,0,0,0,0,0,0,0,0
550377,1,1,1992,0,0,0,0,0,0,0,0,0,0
550377,2,1,1992,0,0,0,0,0,0,0,0,0,0
550377,3,1,1992,0,0,0,0,0,0,0,0,0,0
550377,4,1,1992,0,0,0,0,0,0,0,0,0,0
550378,1,1,1992,14,14,14,14,14,14,14,14,14,14
550379,1,1,1992,0,0,0,0,0,0,0,0,0,0
550379,2,1,1992,0,0,0,0,0,0,0,0,0,0
550380,1,1,1992,29,29,29,29,29,29,29,29,29,29
550381,1,1,1992,0,0,0,0,0,0,0,0,0,0
550381,2,1,1992,0,0,0,0,0,0,0,0,0,0
550382,1,1,1992,0,0,0,0,0,0,0,0,0,0
550382,2,1,1992,0,0,0,0,0,0,0,0,0,0
550383,0,1,1992,0,0,0,0,0,0,22,0,0,0
550383,1,1,1992,0,0,0,0,0,0,0,0,0,0
550384,1,1,1992,0,0,0,0,0,0,0,0,0,0
550384,2,1,1992,5,5,5,5,5,5,5,5,5,5
550385,1,1,1992,0,0,0,0,0,0,0,0,0,0
550385,2,1,1992,3,3,3,3,3,3,3,3,3,3
550386,1,1,1992,19,19,19,19,19,19,19,19,19,19
550387,1,1,1992,24,24,24,24,24,24,24,24,24,24
550388,1,1,1992,0,14,0,13,26,14,0,0,0,0
550389,1,1,1992,0,0,0,0,0,0,0,0,0,0
550389,2,1,1992,0,0,0,0,0,0,0,0,0,0
550390,1,1,1992,0,0,0,0,0,0,0,25,0,0
550391,0,1,1992,0,0,0,0,0,0,0,0,0,0
550391,1,1,1992,0,20,0,0,0,0,0,0,0,0
550392,1,1,1992,0,0,0,0,0,0,0,0,0,0
550393,1,1,1992,0,0,0,0,0,0,0,0,0,0
550393,2,1,1992,0,0,0,0,0,0,0,0,0,0
550394,1,1,1992,0,0,0,0,0,0,0,0,0,0
550394,2,1,1992,6,6,6,6,6,6,6,6,6,6
550395,1,1,1992,0,0,0,0,0,0,0,0,0,0
550395,2,1,1992,0,0,0,0,0,0,0,0,0,0
550396,0,1,1992,16,30,21,16,7,9,15,15,20,11
550396,1,1,1992,4,0,7,0,0,12,0,0,0,8
550397,1,1,1992,11,11,11,11,11,11,11,11,11,11
550397,2,1,1992,0,0,0,0,0,0,0,0,0,0
550398,1,1,1992,0,0,0,0,0,0,0,0,0,0
550398,2,1,1992,0,0,0,0,0,0,0,0,0,0
550399,0,1,1992,25,25,25,25,25,25,25,25,25,25
550399,1,1,1992,0,0,0,0,0,0,0,0,0,0
550400,1,1,1992,0,0,0,0,0,0,0,0,0,0