ST_CASE,VEH_NO,PER_NO,YEAR,P1,P2,P3,P4,P5,P6,P7,P8,P9,P10
550401,1,1,1992,0,0,0,0,0,0,0,0,0,0
550402,1,1,1992,18,18,18,18,18,18,18,18,18,18
550403,1,1,1992,0,0,0,0,0,0,0,0,0,0
550403,2,1,1992,8,5,7,15,22,5,17,0,0,5
550404,1,1,1992,0,0,0,0,0,0,0,0,0,0
550404,2,1,1992,0,0,0,0,0,0,0,0,0,0
550405,1,1,1992,17,17,17,17,17,17,17,17,17,17
550405,2,1,1992,0,0,0,0,0,0,0,0,0,0
550406,0,1,1992,20,20,20,20,20,20,20,20,20,20
550406,1,1,1992,0,0,0,0,0,0,0,0,16,0
550407,1,1,1992,0,0,0,0,0,0,0,0,0,0
550407,2,1,1992,0,0,0,0,0,0,0,0,0,0
550407,3,1,1992,0,0,0,0,0,0,0,0,0,0
550407,4,1,1992,0,0,0,0,0,0,0,0,0,0
550408,1,1,1992,26,26,26,26,26,26,26,26,26,26
550409,1,1,1992,0,0,0,0,0,0,0,0,0,0
550410,1,1,1992,0,0,0,0,0,0,0,0,0,0
550410,2,1,1992,0,0,0,0,0,0,0,0,0,0
550411,1,1,1992,0,0,0,0,0,0,0,0,0,0
550411,2,1,1992,0,0,0,0,0,0,0,0,0,0
550411,3,1,1992,0,0,0,0,0,0,0,0,0,0
550412,1,1,1992,0,0,0,0,0,0,15,0,0,0
550412,2,1,1992,0,0,0,0,0,0,0,15,0,0
550413,1,1,1992,19,19,19,19,19,19,19,19,19,19
550414,1,1,1992,19,19,19,19,19,19,19,19,19,19
550415,1,1,1992,21,21,21,21,21,21,21,21,21,21
550416,0,1,1992,16,16,16,16,16,16,16,16,16,16
550416,1,1,1992,0,0,0,0,0,0,0,0,0,0
550417,0,1,1992,14,14,14,14,14,14,14,14,14,14
550417,1,1,1992,12,12,12,12,12,12,12,12,12,12
550418,1,1,1992,12,12,12,12,12,12,12,12,12,12
550419,1,1,1992,7,7,7,7,7,7,7,7,7,7
550420,1,1,1992,0,0,0,0,0,0,0,0,0,0
550421,1,1,1992,21,21,21,21,21,21,21,21,21,21
550422,1,1,1992,0,0,0,0,0,0,0,9,0,0
550422,2,1,1992,0,0,0,0,0,0,0,0,0,0
550423,1,1,1992,0,0,0,0,0,0,0,0,0,0
550423,2,1,1992,0,0,0,0,0,0,0,0,0,0
550424,1,1,1992,14,14,14,14,14,14,14,14,14,14
550424,2,1,1992,3,3,3,3,3,3,3,3,3,3
550425,1,1,1992,16,16,16,16,16,16,16,16,16,16
550426,1,1,1992,0,0,0,0,0,0,0,0,0,0
550427,1,1,1992,35,35,35,35,35,35,35,35,35,35
550428,1,1,1992,0,0,0,0,0,0,0,0,0,0
550428,2,1,1992,0,0,0,0,0,0,0,0,0,0
550429,1,1,1992,20,0,31,0,8,0,0,0,13,14
550430,1,1,1992,0,0,0,11,0,0,0,0,0,0
550431,1,1,1992,0,0,0,0,0,0,0,0,0,0
550431,2,1,1992,0,0,0,0,0,0,0,0,0,0
550432,1,1,1992,13,0,0,0,0,0,0,0,0,8
550432,2,1,1992,0,0,0,0,0,0,0,0,0,0
550433,1,1,1992,3,3,3,3,3,3,3,3,3,3
550434,0,1,1992,0,0,0,0,0,0,0,0,0,0
550434,1,1,1992,0,0,0,0,0,0,0,0,0,0
550435,1,1,1992,0,0,0,0,0,0,0,0,0,0
550435,2,1,1992,5,5,5,5,5,5,5,5,5,5
550436,1,1,1992,25,25,25,25,25,25,25,25,25,25
550436,2,1,1992,0,0,0,0,0,0,0,0,0,0
550437,1,1,1992,26,26,26,26,26,26,26,26,26,26
550438,1,1,1992,0,0,0,0,0,0,0,0,0,0
550439,1,1,1992,15,15,15,15,15,15,15,15,15,15
550440,1,1,1992,8,8,8,8,8,8,8,8,8,8
550441,1,1,1992,0,0,0,0,0,0,0,0,0,0
550442,1,1,1992,0,0,0,0,0,0,0,0,0,0
550442,2,1,1992,0,0,0,0,0,0,0,0,0,0
550443,1,1,1992,15,15,15,15,15,15,15,15,15,15
550443,2,1,1992,24,24,24,24,24,24,24,24,24,24
550444,1,1,1992,0,0,0,0,0,0,0,0,0,0
550445,1,1,1992,19,19,19,19,19,19,19,19,19,19
550445,2,1,1992,0,2,0,10,0,0,0,0,0,0
550446,1,1,1992,0,0,0,0,0,0,0,0,0,0
550446,2,1,1992,0,0,0,0,0,0,0,0,0,0
550447,1,1,1992,7,7,7,7,7,7,7,7,7,7
550448,1,1,1992,0,0,0,0,0,0,0,0,0,0
550449,1,1,1992,6,6,6,6,6,6,6,6,6,6
550450,1,1,1992,22,22,22,22,22,22,22,22,22,22
550451,1,1,1992,0,0,0,0,0,0,0,0,0,0
550451,2,1,1992,0,0,0,0,0,0,0,0,0,0
550452,1,1,1992,0,0,0,0,0,0,0,0,0,0
550452,2,1,1992,0,0,0,0,0,0,0,0,0,0
550453,1,1,1992,26,26,26,26,26,26,26,26,26,26
550453,2,1,1992,0,0,0,0,0,0,0,0,0,0
550454,1,1,1992,0,0,0,0,0,0,0,0,0,0
550454,2,1,1992,0,0,0,0,0,0,0,0,0,0
550455,1,1,1992,0,0,0,0,0,0,0,0,0,0
550455,2,1,1992,0,0,0,0,0,0,0,0,0,0
550456,1,1,1992,19,19,19,19,19,19,19,19,19,19
550456,2,1,1992,0,0,0,0,0,0,0,0,0,0
550457,1,1,1992,0,0,0,0,0,0,0,0,0,0
550457,2,1,1992,0,0,0,0,0,0,0,0,0,0
550458,1,1,1992,14,14,14,14,14,14,14,14,14,14
550459,1,1,1992,22,22,22,22,22,22,22,22,22,22
550459,2,1,1992,1,1,1,1,1,1,1,1,1,1
550459,3,1,1992,0,27,30,0,0,0,0,0,0,0
550460,1,1,1992,9,9,9,9,9,9,9,9,9,9
550461,1,1,1992,22,22,22,22,22,22,22,22,22,22
550461,2,1,1992,0,0,0,0,0,0,0,0,0,0
550462,1,1,1992,25,25,25,25,25,25,25,25,25,25
550463,0,1,1992,0,0,0,0,0,0,0,0,0,0
550463,1,1,1992,0,0,0,0,0,0,0,0,0,0
550464,1,1,1992,0,0,0,0,0,0,0,0,0,0
550465,1,1,1992,0,0,0,0,0,9,0,12,0,0
550465,2,1,1992,0,0,0,0,0,0,0,0,0,0
550466,1,1,1992,20,20,20,20,20,20,20,20,20,20
550467,1,1,1992,16,0,0,0,4,0,13,15,0,14
550468,1,1,1992,0,0,0,0,0,0,0,0,0,0
550468,2,1,1992,0,0,0,0,0,0,0,0,0,0
550469,1,1,1992,25,25,25,25,25,25,25,25,25,25
550470,1,1,1992,0,0,0,0,0,0,0,0,0,0
550471,1,1,1992,0,0,0,0,0,0,0,0,0,0
550472,1,1,1992,0,0,0,0,0,0,0,0,0,0
550472,2,1,1992,0,0,0,0,0,0,0,0,0,0
550473,0,1,1992,0,0,0,0,0,0,0,0,0,0
550473,1,1,1992,0,0,0,0,0,0,0,0,0,0
550474,1,1,1992,23,23,23,23,23,23,23,23,23,23
550474,2,1,1992,0,0,0,0,0,0,0,0,0,0
550475,1,1,1992,0,0,0,0,0,0,0,0,0,0
550475,2,1,1992,0,0,0,0,0,0,0,0,0,0
550476,1,1,1992,20,20,20,20,20,20,20,20,20,20
550476,2,1,1992,0,0,0,0,0,0,0,0,0,0
550477,1,1,1992,11,11,11,11,11,11,11,11,11,11
550478,1,1,1992,0,0,0,0,0,0,0,0,0,0
550479,1,1,1992,0,0,0,0,0,0,0,0,0,0
550479,2,1,1992,0,0,0,0,0,0,0,0,0,0
550480,1,1,1992,16,16,16,16,16,16,16,16,16,16
550481,1,1,1992,0,0,0,11,0,0,0,0,0,0
550482,1,1,1992,0,0,0,0,0,0,0,0,0,0
550482,2,1,1992,0,0,0,0,0,0,0,0,0,0
550483,1,1,1992,26,26,26,26,26,26,26,26,26,26
550484,1,1,1992,0,0,0,0,0,0,0,0,0,0
550484,2,1,1992,0,0,0,0,0,0,0,0,0,0
550485,1,1,1992,13,13,13,13,13,13,13,13,13,13
550486,1,1,1992,0,0,0,0,0,0,0,0,0,0
550486,2,1,1992,0,0,0,0,0,0,0,0,0,0
550487,1,1,1992,0,0,0,0,0,0,0,0,0,0
550487,2,1,1992,0,0,0,0,0,0,0,0,0,0
550488,1,1,1992,0,0,0,0,0,0,0,0,0,0
550488,2,1,1992,0,0,0,0,0,0,0,0,0,0
550489,0,1,1992,0,0,0,0,0,0,0,0,0,0
550489,1,1,1992,0,0,0,0,0,0,0,0,0,10
550490,1,1,1992,0,0,0,0,0,0,0,0,0,0
550490,2,1,1992,0,0,0,0,0,0,0,0,0,0
550492,1,1,1992,23,23,23,23,23,23,23,23,23,23
550493,1,1,1992,0,0,0,0,0,0,0,0,0,0
550493,2,1,1992,0,0,0,0,0,0,0,0,0,0
550494,1,1,1992,12,12,12,12,12,12,12,12,12,12
550494,2,1,1992,0,0,0,0,0,0,0,0,0,0
550495,1,1,1992,0,0,0,0,0,0,0,0,0,0
550496,1,1,1992,0,0,0,0,0,0,0,0,0,0
550496,2,1,1992,30,0,0,0,0,0,0,0,8,0
550497,1,1,1992,16,16,16,16,16,16,16,16,16,16
550498,0,1,1992,29,29,29,29,29,29,29,29,29,29
550498,1,1,1992,0,0,0,0,0,0,0,11,0,0
550499,1,1,1992,0,0,0,0,0,0,0,0,0,0
550499,2,1,1992,0,0,0,0,0,0,0,5,0,0
550499,3,1,1992,0,0,0,0,0,0,0,0,0,0
550499,4,1,1992,0,0,0,0,0,0,0,0,0,0
550499,5,1,1992,0,0,0,0,0,0,0,0,0,0
550499,6,1,1992,0,0,0,0,0,8,0,0,0,0
550499,7,1,1992,0,0,0,0,0,0,0,0,0,0
550499,8,1,1992,0,0,0,0,0,0,0,0,0,0
550499,9,1,1992,0,0,0,0,0,0,0,0,0,0
550500,1,1,1992,5,5,5,5,5,5,5,5,5,5
550500,2,1,1992,0,0,0,0,0,0,0,0,0,0
550501,1,1,1992,0,0,0,0,0,0,0,0,0,0
550501,2,1,1992,0,0,0,0,0,0,0,0,0,0
550503,1,1,1992,0,0,0,0,0,0,0,0,0,0
550503,2,1,1992,0,0,0,0,0,0,0,0,0,0
550503,3,1,1992,0,0,0,0,0,0,0,0,0,0
550503,4,1,1992,0,0,0,0,0,0,0,0,0,0
550503,5,1,1992,0,0,0,0,0,0,0,0,0,0
550504,1,1,1992,0,0,0,0,0,0,0,0,0,0
550504,2,1,1992,0,0,0,0,0,0,0,0,0,0
550505,1,1,1992,33,14,11,27,39,18,20,22,27,20
550506,1,1,1992,22,22,22,22,22,22,22,22,22,22
550507,0,1,1992,0,0,0,0,0,0,0,0,0,0
550507,1,1,1992,0,0,0,0,0,0,0,0,0,0
550508,1,1,1992,0,0,0,0,0,0,0,0,0,0
550508,2,1,1992,0,0,0,0,0,0,0,0,0,0
550509,1,1,1992,0,0,0,0,0,0,0,0,0,0
550510,1,1,1992,0,0,0,0,0,0,0,0,0,0
550511,1,1,1992,0,0,0,0,0,0,0,0,0,0
550511,2,1,1992,0,0,0,0,0,0,0,0,0,0
550512,1,1,1992,23,23,23,23,23,23,23,23,23,23
550513,0,1,1992,0,0,0,0,0,0,0,0,0,0
550513,1,1,1992,0,0,0,0,0,0,0,0,0,0
550514,0,1,1992,0,0,0,0,0,0,0,0,0,0
550514,1,1,1992,0,0,0,0,0,6,0,0,2,0
550515,1,1,1992,15,0,10,15,0,0,0,0,0,0
550516,1,1,1992,10,10,10,10,10,10,10,10,10,10
550517,1,1,1992,22,22,22,22,22,22,22,22,22,22
550518,1,1,1992,15,15,15,15,15,15,15,15,15,15
550519,1,1,1992,0,0,0,0,0,0,0,0,0,0
550520,1,1,1992,0,0,0,0,0,0,0,0,0,0
550520,2,1,1992,0,0,0,0,0,0,0,0,0,0
550521,1,1,1992,8,8,8,8,8,8,8,8,8,8
550521,2,1,1992,0,0,0,0,0,0,0,0,0,0
550522,1,1,1992,19,19,19,19,19,19,19,19,19,19
550522,2,1,1992,12,12,12,12,12,12,12,12,12,12
550523,1,1,1992,12,12,12,12,12,12,12,12,12,12
550523,2,1,1992,0,0,0,0,0,0,0,0,0,0
550524,1,1,1992,18,18,18,18,18,18,18,18,18,18
550524,2,1,1992,0,0,0,0,0,0,0,0,0,0
550525,1,1,1992,28,28,28,28,28,28,28,28,28,28
550526,1,1,1992,14,14,14,14,14,14,14,14,14,14
550527,1,1,1992,0,0,0,0,0,0,0,0,0,0
550527,2,1,1992,0,0,0,0,0,0,0,0,0,0
550528,1,1,1992,0,0,0,0,0,0,0,0,0,0
550528,2,1,1992,0,0,0,0,0,0,0,0,0,0
550528,3,1,1992,0,0,0,0,0,0,0,0,0,0
550529,1,1,1992,0,0,0,0,0,0,0,0,0,0
550529,2,1,1992,0,0,0,0,0,0,0,0,0,0
550530,1,1,1992,13,13,13,13,13,13,13,13,13,13
550531,1,1,1992,14,14,14,14,14,14,14,14,14,14
550531,2,1,1992,0,0,0,0,0,0,0,0,0,0
550532,1,1,1992,16,16,16,16,16,16,16,16,16,16
550532,2,1,1992,10,10,10,10,10,10,10,10,10,10
550533,1,1,1992,0,0,0,0,0,0,0,0,0,0
550533,2,1,1992,0,0,0,0,0,0,0,0,0,0
550534,1,1,1992,0,0,0,0,0,0,0,0,0,0
550534,2,1,1992,20,20,20,20,20,20,20,20,20,20
550535,1,1,1992,0,0,0,0,0,0,0,0,0,0
550535,2,1,1992,0,0,0,0,0,0,0,0,0,0
550536,1,1,1992,0,0,0,0,0,0,0,0,0,0
550536,2,1,1992,0,0,0,0,0,0,0,0,0,0
550537,1,1,1992,0,0,0,0,0,0,0,0,0,0
550537,2,1,1992,0,0,0,0,0,0,0,0,0,0
550537,3,1,1992,0,0,0,0,0,0,0,0,0,0
550538,1,1,1992,0,18,12,0,0,0,0,0,0,0
550538,2,1,1992,5,5,5,5,5,5,5,5,5,5
550539,0,1,1992,0,0,0,0,0,0,0,0,0,0
550539,1,1,1992,0,0,0,0,0,0,0,0,0,0
550540,0,1,1992,0,0,0,0,0,0,0,0,0,0
550540,1,1,1992,0,0,0,0,0,20,0,0,0,4
550541,1,1,1992,0,0,0,0,0,0,0,0,0,0
550541,2,1,1992,0,0,0,0,0,0,0,0,0,0
550542,1,1,1992,4,4,4,4,4,4,4,4,4,4
550543,1,1,1992,22,22,22,22,22,22,22,22,22,22
550544,1,1,1992,0,0,0,0,0,0,0,0,0,0
550544,2,1,1992,0,0,0,0,0,0,0,0,0,0
550545,1,1,1992,23,23,23,23,23,23,23,23,23,23
550547,1,1,1992,0,0,0,0,0,0,0,0,0,0
550547,2,1,1992,0,0,0,0,0,0,0,0,0,0
550548,1,1,1992,0,0,0,0,0,0,0,0,0,0
550548,2,1,1992,0,0,0,0,0,0,0,0,0,0
550549,1,1,1992,17,17,17,17,17,17,17,17,17,17
550550,1,1,1992,0,0,0,0,0,0,0,0,0,0
550550,2,1,1992,0,0,0,0,0,0,0,0,0,0
550551,1,1,1992,0,0,0,0,0,0,0,0,0,0
550552,1,1,1992,0,0,0,0,0,0,0,0,0,0
550552,2,1,1992,0,0,0,0,0,0,0,0,0,0
550553,1,1,1992,11,11,11,11,11,11,11,11,11,11
550553,2,1,1992,0,0,0,0,0,0,0,0,0,0
550554,1,1,1992,0,0,0,0,0,0,0,0,11,0
550554,2,1,1992,0,7,0,0,0,0,0,0,0,0
550555,0,1,1992,0,0,0,0,0,0,0,0,0,0
550555,1,1,1992,0,0,0,0,0,0,0,0,0,0
550556,1,1,1992,0,0,0,0,0,0,0,0,0,0
550556,2,1,1992,0,0,0,0,0,0,0,0,0,0
550557,1,1,1992,0,0,0,0,0,0,0,0,0,0
550558,1,1,1992,0,0,0,0,0,0,0,0,0,0
550558,2,1,1992,0,0,0,0,0,0,0,0,0,0
550559,1,1,1992,4,4,4,4,4,4,4,4,4,4
550560,0,1,1992,0,0,0,0,0,0,0,0,16,19
550560,0,2,1992,0,0,0,0,0,11,0,0,0,0
550560,2,1,1992,0,0,0,0,0,0,0,0,0,0
550560,3,1,1992,0,0,0,0,0,0,4,0,0,0
550561,1,1,1992,0,0,0,0,0,0,0,0,0,0
550561,2,1,1992,0,0,0,0,0,0,0,0,0,0
550562,1,1,1992,16,16,16,16,16,16,16,16,16,16
550563,1,1,1992,1,1,1,1,1,1,1,1,1,1
550563,2,1,1992,0,0,0,0,0,0,0,0,0,0
550564,1,1,1992,0,0,0,0,0,0,0,0,0,0
550564,2,1,1992,0,0,0,0,0,0,0,0,0,0
550565,0,1,1992,0,0,0,0,0,0,0,0,0,0
550565,1,1,1992,0,0,5,0,0,0,0,0,0,0
550566,1,1,1992,0,0,0,0,0,0,0,0,0,0
550566,2,1,1992,0,0,0,0,0,0,0,0,0,0
550567,1,1,1992,0,0,0,0,0,0,0,0,0,0
550568,1,1,1992,22,22,22,22,22,22,22,22,22,22
550569,0,1,1992,0,0,0,0,0,0,0,0,0,0
550569,1,1,1992,7,17,0,8,33,0,8,0,0,18
550570,1,1,1992,22,22,22,22,22,22,22,22,22,22
550571,1,1,1992,0,0,0,0,0,0,0,0,0,0
550571,2,1,1992,0,0,0,0,0,0,0,0,0,0
550572,1,1,1992,16,16,16,16,16,16,16,16,16,16
550572,2,1,1992,14,0,13,15,0,0,3,0,0,0
550573,0,1,1992,0,0,0,0,0,0,0,0,0,7
550573,1,1,1992,0,0,0,0,0,0,0,0,0,0
550574,0,1,1992,0,0,0,0,0,0,0,0,0,0
550574,1,1,1992,0,0,0,0,0,0,0,0,0,0
550575,1,1,1992,0,0,0,0,0,0,0,0,0,0
550576,0,1,1992,23,23,23,23,23,23,23,23,23,23
550576,1,1,1992,22,22,22,22,22,22,22,22,22,22
550576,2,1,1992,9,9,9,9,9,9,9,9,9,9
550577,1,1,1992,28,28,28,28,28,28,28,28,28,28
550578,1,1,1992,24,24,24,24,24,24,24,24,24,24
550578,2,1,1992,2,2,2,2,2,2,2,2,2,2
550579,1,1,1992,0,0,0,0,0,0,0,0,0,0
550579,2,1,1992,0,0,0,0,0,0,0,9,0,0
550580,1,1,1992,0,0,0,0,0,0,0,0,0,0
550581,1,1,1992,0,0,0,0,0,0,0,0,0,0
550581,2,1,1992,0,0,0,0,0,0,0,0,0,0
550582,1,1,1992,0,0,0,0,0,0,0,0,0,0
550582,2,1,1992,0,0,0,0,0,12,0,0,0,8
550583,1,1,1992,0,0,0,0,0,0,0,0,0,0
550584,1,1,1992,0,0,0,0,0,0,0,0,0,0
550584,2,1,1992,0,0,0,0,0,0,0,0,0,0
550585,1,1,1992,0,0,0,0,0,0,0,0,0,0
550586,1,1,1992,0,0,0,0,0,0,0,0,0,0
550586,2,1,1992,0,0,0,0,0,0,0,0,0,0
550587,1,1,1992,0,0,0,0,0,0,0,0,0,0
550587,2,1,1992,0,0,0,0,0,0,0,25,0,0
550588,0,1,1992,0,0,0,0,0,0,19,28,19,8
550588,1,1,1992,0,0,0,0,0,0,0,0,0,9
550589,1,1,1992,0,0,0,0,0,0,0,0,0,0
550589,2,1,1992,0,0,0,0,0,0,0,0,0,0
550590,1,1,1992,2,2,2,2,2,2,2,2,2,2
550590,2,1,1992,14,14,14,14,14,14,14,14,14,14
550591,1,1,1992,0,0,0,0,28,0,0,0,20,0
550591,2,1,1992,16,0,0,0,0,0,0,0,0,0
550592,1,1,1992,3,3,3,3,3,3,3,3,3,3
550593,1,1,1992,9,9,9,9,9,9,9,9,9,9
560001,1,1,1992,0,14,0,0,0,0,0,0,0,0
560002,1,1,1992,13,13,13,13,13,13,13,13,13,13
560003,1,1,1992,0,0,0,0,0,0,0,0,0,0
560003,2,1,1992,25,25,25,25,25,25,25,25,25,25
560004,1,1,1992,16,16,16,16,16,16,16,16,16,16
560005,1,1,1992,22,22,22,22,22,22,22,22,22,22
560006,1,1,1992,0,0,0,0,0,0,0,0,0,0
560007,1,1,1992,17,17,17,17,17,17,17,17,17,17
560008,1,1,1992,0,0,0,0,0,0,0,0,0,0
560009,1,1,1992,35,35,35,35,35,35,35,35,35,35
560010,1,1,1992,10,10,10,10,10,10,10,10,10,10
560011,0,1,1992,22,22,22,22,22,22,22,22,22,22
560011,1,1,1992,0,0,0,0,0,17,0,0,0,0
560012,1,1,1992,32,32,32,32,32,32,32,32,32,32
560012,2,1,1992,0,0,0,0,0,0,0,0,0,0
560013,1,1,1992,0,0,0,0,0,0,0,0,0,0
560013,2,1,1992,0,0,0,0,0,0,0,0,0,0
560014,1,1,1992,2,2,2,2,2,2,2,2,2,2
560015,1,1,1992,0,0,0,0,17,0,8,0,0,0
560015,2,1,1992,0,0,0,0,0,0,0,0,0,0
560016,1,1,1992,6,6,6,6,6,6,6,6,6,6
560017,1,1,1992,24,24,24,24,24,24,24,24,24,24
560018,1,1,1992,30,30,30,30,30,30,30,30,30,30
560019,1,1,1992,0,0,0,0,0,0,0,0,0,0
560019,2,1,1992,14,0,0,0,0,0,0,0,25,0
560020,1,1,1992,0,0,0,0,0,0,11,0,0,0
560020,2,1,1992,0,0,0,0,0,0,0,0,0,8
560021,1,1,1992,0,0,0,0,0,0,0,16,0,0
560022,1,1,1992,16,24,0,9,9,0,0,17,0,33
560023,1,1,1992,0,0,0,0,0,0,0,0,0,0
560023,2,1,1992,0,2,0,0,0,0,0,0,0,0
560024,1,1,1992,0,0,0,0,0,0,0,0,0,0
560025,1,1,1992,0,0,0,0,0,0,0,0,0,0
560026,1,1,1992,12,12,12,12,12,12,12,12,12,12
560027,1,1,1992,15,15,15,15,15,15,15,15,15,15
560028,1,1,1992,20,20,20,20,20,20,20,20,20,20
560029,1,1,1992,15,15,15,15,15,15,15,15,15,15
560029,2,1,1992,0,0,0,0,0,0,0,0,0,0
560030,1,1,1992,31,31,31,31,31,31,31,31,31,31
560031,1,1,1992,0,0,0,0,0,0,0,0,0,0
560032,1,1,1992,24,24,24,24,24,24,24,24,24,24
560033,1,1,1992,25,0,0,0,0,0,0,0,0,0
560033,2,1,1992,0,0,0,0,0,0,0,0,3,0
560034,1,1,1992,0,0,0,0,0,0,0,0,0,0
560034,2,1,1992,0,0,0,0,0,0,0,0,0,0
560035,1,1,1992,6,6,6,6,6,6,6,6,6,6
560036,1,1,1992,30,30,30,30,30,30,30,30,30,30
560037,1,1,1992,25,25,25,25,25,25,25,25,25,25
560038,1,1,1992,0,0,0,0,0,0,0,0,0,0
560038,2,1,1992,0,0,0,0,0,0,0,0,0,0
560038,3,1,1992,0,0,0,0,0,0,0,0,0,0
560039,1,1,1992,43,43,43,43,43,43,43,43,43,43
560040,1,1,1992,11,11,11,11,11,11,11,11,11,11
560041,1,1,1992,0,0,0,0,0,0,0,0,0,0
560042,1,1,1992,1,1,1,1,1,1,1,1,1,1
560043,0,1,1992,24,24,24,24,24,24,24,24,24,24
560043,1,1,1992,0,0,0,0,0,0,0,0,0,0
560044,1,1,1992,0,0,0,0,0,0,0,0,0,0
560045,1,1,1992,3,3,3,3,3,3,3,3,3,3
560046,1,1,1992,8,8,8,8,8,8,8,8,8,8
560047,1,1,1992,30,30,30,30,30,30,30,30,30,30
560048,1,1,1992,5,5,5,5,5,5,5,5,5,5
560049,1,1,1992,26,24,19,0,0,0,32,0,0,0
560050,1,1,1992,0,0,0,0,0,0,0,0,0,0
560051,1,1,1992,0,0,0,0,0,0,0,0,0,0
560051,2,1,1992,0,0,0,0,0,0,0,0,0,0
560052,1,1,1992,9,0,0,0,0,0,0,0,0,0
560052,2,1,1992,0,0,0,0,0,0,0,0,0,0
560053,1,1,1992,0,0,0,0,12,0,0,16,0,18
560054,0,1,1992,0,0,0,0,0,0,0,0,0,0
560054,1,1,1992,0,0,0,0,0,0,0,0,0,0
560055,1,1,1992,28,28,28,28,28,28,28,28,28,28
560055,2,1,1992,0,0,0,0,0,0,0,0,0,0
560056,1,1,1992,33,33,33,33,33,33,33,33,33,33
560057,1,1,1992,26,26,26,26,26,26,26,26,26,26
560057,2,1,1992,0,0,0,0,0,0,0,0,0,0
560058,1,1,1992,0,0,0,0,0,0,0,0,0,0
560059,1,1,1992,22,14,26,0,26,43,0,0,24,25
560060,1,1,1992,23,23,23,23,23,23,23,23,23,23
560061,1,1,1992,1,1,1,1,1,1,1,1,1,1
560062,1,1,1992,0,19,0,0,21,10,0,9,14,0
560063,1,1,1992,0,19,5,29,0,0,10,5,9,0
560064,0,1,1992,0,0,0,0,0,0,0,0,0,0
560064,1,1,1992,3,0,13,0,0,0,0,0,0,0
560065,1,1,1992,30,30,30,30,30,30,30,30,30,30
560066,1,1,1992,0,0,0,0,0,0,0,0,0,0
560066,2,1,1992,0,30,0,0,0,0,0,0,0,0
560066,3,1,1992,0,0,0,0,0,0,0,6,0,0
560067,1,1,1992,0,0,0,0,0,0,0,0,0,0
560067,2,1,1992,0,0,0,0,0,0,0,0,0,0
560068,1,1,1992,0,0,0,0,0,0,0,0,0,0
560068,2,1,1992,0,0,0,0,0,0,0,0,0,0
560069,0,1,1992,4,4,4,4,4,4,4,4,4,4
560069,1,1,1992,0,0,0,0,0,0,0,0,0,0
560070,0,1,1992,0,0,0,0,0,0,0,0,0,0
560071,0,1,1992,0,0,0,0,0,0,0,0,0,0
560071,1,1,1992,0,0,0,0,0,0,0,0,0,0
560072,1,1,1992,14,14,14,14,14,14,14,14,14,14
560073,1,1,1992,0,0,0,0,0,0,0,0,0,0
560074,1,1,1992,0,0,0,8,19,0,0,0,0,0
560074,2,1,1992,0,5,0,0,0,0,0,0,0,0
560075,1,1,1992,18,18,18,18,18,18,18,18,18,18
560076,1,1,1992,24,24,24,24,24,24,24,24,24,24
560077,1,1,1992,24,24,24,24,24,24,24,24,24,24
560078,1,1,1992,15,15,15,15,15,15,15,15,15,15
560079,1,1,1992,14,0,19,14,18,0,0,0,0,21
560080,1,1,1992,32,27,0,0,13,0,23,0,0,20
560081,1,1,1992,18,18,18,18,18,18,18,18,18,18
560082,1,1,1992,0,0,0,0,0,0,0,0,0,0
560083,1,1,1992,22,22,22,22,22,22,22,22,22,22
560084,1,1,1992,22,22,22,22,22,22,22,22,22,22
560085,1,1,1992,19,19,19,19,19,19,19,19,19,19
560086,1,1,1992,0,0,0,0,0,0,0,0,0,0
560087,1,1,1992,0,0,0,0,0,0,0,0,0,0
560088,1,1,1992,32,32,32,32,32,32,32,32,32,32
560089,1,1,1992,0,0,0,0,0,0,0,0,0,0
560089,2,1,1992,0,15,13,0,0,19,0,17,14,0
560090,1,1,1992,0,0,12,24,17,0,0,0,13,27
560091,1,1,1992,0,0,0,0,0,0,0,0,0,0
560092,1,1,1992,17,17,17,17,17,17,17,17,17,17
560093,1,1,1992,0,0,0,0,0,0,0,0,16,0
560093,2,1,1992,0,0,0,0,0,0,0,0,0,9
560094,1,1,1992,0,0,0,0,0,0,0,0,0,0
560095,1,1,1992,26,26,26,26,26,26,26,26,26,26
560096,1,1,1992,0,0,0,0,0,0,0,0,0,0
560096,2,1,1992,0,0,0,0,0,0,0,0,0,0
560097,1,1,1992,11,11,11,11,11,11,11,11,11,11
560097,2,1,1992,17,17,17,17,17,17,17,17,17,17
560098,0,1,1992,0,0,0,0,0,0,0,0,0,0
560098,1,1,1992,0,0,0,0,0,0,0,0,0,0
560099,1,1,1992,8,0,32,0,0,0,0,9,0,0
560099,2,1,1992,0,0,0,0,0,0,0,0,0,0