ST_CASE,VEH_NO,PER_NO,YEAR,P1,P2,P3,P4,P5,P6,P7,P8,P9,P10
60001,1,1,1992,2,2,2,2,2,2,2,2,2,2
60002,1,1,1992,0,0,0,0,0,0,0,0,0,0
60002,2,1,1992,0,0,0,0,0,0,0,0,0,0
60003,0,1,1992,5,5,5,5,5,5,5,5,5,5
60003,1,1,1992,0,0,0,0,0,0,0,0,0,0
60004,1,1,1992,31,12,18,0,0,0,0,0,0,11
60004,2,1,1992,11,11,11,11,11,11,11,11,11,11
60005,1,1,1992,0,0,0,0,0,0,0,0,0,0
60005,2,1,1992,0,0,0,0,0,0,0,0,0,0
60006,1,1,1992,18,18,18,18,18,18,18,18,18,18
60007,1,1,1992,14,14,14,14,14,14,14,14,14,14
60008,1,1,1992,0,0,0,0,0,0,0,0,0,0
60008,2,1,1992,0,0,17,0,0,0,0,0,0,0
60009,0,1,1992,0,0,0,0,0,0,0,0,0,0
60009,1,1,1992,0,0,0,0,0,0,0,0,0,0
60010,1,1,1992,15,15,15,15,15,15,15,15,15,15
60011,1,1,1992,0,0,0,0,0,0,0,0,0,0
60011,2,1,1992,0,0,0,0,0,0,0,0,0,0
60012,1,1,1992,7,7,7,7,7,7,7,7,7,7
60013,1,1,1992,0,0,0,0,0,0,0,0,0,0
60014,0,1,1992,0,0,0,0,0,0,0,0,0,0
60014,1,1,1992,0,0,0,0,0,0,0,0,0,0
60015,0,1,1992,21,21,21,21,21,21,21,21,21,21
60015,1,1,1992,0,0,0,0,0,0,0,0,0,0
60016,1,1,1992,0,0,0,0,0,8,0,5,0,0
60016,2,1,1992,0,0,0,0,0,0,0,0,0,11
60017,1,1,1992,24,24,24,24,24,24,24,24,24,24
60017,2,1,1992,0,0,0,0,0,0,0,0,0,0
60017,3,1,1992,0,0,0,0,0,0,0,0,0,0
60018,0,1,1992,15,15,15,15,15,15,15,15,15,15
60018,1,1,1992,5,13,17,28,17,19,13,8,13,10
60019,1,1,1992,21,21,21,21,21,21,21,21,21,21
60020,1,1,1992,18,18,18,18,18,18,18,18,18,18
60020,2,1,1992,0,0,0,0,0,0,0,0,0,0
60021,1,1,1992,18,18,18,18,18,18,18,18,18,18
60022,1,1,1992,25,25,25,25,25,25,25,25,25,25
60023,0,1,1992,0,0,0,0,0,0,0,0,0,0
60023,1,1,1992,0,0,0,0,0,0,0,0,0,0
60024,1,1,1992,7,7,7,7,7,7,7,7,7,7
60024,2,1,1992,19,19,19,19,19,19,19,19,19,19
60025,1,1,1992,0,0,0,0,0,0,0,0,0,0
60025,2,1,1992,0,0,0,0,0,0,0,0,0,0
60026,1,1,1992,0,0,0,0,0,0,0,0,0,0
60026,2,1,1992,0,0,0,0,0,0,0,0,0,0
60026,3,1,1992,0,0,0,0,0,0,0,0,0,0
60027,0,1,1992,33,33,33,33,33,33,33,33,33,33
60027,1,1,1992,0,0,0,0,0,0,0,0,0,0
60028,0,1,1992,2,2,2,2,2,2,2,2,2,2
60028,1,1,1992,0,0,1,0,0,0,0,0,0,0
60029,1,1,1992,14,14,14,14,14,14,14,14,14,14
60030,1,1,1992,35,35,35,35,35,35,35,35,35,35
60030,2,1,1992,0,0,0,0,0,0,0,0,0,0
60032,1,1,1992,0,0,0,0,0,0,0,0,0,0
60033,1,1,1992,0,0,0,0,0,0,0,0,0,0
60033,2,1,1992,0,0,0,0,0,0,0,0,0,0
60034,1,1,1992,0,0,0,0,0,0,0,0,0,0
60035,1,1,1992,16,16,16,16,16,16,16,16,16,16
60035,2,1,1992,0,0,0,0,0,0,0,0,0,0
60035,3,1,1992,0,0,0,0,0,0,0,0,0,0
60035,4,1,1992,0,0,0,0,0,0,0,0,0,0
60036,1,1,1992,19,19,19,19,19,19,19,19,19,19
60037,1,1,1992,0,0,0,0,0,0,0,0,0,0
60037,2,1,1992,0,0,0,0,0,0,0,0,0,0
60038,1,1,1992,21,21,21,21,21,21,21,21,21,21
60039,1,1,1992,0,0,0,0,0,0,0,0,0,0
60040,1,1,1992,0,0,0,0,0,0,0,0,0,0
60040,2,1,1992,0,0,0,0,0,0,0,0,0,0
60041,1,1,1992,0,0,0,0,0,0,0,0,0,0
60042,1,1,1992,0,0,0,0,0,0,3,0,0,0
60043,1,1,1992,0,0,0,0,0,0,0,0,0,0
60044,1,1,1992,0,0,0,0,0,0,0,0,0,0
60044,2,1,1992,0,0,0,0,0,0,0,0,0,0
60045,0,1,1992,31,31,31,31,31,31,31,31,31,31
60045,1,1,1992,0,0,11,0,0,0,0,0,0,0
60046,1,1,1992,21,21,21,21,21,21,21,21,21,21
60046,2,1,1992,0,0,0,0,0,0,0,0,0,0
60047,1,1,1992,3,3,3,3,3,3,3,3,3,3
60047,2,1,1992,0,0,0,0,0,0,0,0,0,0
60049,1,1,1992,0,0,0,0,0,0,0,0,0,0
60049,2,1,1992,0,0,0,0,0,0,0,0,0,0
60050,1,1,1992,0,0,0,0,0,0,0,16,0,0
60051,0,1,1992,2,2,2,2,2,2,2,2,2,2
60051,1,1,1992,0,0,0,0,0,0,0,0,0,0
60052,0,1,1992,0,0,0,0,0,0,0,0,0,0
60052,1,1,1992,0,0,0,0,0,0,0,0,0,0
60053,1,1,1992,0,0,0,0,0,0,0,0,0,0
60054,2,1,1992,0,0,0,0,0,0,0,0,0,0
60054,3,1,1992,0,0,0,0,0,0,0,0,0,0
60055,1,1,1992,16,16,16,16,16,16,16,16,16,16
60055,2,1,1992,0,0,0,0,0,0,0,0,0,0
60056,1,1,1992,0,0,0,0,0,0,0,0,0,0
60056,2,1,1992,0,0,0,0,0,0,0,0,0,0
60057,1,1,1992,4,4,4,4,4,4,4,4,4,4
60057,2,1,1992,8,8,8,8,8,8,8,8,8,8
60058,1,1,1992,11,11,11,11,11,11,11,11,11,11
60058,2,1,1992,0,0,0,0,0,0,0,0,0,0
60059,1,1,1992,0,0,0,0,0,0,0,0,0,0
60059,2,1,1992,0,0,0,0,0,0,0,0,0,0
60060,1,1,1992,0,0,0,0,0,0,0,0,0,0
60061,1,1,1992,0,0,0,0,0,0,0,0,0,0
60061,2,1,1992,0,0,0,0,0,0,0,0,0,0
60062,1,1,1992,6,6,6,6,6,6,6,6,6,6
60063,1,1,1992,0,0,0,0,0,0,0,0,0,0
60063,2,1,1992,0,0,0,0,0,0,0,0,0,0
60063,3,1,1992,0,0,0,0,0,0,0,0,0,0
60063,4,1,1992,0,0,0,0,0,0,0,0,0,0
60064,1,1,1992,0,0,0,0,0,0,0,0,0,0
60064,2,1,1992,0,0,0,0,0,0,0,0,0,0
60064,3,1,1992,0,0,0,0,0,0,0,0,0,0
60065,0,1,1992,0,0,0,0,0,0,0,0,0,0
60065,1,1,1992,0,0,0,0,0,0,0,0,0,0
60066,1,1,1992,0,0,0,0,0,0,0,0,0,0
60066,2,1,1992,0,0,0,0,0,0,0,0,0,0
60067,0,1,1992,0,0,0,0,0,0,0,0,0,0
60067,1,1,1992,0,0,0,0,0,0,0,0,0,0
60068,0,1,1992,0,0,0,0,0,0,0,0,0,0
60068,1,1,1992,0,0,0,0,0,0,0,0,10,0
60069,1,1,1992,2,2,2,2,2,2,2,2,2,2
60070,1,1,1992,0,0,0,0,0,0,0,0,0,0
60070,2,1,1992,0,0,0,0,0,0,0,0,0,0
60071,0,1,1992,0,0,0,0,0,0,0,0,0,0
60071,1,1,1992,0,0,0,0,0,0,0,0,0,0
60072,1,1,1992,0,0,0,0,0,0,0,0,0,0
60072,2,1,1992,0,0,0,0,0,0,0,0,0,0
60073,1,1,1992,0,0,0,0,0,0,0,0,0,0
60073,2,1,1992,0,0,0,0,0,0,0,0,0,0
60074,1,1,1992,0,0,0,0,0,0,0,0,0,0
60074,2,1,1992,0,0,0,0,0,0,0,0,0,0
60075,1,1,1992,8,8,8,8,8,8,8,8,8,8
60076,1,1,1992,15,15,15,15,15,15,15,15,15,15
60077,1,1,1992,21,21,21,21,21,21,21,21,21,21
60078,1,1,1992,20,20,20,20,20,20,20,20,20,20
60078,2,1,1992,0,0,0,7,12,0,0,0,0,0
60078,3,1,1992,21,0,10,19,14,0,13,12,0,2
60079,0,1,1992,16,16,16,16,16,16,16,16,16,16
60079,1,1,1992,0,24,0,0,0,17,0,0,0,0
60079,2,1,1992,0,14,0,0,0,0,0,0,0,12
60080,1,1,1992,7,7,7,7,7,7,7,7,7,7
60081,1,1,1992,4,4,4,4,4,4,4,4,4,4
60082,0,1,1992,15,15,15,15,15,15,15,15,15,15
60082,1,1,1992,0,0,16,0,0,0,0,0,0,16
60083,0,1,1992,18,18,18,18,18,18,18,18,18,18
60083,0,2,1992,23,27,28,14,10,18,11,22,18,0
60083,1,1,1992,0,0,0,0,0,0,0,0,0,0
60084,1,1,1992,15,15,15,15,15,15,15,15,15,15
60085,1,1,1992,0,0,0,0,0,0,0,0,0,0
60086,0,1,1992,26,26,26,26,26,26,26,26,26,26
60086,1,1,1992,14,14,14,14,14,14,14,14,14,14
60087,1,1,1992,0,0,0,0,0,0,0,0,0,0
60088,0,1,1992,0,0,0,0,0,0,0,0,0,0
60088,1,1,1992,0,0,0,0,0,0,0,0,0,0
60089,0,1,1992,0,0,0,0,0,0,0,0,0,0
60089,1,1,1992,0,0,0,0,0,0,0,16,0,0
60090,0,1,1992,0,0,0,0,0,0,0,0,0,0
60090,1,1,1992,0,0,0,0,0,0,0,0,0,0
60091,1,1,1992,0,0,0,0,0,0,0,0,0,0
60091,2,1,1992,0,0,0,0,0,0,0,0,0,0
60092,1,1,1992,9,0,0,0,0,0,0,0,0,0
60092,2,1,1992,0,0,0,0,0,0,0,0,0,0
60093,1,1,1992,0,0,0,0,0,0,0,0,0,0
60094,1,1,1992,17,17,17,17,17,17,17,17,17,17
60094,2,1,1992,0,0,0,0,0,0,0,0,0,0
60095,0,1,1992,37,37,37,37,37,37,37,37,37,37
60095,1,1,1992,0,25,0,0,0,0,0,0,9,0
60096,0,1,1992,2,2,2,2,2,2,2,2,2,2
60096,1,1,1992,0,0,0,0,0,0,0,0,0,0
60097,0,1,1992,1,1,1,1,1,1,1,1,1,1
60097,1,1,1992,0,0,0,0,0,0,0,0,0,0
60098,1,1,1992,27,27,27,27,27,27,27,27,27,27
60099,0,1,1992,0,0,0,0,0,0,0,0,0,0
60099,0,2,1992,0,0,0,0,0,0,0,0,0,0
60099,1,1,1992,0,0,0,0,0,0,0,0,0,0
60100,1,1,1992,0,0,0,0,0,0,0,0,0,0
60100,2,1,1992,0,0,0,0,0,0,15,3,0,0
60100,3,1,1992,0,0,0,0,0,0,0,0,0,0
60101,1,1,1992,0,0,0,0,0,0,0,0,0,0
60101,2,1,1992,0,0,0,0,0,0,0,0,0,0
60102,1,1,1992,0,0,0,0,0,0,0,0,0,0
60102,2,1,1992,0,0,0,0,0,0,0,0,0,0
60103,1,1,1992,0,0,0,0,0,0,0,0,0,0
60103,2,1,1992,0,0,0,0,0,0,0,0,0,0
60103,3,1,1992,0,0,0,0,0,0,0,0,0,0
60104,0,1,1992,6,6,6,6,6,6,6,6,6,6
60104,1,1,1992,0,0,0,0,0,0,0,0,0,0
60104,2,1,1992,0,0,0,0,0,0,0,0,0,0
60104,3,1,1992,0,0,0,0,0,0,0,0,0,0
60105,1,1,1992,0,0,0,0,0,0,0,0,0,0
60105,2,1,1992,0,0,0,0,0,0,0,0,0,0
60106,1,1,1992,0,0,0,0,0,0,0,0,0,0
60107,0,1,1992,0,0,0,0,0,0,0,0,0,0
60107,1,1,1992,0,0,0,0,0,0,0,0,0,0
60108,1,1,1992,0,0,0,0,0,0,0,0,0,0
60108,2,1,1992,0,0,0,0,0,0,0,0,0,0
60109,1,1,1992,0,0,0,0,0,0,0,0,0,0
60109,2,1,1992,0,0,0,0,0,0,0,0,0,0
60110,0,1,1992,6,6,6,6,6,6,6,6,6,6
60110,1,1,1992,0,0,0,0,0,0,0,0,0,0
60110,2,1,1992,0,0,0,0,0,0,0,0,0,0
60110,3,1,1992,0,0,0,0,0,0,0,0,0,0
60111,1,1,1992,0,0,0,0,0,0,0,0,0,0
60112,1,1,1992,0,0,0,0,0,0,0,0,0,0
60113,1,1,1992,25,25,25,25,25,25,25,25,25,25
60114,1,1,1992,8,8,8,8,8,8,8,8,8,8
60114,2,1,1992,0,0,0,0,0,0,0,0,0,0
60115,1,1,1992,0,0,0,0,0,0,0,0,0,0
60116,1,1,1992,0,0,0,0,0,0,0,0,0,0
60116,2,1,1992,0,0,0,0,0,0,0,0,0,0
60117,1,1,1992,0,0,0,0,0,0,0,0,0,0
60118,1,1,1992,34,34,34,34,34,34,34,34,34,34
60119,1,1,1992,0,0,0,0,0,0,0,0,0,0
60119,2,1,1992,0,0,0,0,0,0,0,0,0,0
60120,1,1,1992,16,16,16,16,16,16,16,16,16,16
60120,2,1,1992,0,0,0,0,0,0,0,0,0,0
60121,0,1,1992,0,0,0,0,0,0,0,0,0,0
60121,1,1,1992,0,0,10,0,0,0,0,0,0,0
60122,0,1,1992,0,0,0,0,0,0,0,0,0,0
60122,1,1,1992,17,0,0,0,0,0,0,0,0,0
60123,1,1,1992,5,5,5,5,5,5,5,5,5,5
60123,2,1,1992,0,0,0,0,0,0,0,0,0,0
60124,0,1,1992,0,0,0,0,0,0,0,0,0,0
60124,1,1,1992,0,0,0,0,0,0,0,0,0,0
60125,1,1,1992,0,0,0,0,0,0,0,0,0,0
60126,1,1,1992,0,0,0,0,0,0,0,0,0,0
60126,2,1,1992,0,0,0,0,0,0,0,0,0,0
60127,1,1,1992,0,0,0,0,0,0,0,0,0,0
60128,1,1,1992,0,0,0,0,0,0,0,0,0,0
60129,0,1,1992,0,0,0,0,0,0,0,0,0,0
60129,1,1,1992,0,0,0,0,0,0,0,0,0,0
60130,1,1,1992,17,17,17,17,17,17,17,17,17,17
60131,1,1,1992,17,17,17,17,17,17,17,17,17,17
60132,0,1,1992,0,0,0,0,0,0,0,0,0,0
60132,1,1,1992,0,0,0,0,0,0,0,0,0,0
60133,0,1,1992,0,0,0,0,0,0,0,0,0,0
60133,1,1,1992,0,0,0,0,0,0,0,0,0,0
60134,0,1,1992,0,0,0,0,0,0,0,0,0,0
60134,1,1,1992,0,0,0,0,0,0,0,0,0,0
60135,0,1,1992,27,27,27,27,27,27,27,27,27,27
60135,1,1,1992,0,0,0,0,0,0,0,0,0,0
60136,1,1,1992,9,9,9,9,9,9,9,9,9,9
60137,0,1,1992,10,10,10,10,10,10,10,10,10,10
60137,1,1,1992,0,0,0,0,0,0,0,0,0,0
60138,1,1,1992,15,15,15,15,15,15,15,15,15,15
60138,2,1,1992,0,0,0,0,0,0,0,2,0,0
60138,3,1,1992,0,0,0,0,27,0,0,0,0,0
60139,0,1,1992,15,15,15,15,15,15,15,15,15,15
60139,1,1,1992,0,0,20,0,0,0,0,0,0,0
60140,1,1,1992,7,7,7,7,7,7,7,7,7,7
60140,2,1,1992,0,0,0,0,0,0,0,0,0,0
60141,0,1,1992,0,0,0,0,0,0,0,0,0,0
60141,1,1,1992,0,0,0,0,0,0,0,0,0,0
60142,1,1,1992,0,0,0,16,0,0,11,0,0,0
60143,0,1,1992,0,0,0,0,0,0,0,0,0,0
60143,1,1,1992,0,0,0,0,0,0,7,0,0,0
60144,1,1,1992,18,18,18,18,18,18,18,18,18,18
60145,1,1,1992,17,17,17,17,17,17,17,17,17,17
60146,1,1,1992,9,9,9,9,9,9,9,9,9,9
60146,2,1,1992,0,0,0,0,0,0,0,0,0,0
60147,1,1,1992,8,12,22,16,0,0,23,8,9,12
60148,1,1,1992,0,0,0,0,0,0,0,0,0,0
60148,2,1,1992,0,0,0,0,0,0,0,0,0,0
60149,0,1,1992,38,24,12,30,21,22,10,13,27,29
60149,1,1,1992,3,3,3,3,3,3,3,3,3,3
60150,0,1,1992,0,0,0,0,0,0,0,0,0,0
60150,1,1,1992,0,0,0,0,0,0,0,0,0,0
60151,0,1,1992,10,10,10,10,10,10,10,10,10,10
60151,1,1,1992,0,0,0,0,0,0,0,0,0,0
60152,1,1,1992,8,6,7,7,6,10,18,7,15,13
60153,1,1,1992,0,0,0,0,0,0,0,0,0,0
60153,2,1,1992,0,0,0,0,0,0,0,0,0,0
60154,1,1,1992,0,0,0,0,0,0,0,0,0,0
60154,2,1,1992,0,0,0,0,0,0,0,0,0,0
60155,1,1,1992,22,22,22,22,22,22,22,22,22,22
60156,1,1,1992,0,0,0,0,0,0,0,0,0,0
60156,2,1,1992,0,0,0,0,0,0,0,0,0,0
60156,3,1,1992,0,0,0,0,0,0,0,0,0,0
60157,1,1,1992,9,9,9,9,9,9,9,9,9,9
60158,0,1,1992,0,0,0,0,0,0,0,0,0,0
60158,1,1,1992,0,0,0,0,0,0,0,0,0,0
60159,0,1,1992,0,0,0,0,0,0,0,0,0,0
60159,1,1,1992,0,0,0,0,0,0,0,0,0,0
60160,1,1,1992,0,0,0,0,0,0,0,0,0,0
60160,2,1,1992,0,0,0,0,0,0,0,0,0,0
60161,1,1,1992,1,1,1,1,1,1,1,1,1,1
60161,2,1,1992,0,0,0,0,0,0,0,0,0,0
60162,1,1,1992,0,0,0,0,0,0,0,0,0,0
60163,1,1,1992,21,21,21,21,21,21,21,21,21,21
60164,1,1,1992,0,0,0,0,0,0,0,0,0,0
60164,2,1,1992,0,0,0,0,0,0,0,0,0,0
60165,0,1,1992,10,19,14,16,12,20,23,29,11,0
60165,1,1,1992,0,4,0,0,0,0,0,0,0,0
60166,1,1,1992,0,0,0,0,0,0,0,0,0,0
60166,2,1,1992,15,0,0,0,0,0,0,0,0,0
60167,1,1,1992,20,11,16,11,17,23,19,16,13,17
60168,1,1,1992,21,21,21,21,21,21,21,21,21,21
60169,1,1,1992,0,0,0,0,0,0,0,0,0,0
60169,2,1,1992,0,0,0,0,0,0,0,0,0,0
60170,1,1,1992,35,35,35,35,35,35,35,35,35,35
60171,1,1,1992,0,0,0,0,0,0,0,0,0,0
60171,2,1,1992,12,12,12,12,12,12,12,12,12,12
60172,1,1,1992,0,0,0,0,0,0,0,0,0,0
60172,2,1,1992,9,9,9,9,9,9,9,9,9,9
60173,1,1,1992,19,19,19,19,19,19,19,19,19,19
60174,1,1,1992,0,0,0,0,0,0,0,0,0,0
60175,0,1,1992,0,0,0,0,0,0,0,12,26,0
60175,1,1,1992,0,0,0,0,0,0,0,0,0,0
60176,1,1,1992,0,0,0,0,0,0,0,0,0,0
60176,2,1,1992,0,0,0,0,0,0,0,0,0,0
60177,1,1,1992,0,0,0,0,0,0,0,0,0,0
60177,2,1,1992,0,0,0,0,0,0,0,0,0,0
60178,0,1,1992,28,28,28,28,28,28,28,28,28,28
60178,1,1,1992,0,0,0,0,0,0,0,26,0,0
60179,0,1,1992,28,28,28,28,28,28,28,28,28,28
60179,1,1,1992,0,12,0,0,0,0,0,0,0,0
60180,0,1,1992,2,2,2,2,2,2,2,2,2,2
60180,1,1,1992,0,0,0,0,0,0,0,0,0,0
60181,1,1,1992,0,0,0,0,0,0,0,0,0,0
60182,1,1,1992,4,4,4,4,4,4,4,4,4,4
60183,1,1,1992,5,5,5,5,5,5,5,5,5,5
60184,1,1,1992,0,0,0,0,0,0,0,0,0,0
60185,1,1,1992,0,0,0,0,0,0,0,0,0,0
60185,2,1,1992,0,0,0,0,0,0,0,0,0,0
60186,1,1,1992,19,19,19,19,19,19,19,19,19,19
60187,1,1,1992,0,0,19,0,0,0,11,0,5,0
60187,2,1,1992,0,0,0,0,0,0,0,0,0,0
60188,0,1,1992,0,0,0,0,0,0,0,0,0,0
60188,1,1,1992,0,0,0,0,0,0,0,0,0,0
60189,1,1,1992,0,0,0,0,0,0,0,0,7,0
60189,2,1,1992,0,0,0,0,0,0,0,0,14,0
60190,1,1,1992,12,12,12,12,12,12,12,12,12,12
60191,1,1,1992,0,0,0,0,0,0,0,0,0,0
60191,2,1,1992,0,0,0,0,0,0,0,0,0,0
60192,1,1,1992,23,23,23,23,23,23,23,23,23,23
60193,1,1,1992,18,18,18,18,18,18,18,18,18,18
60194,1,1,1992,20,20,20,20,20,20,20,20,20,20
60194,2,1,1992,3,8,15,17,0,28,0,14,23,0
60195,1,1,1992,0,0,0,0,0,0,0,0,0,0
60195,2,1,1992,0,0,0,0,0,0,0,0,0,0
60195,3,1,1992,7,0,27,0,0,0,0,0,0,0
60196,1,1,1992,10,10,10,10,10,10,10,10,10,10
60197,1,1,1992,0,0,0,0,0,0,0,0,0,0
60198,1,1,1992,0,0,0,0,0,21,0,0,0,0
60199,1,1,1992,0,0,0,0,0,0,0,0,0,0
60200,1,1,1992,9,9,9,9,9,9,9,9,9,9
60200,2,1,1992,0,0,0,0,0,0,0,0,0,0
60201,0,1,1992,0,0,0,0,0,0,0,0,0,0
60201,0,2,1992,0,0,0,0,0,0,0,0,0,0
60201,0,3,1992,0,0,0,0,0,0,0,0,0,0
60201,1,1,1992,0,0,0,0,0,0,0,0,0,0
60202,0,1,1992,0,0,0,0,0,0,0,0,0,0
60203,1,1,1992,0,0,0,0,0,0,19,0,0,0
60203,2,1,1992,0,0,0,0,0,0,0,0,12,0
60203,3,1,1992,0,0,0,0,0,0,0,0,0,0
60203,4,1,1992,0,0,0,0,0,0,0,0,0,0
60204,1,1,1992,7,7,7,7,7,7,7,7,7,7
60205,0,1,1992,27,27,27,27,27,27,27,27,27,27
60205,1,1,1992,0,0,0,0,0,0,0,0,0,0
60206,1,1,1992,0,0,0,0,0,0,0,0,0,0
60207,1,1,1992,0,0,0,0,0,0,0,0,0,0
60207,2,1,1992,0,0,0,0,0,0,0,0,0,0
60208,0,1,1992,0,0,0,0,0,0,0,0,0,0
60208,1,1,1992,0,0,0,0,0,0,0,0,0,0
60209,1,1,1992,0,0,0,0,0,0,0,0,0,0
60209,2,1,1992,0,0,0,0,0,0,0,0,0,0
60210,1,1,1992,0,0,0,0,0,0,0,0,0,0
60210,2,1,1992,0,0,0,0,0,0,0,0,0,0
60210,3,1,1992,0,0,0,0,0,0,0,0,20,3
60211,1,1,1992,15,15,15,15,15,15,15,15,15,15
60212,1,1,1992,26,0,0,0,0,0,0,0,23,0
60212,2,1,1992,0,0,0,0,0,0,0,0,0,0
60213,1,1,1992,0,0,0,0,0,0,0,0,0,0
60213,2,1,1992,0,0,0,0,0,0,0,0,0,0
60214,1,1,1992,0,0,0,0,0,0,0,0,0,0
60214,2,1,1992,0,0,0,0,0,0,0,0,0,0
60215,1,1,1992,0,0,0,0,0,0,0,0,0,0
60216,1,1,1992,23,26,19,39,27,29,28,26,20,21
60216,2,1,1992,0,0,0,0,0,0,31,0,0,0
60217,1,1,1992,19,19,19,19,19,19,19,19,19,19
60218,1,1,1992,3,3,3,3,3,3,3,3,3,3
60219,1,1,1992,0,0,0,0,0,0,0,0,0,0
60219,2,1,1992,0,0,9,0,0,0,0,0,0,0
60220,1,1,1992,0,0,0,0,0,0,0,0,0,0
60221,1,1,1992,0,0,0,0,0,0,0,0,0,0
60221,2,1,1992,0,0,0,0,0,0,0,0,13,0
60222,1,1,1992,0,0,0,0,0,0,0,0,0,0
60222,2,1,1992,0,0,0,0,0,0,0,0,0,0
60222,3,1,1992,0,0,0,0,0,0,0,0,0,0
60223,0,1,1992,0,0,20,0,0,0,0,0,0,0
60223,1,1,1992,0,0,0,0,0,0,0,0,0,0
60224,1,1,1992,9,0,0,0,0,0,0,0,20,0
60225,0,1,1992,0,0,0,0,0,0,0,0,0,0
60225,1,1,1992,0,0,0,0,0,0,0,0,0,0
60226,1,1,1992,0,0,0,0,0,0,0,0,0,0
60226,2,1,1992,0,0,0,0,0,0,0,0,0,0
60227,1,1,1992,5,5,5,5,5,5,5,5,5,5
60228,1,1,1992,0,0,0,0,0,0,0,0,0,0
60229,1,1,1992,19,19,19,19,19,19,19,19,19,19
60230,0,1,1992,0,0,0,0,0,0,0,0,0,0
60230,1,1,1992,0,0,0,0,0,0,0,0,0,0
60231,1,1,1992,0,0,0,0,0,0,0,0,0,0
60231,2,1,1992,0,5,0,0,0,0,0,12,0,15
60232,0,1,1992,0,0,0,0,0,0,0,0,0,0
60232,1,1,1992,0,0,0,0,0,0,0,0,0,0
60233,1,1,1992,0,0,0,0,0,0,0,0,0,18
60233,2,1,1992,0,0,0,0,0,0,0,0,0,0
60234,1,1,1992,0,0,0,0,0,0,0,0,0,0
60235,1,1,1992,9,9,9,9,9,9,9,9,9,9
60235,2,1,1992,0,0,0,0,0,0,0,0,0,0
60236,1,1,1992,0,0,0,0,0,0,13,0,0,0
60236,2,1,1992,0,0,0,0,0,0,0,0,0,0
60237,0,1,1992,22,22,22,22,22,22,22,22,22,22
60237,1,1,1992,0,0,0,0,0,0,0,5,0,0
60238,1,1,1992,0,0,0,0,0,0,0,0,0,0
60238,2,1,1992,0,0,0,0,0,0,0,0,0,0
60239,1,1,1992,0,0,0,0,0,0,0,0,0,0
60239,2,1,1992,0,0,0,0,0,0,0,0,0,0
60240,1,1,1992,0,0,0,0,0,0,0,0,0,0
60241,1,1,1992,0,0,0,0,0,0,0,0,0,0
60242,0,1,1992,6,6,6,6,6,6,6,6,6,6
60242,1,1,1992,0,0,0,10,0,0,11,0,0,0
60243,1,1,1992,17,17,17,17,17,17,17,17,17,17
60244,1,1,1992,0,0,0,0,0,0,0,0,0,0
60244,2,1,1992,0,0,21,13,0,0,0,0,0,0
60245,1,1,1992,22,22,22,22,22,22,22,22,22,22
60246,1,1,1992,34,34,34,34,34,34,34,34,34,34
60247,0,1,1992,0,0,0,0,0,0,0,0,0,0
60247,1,1,1992,0,0,0,12,0,0,0,0,0,0
60248,1,1,1992,0,0,0,0,0,0,0,0,0,0
60248,2,1,1992,0,0,0,0,0,0,0,0,0,0
60249,1,1,1992,0,0,0,0,0,0,0,0,0,0
60250,1,1,1992,0,0,0,0,0,0,0,0,0,0
60250,2,1,1992,0,0,0,0,0,0,0,0,0,0
60251,0,1,1992,0,0,0,0,0,0,0,0,0,0
60251,1,1,1992,10,10,10,10,10,10,10,10,10,10
60252,1,1,1992,0,0,0,0,0,0,0,0,0,0
60252,2,1,1992,4,4,4,4,4,4,4,4,4,4
60253,1,1,1992,0,0,0,0,0,0,0,0,0,0
60254,1,1,1992,0,0,0,0,0,0,0,0,0,0
60254,2,1,1992,0,0,0,0,0,0,0,0,0,0
60255,1,1,1992,0,0,0,0,0,0,0,0,0,0
60256,1,1,1992,0,0,0,0,0,0,0,0,0,0
60256,2,1,1992,0,0,0,0,0,0,0,0,0,4
60256,3,1,1992,0,0,0,0,0,0,0,0,0,0
60257,0,1,1992,0,0,0,0,0,0,0,0,0,0
60257,1,1,1992,0,0,0,0,0,11,0,0,0,0
60258,1,1,1992,18,18,18,18,18,18,18,18,18,18
60258,2,1,1992,0,0,0,0,0,0,0,0,0,0
60259,1,1,1992,0,0,0,0,0,0,0,0,0,0
60260,1,4,1992,30,26,23,18,13,19,25,28,13,8
60261,0,1,1992,0,0,0,0,0,0,0,0,0,0
60261,1,1,1992,0,0,0,0,0,0,0,0,0,0
60262,1,1,1992,0,0,0,0,0,0,0,0,0,0
60263,1,1,1992,0,0,23,0,0,0,0,0,0,0
60263,2,1,1992,0,0,0,0,0,0,0,0,0,0
60264,1,1,1992,0,0,0,0,0,0,0,0,0,0
60264,2,1,1992,0,0,0,0,0,0,0,0,10,0
60265,1,1,1992,20,20,20,20,20,20,20,20,20,20
60266,1,1,1992,0,0,0,0,0,0,0,0,0,0
60266,2,1,1992,0,12,0,0,0,0,0,0,16,0
60267,0,1,1992,31,31,31,31,31,31,31,31,31,31
60267,1,1,1992,0,0,0,0,7,0,0,0,0,0
60268,1,1,1992,3,31,0,6,0,9,11,14,20,20
60269,1,1,1992,0,0,0,0,0,0,0,0,0,0
60270,1,1,1992,2,2,2,2,2,2,2,2,2,2
60270,2,1,1992,0,0,2,0,0,0,0,0,0,0
60270,3,1,1992,0,0,0,0,0,0,0,0,0,0
60271,1,1,1992,0,0,0,0,0,0,0,0,0,0
60272,1,1,1992,0,0,0,0,0,0,0,0,0,0
60273,1,1,1992,0,0,0,0,0,0,0,0,0,0
60273,2,1,1992,0,0,0,0,0,0,0,0,0,0
60273,3,1,1992,0,0,0,0,0,0,0,0,0,0
60273,4,1,1992,0,0,0,0,0,0,0,0,0,0
60274,1,1,1992,0,0,0,0,0,0,0,0,0,0
60274,2,1,1992,0,0,0,0,0,0,0,0,0,0
60275,1,1,1992,0,0,0,0,0,0,0,0,0,0
60276,1,1,1992,0,0,0,0,0,0,0,0,0,0