ST_CASE,VEH_NO,PER_NO,YEAR,P1,P2,P3,P4,P5,P6,P7,P8,P9,P10
60277,1,1,1992,0,0,0,0,0,0,0,0,0,0
60277,2,1,1992,0,0,0,0,0,0,0,0,0,0
60277,3,1,1992,0,0,0,0,0,0,0,0,0,0
60278,1,1,1992,0,0,0,0,0,0,0,0,0,0
60278,2,1,1992,24,0,0,0,13,0,0,0,0,0
60280,1,1,1992,0,0,0,0,0,16,0,0,0,0
60281,1,1,1992,10,10,10,10,10,10,10,10,10,10
60282,0,1,1992,0,0,0,0,0,0,0,0,0,0
60282,1,1,1992,0,0,0,0,0,0,0,0,0,0
60282,2,1,1992,0,0,0,0,0,0,0,0,0,0
60283,1,1,1992,0,0,0,0,0,0,0,0,0,0
60283,2,1,1992,0,0,0,0,0,0,0,0,0,0
60283,3,1,1992,0,0,0,0,0,0,0,0,0,0
60284,1,1,1992,0,0,0,0,0,0,0,0,0,0
60285,0,1,1992,0,0,0,0,0,0,0,0,0,0
60285,1,1,1992,0,0,22,0,0,4,0,0,0,0
60286,1,1,1992,0,0,0,0,0,0,0,0,0,0
60286,2,1,1992,0,0,0,0,0,0,0,0,0,13
60287,1,1,1992,27,27,27,27,27,27,27,27,27,27
60288,1,1,1992,14,14,14,14,14,14,14,14,14,14
60288,2,1,1992,0,0,0,0,0,0,0,0,0,0
60289,0,1,1992,34,34,34,34,34,34,34,34,34,34
60289,1,1,1992,4,0,0,14,13,7,13,4,14,11
60290,1,1,1992,5,5,5,5,5,5,5,5,5,5
60291,1,1,1992,18,18,18,18,18,18,18,18,18,18
60292,0,1,1992,0,0,0,0,0,0,0,0,0,0
60292,1,1,1992,0,0,0,0,0,0,0,0,0,0
60293,0,1,1992,0,0,0,0,0,0,0,0,0,0
60293,1,1,1992,0,0,0,0,0,0,0,0,0,0
60294,1,1,1992,0,0,0,0,0,0,0,0,0,0
60294,2,1,1992,0,0,0,0,0,0,0,0,0,0
60295,0,1,1992,1,1,1,1,1,1,1,1,1,1
60295,1,1,1992,0,0,0,0,0,0,0,0,0,0
60296,1,1,1992,0,0,0,0,0,0,0,0,0,0
60296,2,1,1992,0,0,0,0,0,0,0,0,0,0
60297,1,1,1992,0,0,0,0,0,0,0,0,0,0
60297,2,1,1992,0,0,0,0,0,0,0,0,0,0
60298,0,1,1992,0,0,0,0,0,0,0,0,0,0
60298,1,1,1992,0,0,0,0,0,0,0,0,0,0
60299,1,1,1992,22,22,22,22,22,22,22,22,22,22
60300,1,1,1992,18,18,18,18,18,18,18,18,18,18
60300,2,1,1992,0,0,0,0,0,0,0,0,0,0
60301,1,1,1992,10,10,10,10,10,10,10,10,10,10
60302,1,1,1992,0,0,0,0,0,0,0,0,9,0
60302,2,1,1992,7,7,7,7,7,7,7,7,7,7
60303,1,1,1992,0,0,0,0,0,0,0,0,0,0
60303,2,1,1992,0,0,0,0,0,0,0,0,0,0
60304,1,1,1992,9,9,9,9,9,9,9,9,9,9
60305,1,1,1992,16,20,0,0,12,0,21,12,13,0
60306,1,1,1992,30,30,30,30,30,30,30,30,30,30
60307,1,1,1992,0,0,0,0,0,0,0,0,0,0
60308,1,1,1992,0,0,0,0,0,0,0,0,0,0
60308,2,1,1992,0,0,0,0,0,0,0,0,0,0
60309,0,1,1992,31,31,31,31,31,31,31,31,31,31
60309,1,1,1992,0,0,0,0,0,0,0,0,0,0
60310,1,1,1992,12,12,12,12,12,12,12,12,12,12
60311,1,1,1992,3,3,3,3,3,3,3,3,3,3
60311,2,1,1992,0,0,0,0,0,0,0,0,0,0
60312,1,1,1992,25,25,25,25,25,25,25,25,25,25
60313,1,1,1992,14,14,14,14,14,14,14,14,14,14
60314,0,1,1992,0,0,0,0,0,0,0,0,0,0
60314,1,1,1992,0,0,0,0,0,0,0,0,0,0
60315,0,1,1992,32,32,32,32,32,32,32,32,32,32
60315,0,2,1992,0,0,16,36,32,8,0,12,0,18
60315,1,1,1992,27,0,3,0,13,0,0,0,0,9
60316,1,1,1992,27,27,27,27,27,27,27,27,27,27
60317,0,1,1992,0,0,0,0,0,0,0,0,0,0
60317,1,1,1992,0,0,0,0,0,0,0,0,0,0
60317,2,1,1992,0,0,17,0,0,0,12,0,0,0
60318,1,1,1992,12,12,12,12,12,12,12,12,12,12
60318,2,1,1992,5,0,15,0,0,0,0,10,0,24
60319,0,1,1992,3,3,3,3,3,3,3,3,3,3
60319,1,1,1992,25,25,25,25,25,25,25,25,25,25
60320,1,1,1992,12,12,12,12,12,12,12,12,12,12
60321,1,1,1992,0,8,0,0,0,0,0,0,0,0
60321,2,1,1992,0,0,0,0,0,0,0,0,0,0
60322,1,1,1992,0,0,0,0,0,0,0,0,0,0
60322,2,1,1992,0,0,0,0,0,0,0,0,0,0
60322,3,1,1992,0,0,0,0,0,0,0,0,0,0
60323,0,1,1992,0,0,0,0,0,0,0,0,0,0
60323,1,1,1992,0,0,0,0,0,0,0,0,0,0
60324,1,1,1992,0,0,0,0,0,0,0,0,0,0
60324,2,1,1992,0,0,0,0,0,0,0,0,0,0
60325,0,1,1992,12,38,32,18,27,9,31,19,25,24
60325,1,1,1992,0,0,0,0,0,0,0,0,0,0
60326,1,1,1992,0,0,0,0,0,0,0,0,0,0
60326,2,1,1992,0,0,0,0,0,0,0,0,0,0
60327,0,1,1992,27,27,27,27,27,27,27,27,27,27
60327,1,1,1992,0,0,0,0,0,0,0,0,0,0
60328,1,1,1992,0,0,0,9,0,0,0,0,0,0
60328,2,1,1992,3,3,3,3,3,3,3,3,3,3
60329,1,1,1992,0,0,0,0,0,0,0,0,0,0
60329,2,1,1992,0,0,0,0,0,0,0,0,0,0
60330,1,1,1992,8,14,22,28,0,6,0,20,7,0
60331,1,1,1992,0,0,0,0,0,0,0,0,0,0
60331,2,1,1992,0,0,0,0,0,0,0,0,0,0
60332,1,1,1992,0,0,8,0,0,0,11,0,0,0
60332,2,1,1992,3,3,3,3,3,3,3,3,3,3
60333,1,1,1992,0,0,0,0,0,0,0,0,0,0
60333,2,1,1992,0,0,0,0,0,0,0,0,0,0
60334,1,1,1992,0,0,0,0,0,0,0,0,0,0
60335,1,1,1992,0,0,0,0,0,0,0,0,0,0
60335,2,1,1992,0,0,0,0,0,0,0,0,0,0
60336,0,1,1992,0,0,0,0,0,0,0,0,0,0
60336,1,1,1992,0,0,0,0,0,0,0,0,0,0
60337,1,1,1992,9,9,9,9,9,9,9,9,9,9
60337,2,1,1992,0,0,0,0,0,0,0,0,0,0
60338,1,1,1992,0,0,0,0,0,0,0,0,0,0
60339,0,1,1992,10,10,10,10,10,10,10,10,10,10
60339,1,1,1992,0,0,0,0,0,0,0,0,0,0
60340,0,1,1992,8,8,8,8,8,8,8,8,8,8
60340,1,1,1992,0,0,11,0,0,0,0,0,0,0
60340,2,1,1992,0,12,24,0,19,0,5,0,0,0
60340,3,1,1992,0,0,0,28,0,0,0,7,0,0
60341,1,1,1992,0,0,0,0,0,0,0,0,0,0
60342,1,1,1992,16,16,16,16,16,16,16,16,16,16
60342,2,1,1992,0,0,0,0,0,0,0,0,0,0
60343,0,1,1992,0,0,0,0,0,0,0,0,0,0
60343,1,1,1992,0,0,0,0,0,0,0,0,0,0
60343,2,1,1992,0,0,0,0,0,0,0,0,0,0
60344,0,1,1992,8,8,8,8,8,8,8,8,8,8
60344,1,1,1992,0,0,19,30,0,0,0,16,22,0
60345,0,1,1992,28,28,28,28,28,28,28,28,28,28
60345,1,1,1992,6,37,26,22,0,0,2,0,0,0
60345,2,1,1992,0,20,23,0,0,15,11,6,0,8
60345,3,1,1992,0,8,0,0,0,0,25,21,10,0
60346,1,1,1992,0,0,0,0,0,0,0,0,0,10
60346,2,1,1992,0,0,0,0,0,0,0,0,0,0
60347,1,1,1992,0,0,0,0,0,0,0,0,0,0
60348,0,1,1992,0,0,0,0,0,0,0,0,0,0
60348,1,1,1992,0,0,0,0,22,0,29,0,29,13
60349,1,1,1992,20,20,20,20,20,20,20,20,20,20
60350,0,1,1992,0,39,0,0,0,0,0,13,15,0
60350,1,1,1992,0,13,0,0,0,0,0,11,12,0
60351,1,1,1992,35,35,35,35,35,35,35,35,35,35
60351,2,1,1992,0,0,0,0,0,0,0,0,0,0
60352,1,1,1992,0,0,0,0,0,0,0,0,0,0
60352,2,1,1992,0,0,0,0,0,0,15,0,0,0
60353,1,1,1992,0,0,0,0,0,0,0,0,0,0
60354,1,1,1992,0,0,0,0,0,0,0,0,0,0
60354,2,1,1992,0,0,0,0,0,0,0,0,0,0
60355,0,1,1992,0,0,0,0,0,0,0,0,0,0
60355,1,1,1992,0,0,0,0,0,0,0,0,0,0
60356,1,1,1992,0,0,0,0,0,0,0,0,0,0
60356,2,1,1992,0,0,0,0,0,0,0,0,0,0
60357,1,1,1992,0,0,0,0,0,0,0,0,0,0
60357,2,1,1992,0,0,0,0,0,0,0,0,0,0
60358,1,1,1992,0,0,0,0,0,0,0,0,0,0
60358,2,1,1992,2,2,2,2,2,2,2,2,2,2
60359,1,1,1992,0,0,0,0,0,0,0,0,0,0
60359,2,1,1992,0,0,0,0,0,0,0,0,0,0
60360,1,1,1992,9,9,9,9,9,9,9,9,9,9
60361,1,1,1992,0,0,0,0,0,0,0,0,0,0
60361,2,1,1992,0,0,0,0,0,0,0,0,0,0
60362,1,1,1992,12,12,12,12,12,12,12,12,12,12
60362,2,1,1992,25,25,25,25,25,25,25,25,25,25
60363,1,1,1992,15,15,15,15,15,15,15,15,15,15
60364,1,1,1992,0,0,0,0,0,0,0,0,0,0
60365,1,1,1992,0,0,0,0,0,0,0,0,0,0
60365,2,1,1992,0,0,0,0,0,0,0,0,0,0
60366,1,1,1992,0,0,0,0,0,0,0,0,0,0
60366,2,1,1992,0,0,0,0,0,0,0,0,0,0
60367,1,1,1992,0,0,0,5,0,0,0,0,0,0
60368,1,1,1992,4,4,4,4,4,4,4,4,4,4
60368,2,1,1992,0,0,0,0,0,0,0,0,0,0
60369,1,1,1992,0,0,0,0,0,0,0,0,0,0
60369,2,1,1992,0,0,0,0,0,0,0,0,0,0
60369,3,1,1992,0,0,0,0,0,0,0,0,0,0
60370,1,1,1992,19,19,19,19,19,19,19,19,19,19
60370,2,1,1992,0,0,0,0,0,0,0,0,0,0
60370,3,1,1992,0,0,0,0,0,0,0,0,8,0
60371,0,1,1992,0,0,0,0,0,0,0,0,0,0
60371,1,1,1992,12,12,12,12,12,12,12,12,12,12
60373,0,1,1992,0,0,0,0,0,0,0,0,0,0
60373,1,1,1992,21,8,6,0,21,0,0,0,0,0
60374,1,1,1992,6,6,6,6,6,6,6,6,6,6
60375,1,1,1992,10,15,24,0,11,22,19,22,23,11
60376,1,1,1992,17,17,17,17,17,17,17,17,17,17
60376,2,1,1992,0,8,11,7,8,8,13,4,6,0
60377,1,1,1992,16,16,16,16,16,16,16,16,16,16
60378,1,1,1992,17,17,17,17,17,17,17,17,17,17
60379,1,1,1992,0,0,0,0,0,0,0,0,9,0
60379,2,1,1992,0,0,0,0,0,0,0,0,0,0
60379,3,1,1992,0,0,0,0,0,0,0,0,0,0
60380,1,1,1992,0,0,0,0,0,7,0,9,0,0
60381,0,1,1992,0,0,0,0,0,7,0,0,20,25
60381,1,1,1992,0,0,0,0,0,0,0,0,0,0
60382,0,1,1992,34,34,34,34,34,34,34,34,34,34
60382,1,1,1992,0,0,0,0,0,0,0,0,0,23
60383,1,1,1992,26,26,26,26,26,26,26,26,26,26
60384,1,1,1992,10,10,10,10,10,10,10,10,10,10
60384,2,1,1992,0,0,0,0,0,0,0,0,0,0
60385,0,1,1992,0,0,0,0,0,0,0,0,0,0
60385,1,1,1992,0,0,0,0,0,0,0,0,0,0
60386,1,1,1992,0,0,0,0,0,0,0,0,0,0
60387,0,1,1992,0,0,0,0,0,0,0,0,0,0
60387,1,1,1992,0,0,0,0,0,0,0,0,0,0
60388,1,1,1992,0,0,0,0,0,0,0,0,0,0
60388,2,1,1992,0,0,0,0,0,0,0,0,0,0
60389,0,1,1992,0,0,0,0,0,0,0,0,0,0
60389,1,1,1992,0,0,0,0,0,0,0,0,0,0
60390,1,1,1992,0,0,0,0,0,0,0,0,0,0
60390,2,1,1992,0,0,0,0,0,0,0,0,0,0
60391,1,1,1992,0,0,0,0,0,0,0,0,0,0
60392,1,1,1992,0,0,0,0,0,0,0,23,0,0
60392,2,1,1992,0,0,0,0,0,0,0,0,0,0
60393,1,1,1992,0,0,0,0,0,0,0,0,0,0
60394,0,1,1992,0,0,0,0,0,0,0,0,0,0
60394,0,2,1992,0,0,0,0,0,0,0,0,0,0
60394,0,3,1992,0,0,0,0,0,0,0,0,0,0
60394,1,1,1992,0,0,0,0,0,0,0,0,0,0
60395,0,1,1992,20,20,20,20,20,20,20,20,20,20
60395,1,1,1992,20,20,20,20,20,20,20,20,20,20
60396,1,1,1992,12,12,12,12,12,12,12,12,12,12
60397,0,1,1992,0,0,0,0,0,0,0,0,0,0
60397,1,1,1992,0,0,0,0,0,0,0,0,0,0
60398,1,1,1992,0,0,0,0,0,0,0,0,0,0
60398,2,1,1992,0,0,0,0,0,0,0,0,0,0
60398,3,1,1992,0,0,0,0,0,0,0,0,0,0
60399,0,1,1992,0,0,0,0,0,0,0,0,0,0
60399,1,1,1992,0,0,0,0,0,0,0,0,0,0
60400,1,1,1992,0,0,0,0,0,0,0,0,0,0
60400,2,1,1992,0,0,0,0,0,0,0,0,0,0
60401,1,1,1992,0,0,0,15,0,0,0,0,0,0
60402,1,1,1992,0,0,0,0,0,0,0,0,0,0
60402,2,1,1992,0,0,0,0,0,0,0,0,0,0
60403,1,1,1992,0,0,0,0,0,0,0,0,0,0
60403,2,1,1992,0,0,0,0,0,0,0,0,0,0
60404,0,1,1992,0,0,0,0,0,0,0,0,0,0
60404,1,1,1992,0,0,0,0,0,0,0,0,0,0
60405,0,1,1992,0,0,0,0,0,0,0,0,0,0
60405,1,1,1992,0,0,0,0,0,0,0,0,0,0
60406,1,1,1992,0,0,0,0,0,0,0,0,0,0
60407,0,1,1992,0,0,0,0,0,0,0,0,0,0
60407,1,1,1992,0,0,0,0,0,0,0,22,0,0
60408,0,1,1992,0,0,0,0,0,0,0,0,0,0
60408,1,1,1992,0,0,0,0,0,0,0,0,0,0
60409,1,1,1992,19,19,19,19,19,19,19,19,19,19
60410,1,1,1992,15,15,15,15,15,15,15,15,15,15
60410,2,1,1992,0,0,0,0,0,0,0,0,0,10
60411,1,1,1992,0,0,0,0,0,0,0,0,0,0
60412,1,1,1992,0,0,0,0,0,0,13,12,0,0
60412,2,1,1992,0,0,0,0,0,0,0,0,0,0
60412,3,1,1992,0,0,10,0,0,0,0,0,0,0
60413,0,1,1992,3,3,3,3,3,3,3,3,3,3
60413,1,1,1992,0,0,0,0,0,0,0,0,0,0
60414,1,1,1992,0,0,0,0,0,0,0,0,0,0
60414,2,1,1992,0,0,0,0,0,0,0,0,0,0
60415,0,1,1992,0,0,0,0,0,0,0,0,0,0
60415,0,2,1992,0,0,0,0,0,0,0,0,0,0
60415,1,1,1992,0,10,0,0,0,0,0,0,0,0
60416,0,1,1992,0,0,0,0,0,0,0,0,0,0
60416,1,1,1992,0,0,0,0,0,0,0,0,0,0
60417,0,1,1992,0,0,0,0,0,0,0,0,0,0
60417,1,1,1992,0,0,0,10,0,16,0,0,0,14
60418,0,1,1992,0,0,0,0,0,0,0,0,0,0
60418,1,1,1992,0,0,0,0,0,0,0,0,0,0
60419,0,1,1992,0,0,0,0,0,0,0,0,0,0
60419,1,1,1992,0,0,0,0,0,0,0,0,0,0
60420,1,1,1992,0,0,0,0,0,0,0,0,0,0
60420,2,1,1992,21,21,21,21,21,21,21,21,21,21
60421,1,1,1992,0,0,0,0,0,0,0,0,0,0
60422,1,1,1992,11,11,11,11,11,11,11,11,11,11
60423,1,1,1992,0,0,0,0,0,0,0,0,0,0
60423,2,1,1992,0,0,0,0,0,0,0,0,0,0
60424,1,1,1992,0,0,0,0,0,0,0,0,0,0
60424,2,1,1992,0,0,0,0,0,0,0,0,0,0
60424,3,1,1992,0,0,0,0,0,0,0,0,0,0
60424,4,1,1992,0,0,0,0,0,0,0,0,0,0
60424,5,1,1992,0,0,0,0,0,0,0,0,0,0
60424,6,1,1992,0,0,0,0,0,0,0,0,0,0
60425,0,1,1992,23,23,23,23,23,23,23,23,23,23
60425,1,1,1992,0,0,0,0,0,0,0,0,0,0
60425,2,1,1992,7,0,0,0,0,0,0,0,0,0
60426,0,1,1992,12,12,12,12,12,12,12,12,12,12
60426,1,1,1992,0,0,3,22,0,11,0,14,22,0
60427,1,1,1992,0,0,0,0,0,0,0,0,0,0
60427,2,1,1992,9,0,0,0,0,0,0,0,0,0
60428,0,1,1992,2,2,2,2,2,2,2,2,2,2
60428,1,1,1992,0,0,0,0,0,0,0,0,0,0
60429,0,1,1992,27,27,27,27,27,27,27,27,27,27
60429,1,1,1992,0,0,0,0,16,23,7,11,9,0
60430,1,1,1992,27,27,27,27,27,27,27,27,27,27
60430,2,1,1992,0,0,0,0,0,0,0,0,0,0
60431,1,1,1992,5,11,14,16,11,19,10,15,14,18
60432,1,1,1992,0,0,0,0,0,0,0,0,0,0
60433,1,1,1992,0,0,0,0,0,0,0,0,0,0
60434,0,1,1992,0,0,0,0,0,0,0,0,0,0
60434,1,1,1992,0,0,0,0,0,0,0,0,0,0
60435,1,1,1992,0,0,0,0,0,0,0,0,0,0
60436,0,1,1992,0,0,0,0,0,0,0,0,0,0
60436,1,1,1992,22,12,12,31,19,12,20,17,23,9
60437,1,1,1992,9,9,9,9,9,9,9,9,9,9
60438,1,1,1992,17,17,17,17,17,17,17,17,17,17
60439,1,1,1992,13,13,13,13,13,13,13,13,13,13
60440,1,1,1992,0,0,0,0,0,0,0,0,0,0
60440,2,1,1992,0,0,0,0,0,0,0,0,0,0
60441,1,1,1992,0,0,0,0,0,0,0,0,0,0
60442,0,1,1992,0,0,0,0,0,0,0,0,0,0
60442,0,2,1992,0,0,0,0,0,0,0,0,0,0
60442,1,1,1992,0,0,0,0,0,0,0,0,0,0
60443,1,1,1992,9,9,9,9,9,9,9,9,9,9
60444,1,1,1992,26,26,26,26,26,26,26,26,26,26
60445,1,1,1992,0,0,0,0,0,0,0,0,0,0
60446,1,1,1992,19,19,19,19,19,19,19,19,19,19
60447,1,1,1992,0,0,0,0,0,12,0,0,7,0
60447,2,1,1992,0,0,0,0,0,0,0,0,0,0
60448,1,1,1992,30,30,30,30,30,30,30,30,30,30
60448,2,1,1992,0,0,0,0,0,0,0,0,0,0
60449,1,1,1992,3,3,3,3,3,3,3,3,3,3
60450,0,1,1992,0,0,0,0,0,0,0,0,0,0
60450,1,1,1992,0,0,0,0,0,0,0,0,23,0
60451,0,1,1992,43,43,43,43,43,43,43,43,43,43
60451,1,1,1992,0,0,0,0,0,0,10,0,0,0
60452,1,1,1992,14,14,14,14,14,14,14,14,14,14
60453,1,1,1992,15,15,15,15,15,15,15,15,15,15
60454,1,1,1992,13,13,13,13,13,13,13,13,13,13
60455,1,1,1992,0,0,0,0,0,0,0,0,0,0
60455,2,1,1992,27,27,27,27,27,27,27,27,27,27
60456,1,1,1992,37,37,37,37,37,37,37,37,37,37
60457,1,1,1992,0,0,0,0,0,0,0,0,0,0
60457,2,1,1992,0,0,0,0,0,0,0,20,0,0
60458,1,1,1992,0,0,0,0,0,0,0,0,0,0
60458,2,1,1992,0,0,0,0,0,0,0,0,0,0
60459,1,1,1992,0,0,0,0,0,0,0,0,0,0
60459,2,1,1992,0,0,0,0,0,0,0,0,0,0
60460,0,1,1992,0,0,0,0,0,0,0,0,0,0
60460,1,1,1992,0,0,0,0,0,0,0,0,0,0
60461,1,1,1992,0,0,0,0,0,0,0,0,0,0
60461,2,1,1992,0,0,0,0,0,0,0,0,0,0
60461,3,1,1992,0,0,0,0,0,0,0,0,0,0
60462,0,1,1992,0,0,0,0,0,0,0,0,0,0
60462,1,1,1992,0,0,0,0,0,0,0,0,0,0
60463,1,1,1992,0,0,0,0,0,0,0,0,0,0
60464,1,1,1992,18,18,18,18,18,18,18,18,18,18
60465,1,1,1992,18,18,18,18,18,18,18,18,18,18
60466,1,1,1992,11,11,11,11,11,11,11,11,11,11
60467,1,1,1992,0,0,16,0,0,0,0,0,0,0
60467,2,1,1992,16,20,19,30,20,7,10,19,14,14
60468,0,1,1992,0,0,0,0,0,0,0,0,0,0
60468,1,1,1992,0,0,0,0,0,0,0,0,0,0
60469,1,1,1992,0,0,0,0,0,0,0,0,0,0
60470,1,1,1992,0,0,0,0,0,0,0,0,0,6
60470,2,1,1992,0,0,0,0,0,0,0,0,0,0
60471,1,1,1992,15,15,15,15,15,15,15,15,15,15
60472,1,1,1992,0,0,0,0,0,0,0,0,0,0
60472,2,1,1992,0,0,0,0,0,16,0,0,0,0
60473,1,1,1992,9,9,9,9,9,9,9,9,9,9
60473,2,1,1992,0,0,0,0,0,0,0,0,0,0
60474,1,1,1992,0,0,0,22,0,0,0,0,0,0
60474,2,1,1992,0,20,0,0,0,0,0,0,18,0
60475,1,1,1992,0,0,0,0,0,17,0,0,0,0
60475,2,1,1992,0,0,0,0,0,0,0,0,0,0
60476,1,1,1992,15,15,15,15,15,15,15,15,15,15
60476,2,1,1992,0,0,0,0,0,0,0,0,0,0
60477,1,1,1992,0,0,1,0,0,0,0,0,0,0
60477,2,1,1992,15,15,15,15,15,15,15,15,15,15
60478,1,1,1992,19,19,19,19,19,19,19,19,19,19
60478,2,1,1992,0,0,0,0,0,0,0,0,0,0
60479,1,1,1992,0,0,0,0,0,0,0,0,0,0
60479,2,1,1992,0,0,0,0,9,0,19,0,0,0
60480,1,1,1992,0,21,11,0,12,0,0,0,0,0
60481,1,1,1992,0,0,0,0,0,0,0,0,0,0
60482,1,1,1992,0,0,0,0,0,0,0,0,0,0
60482,2,1,1992,0,0,0,0,0,0,0,0,0,0
60483,0,1,1992,0,0,0,0,0,0,0,0,0,0
60483,1,1,1992,0,0,0,0,0,0,0,0,0,0
60484,1,1,1992,24,24,24,24,24,24,24,24,24,24
60484,2,1,1992,0,0,0,0,0,0,0,0,0,0
60484,3,1,1992,0,0,0,0,0,0,0,0,0,0
60484,4,1,1992,0,0,0,0,0,0,0,0,0,0
60485,1,1,1992,0,0,0,0,0,0,0,0,0,0
60485,2,1,1992,0,0,0,0,0,0,0,0,0,0
60485,3,1,1992,0,0,0,0,0,0,0,0,0,0
60486,1,1,1992,0,0,0,0,0,0,0,0,0,0
60487,0,1,1992,0,0,0,0,0,0,0,0,0,0
60487,0,2,1992,0,0,0,0,0,0,0,0,0,0
60487,1,1,1992,0,0,0,0,0,0,0,0,0,0
60488,0,1,1992,0,0,0,0,0,0,0,0,0,0
60488,1,1,1992,0,0,0,0,0,0,0,0,0,0
60489,1,1,1992,0,0,0,0,0,0,0,0,0,0
60489,2,1,1992,0,0,0,0,0,0,0,0,0,0
60489,3,1,1992,0,0,0,0,0,0,0,0,0,0
60489,4,1,1992,0,0,6,0,0,0,0,0,0,0
60489,5,1,1992,0,9,0,0,0,0,0,0,0,0
60490,0,1,1992,25,25,25,25,25,25,25,25,25,25
60490,1,1,1992,0,0,0,0,0,0,0,0,0,0
60491,0,1,1992,31,38,12,0,33,34,0,44,17,29
60491,1,1,1992,14,14,14,14,14,14,14,14,14,14
60492,1,1,1992,17,17,17,17,17,17,17,17,17,17
60492,2,1,1992,0,0,0,0,0,0,0,0,0,0
60493,1,1,1992,29,29,29,29,29,29,29,29,29,29
60493,2,1,1992,14,0,19,0,13,13,7,16,17,17
60494,1,1,1992,0,0,0,0,0,0,0,0,0,0
60495,1,1,1992,0,0,0,0,0,0,0,0,0,0
60495,2,1,1992,0,0,0,0,0,0,0,0,0,0
60496,0,1,1992,0,26,0,19,16,0,0,0,0,0
60496,1,1,1992,0,0,0,0,0,0,0,0,0,0
60497,1,1,1992,15,15,15,15,15,15,15,15,15,15
60498,1,1,1992,0,0,0,0,0,0,0,0,0,0
60498,2,1,1992,0,8,0,0,5,0,0,0,10,0
60498,3,1,1992,0,0,0,0,0,0,0,0,0,0
60499,0,1,1992,23,23,23,23,23,23,23,23,23,23
60499,1,1,1992,0,0,0,0,0,0,0,0,0,0
60500,0,1,1992,0,0,0,0,0,0,0,0,0,0
60500,1,1,1992,0,0,0,0,0,0,0,0,0,0
60501,1,1,1992,0,0,0,8,0,8,0,0,0,0
60502,0,1,1992,7,7,7,7,7,7,7,7,7,7
60502,1,1,1992,5,7,17,14,15,0,16,0,5,0
60503,1,1,1992,5,5,5,5,5,5,5,5,5,5
60503,2,1,1992,0,0,0,2,0,0,0,0,0,13
60504,1,1,1992,0,0,0,0,0,0,0,7,0,0
60504,2,1,1992,0,0,0,0,0,0,0,0,0,0
60505,1,1,1992,0,0,0,0,0,0,0,0,0,0
60505,2,1,1992,0,0,0,0,0,0,0,0,0,0
60506,0,1,1992,30,30,30,30,30,30,30,30,30,30
60506,1,1,1992,0,0,0,0,0,0,0,0,0,0
60507,1,1,1992,0,0,0,0,0,0,0,0,0,0
60507,2,1,1992,0,0,0,0,0,0,0,0,0,0
60508,1,1,1992,19,19,19,19,19,19,19,19,19,19
60508,2,1,1992,0,0,0,0,0,0,0,0,0,0
60509,1,1,1992,0,0,0,0,0,0,0,0,0,0
60510,0,1,1992,0,0,0,0,0,0,0,0,0,0
60510,1,1,1992,0,0,0,0,0,0,0,0,0,0
60511,1,1,1992,34,34,34,34,34,34,34,34,34,34
60512,0,1,1992,16,16,16,16,16,16,16,16,16,16
60512,1,1,1992,0,0,0,0,0,21,0,0,0,0
60513,1,1,1992,0,0,0,0,0,0,0,0,0,0
60513,2,1,1992,0,0,0,0,0,0,0,0,0,13
60514,0,1,1992,25,25,25,25,25,25,25,25,25,25
60514,1,1,1992,0,0,0,0,0,0,0,0,0,0
60515,1,1,1992,0,0,0,0,0,0,0,0,18,32
60516,0,1,1992,0,0,0,0,0,0,0,0,0,0
60516,1,1,1992,0,0,0,0,0,0,0,0,0,0
60517,1,1,1992,0,0,0,0,0,0,0,0,0,0
60517,2,1,1992,0,0,0,0,0,0,0,0,0,0
60518,1,1,1992,0,0,0,0,20,0,0,0,0,0
60519,0,1,1992,23,23,23,23,23,23,23,23,23,23
60519,1,1,1992,0,0,0,0,0,0,0,0,0,0
60520,1,1,1992,34,34,34,34,34,34,34,34,34,34
60521,1,1,1992,0,0,23,0,0,0,0,0,15,0
60522,0,1,1992,0,0,0,0,0,0,0,0,0,0
60522,1,1,1992,0,0,0,0,0,0,0,0,0,0
60523,1,1,1992,6,6,6,6,6,6,6,6,6,6
60524,1,1,1992,0,0,0,0,0,0,0,0,0,0
60525,1,1,1992,18,18,18,18,18,18,18,18,18,18
60525,2,1,1992,0,0,0,0,0,0,0,0,0,0
60526,0,1,1992,27,27,27,27,27,27,27,27,27,27
60526,1,1,1992,0,0,0,0,0,0,0,0,0,0
60527,1,1,1992,19,19,19,19,19,19,19,19,19,19
60527,2,1,1992,0,0,0,0,0,0,0,0,0,0
60528,1,1,1992,26,26,26,26,26,26,26,26,26,26
60528,2,1,1992,0,0,0,0,0,0,0,0,0,0
60528,3,1,1992,0,0,0,0,0,0,0,0,6,0
60529,1,1,1992,0,0,0,0,0,0,0,0,0,0
60529,2,1,1992,0,0,0,0,0,0,0,0,0,0
60530,1,1,1992,0,0,0,0,0,0,0,0,0,0
60531,0,1,1992,0,0,0,0,0,0,0,0,0,0
60531,1,1,1992,0,0,0,0,0,0,0,0,0,0
60532,1,1,1992,13,33,13,15,15,14,6,0,0,11
60532,2,1,1992,30,30,30,30,30,30,30,30,30,30
60533,0,1,1992,0,0,0,0,0,0,0,0,0,0
60533,1,1,1992,0,0,0,0,0,0,0,0,0,0
60534,1,1,1992,0,0,13,0,18,0,19,0,17,0
60535,1,1,1992,0,0,0,0,0,0,0,0,0,0
60536,1,1,1992,0,0,0,7,0,0,0,14,15,0
60537,1,1,1992,0,0,0,0,0,0,0,0,0,0
60538,1,1,1992,15,15,15,15,15,15,15,15,15,15
60539,0,1,1992,21,21,21,21,21,21,21,21,21,21