ST_CASE,VEH_NO,PER_NO,YEAR,P1,P2,P3,P4,P5,P6,P7,P8,P9,P10
60539,1,1,1992,11,0,23,15,0,6,0,22,11,0
60540,1,1,1992,22,22,22,22,22,22,22,22,22,22
60540,2,1,1992,3,3,3,3,3,3,3,3,3,3
60541,1,1,1992,20,20,20,20,20,20,20,20,20,20
60541,2,1,1992,0,0,0,0,0,0,0,0,0,0
60542,1,1,1992,30,6,7,8,0,11,10,9,9,0
60543,0,1,1992,0,0,0,0,0,0,0,0,0,0
60543,1,1,1992,0,0,0,0,0,0,0,0,0,0
60544,0,1,1992,0,0,0,0,0,0,0,0,0,0
60544,0,2,1992,0,0,0,0,0,0,0,0,0,0
60544,0,3,1992,0,9,0,0,23,0,0,28,0,24
60544,0,4,1992,0,18,15,24,11,24,0,32,0,0
60544,0,5,1992,0,19,15,0,0,23,0,17,0,0
60544,1,1,1992,0,0,0,0,0,0,0,0,0,0
60544,2,1,1992,0,0,0,0,0,0,0,0,0,0
60545,1,1,1992,16,16,16,16,16,16,16,16,16,16
60545,2,1,1992,2,2,2,2,2,2,2,2,2,2
60546,1,1,1992,22,22,22,22,22,22,22,22,22,22
60546,2,1,1992,0,0,0,0,0,0,0,0,0,0
60547,0,1,1992,23,23,23,23,23,23,23,23,23,23
60547,1,1,1992,0,0,0,0,0,0,0,0,0,0
60548,1,1,1992,24,24,24,24,24,24,24,24,24,24
60549,1,1,1992,18,18,18,18,18,18,18,18,18,18
60550,1,1,1992,23,23,23,23,23,23,23,23,23,23
60551,0,1,1992,19,19,19,19,19,19,19,19,19,19
60551,0,2,1992,12,0,15,13,12,27,0,0,37,0
60551,1,1,1992,0,0,0,0,0,0,0,0,0,0
60552,1,1,1992,0,0,0,0,0,0,0,0,0,0
60552,2,1,1992,0,0,0,0,0,0,0,0,0,0
60553,1,1,1992,12,12,12,12,12,12,12,12,12,12
60553,2,1,1992,0,0,0,0,0,0,0,0,0,0
60554,1,1,1992,17,17,17,17,17,17,17,17,17,17
60554,2,1,1992,0,0,0,0,0,0,0,0,0,0
60555,1,1,1992,7,7,7,7,7,7,7,7,7,7
60556,0,1,1992,0,0,0,0,0,0,0,0,0,0
60556,1,1,1992,7,0,0,2,0,0,0,0,0,0
60556,2,1,1992,0,0,0,15,24,14,0,0,21,0
60556,3,1,1992,0,0,0,4,0,0,0,16,0,0
60557,1,1,1992,0,0,0,0,0,0,0,0,0,0
60558,1,1,1992,0,0,0,0,0,0,0,0,0,0
60559,1,1,1992,0,0,0,3,0,0,0,0,0,0
60559,2,1,1992,0,0,0,0,0,0,0,0,0,0
60560,1,1,1992,0,0,0,0,0,0,0,0,0,0
60560,2,1,1992,0,0,0,0,0,0,0,0,0,0
60561,0,1,1992,20,20,20,20,20,20,20,20,20,20
60561,1,1,1992,3,3,3,3,3,3,3,3,3,3
60562,1,1,1992,0,0,0,0,0,0,0,0,0,0
60563,0,1,1992,0,0,0,0,0,0,0,0,0,0
60563,1,1,1992,0,0,0,0,0,0,0,0,0,0
60564,1,1,1992,0,0,0,0,0,0,0,0,0,0
60564,2,1,1992,0,0,0,0,0,0,0,0,0,0
60565,1,1,1992,0,0,0,0,0,0,0,0,0,0
60565,2,1,1992,0,0,0,0,0,0,0,0,0,0
60566,1,1,1992,0,0,0,0,0,0,0,0,0,0
60566,2,1,1992,0,0,0,0,0,0,0,0,0,0
60567,1,1,1992,23,23,23,23,23,23,23,23,23,23
60568,1,1,1992,0,0,0,0,0,0,0,0,0,0
60569,0,1,1992,0,0,0,0,0,0,0,0,0,0
60569,1,1,1992,0,0,0,0,0,0,0,0,0,0
60570,0,1,1992,0,0,0,0,0,0,0,0,0,0
60570,1,1,1992,0,0,0,0,24,0,0,13,0,0
60571,1,1,1992,0,0,0,0,0,0,0,0,0,0
60571,2,1,1992,0,0,0,0,0,0,0,0,0,0
60571,3,1,1992,0,0,0,0,0,0,0,0,0,0
60572,1,1,1992,0,0,0,0,0,0,0,0,0,0
60572,2,1,1992,0,0,23,0,0,0,0,0,3,0
60573,1,1,1992,19,19,19,19,19,19,19,19,19,19
60574,1,1,1992,0,0,0,0,0,0,0,0,0,0
60575,0,1,1992,0,0,0,0,0,0,0,0,0,0
60575,1,1,1992,0,0,0,0,0,0,0,0,0,0
60576,1,1,1992,0,0,0,0,0,0,0,0,0,0
60577,1,1,1992,7,16,14,22,8,5,10,6,12,14
60577,2,1,1992,25,25,25,25,25,25,25,25,25,25
60578,1,1,1992,16,16,16,16,16,16,16,16,16,16
60579,0,1,1992,28,28,28,28,28,28,28,28,28,28
60579,1,1,1992,0,0,0,0,0,0,0,0,0,0
60579,2,1,1992,0,0,0,0,0,0,0,0,0,0
60580,0,1,1992,18,18,18,18,18,18,18,18,18,18
60580,1,1,1992,0,0,0,0,0,0,0,0,0,0
60581,1,1,1992,0,0,0,0,0,0,0,0,0,0
60582,0,1,1992,0,0,0,0,0,0,0,0,0,0
60582,1,1,1992,0,0,0,0,0,0,0,0,0,0
60583,1,1,1992,0,0,0,0,0,0,0,0,0,0
60583,2,1,1992,0,0,0,0,0,0,0,0,0,0
60584,1,1,1992,9,9,9,9,9,9,9,9,9,9
60585,0,1,1992,14,14,14,14,14,14,14,14,14,14
60585,1,1,1992,0,0,0,21,0,0,10,12,20,0
60586,0,1,1992,32,32,32,32,32,32,32,32,32,32
60586,1,1,1992,9,5,39,9,12,20,0,0,18,0
60587,0,1,1992,0,0,0,0,0,0,0,0,0,0
60587,1,1,1992,4,0,0,0,0,0,0,0,0,0
60588,0,1,1992,0,0,0,0,0,0,0,0,0,0
60588,1,1,1992,0,0,0,0,0,0,0,0,0,0
60589,0,1,1992,5,5,5,5,5,5,5,5,5,5
60589,1,1,1992,6,0,16,0,0,0,0,0,12,0
60590,1,1,1992,8,9,28,15,24,23,21,28,13,7
60591,0,1,1992,0,0,0,0,0,0,0,0,0,0
60591,1,1,1992,0,15,0,0,0,0,0,0,0,0
60593,0,1,1992,0,0,0,0,0,0,0,0,0,0
60593,1,1,1992,0,0,0,0,0,0,0,0,0,0
60594,1,1,1992,0,0,0,0,0,0,0,0,0,0
60594,2,1,1992,0,0,0,0,0,0,0,0,0,0
60595,1,1,1992,0,0,0,0,0,0,0,0,0,0
60596,0,1,1992,0,0,0,0,0,0,0,0,0,0
60596,1,1,1992,2,2,2,2,2,2,2,2,2,2
60597,1,1,1992,11,0,0,0,0,13,0,0,0,0
60597,2,1,1992,0,0,0,0,0,0,0,0,0,0
60598,0,1,1992,0,0,0,0,0,0,0,0,0,0
60598,1,1,1992,0,0,0,0,0,0,0,0,0,0
60599,1,1,1992,0,0,0,0,0,0,0,0,0,0
60599,2,1,1992,0,0,0,0,0,0,0,0,0,0
60600,1,1,1992,2,2,2,2,2,2,2,2,2,2
60600,2,1,1992,19,19,19,19,19,19,19,19,19,19
60601,1,1,1992,0,0,0,0,8,0,0,0,0,0
60602,1,1,1992,0,0,0,0,0,0,0,0,0,0
60602,2,1,1992,0,13,0,0,0,0,0,21,0,0
60603,1,1,1992,0,0,0,0,0,0,0,0,0,0
60604,1,1,1992,0,0,0,0,0,0,0,0,0,0
60605,1,1,1992,0,0,0,0,0,0,0,0,0,0
60605,2,1,1992,0,0,0,0,0,0,0,0,0,0
60605,3,1,1992,0,0,0,0,0,0,0,0,0,0
60606,1,1,1992,0,0,0,0,0,0,0,0,0,0
60606,2,1,1992,0,0,0,0,0,0,0,0,0,0
60607,1,1,1992,18,18,18,18,18,18,18,18,18,18
60608,1,1,1992,0,24,0,0,0,0,0,0,0,0
60609,1,1,1992,27,27,27,27,27,27,27,27,27,27
60609,2,1,1992,0,0,0,0,0,0,0,0,0,0
60610,1,1,1992,0,0,0,0,0,0,0,0,0,0
60610,2,1,1992,0,0,0,0,0,0,0,0,0,0
60611,1,1,1992,21,37,23,21,17,30,19,50,22,16
60612,1,1,1992,24,24,24,24,24,24,24,24,24,24
60612,2,1,1992,0,0,0,0,0,0,12,0,0,0
60613,1,1,1992,15,15,15,15,15,15,15,15,15,15
60614,1,1,1992,0,0,0,0,0,0,9,0,0,5
60615,1,1,1992,0,0,0,0,0,0,0,0,0,0
60615,2,1,1992,0,0,0,0,0,0,0,0,0,0
60616,1,1,1992,0,0,0,0,0,0,0,0,0,0
60616,2,1,1992,0,0,0,0,0,0,0,0,0,0
60617,0,1,1992,0,0,0,0,0,0,0,0,0,0
60617,1,1,1992,0,0,0,0,0,0,0,0,0,0
60618,1,1,1992,0,0,0,0,0,0,0,0,0,0
60619,0,1,1992,0,0,0,0,0,0,0,0,0,0
60619,1,1,1992,0,0,0,0,0,0,0,0,0,0
60620,1,1,1992,13,13,13,13,13,13,13,13,13,13
60621,1,1,1992,7,7,7,7,7,7,7,7,7,7
60622,1,1,1992,0,0,0,0,0,0,0,0,18,0
60622,2,1,1992,0,0,0,0,0,0,0,0,0,0
60623,0,1,1992,29,29,29,29,29,29,29,29,29,29
60623,1,1,1992,0,0,0,0,0,0,0,0,0,0
60625,1,1,1992,0,0,0,0,0,0,0,0,0,0
60625,2,1,1992,0,0,0,0,0,0,0,0,0,0
60626,1,1,1992,0,0,0,0,0,0,0,0,0,0
60626,2,1,1992,0,13,0,0,0,0,0,0,0,0
60627,1,1,1992,0,0,0,0,0,0,0,0,0,0
60627,2,1,1992,0,0,0,0,0,0,0,0,0,0
60628,1,1,1992,0,0,0,0,0,0,0,0,0,0
60629,0,1,1992,0,0,0,0,0,0,0,0,0,0
60629,1,1,1992,0,0,0,0,0,0,0,0,0,0
60630,1,1,1992,18,15,18,18,22,10,0,19,15,12
60631,1,1,1992,0,0,0,0,0,0,0,0,0,0
60632,1,1,1992,0,0,0,0,0,0,0,0,0,0
60633,1,1,1992,13,13,13,13,13,13,13,13,13,13
60634,1,1,1992,13,13,13,13,13,13,13,13,13,13
60635,1,1,1992,0,0,0,0,0,0,0,0,0,0
60635,2,1,1992,0,0,0,0,0,0,0,0,0,0
60636,1,1,1992,0,0,0,0,0,0,0,0,0,0
60636,2,1,1992,0,0,0,0,0,0,0,0,0,0
60637,1,1,1992,15,15,15,15,15,15,15,15,15,15
60638,1,1,1992,0,15,14,22,0,15,0,0,13,0
60639,1,1,1992,0,0,0,0,0,0,0,0,0,0
60640,1,1,1992,0,0,0,0,0,0,0,0,0,0
60640,2,1,1992,0,0,0,0,0,0,0,0,0,0
60641,0,1,1992,13,13,13,13,13,13,13,13,13,13
60641,1,1,1992,0,0,0,0,0,0,0,0,0,0
60642,1,1,1992,9,9,9,9,9,9,9,9,9,9
60643,1,1,1992,0,0,0,0,0,0,0,0,0,0
60644,1,1,1992,0,0,0,0,0,0,0,0,0,0
60644,2,1,1992,0,0,0,0,0,0,0,0,0,0
60645,0,1,1992,0,0,0,0,0,0,0,0,0,0
60645,1,1,1992,0,6,0,0,0,0,0,0,0,0
60647,1,1,1992,0,0,0,0,0,0,0,0,0,0
60648,1,1,1992,14,7,25,16,8,13,8,33,10,8
60648,2,1,1992,0,0,0,0,0,0,0,0,0,0
60649,1,1,1992,0,0,0,0,0,0,0,0,0,0
60650,0,1,1992,0,0,0,0,0,0,0,0,0,0
60650,1,1,1992,0,0,0,0,0,0,0,0,0,0
60651,1,1,1992,10,10,10,10,10,10,10,10,10,10
60651,2,1,1992,0,0,0,0,0,0,0,0,0,0
60652,0,1,1992,0,0,0,0,0,0,0,0,0,0
60652,1,1,1992,0,15,2,0,0,0,0,0,0,0
60653,1,1,1992,5,7,7,13,0,0,0,13,4,6
60654,1,1,1992,0,0,0,0,0,0,0,0,0,0
60654,2,1,1992,0,0,0,0,0,0,0,0,0,0
60655,1,1,1992,29,29,29,29,29,29,29,29,29,29
60656,1,1,1992,11,11,11,11,11,11,11,11,11,11
60656,2,1,1992,0,0,0,0,0,0,0,0,0,0
60656,3,1,1992,0,0,0,0,0,0,0,0,0,0
60657,1,1,1992,39,0,13,10,9,1,0,17,38,17
60658,1,1,1992,0,0,0,0,0,0,0,0,0,0
60658,2,1,1992,0,0,0,0,0,0,0,0,0,0
60659,0,1,1992,0,0,0,0,0,0,0,0,0,0
60659,1,1,1992,0,0,0,0,0,0,0,0,0,0
60660,0,1,1992,26,26,26,26,26,26,26,26,26,26
60660,1,1,1992,19,0,0,0,0,19,0,0,0,0
60661,1,1,1992,0,0,0,0,0,0,0,0,0,0
60662,1,1,1992,17,17,17,17,17,17,17,17,17,17
60663,1,1,1992,0,0,0,0,0,0,0,0,0,0
60663,2,1,1992,0,0,0,0,0,0,0,0,0,0
60664,1,1,1992,0,0,0,0,0,0,0,0,0,0
60665,1,1,1992,0,0,0,0,0,0,0,0,0,0
60666,1,1,1992,0,0,0,0,0,0,0,0,0,0
60667,1,1,1992,0,0,0,0,0,0,0,0,0,0
60667,2,1,1992,0,0,0,0,0,0,0,0,0,0
60668,1,1,1992,0,0,0,0,0,0,0,0,0,0
60668,2,1,1992,4,4,4,4,4,4,4,4,4,4
60669,1,1,1992,0,0,0,0,0,0,0,0,0,0
60670,1,1,1992,0,0,0,0,0,30,0,0,0,0
60670,2,1,1992,0,0,0,0,0,0,0,0,0,0
60670,3,1,1992,0,0,0,0,0,0,0,0,0,0
60671,1,1,1992,0,0,0,0,0,0,0,0,0,0
60672,0,1,1992,0,0,0,0,0,0,0,0,0,0
60672,1,1,1992,0,0,0,0,0,0,0,0,0,0
60673,1,1,1992,18,18,18,18,18,18,18,18,18,18
60674,1,1,1992,0,0,0,0,0,0,0,0,0,0
60674,2,1,1992,0,0,0,0,0,0,0,0,0,0
60675,1,1,1992,11,11,11,11,11,11,11,11,11,11
60675,2,1,1992,0,0,0,0,0,0,0,0,0,0
60676,0,1,1992,4,4,4,4,4,4,4,4,4,4
60676,0,2,1992,0,19,0,7,0,0,0,0,28,34
60676,0,3,1992,0,10,22,21,15,0,29,0,15,15
60676,1,1,1992,0,10,0,0,0,0,0,0,0,0
60676,2,1,1992,0,20,15,14,19,5,9,0,0,12
60676,3,1,1992,14,0,0,0,0,0,0,0,0,0
60677,1,1,1992,28,28,28,28,28,28,28,28,28,28
60678,1,1,1992,0,0,0,0,0,0,0,0,0,0
60678,2,1,1992,16,0,0,0,0,0,21,0,0,0
60679,1,1,1992,24,24,24,24,24,24,24,24,24,24
60679,2,1,1992,0,0,0,0,0,0,0,0,0,0
60680,1,1,1992,23,23,23,23,23,23,23,23,23,23
60680,2,1,1992,0,0,0,0,0,0,0,0,0,0
60681,1,1,1992,15,15,15,15,15,15,15,15,15,15
60682,1,1,1992,12,12,12,12,12,12,12,12,12,12
60683,0,1,1992,3,3,3,3,3,3,3,3,3,3
60683,0,2,1992,0,0,0,0,0,0,0,0,0,0
60683,0,3,1992,7,18,0,0,0,19,14,0,0,0
60683,1,1,1992,12,15,20,11,0,0,0,0,17,0
60684,1,1,1992,0,0,0,0,0,0,0,0,0,0
60685,0,1,1992,0,0,0,0,0,0,0,0,0,0
60685,1,1,1992,0,0,0,0,0,0,0,0,0,0
60686,1,1,1992,0,0,0,0,0,0,0,0,0,0
60686,2,1,1992,0,0,0,0,0,0,0,0,0,0
60687,0,1,1992,0,5,0,0,0,0,8,0,34,0
60687,1,1,1992,14,0,16,9,33,0,23,19,0,0
60688,1,1,1992,12,8,10,30,18,9,18,26,22,13
60689,1,1,1992,12,12,12,12,12,12,12,12,12,12
60689,2,1,1992,0,0,19,0,0,0,0,0,0,0
60690,1,1,1992,0,0,0,0,0,0,0,0,0,0
60690,2,1,1992,0,0,0,0,0,0,0,0,0,0
60691,1,1,1992,20,20,20,20,20,20,20,20,20,20
60692,0,5,1992,14,24,0,12,0,0,0,0,4,0
60692,1,1,1992,0,0,0,0,0,0,0,0,0,0
60693,1,1,1992,12,12,12,12,12,12,12,12,12,12
60694,1,1,1992,0,0,0,0,0,0,0,0,0,0
60695,1,1,1992,0,0,0,0,0,0,0,0,0,0
60696,1,1,1992,0,0,0,0,0,17,0,0,0,0
60696,2,1,1992,0,0,0,9,0,0,13,0,22,10
60697,1,1,1992,0,0,0,0,0,0,0,0,0,0
60697,2,1,1992,0,0,0,0,0,0,0,0,0,0
60698,0,1,1992,0,0,0,0,0,0,0,0,0,0
60698,1,1,1992,13,0,0,0,0,0,0,0,0,0
60699,1,1,1992,0,0,0,0,0,0,0,0,0,0
60699,2,1,1992,0,0,0,0,0,0,0,0,0,0
60699,3,1,1992,0,0,0,0,0,0,0,0,0,0
60699,4,1,1992,0,0,0,0,0,0,0,0,0,0
60700,1,1,1992,0,0,0,0,17,0,0,0,0,10
60701,1,1,1992,0,0,0,0,0,0,0,0,0,0
60701,2,1,1992,0,0,0,0,0,0,0,0,0,22
60702,1,1,1992,4,4,4,4,4,4,4,4,4,4
60702,2,1,1992,0,0,0,0,0,0,0,0,0,0
60703,1,1,1992,35,35,35,35,35,35,35,35,35,35
60703,2,1,1992,0,0,0,0,0,0,0,0,0,0
60703,3,1,1992,0,0,0,0,0,0,0,0,0,0
60704,1,1,1992,14,20,10,7,11,19,12,9,0,12
60705,1,1,1992,23,23,23,23,23,23,23,23,23,23
60705,2,1,1992,0,0,0,0,0,16,0,0,0,0
60706,0,1,1992,25,25,25,25,25,25,25,25,25,25
60706,1,1,1992,0,0,0,0,0,0,0,0,0,0
60707,0,1,1992,17,17,17,17,17,17,17,17,17,17
60707,1,1,1992,20,0,0,12,0,0,20,0,0,0
60708,1,1,1992,0,0,0,0,0,0,0,0,13,0
60708,2,1,1992,0,0,0,0,0,0,0,0,0,0
60709,0,1,1992,0,0,0,0,0,0,0,0,0,0
60709,1,1,1992,0,0,0,0,0,0,0,0,0,0
60710,1,1,1992,11,11,11,11,11,11,11,11,11,11
60710,2,1,1992,0,0,0,0,0,0,0,0,0,0
60710,3,1,1992,0,0,0,0,0,0,0,0,0,0
60711,1,1,1992,16,16,16,16,16,16,16,16,16,16
60712,1,1,1992,0,0,0,0,0,0,0,0,0,0
60713,1,1,1992,0,0,0,0,0,0,0,0,0,0
60713,2,1,1992,0,0,0,0,0,0,0,0,0,0
60714,1,1,1992,12,12,12,12,12,12,12,12,12,12
60714,2,1,1992,0,0,0,0,0,0,0,0,0,0
60715,0,1,1992,6,6,6,6,6,6,6,6,6,6
60715,1,1,1992,25,25,25,25,25,25,25,25,25,25
60716,1,1,1992,21,21,21,21,21,21,21,21,21,21
60717,1,1,1992,29,29,29,29,29,29,29,29,29,29
60717,2,1,1992,0,0,0,0,0,0,0,0,0,11
60718,1,1,1992,22,22,22,22,22,22,22,22,22,22
60718,2,1,1992,8,0,0,0,0,0,0,0,0,5
60718,3,1,1992,0,0,0,14,0,0,0,0,22,0
60719,1,1,1992,4,4,4,4,4,4,4,4,4,4
60720,0,1,1992,0,0,0,0,0,0,0,0,0,0
60720,1,1,1992,0,0,0,0,0,0,0,0,0,0
60720,2,1,1992,0,0,0,0,17,0,0,0,0,0
60721,1,1,1992,10,10,10,10,10,10,10,10,10,10
60722,1,1,1992,4,4,4,4,4,4,4,4,4,4
60723,0,1,1992,0,0,0,0,0,0,0,0,0,0
60723,1,1,1992,0,0,0,0,0,0,0,0,0,0
60724,1,1,1992,0,0,0,0,0,0,0,0,0,0
60724,2,1,1992,0,0,0,0,0,0,0,0,0,0
60725,0,1,1992,0,0,0,0,0,0,0,0,0,0
60725,1,1,1992,0,0,0,0,0,0,0,0,0,0
60726,1,1,1992,0,0,0,0,0,0,0,0,0,0
60727,1,1,1992,14,14,14,14,14,14,14,14,14,14
60727,2,1,1992,0,24,0,0,0,0,0,16,0,20
60728,1,1,1992,0,0,0,0,0,0,0,0,0,0
60728,2,1,1992,0,0,0,0,0,0,0,0,0,0
60729,1,1,1992,17,17,17,17,17,17,17,17,17,17
60729,2,1,1992,5,5,5,5,5,5,5,5,5,5
60730,0,1,1992,0,0,0,0,0,0,0,0,0,0
60730,1,1,1992,40,40,40,40,40,40,40,40,40,40
60731,1,1,1992,0,0,0,0,0,0,0,0,0,0
60731,2,1,1992,0,0,0,0,0,0,0,0,0,0
60731,3,1,1992,0,0,0,0,0,0,0,0,0,0
60731,4,1,1992,0,0,0,0,0,0,0,0,0,0
60732,1,1,1992,0,0,0,0,0,0,0,0,0,0
60732,2,1,1992,0,0,0,0,0,0,0,0,0,0
60732,3,1,1992,0,0,0,0,0,0,0,0,0,0
60733,1,1,1992,8,8,8,8,8,8,8,8,8,8
60733,2,1,1992,0,0,0,0,0,0,0,0,0,0
60734,0,1,1992,36,36,36,36,36,36,36,36,36,36
60734,1,1,1992,0,0,0,0,0,16,0,0,0,0
60735,1,1,1992,0,0,0,0,0,0,0,0,0,0
60735,2,1,1992,0,0,0,0,0,0,0,0,0,0
60736,1,1,1992,0,0,0,0,0,0,0,0,0,0
60736,2,1,1992,0,0,0,0,0,0,0,0,0,0
60736,3,1,1992,0,0,0,0,0,0,0,0,0,11
60737,1,1,1992,0,6,0,0,0,0,0,0,0,0
60737,2,1,1992,0,0,0,0,0,0,0,0,0,0
60738,1,1,1992,0,0,0,0,0,0,0,0,0,0
60738,2,1,1992,0,0,0,0,0,0,0,0,0,0
60739,1,1,1992,0,0,0,0,0,0,0,0,0,0
60739,2,1,1992,0,0,0,0,0,0,0,0,0,0
60740,1,1,1992,13,13,13,13,13,13,13,13,13,13
60740,2,1,1992,0,0,0,0,0,0,0,0,0,0
60741,1,1,1992,0,0,0,0,0,0,0,0,0,0
60741,2,1,1992,0,0,0,0,0,0,0,0,0,0
60741,3,1,1992,0,0,0,0,0,0,0,0,0,0
60742,1,1,1992,0,0,0,0,0,0,0,0,0,0
60742,2,1,1992,0,0,0,0,6,0,0,15,0,0
60742,3,1,1992,0,0,0,0,0,0,0,0,0,0
60743,0,1,1992,24,24,24,24,24,24,24,24,24,24
60743,1,1,1992,0,0,0,0,0,0,0,0,0,0
60744,1,1,1992,24,24,24,24,24,24,24,24,24,24
60745,1,1,1992,17,17,17,17,17,17,17,17,17,17
60745,2,1,1992,0,0,0,0,0,0,0,0,0,0
60746,0,1,1992,25,25,25,25,25,25,25,25,25,25
60746,1,1,1992,0,0,0,0,0,0,0,0,0,0
60747,1,1,1992,0,0,0,0,0,0,22,0,0,0
60747,2,1,1992,0,0,0,0,0,0,0,0,0,0
60748,1,1,1992,28,28,28,28,28,28,28,28,28,28
60749,1,1,1992,0,0,0,0,0,0,0,0,0,0
60749,2,1,1992,0,0,0,0,0,0,0,0,0,0
60750,1,1,1992,0,0,0,0,0,0,0,0,0,0
60750,2,1,1992,0,0,0,0,0,0,0,0,0,0
60750,3,1,1992,0,0,0,0,0,0,0,0,0,0
60750,4,1,1992,0,0,0,0,0,0,0,0,0,0
60751,1,1,1992,0,0,0,0,0,0,0,0,0,0
60751,2,1,1992,0,0,0,9,0,0,0,0,0,0
60752,1,1,1992,0,0,0,5,0,0,0,0,12,0
60753,1,1,1992,9,9,9,9,9,9,9,9,9,9
60753,2,1,1992,0,0,0,0,0,0,0,0,0,0
60753,3,1,1992,0,0,0,0,0,0,0,0,0,0
60754,0,1,1992,0,0,0,0,0,0,0,0,0,0
60754,1,1,1992,0,0,0,13,0,0,0,0,29,0
60755,1,1,1992,16,16,16,16,16,16,16,16,16,16
60756,0,1,1992,0,0,0,0,0,0,0,0,0,0
60756,0,2,1992,0,0,0,0,0,0,0,0,0,0
60756,1,1,1992,0,0,0,0,0,0,0,0,23,0
60757,1,1,1992,0,0,0,0,0,0,0,0,5,0
60757,2,1,1992,0,0,0,0,0,0,0,0,0,0
60757,3,1,1992,0,0,0,0,0,0,0,0,0,0
60758,1,1,1992,0,12,16,23,14,38,10,27,3,8
60759,1,1,1992,0,0,0,0,0,0,0,0,25,0
60760,1,1,1992,0,0,0,0,0,0,0,0,0,0
60760,2,1,1992,0,0,0,0,0,0,0,0,0,0
60760,3,1,1992,0,0,0,0,0,0,0,0,0,0
60760,4,1,1992,0,0,0,0,0,0,0,0,0,0
60760,5,1,1992,0,0,0,0,0,0,0,0,0,0
60761,1,1,1992,21,21,21,21,21,21,21,21,21,21
60761,2,1,1992,0,0,0,0,0,0,0,0,0,0
60762,0,1,1992,0,0,0,0,0,0,0,0,0,0
60762,0,2,1992,0,11,0,0,0,0,0,0,12,7
60762,1,1,1992,15,16,2,0,9,12,4,8,16,0
60763,1,1,1992,0,0,0,0,0,0,0,0,0,0
60763,2,1,1992,0,0,0,17,20,0,0,0,0,0
60764,1,1,1992,16,0,0,0,0,0,0,0,0,0
60764,2,1,1992,0,0,0,0,0,0,0,0,0,0
60765,0,1,1992,0,0,0,0,0,0,0,0,0,0
60765,1,1,1992,0,0,0,0,0,0,0,0,0,0
60766,1,1,1992,0,0,0,0,0,0,0,0,0,0
60766,2,1,1992,0,0,0,0,0,0,0,0,0,0
60767,1,1,1992,0,0,0,0,0,0,0,0,0,0
60767,2,1,1992,0,0,0,0,0,0,0,0,0,0
60767,3,1,1992,0,5,0,12,0,0,0,19,0,0
60768,1,1,1992,2,2,2,2,2,2,2,2,2,2
60768,2,1,1992,0,0,0,0,0,0,0,0,0,0
60769,1,1,1992,16,16,16,16,16,16,16,16,16,16
60770,0,1,1992,27,27,27,27,27,27,27,27,27,27
60770,1,1,1992,0,0,0,0,0,0,0,0,0,0
60771,1,1,1992,0,0,0,0,0,0,0,0,0,0
60772,0,1,1992,8,8,8,8,8,8,8,8,8,8
60772,1,1,1992,0,0,0,0,0,0,0,0,0,0
60773,1,1,1992,0,0,0,0,0,0,0,0,0,0
60773,2,1,1992,0,0,0,0,0,7,0,0,0,0
60774,1,1,1992,6,6,6,6,6,6,6,6,6,6
60774,2,1,1992,0,0,0,0,0,0,0,0,0,0
60775,1,1,1992,0,0,0,0,0,0,0,0,0,0
60776,0,1,1992,32,32,32,32,32,32,32,32,32,32
60776,1,1,1992,0,0,0,0,0,0,0,0,0,0
60777,1,1,1992,0,0,0,0,0,0,0,0,0,0
60777,2,1,1992,0,0,0,0,0,0,0,0,0,0
60778,1,1,1992,0,0,0,0,0,0,0,0,0,0
60779,0,1,1992,3,0,0,0,12,13,29,12,7,15
60779,1,1,1992,13,6,0,6,20,0,1,18,3,0
60780,1,1,1992,0,0,0,0,0,0,0,8,0,0
60780,2,1,1992,0,0,0,0,0,0,0,0,0,0
60781,1,1,1992,9,9,9,9,9,9,9,9,9,9
60781,2,1,1992,0,0,0,17,0,0,0,0,0,0
60782,1,1,1992,0,0,0,0,0,0,0,0,0,0
60782,2,1,1992,0,0,0,0,0,0,0,0,0,0
60783,1,1,1992,0,0,0,0,0,0,0,0,0,0
60783,2,1,1992,0,0,0,0,0,0,0,0,0,0
60783,3,1,1992,0,0,0,0,0,0,0,0,0,0
60784,0,1,1992,0,0,0,0,0,0,0,0,0,0
60784,1,1,1992,0,0,0,0,0,0,0,0,0,0
60785,1,1,1992,0,0,0,0,0,0,0,0,0,0
60786,1,1,1992,0,0,0,0,0,0,0,0,0,0
60786,2,1,1992,0,0,0,0,0,0,0,0,21,0
60787,1,1,1992,7,7,7,7,7,7,7,7,7,7
60787,2,1,1992,0,0,0,0,0,0,0,0,0,0
60787,3,1,1992,0,0,0,0,0,0,0,0,0,0
60788,0,1,1992,9,9,9,9,9,9,9,9,9,9
60788,1,1,1992,0,8,0,17,0,0,0,0,4,0
60789,1,1,1992,15,15,15,15,15,15,15,15,15,15
60789,2,1,1992,0,0,0,0,0,0,0,0,0,0
60790,1,1,1992,0,0,0,0,0,0,0,0,0,0
60791,1,1,1992,22,22,22,22,22,22,22,22,22,22
60792,0,1,1992,0,0,0,0,0,0,0,0,0,0
60792,1,1,1992,0,0,0,0,0,0,0,0,0,0
60793,1,1,1992,28,28,28,28,28,28,28,28,28,28
60794,0,1,1992,26,0,23,0,0,0,10,16,0,0
60794,1,1,1992,0,0,0,0,0,0,0,0,0,0
60794,2,1,1992,8,0,0,0,0,0,0,0,0,0
60795,0,1,1992,23,23,23,23,23,23,23,23,23,23
60796,1,1,1992,0,0,0,0,0,0,0,0,0,0
60796,2,1,1992,3,3,3,3,3,3,3,3,3,3
60797,1,1,1992,0,0,0,0,0,0,0,0,0,0
60797,2,1,1992,0,0,0,0,0,0,0,0,0,0
60798,1,1,1992,5,5,5,5,5,5,5,5,5,5
60798,2,1,1992,0,0,0,0,0,0,0,0,0,0