ST_CASE,VEH_NO,PER_NO,YEAR,P1,P2,P3,P4,P5,P6,P7,P8,P9,P10
61062,1,1,1992,21,21,21,21,21,21,21,21,21,21
61063,1,1,1992,32,32,32,32,32,32,32,32,32,32
61064,1,1,1992,5,5,5,5,5,5,5,5,5,5
61064,2,1,1992,0,0,27,0,0,0,0,0,0,0
61065,1,1,1992,0,0,0,0,0,0,0,0,0,0
61066,1,1,1992,20,20,20,20,20,20,20,20,20,20
61067,1,1,1992,0,0,0,0,0,0,0,0,0,0
61067,2,1,1992,0,0,0,0,0,0,0,0,0,0
61068,1,1,1992,0,0,0,0,0,0,0,0,0,0
61068,2,1,1992,2,2,2,2,2,2,2,2,2,2
61069,1,1,1992,0,0,0,0,0,0,0,0,0,0
61070,1,1,1992,14,14,14,14,14,14,14,14,14,14
61071,1,1,1992,8,8,8,8,8,8,8,8,8,8
61072,1,1,1992,0,0,0,0,0,0,0,0,0,0
61073,1,1,1992,0,0,0,0,0,0,0,0,0,0
61074,1,1,1992,0,0,0,0,0,0,0,0,0,0
61074,2,1,1992,0,0,0,0,0,0,0,0,0,0
61075,1,1,1992,0,0,0,0,0,0,0,0,0,0
61076,1,1,1992,10,10,10,10,10,10,10,10,10,10
61076,2,1,1992,0,0,0,0,0,0,0,0,0,0
61077,1,1,1992,0,0,0,0,0,0,0,0,0,0
61077,2,1,1992,0,0,0,0,0,0,0,0,0,0
61077,3,1,1992,5,0,0,0,0,0,0,18,0,0
61078,1,1,1992,0,0,0,0,0,0,0,0,0,0
61078,2,1,1992,11,13,5,0,0,7,11,0,18,0
61079,1,1,1992,0,0,0,20,0,0,0,0,0,0
61080,1,1,1992,18,18,18,18,18,18,18,18,18,18
61081,1,1,1992,0,0,0,0,0,0,0,0,0,0
61081,2,1,1992,0,0,0,4,0,0,0,0,0,3
61082,1,1,1992,5,5,5,5,5,5,5,5,5,5
61083,1,1,1992,13,13,13,13,13,13,13,13,13,13
61083,2,1,1992,0,0,0,0,12,0,0,0,0,0
61084,0,1,1992,0,0,0,0,0,0,0,0,0,0
61084,1,1,1992,0,11,0,0,0,0,0,0,0,0
61085,0,1,1992,23,23,23,23,23,23,23,23,23,23
61085,1,1,1992,0,0,0,0,0,0,0,0,0,0
61086,0,1,1992,0,0,0,0,0,0,0,0,0,0
61086,1,1,1992,0,0,0,0,0,0,0,0,0,0
61087,1,1,1992,0,0,11,0,3,0,0,0,0,0
61087,2,1,1992,0,0,0,0,0,0,0,0,0,0
61088,1,1,1992,21,21,21,21,21,21,21,21,21,21
61088,2,1,1992,0,0,0,0,0,0,0,0,0,0
61089,1,1,1992,0,0,0,0,0,0,0,0,0,0
61090,1,1,1992,0,0,0,0,0,0,0,0,0,0
61091,1,1,1992,0,0,0,0,4,0,0,0,0,0
61091,2,1,1992,0,0,0,0,0,0,0,0,0,0
61092,1,1,1992,19,19,19,19,19,19,19,19,19,19
61092,2,1,1992,0,0,0,0,0,0,0,0,0,0
61092,3,1,1992,1,1,1,1,1,1,1,1,1,1
61092,4,1,1992,0,0,0,0,0,0,0,0,0,0
61092,5,1,1992,0,0,0,0,0,0,0,0,0,0
61093,1,1,1992,21,21,21,21,21,21,21,21,21,21
61093,2,1,1992,0,0,0,0,0,0,0,0,0,0
61093,3,1,1992,0,0,0,0,0,0,0,0,0,0
61094,1,1,1992,17,17,17,17,17,17,17,17,17,17
61094,2,1,1992,0,0,0,0,0,0,3,0,0,0
61095,1,1,1992,5,5,5,5,5,5,5,5,5,5
61096,1,1,1992,19,19,19,19,19,19,19,19,19,19
61096,2,1,1992,0,0,0,0,0,0,0,0,0,0
61097,1,1,1992,14,14,14,14,14,14,14,14,14,14
61098,0,1,1992,6,6,6,6,6,6,6,6,6,6
61098,1,1,1992,7,7,7,7,7,7,7,7,7,7
61099,1,1,1992,0,0,3,0,0,0,0,0,0,0
61100,1,1,1992,0,0,0,0,0,0,0,0,0,0
61101,1,1,1992,0,0,0,0,0,0,0,0,0,0
61102,1,1,1992,0,0,0,0,0,0,0,0,0,0
61102,2,1,1992,0,0,0,0,0,0,0,0,0,0
61103,1,1,1992,0,0,0,0,0,0,0,0,0,0
61104,1,1,1992,0,0,0,0,0,0,0,0,0,0
61105,1,1,1992,10,10,10,10,10,10,10,10,10,10
61106,0,1,1992,0,0,0,0,0,0,0,0,0,0
61106,1,1,1992,0,0,7,0,0,0,0,0,0,0
61107,1,1,1992,0,0,0,0,0,0,0,0,0,0
61108,0,1,1992,0,17,16,18,36,22,11,0,14,4
61108,1,1,1992,0,0,0,0,0,0,0,0,0,0
61109,0,1,1992,0,0,0,0,0,0,0,0,0,0
61109,1,1,1992,0,0,0,0,0,0,0,0,0,0
61110,1,1,1992,26,26,26,26,26,26,26,26,26,26
61111,1,1,1992,17,17,17,17,17,17,17,17,17,17
61111,2,1,1992,0,0,0,0,0,0,0,0,0,0
61112,1,1,1992,26,26,26,26,26,26,26,26,26,26
61113,0,1,1992,0,0,0,0,0,0,0,0,0,0
61113,1,1,1992,0,0,16,0,0,0,0,0,15,0
61114,0,1,1992,11,11,11,11,11,11,11,11,11,11
61114,1,1,1992,0,0,0,0,27,0,0,0,0,0
61115,0,1,1992,0,0,0,0,0,0,0,0,0,0
61115,1,1,1992,32,32,32,32,32,32,32,32,32,32
61116,1,1,1992,0,0,0,0,0,0,0,0,0,0
61116,2,1,1992,0,0,0,0,0,0,0,0,0,0
61117,1,1,1992,0,0,0,0,0,0,0,0,0,0
61117,2,1,1992,0,0,0,0,0,0,0,0,0,0
61118,1,1,1992,0,0,0,0,0,0,0,0,0,0
61118,2,1,1992,0,0,0,0,0,0,0,0,0,0
61119,1,1,1992,14,14,14,14,14,14,14,14,14,14
61120,1,1,1992,33,33,33,33,33,33,33,33,33,33
61120,2,1,1992,0,0,0,0,0,0,0,0,0,0
61120,3,1,1992,0,0,0,0,0,0,0,0,0,0
61121,0,1,1992,0,0,0,0,0,0,0,0,0,0
61121,1,1,1992,0,0,0,0,0,6,0,0,0,0
61121,2,1,1992,0,0,0,0,4,0,0,0,0,0
61121,3,1,1992,0,0,0,0,0,0,0,0,0,0
61121,4,1,1992,0,0,0,0,0,0,0,0,0,0
61122,0,1,1992,7,16,0,14,0,13,0,0,0,0
61122,0,2,1992,2,2,2,2,2,2,2,2,2,2
61122,1,1,1992,0,0,0,0,0,0,0,0,0,0
61123,0,1,1992,0,0,0,0,0,0,0,0,0,0
61123,1,1,1992,15,15,15,15,15,15,15,15,15,15
61124,1,1,1992,12,12,12,12,12,12,12,12,12,12
61125,0,1,1992,0,0,0,0,0,0,0,0,0,0
61125,1,1,1992,0,9,0,0,0,0,0,0,0,0
61126,1,1,1992,0,0,0,0,0,0,0,0,0,0
61126,2,1,1992,0,0,0,0,0,0,0,0,0,0
61127,0,1,1992,0,0,0,0,0,0,0,0,0,0
61127,0,2,1992,30,0,0,0,22,0,0,0,26,0
61127,1,1,1992,0,0,0,0,0,0,0,27,0,6
61128,0,1,1992,0,0,0,0,0,0,0,0,0,0
61128,1,1,1992,0,0,0,0,0,0,0,0,0,0
61129,1,1,1992,0,0,0,0,0,0,0,0,0,0
61130,0,1,1992,16,16,16,16,16,16,16,16,16,16
61130,1,1,1992,0,0,0,0,0,0,0,0,0,0
61131,1,1,1992,0,0,6,0,10,0,0,21,0,0
61131,2,1,1992,11,11,11,11,11,11,11,11,11,11
61132,0,1,1992,0,0,0,0,0,0,0,0,0,0
61132,1,1,1992,0,0,0,0,0,0,0,0,0,0
61133,1,1,1992,0,0,0,0,0,0,0,0,0,0
61133,2,1,1992,0,0,0,0,0,0,0,0,0,0
61134,1,1,1992,0,0,0,0,0,0,0,0,0,0
61134,2,1,1992,0,0,0,0,0,0,0,0,0,0
61135,1,1,1992,0,0,0,0,0,0,0,0,0,0
61136,1,1,1992,5,5,5,5,5,5,5,5,5,5
61137,1,1,1992,16,16,16,16,16,16,16,16,16,16
61137,2,1,1992,0,0,18,0,0,18,0,0,25,0
61138,1,1,1992,0,0,0,0,0,0,0,0,0,0
61138,2,1,1992,0,0,0,0,0,0,0,0,0,0
61139,0,1,1992,16,16,16,16,16,16,16,16,16,16
61139,1,1,1992,0,0,0,24,0,0,0,0,0,0
61140,1,1,1992,0,0,0,0,0,0,0,0,0,0
61140,2,1,1992,0,0,0,0,0,0,0,0,0,0
61140,3,1,1992,0,0,0,0,0,0,0,0,0,28
61141,1,1,1992,0,0,0,0,0,0,0,0,0,0
61141,2,1,1992,8,8,8,8,8,8,8,8,8,8
61142,1,1,1992,13,13,13,13,13,13,13,13,13,13
61142,2,1,1992,0,0,0,0,0,0,0,0,0,0
61142,3,1,1992,0,0,0,2,0,0,0,0,0,0
61143,0,1,1992,16,16,16,16,16,16,16,16,16,16
61143,1,1,1992,0,0,0,0,0,0,0,0,0,0
61144,1,1,1992,2,2,2,2,2,2,2,2,2,2
61145,1,1,1992,0,0,0,0,0,0,0,0,0,0
61146,1,1,1992,26,26,26,26,26,26,26,26,26,26
61147,0,1,1992,0,0,0,0,0,0,0,0,0,0
61147,1,1,1992,8,8,8,8,8,8,8,8,8,8
61148,1,1,1992,36,36,36,36,36,36,36,36,36,36
61149,1,1,1992,0,0,0,0,0,0,0,0,0,0
61150,1,1,1992,11,11,11,11,11,11,11,11,11,11
61151,1,1,1992,0,0,0,0,0,0,0,0,0,0
61151,2,1,1992,0,0,0,0,0,0,0,0,0,0
61152,1,1,1992,0,0,0,0,0,0,0,0,0,0
61152,2,1,1992,0,0,0,0,0,0,0,0,0,0
61153,1,1,1992,0,0,0,0,0,0,0,0,0,0
61153,2,1,1992,0,0,0,0,0,0,0,0,0,0
61154,1,1,1992,0,0,0,0,0,0,0,0,0,0
61154,2,1,1992,0,0,0,8,0,0,0,0,0,0
61154,3,1,1992,0,0,0,0,0,0,0,0,0,0
61154,4,1,1992,0,0,0,0,0,0,0,0,0,0
61154,5,1,1992,0,0,0,0,0,0,0,0,0,0
61155,0,1,1992,0,0,0,0,0,0,0,0,0,0
61155,1,1,1992,0,0,0,0,0,20,0,0,0,0
61156,0,1,1992,0,0,0,0,0,0,17,0,0,16
61156,1,1,1992,0,0,0,0,0,0,0,0,0,0
61157,0,1,1992,0,0,0,0,0,0,0,0,25,0
61157,1,1,1992,0,0,0,0,0,0,0,0,0,0
61158,0,1,1992,0,0,0,0,0,0,0,0,0,0
61158,1,1,1992,0,0,0,0,0,0,0,0,0,0
61159,1,1,1992,20,20,20,20,20,20,20,20,20,20
61160,0,1,1992,0,0,0,0,0,0,0,0,0,0
61160,0,2,1992,13,2,21,12,0,27,0,0,0,5
61160,1,1,1992,5,5,5,5,5,5,5,5,5,5
61161,0,1,1992,0,0,0,0,0,0,0,0,0,0
61161,1,1,1992,0,0,0,0,0,0,0,0,0,0
61162,0,1,1992,26,26,26,26,26,26,26,26,26,26
61162,1,1,1992,0,0,11,0,0,0,0,0,0,0
61163,1,1,1992,0,0,0,0,0,0,0,0,22,0
61164,1,1,1992,0,0,0,0,0,0,0,0,0,0
61165,1,1,1992,7,9,25,15,18,14,9,13,14,8
61166,1,1,1992,15,15,15,15,15,15,15,15,15,15
61167,1,1,1992,0,0,0,0,0,0,0,0,0,0
61167,2,1,1992,0,0,0,0,0,2,0,0,0,0
61168,1,1,1992,0,0,0,0,0,0,0,0,0,14
61169,0,1,1992,0,0,0,0,0,0,0,0,0,0
61169,1,1,1992,0,0,0,0,0,0,0,0,0,0
61170,1,1,1992,28,28,28,28,28,28,28,28,28,28
61171,1,1,1992,13,13,13,13,13,13,13,13,13,13
61172,0,1,1992,28,28,28,28,28,28,28,28,28,28
61172,1,1,1992,0,16,0,0,0,0,0,0,0,9
61172,2,1,1992,0,0,0,0,0,0,0,0,0,0
61173,1,1,1992,19,19,19,19,19,19,19,19,19,19
61174,0,1,1992,0,0,0,0,0,0,0,0,0,0
61174,1,1,1992,0,0,0,0,0,0,0,0,0,0
61175,1,1,1992,17,17,17,17,17,17,17,17,17,17
61175,2,1,1992,0,0,0,0,0,0,0,0,0,0
61176,1,1,1992,27,27,27,27,27,27,27,27,27,27
61176,2,1,1992,0,0,0,0,0,0,0,0,0,0
61176,3,1,1992,0,0,0,0,0,0,0,0,0,0
61177,0,1,1992,0,0,0,0,0,0,0,0,0,0
61177,1,1,1992,0,0,0,0,0,0,0,0,0,0
61177,2,1,1992,0,0,0,0,0,0,0,0,0,0
61178,0,1,1992,0,0,0,0,0,0,0,0,0,0
61178,1,1,1992,12,12,12,12,12,12,12,12,12,12
61179,1,1,1992,0,0,0,0,0,0,0,0,0,0
61180,0,1,1992,0,0,0,0,0,0,0,0,0,0
61180,1,1,1992,0,0,0,0,0,0,0,11,0,0
61181,1,1,1992,28,14,44,20,30,26,20,24,21,14
61182,1,1,1992,0,0,0,0,0,0,0,0,0,0
61183,0,1,1992,0,0,0,0,0,0,0,0,0,0
61183,0,2,1992,0,0,0,0,3,0,0,18,13,31
61183,1,1,1992,4,0,0,0,0,0,0,0,0,0
61184,1,1,1992,0,0,0,0,0,0,0,0,0,0
61184,2,1,1992,0,0,0,0,0,0,0,0,0,0
61185,1,1,1992,0,0,0,0,0,0,0,0,0,0
61186,1,1,1992,14,14,14,14,14,14,14,14,14,14
61187,0,1,1992,0,0,0,0,0,0,0,0,0,0
61187,1,1,1992,0,0,0,0,0,0,0,0,0,0
61188,1,1,1992,4,4,4,4,4,4,4,4,4,4
61189,1,1,1992,0,0,0,0,0,0,0,0,0,0
61189,2,1,1992,8,0,0,0,10,0,0,7,0,7
61190,0,1,1992,21,21,21,21,21,21,21,21,21,21
61190,1,1,1992,8,8,8,8,8,8,8,8,8,8
61191,1,1,1992,0,0,0,0,0,0,0,0,0,0
61191,2,1,1992,0,0,0,0,0,0,0,0,0,0
61192,1,1,1992,0,0,0,0,0,0,0,0,0,0
61193,1,1,1992,19,19,19,19,19,19,19,19,19,19
61194,1,1,1992,4,4,4,4,4,4,4,4,4,4
61195,1,1,1992,16,0,0,19,6,24,13,0,17,8
61195,2,1,1992,0,0,0,0,0,0,0,0,0,0
61196,1,1,1992,0,0,0,0,0,0,0,0,0,0
61196,2,1,1992,0,0,0,0,0,20,0,0,0,0
61197,1,1,1992,21,21,21,21,21,21,21,21,21,21
61198,1,1,1992,13,13,13,13,13,13,13,13,13,13
61199,1,1,1992,15,15,15,15,15,15,15,15,15,15
61200,1,1,1992,12,12,12,12,12,12,12,12,12,12
61201,1,1,1992,22,22,22,22,22,22,22,22,22,22
61202,1,1,1992,0,0,0,0,0,0,0,0,0,0
61203,1,1,1992,0,18,23,0,0,0,0,0,19,0
61203,2,1,1992,2,2,2,2,2,2,2,2,2,2
61204,0,1,1992,0,0,0,0,0,0,0,0,0,0
61204,1,1,1992,8,8,0,0,0,0,3,24,6,0
61205,1,1,1992,0,0,0,0,0,0,0,0,0,0
61205,2,1,1992,0,0,0,0,0,0,0,0,0,0
61206,1,1,1992,0,0,0,0,0,0,0,0,0,0
61206,2,1,1992,0,0,0,0,0,0,0,0,0,0
61207,1,1,1992,0,8,0,0,0,0,0,0,0,13
61207,2,1,1992,0,0,0,0,0,0,0,0,0,0
61208,1,1,1992,9,9,9,9,9,9,9,9,9,9
61209,1,1,1992,0,0,0,0,0,0,0,0,0,0
61209,2,1,1992,0,0,0,0,0,0,0,0,0,0
61210,1,1,1992,27,27,27,27,27,27,27,27,27,27
61210,2,1,1992,0,0,0,0,0,0,0,0,0,0
61210,3,1,1992,0,7,4,0,0,0,0,0,0,19
61211,0,1,1992,7,7,7,7,7,7,7,7,7,7
61211,1,1,1992,0,0,0,0,0,0,0,0,0,0
61211,2,1,1992,0,0,0,0,0,0,0,0,0,0
61212,1,1,1992,26,26,26,26,26,26,26,26,26,26
61213,1,1,1992,11,11,11,11,11,11,11,11,11,11
61214,1,1,1992,0,0,0,0,0,0,0,0,0,0
61214,2,1,1992,0,0,0,0,0,0,0,0,0,0
61215,1,1,1992,18,18,18,18,18,18,18,18,18,18
61216,1,1,1992,6,6,6,6,6,6,6,6,6,6
61216,2,1,1992,0,0,0,0,0,0,0,0,0,0
61217,0,1,1992,0,0,0,0,0,0,0,0,0,0
61217,1,1,1992,0,0,0,0,0,0,0,0,0,0
61218,0,1,1992,0,0,0,0,0,0,0,0,0,0
61218,1,1,1992,0,0,0,0,0,0,0,0,0,0
61219,1,1,1992,0,0,0,0,0,0,0,0,0,0
61219,2,1,1992,0,0,0,0,0,0,0,0,0,0
61219,3,1,1992,0,0,0,0,0,0,0,0,0,0
61220,1,1,1992,0,0,0,0,0,0,0,0,0,0
61221,1,1,1992,0,0,0,0,0,0,0,0,0,0
61221,2,1,1992,0,0,0,0,0,0,0,0,0,0
61222,1,1,1992,0,30,0,0,0,0,0,0,0,0
61223,1,1,1992,0,0,0,0,0,0,0,0,0,0
61224,0,1,1992,27,27,27,27,27,27,27,27,27,27
61224,1,1,1992,0,0,0,0,0,0,0,0,0,0
61225,1,1,1992,22,22,22,22,22,22,22,22,22,22
61226,0,1,1992,24,24,24,24,24,24,24,24,24,24
61226,1,1,1992,15,19,15,7,11,11,17,12,4,21
61227,1,1,1992,0,0,0,0,0,0,0,0,0,0
61227,2,1,1992,0,3,0,0,0,0,0,0,0,0
61228,1,1,1992,22,22,22,22,22,22,22,22,22,22
61229,1,1,1992,0,0,0,0,0,0,0,0,0,0
61230,1,1,1992,31,31,31,31,31,31,31,31,31,31
61230,2,1,1992,0,0,0,0,0,0,0,0,0,0
61230,3,1,1992,0,0,0,0,0,0,0,0,0,0
61230,4,1,1992,0,0,0,0,0,0,0,0,0,0
61231,0,1,1992,0,0,0,0,0,0,0,0,0,0
61231,1,1,1992,0,0,0,0,0,0,0,0,0,0
61232,1,1,1992,0,0,0,0,0,0,0,0,0,16
61233,1,1,1992,0,0,0,0,0,0,0,0,0,0
61233,2,1,1992,0,0,0,0,0,0,0,13,0,0
61234,0,1,1992,22,0,16,0,20,0,20,15,14,25
61234,1,1,1992,20,20,20,20,20,20,20,20,20,20
61234,2,1,1992,0,0,13,0,0,0,0,0,0,0
61234,3,1,1992,6,6,6,6,6,6,6,6,6,6
61235,1,1,1992,0,0,0,0,0,0,0,0,0,0
61235,2,1,1992,0,0,0,0,0,0,0,0,0,0
61236,1,1,1992,0,0,13,0,0,0,0,0,0,10
61236,2,1,1992,0,0,0,0,0,0,0,0,0,0
61237,1,1,1992,6,6,6,6,6,6,6,6,6,6
61238,0,1,1992,0,0,0,0,0,0,0,0,0,0
61238,1,1,1992,0,0,0,0,0,0,8,0,0,0
61239,1,1,1992,0,0,0,0,0,0,0,0,0,0
61239,2,1,1992,0,0,0,0,0,0,0,0,0,0
61239,3,1,1992,0,0,0,0,0,0,0,0,0,0
61239,4,1,1992,0,0,0,0,0,0,0,0,0,0
61239,5,1,1992,0,0,0,0,0,0,0,0,0,0
61240,1,1,1992,13,13,13,13,13,13,13,13,13,13
61241,0,1,1992,0,0,0,0,0,0,0,0,16,0
61241,0,2,1992,0,0,0,0,0,0,0,0,0,0
61241,1,1,1992,0,0,0,0,0,0,0,0,0,0
61241,2,1,1992,0,0,0,0,0,0,0,0,0,0
61242,1,1,1992,15,15,15,15,15,15,15,15,15,15
61243,1,1,1992,0,0,0,0,0,0,0,0,0,0
61243,2,1,1992,0,0,0,0,0,8,0,0,0,0
61244,1,1,1992,0,12,0,0,0,0,0,0,0,0
61245,1,1,1992,15,15,15,15,15,15,15,15,15,15
61246,1,1,1992,0,0,10,0,0,0,0,0,0,0
61247,1,1,1992,0,0,25,0,0,0,0,20,0,0
61249,1,1,1992,13,13,13,13,13,13,13,13,13,13
61249,2,1,1992,0,0,0,0,0,0,17,0,0,0
61250,1,1,1992,23,23,23,23,23,23,23,23,23,23
61251,1,1,1992,21,21,21,21,21,21,21,21,21,21
61252,0,1,1992,16,16,16,16,16,16,16,16,16,16
61252,1,1,1992,5,15,13,0,0,0,0,0,14,0
61253,1,1,1992,0,0,0,0,0,0,0,0,0,0
61253,2,1,1992,0,0,0,0,0,0,0,0,0,0
61254,1,1,1992,3,3,3,3,3,3,3,3,3,3
61254,2,1,1992,9,0,0,0,0,0,0,0,10,0
61255,1,1,1992,0,0,0,0,0,0,0,0,0,0
61257,0,1,1992,0,0,0,0,8,0,0,0,0,0
61257,1,1,1992,0,0,0,0,0,0,0,0,0,0
61258,1,1,1992,0,0,0,0,0,0,0,0,0,0
61258,2,1,1992,0,0,0,0,0,0,0,0,0,0
61259,1,1,1992,9,9,9,9,9,9,9,9,9,9
61260,1,1,1992,13,13,13,13,13,13,13,13,13,13
61261,0,1,1992,0,0,0,0,0,0,0,0,0,0
61261,1,1,1992,0,0,0,0,0,0,0,0,0,0
61262,1,1,1992,21,21,21,21,21,21,21,21,21,21
61263,1,1,1992,13,13,13,13,13,13,13,13,13,13
61264,1,1,1992,15,15,15,15,15,15,15,15,15,15
61265,1,1,1992,0,0,0,0,0,0,0,0,0,0
61266,0,1,1992,0,0,0,0,0,0,0,0,0,0
61266,1,1,1992,0,0,0,0,0,0,0,0,0,0
61267,1,1,1992,0,0,0,0,0,0,0,0,0,0
61267,2,1,1992,0,0,0,0,0,0,0,0,0,0
61268,1,1,1992,0,0,0,0,0,0,0,0,0,0
61268,2,1,1992,6,22,10,15,10,8,12,11,25,18
61269,0,1,1992,0,0,0,0,0,0,0,0,0,0
61269,1,1,1992,4,4,4,4,4,4,4,4,4,4
61270,1,1,1992,5,0,0,0,0,0,0,13,0,0
61270,2,1,1992,0,0,0,3,0,0,0,0,0,0
61270,3,1,1992,19,6,12,8,30,14,0,19,48,6
61271,0,1,1992,0,0,0,0,0,0,0,0,0,0
61271,1,1,1992,23,23,23,23,23,23,23,23,23,23
61272,1,1,1992,33,33,33,33,33,33,33,33,33,33
61273,1,1,1992,7,7,7,7,7,7,7,7,7,7
61274,1,1,1992,0,0,0,0,0,0,0,0,0,0
61275,1,1,1992,18,18,18,18,18,18,18,18,18,18
61276,1,1,1992,16,16,16,16,16,16,16,16,16,16
61277,1,1,1992,0,0,0,0,0,0,0,0,0,0
61277,2,1,1992,0,0,0,0,0,0,0,0,0,0
61278,0,1,1992,1,1,1,1,1,1,1,1,1,1
61278,1,1,1992,0,0,0,0,0,0,0,0,0,0
61279,1,1,1992,6,6,6,6,6,6,6,6,6,6
61279,2,1,1992,0,0,0,0,0,0,0,0,0,0
61280,1,1,1992,17,17,17,17,17,17,17,17,17,17
61281,1,1,1992,3,3,3,3,3,3,3,3,3,3
61281,2,1,1992,0,0,0,15,0,0,0,0,0,0
61282,1,1,1992,0,0,0,0,0,0,0,0,0,0
61283,1,1,1992,0,0,0,0,0,0,0,0,0,0
61283,2,1,1992,0,0,0,0,0,0,0,0,0,0
61284,0,1,1992,0,0,0,0,0,0,0,0,0,0
61284,1,1,1992,0,0,22,0,0,0,0,0,0,0
61285,1,1,1992,20,20,20,20,20,20,20,20,20,20
61285,2,1,1992,10,0,0,0,0,0,0,0,0,0
61286,1,1,1992,16,16,16,16,16,16,16,16,16,16
61287,1,1,1992,0,0,0,0,0,0,0,0,0,0
61288,1,1,1992,0,0,0,0,0,0,0,0,0,0
61289,1,1,1992,0,0,0,0,0,0,0,0,0,0
61289,2,1,1992,0,0,0,0,0,0,0,0,0,0
61289,3,1,1992,0,0,0,0,0,0,0,0,0,0
61290,1,1,1992,18,18,18,18,18,18,18,18,18,18
61291,1,1,1992,0,0,0,0,0,0,0,0,0,0
61292,1,1,1992,19,19,19,19,19,19,19,19,19,19
61293,1,1,1992,11,0,0,0,0,0,5,0,0,0
61294,0,1,1992,0,0,0,0,0,0,0,0,0,0
61294,1,1,1992,0,0,19,0,0,0,0,6,0,0
61295,0,1,1992,0,0,0,0,0,0,0,0,0,0
61295,1,1,1992,0,0,0,0,0,0,0,0,0,0
61296,1,1,1992,0,0,0,0,0,0,0,0,0,0
61297,1,1,1992,0,0,0,0,0,0,0,0,0,0
61298,1,1,1992,11,11,11,11,11,11,11,11,11,11
61299,1,1,1992,18,18,18,18,18,18,18,18,18,18
61299,2,1,1992,0,0,0,0,0,0,0,0,0,0
61300,1,1,1992,10,10,10,10,10,10,10,10,10,10
61301,1,1,1992,17,17,17,17,17,17,17,17,17,17
61302,1,1,1992,0,0,0,0,0,0,0,0,0,0
61302,2,1,1992,2,2,2,2,2,2,2,2,2,2
61303,0,1,1992,0,0,0,0,0,0,0,0,0,0
61303,1,1,1992,0,0,0,0,0,0,0,0,0,0
61304,1,1,1992,0,0,0,0,0,0,0,0,0,0
61304,2,1,1992,38,0,25,11,19,9,16,14,15,9
61304,3,1,1992,0,0,0,0,0,0,0,0,0,0
61304,4,1,1992,0,0,0,0,0,0,0,0,0,0
61305,1,1,1992,17,17,17,17,17,17,17,17,17,17
61305,2,1,1992,0,0,0,0,0,0,0,0,0,0
61306,0,1,1992,0,0,0,0,0,0,0,0,0,0
61306,1,1,1992,6,6,6,6,6,6,6,6,6,6
61306,2,1,1992,0,0,0,0,0,0,0,0,0,0
61307,1,1,1992,10,10,10,10,10,10,10,10,10,10
61308,1,1,1992,0,0,0,0,0,0,0,0,0,0
61309,1,1,1992,14,14,14,14,14,14,14,14,14,14
61310,1,1,1992,0,0,0,14,0,0,0,0,14,0
61311,1,1,1992,15,15,15,15,15,15,15,15,15,15
61312,1,1,1992,17,17,17,17,17,17,17,17,17,17
61313,0,1,1992,0,0,0,0,0,0,0,0,0,0
61313,1,1,1992,0,0,0,0,0,0,0,0,0,0
61314,0,1,1992,0,0,0,0,0,0,0,0,0,0
61314,1,1,1992,0,0,0,0,0,0,0,0,0,0
61315,0,1,1992,0,0,0,0,0,0,0,0,0,0
61315,1,1,1992,0,0,0,0,0,0,0,0,0,0
61315,2,1,1992,0,0,0,0,0,0,0,0,0,0
61315,3,1,1992,0,0,0,0,0,0,0,0,0,0
61316,1,1,1992,0,0,0,0,0,0,0,0,0,0
61317,1,1,1992,21,21,21,21,21,21,21,21,21,21
61318,1,1,1992,16,16,16,16,16,16,16,16,16,16
61318,2,1,1992,0,0,0,0,0,0,0,0,0,0
61319,1,1,1992,19,19,19,19,19,19,19,19,19,19
61320,1,1,1992,18,18,18,18,18,18,18,18,18,18
61321,0,1,1992,0,0,0,0,0,0,0,0,0,0
61321,1,1,1992,0,0,0,0,0,9,0,0,0,0
61322,1,1,1992,17,17,17,17,17,17,17,17,17,17
61323,0,1,1992,0,0,0,0,0,0,0,0,0,0
61323,1,1,1992,0,0,10,0,0,0,0,9,0,0
61324,1,1,1992,21,21,21,21,21,21,21,21,21,21
61324,2,1,1992,0,0,0,0,0,0,0,10,0,0
61325,1,1,1992,15,15,15,15,15,15,15,15,15,15
61326,1,1,1992,33,33,33,33,33,33,33,33,33,33
61327,1,1,1992,10,10,10,10,10,10,10,10,10,10
61327,2,1,1992,0,0,0,0,0,0,0,0,0,0
61328,1,1,1992,15,15,15,15,15,15,15,15,15,15
61329,1,1,1992,18,18,18,18,18,18,18,18,18,18
61329,2,1,1992,0,0,0,0,0,0,0,0,0,0
61330,1,1,1992,12,12,12,12,12,12,12,12,12,12
61330,2,1,1992,0,0,0,14,0,0,0,0,0,0
61330,3,1,1992,0,0,0,0,8,0,0,0,13,0
61331,1,1,1992,17,17,17,17,17,17,17,17,17,17
61332,1,1,1992,16,16,16,16,16,16,16,16,16,16
61333,1,1,1992,21,21,21,21,21,21,21,21,21,21
61333,2,1,1992,0,12,0,0,0,0,0,0,0,0
61333,3,1,1992,5,0,6,0,0,0,0,0,0,0
61334,1,1,1992,24,24,24,24,24,24,24,24,24,24
61335,0,1,1992,0,0,0,0,0,0,0,0,0,0
61335,0,2,1992,0,14,0,13,0,0,0,0,0,0
61335,1,1,1992,0,0,0,18,22,0,5,25,0,2
61336,1,1,1992,7,7,7,7,7,7,7,7,7,7
61337,1,1,1992,0,0,0,0,0,0,0,0,0,0