ST_CASE,VEH_NO,PER_NO,YEAR,P1,P2,P3,P4,P5,P6,P7,P8,P9,P10
61337,2,1,1992,0,0,0,0,0,0,14,0,0,0
61338,1,1,1992,2,2,2,2,2,2,2,2,2,2
61339,1,1,1992,13,13,13,13,13,13,13,13,13,13
61340,0,1,1992,0,11,21,14,23,0,37,19,18,15
61340,0,2,1992,20,20,20,20,20,20,20,20,20,20
61340,1,1,1992,0,26,0,0,6,0,0,7,0,0
61341,1,1,1992,0,0,0,0,12,0,0,0,0,12
61342,1,1,1992,20,20,20,20,20,20,20,20,20,20
61342,2,1,1992,9,0,5,0,0,24,33,14,0,24
61343,1,1,1992,12,12,12,12,12,12,12,12,12,12
61344,0,1,1992,0,0,0,0,0,0,0,0,0,0
61344,1,1,1992,13,13,0,0,0,0,9,0,7,0
61345,1,1,1992,0,0,0,0,0,0,0,0,0,0
61346,0,1,1992,21,9,14,0,10,31,0,24,0,28
61346,1,1,1992,0,0,0,0,0,0,0,0,0,0
61346,4,1,1992,0,0,0,0,0,0,0,0,0,0
61347,1,1,1992,0,0,0,0,0,0,0,0,0,0
61348,1,1,1992,0,0,0,0,0,0,0,0,0,0
61349,1,1,1992,0,0,0,0,0,0,0,0,0,0
61349,2,1,1992,0,0,0,0,0,0,0,0,0,0
61349,3,1,1992,0,0,0,0,0,0,0,0,0,0
61350,1,1,1992,10,10,10,10,10,10,10,10,10,10
61351,1,1,1992,0,0,0,0,0,0,0,0,0,0
61351,2,1,1992,0,0,0,0,3,0,0,0,0,0
61351,3,1,1992,2,2,2,2,2,2,2,2,2,2
61352,1,1,1992,0,0,0,0,0,0,0,0,0,0
61352,2,1,1992,0,0,0,0,0,6,0,0,0,0
61352,3,1,1992,0,0,0,0,0,0,0,0,0,0
61353,1,1,1992,11,11,11,11,11,11,11,11,11,11
61354,0,1,1992,0,0,0,0,0,0,0,0,0,0
61354,1,1,1992,0,20,0,0,0,0,0,0,0,0
61354,2,1,1992,0,0,0,0,0,0,0,0,0,0
61355,1,1,1992,0,0,0,0,0,0,0,17,0,0
61355,2,1,1992,0,0,0,0,0,0,0,0,0,0
61357,1,1,1992,0,0,0,0,0,0,0,0,0,0
61357,2,1,1992,0,0,0,0,0,0,0,0,0,0
61358,1,1,1992,10,10,10,10,10,10,10,10,10,10
61358,2,1,1992,0,0,0,0,0,0,0,0,0,0
61358,3,1,1992,0,0,0,0,0,0,0,0,0,0
61359,1,1,1992,0,0,0,0,0,0,0,0,0,0
61360,0,1,1992,0,0,0,0,0,0,0,0,0,0
61360,1,1,1992,0,0,0,0,0,0,0,0,0,0
61361,1,1,1992,0,0,9,13,0,0,7,9,0,0
61362,1,1,1992,18,18,18,18,18,18,18,18,18,18
61362,2,1,1992,0,0,0,0,0,0,0,0,0,14
61362,3,1,1992,0,0,0,0,0,0,0,0,0,18
61363,0,1,1992,0,0,0,0,0,0,0,0,0,0
61363,1,1,1992,0,0,0,0,0,0,0,0,10,8
61364,1,1,1992,5,5,5,5,5,5,5,5,5,5
61364,2,1,1992,0,0,0,0,0,9,0,0,0,0
61364,3,1,1992,0,0,0,0,0,0,0,0,0,0
61365,1,1,1992,0,0,0,0,0,0,0,0,0,0
61365,2,1,1992,0,0,0,0,0,0,0,0,0,0
61366,0,1,1992,0,0,0,0,0,0,0,0,0,0
61366,1,1,1992,0,0,13,25,13,0,4,0,0,0
61367,1,1,1992,0,0,0,0,0,0,0,0,0,0
61368,1,1,1992,0,0,0,0,0,0,0,0,0,0
61369,1,1,1992,8,8,8,8,8,8,8,8,8,8
61370,1,1,1992,10,10,10,10,10,10,10,10,10,10
61371,1,1,1992,0,0,0,0,0,0,0,0,0,0
61371,2,1,1992,9,9,9,9,9,9,9,9,9,9
61371,3,1,1992,0,0,0,0,0,0,0,0,0,0
61371,4,1,1992,0,0,0,0,0,15,0,0,0,0
61371,5,1,1992,0,0,0,0,0,0,0,0,0,0
61372,1,1,1992,26,26,26,26,26,26,26,26,26,26
61373,1,1,1992,17,17,17,17,17,17,17,17,17,17
61373,2,1,1992,0,0,0,0,0,0,0,0,0,0
61374,1,1,1992,24,24,24,24,24,24,24,24,24,24
61375,1,1,1992,0,0,0,0,0,0,0,0,0,0
61375,2,1,1992,0,0,0,0,0,0,0,0,0,0
61376,0,1,1992,20,20,20,20,20,20,20,20,20,20
61376,1,1,1992,0,0,0,0,0,0,0,0,0,0
61377,1,1,1992,0,0,0,0,0,0,0,0,0,0
61378,1,1,1992,0,0,0,0,0,0,0,16,0,0
61378,2,1,1992,0,0,0,0,0,0,0,0,0,0
61379,1,1,1992,23,23,23,23,23,23,23,23,23,23
61380,1,1,1992,0,0,0,0,0,0,0,0,0,0
61381,0,1,1992,0,0,0,0,0,0,0,0,0,0
61381,1,1,1992,0,0,0,0,0,0,0,0,0,0
61382,1,1,1992,0,0,0,0,0,0,0,0,0,0
61383,0,1,1992,27,27,27,27,27,27,27,27,27,27
61383,1,1,1992,1,1,1,1,1,1,1,1,1,1
61384,1,1,1992,15,15,15,15,15,15,15,15,15,15
61385,1,1,1992,21,21,21,21,21,21,21,21,21,21
61386,1,1,1992,0,0,0,0,0,0,0,0,0,0
61386,2,1,1992,9,9,9,9,9,9,9,9,9,9
61387,1,1,1992,0,0,0,0,0,0,0,0,0,0
61388,1,1,1992,0,0,0,0,0,0,0,0,0,0
61389,1,1,1992,0,0,0,0,0,4,0,0,0,0
61389,2,1,1992,0,0,0,0,0,0,0,0,0,0
61390,1,1,1992,0,0,0,0,0,0,0,0,0,0
61390,2,1,1992,0,0,0,0,0,0,0,0,0,0
61391,0,1,1992,7,7,7,7,7,7,7,7,7,7
61391,1,1,1992,15,15,15,15,15,15,15,15,15,15
61392,1,1,1992,16,16,16,16,16,16,16,16,16,16
61393,1,1,1992,10,10,10,10,10,10,10,10,10,10
61394,1,1,1992,18,18,18,18,18,18,18,18,18,18
61395,1,1,1992,21,21,21,21,21,21,21,21,21,21
61396,1,1,1992,0,0,0,0,0,0,0,0,0,0
61396,2,1,1992,0,0,0,0,0,14,0,0,0,0
61397,1,1,1992,0,0,0,0,0,0,0,0,0,0
61397,2,1,1992,0,0,0,0,0,0,0,0,0,0
61398,1,1,1992,0,0,0,0,0,0,0,0,0,0
61398,2,1,1992,0,0,0,0,0,0,0,0,0,0
61399,0,1,1992,0,0,0,0,0,0,0,0,0,0
61399,1,1,1992,0,0,0,0,0,0,0,0,0,0
61400,1,1,1992,3,3,3,3,3,3,3,3,3,3
61400,2,1,1992,0,0,0,0,0,0,0,0,0,0
61401,0,1,1992,0,0,0,0,0,0,0,0,0,0
61401,1,1,1992,0,0,0,11,0,0,0,0,0,0
61402,1,1,1992,21,23,0,9,0,0,0,0,0,0
61402,2,1,1992,0,0,0,0,0,0,0,0,0,0
61403,1,1,1992,0,0,0,0,0,0,0,0,0,0
61404,0,1,1992,16,16,16,16,16,16,16,16,16,16
61404,1,1,1992,9,21,0,0,0,0,0,0,0,0
61405,0,1,1992,21,21,21,21,21,21,21,21,21,21
61405,1,1,1992,0,0,0,0,0,0,0,0,0,0
61406,0,1,1992,23,23,23,23,23,23,23,23,23,23
61406,1,1,1992,0,21,0,12,0,14,0,6,24,16
61407,1,1,1992,12,12,12,12,12,12,12,12,12,12
61407,2,1,1992,0,0,0,0,0,0,0,0,0,0
61408,1,1,1992,10,10,10,10,10,10,10,10,10,10
61409,1,1,1992,31,31,31,31,31,31,31,31,31,31
61410,1,1,1992,14,14,14,14,14,14,14,14,14,14
61411,1,1,1992,0,0,0,0,0,0,0,0,0,0
61411,2,1,1992,0,0,0,0,0,0,0,0,0,0
61413,0,1,1992,0,0,0,0,0,0,0,0,0,0
61413,1,1,1992,0,0,0,0,0,0,0,0,0,0
61413,2,1,1992,0,0,0,0,0,0,0,0,0,0
61414,1,1,1992,8,8,8,8,8,8,8,8,8,8
61415,1,1,1992,17,17,17,17,17,17,17,17,17,17
61415,2,1,1992,0,0,0,2,0,0,0,0,0,0
61416,1,1,1992,14,14,14,14,14,14,14,14,14,14
61417,0,1,1992,3,3,3,3,3,3,3,3,3,3
61417,1,1,1992,0,0,15,10,16,0,0,11,13,8
61418,1,1,1992,0,0,0,0,0,0,0,0,0,0
61419,1,1,1992,16,16,16,16,16,16,16,16,16,16
61419,2,1,1992,0,0,0,0,0,0,0,0,0,0
61420,1,1,1992,0,0,0,0,0,0,0,0,0,0
61420,2,1,1992,0,0,0,0,0,0,0,0,0,0
61421,1,1,1992,0,0,0,0,0,0,0,0,0,0
61421,2,1,1992,0,0,0,0,0,0,0,0,0,0
61422,0,1,1992,0,0,0,0,0,0,0,0,29,0
61422,1,1,1992,0,0,0,0,0,0,0,0,0,0
61423,1,1,1992,0,0,0,0,0,0,0,0,0,0
61423,2,1,1992,0,0,0,0,0,0,0,0,0,0
61424,1,1,1992,0,0,0,0,0,0,0,8,0,6
61425,1,1,1992,21,21,21,21,21,21,21,21,21,21
61426,1,1,1992,15,15,15,15,15,15,15,15,15,15
61426,2,1,1992,0,0,0,0,0,0,0,0,0,0
61426,3,1,1992,0,0,0,0,0,0,0,0,0,17
61427,0,1,1992,10,10,10,10,10,10,10,10,10,10
61427,1,1,1992,0,0,9,4,0,0,0,16,0,0
61427,2,1,1992,0,0,0,0,7,0,0,0,0,0
61428,1,1,1992,0,0,0,0,0,0,0,0,0,0
61428,2,1,1992,0,0,0,0,0,0,0,0,0,0
61429,1,1,1992,21,21,21,21,21,21,21,21,21,21
61430,1,1,1992,25,25,25,25,25,25,25,25,25,25
61431,1,1,1992,0,0,0,0,0,0,0,0,0,0
61432,0,1,1992,0,0,0,0,0,0,0,0,0,0
61432,1,1,1992,0,0,0,0,0,0,0,0,0,0
61433,0,1,1992,0,0,0,0,0,0,0,0,0,0
61433,1,1,1992,0,0,0,0,0,0,0,0,0,0
61434,0,1,1992,0,0,0,0,0,0,0,0,0,0
61434,1,1,1992,0,17,0,0,0,0,0,0,0,0
61435,1,1,1992,0,0,0,0,0,0,0,0,0,0
61435,2,1,1992,0,0,0,0,0,0,0,0,0,0
61436,1,1,1992,0,0,0,0,0,0,0,0,0,0
61436,2,1,1992,0,0,0,0,0,0,0,0,0,0
61437,1,1,1992,0,0,0,0,0,0,0,0,0,0
61438,0,1,1992,0,0,0,0,0,0,0,0,0,0
61438,1,1,1992,0,0,7,0,0,0,0,0,0,0
61439,0,1,1992,10,10,10,10,10,10,10,10,10,10
61439,1,1,1992,0,0,0,0,0,0,0,0,0,0
61440,1,1,1992,0,0,0,0,0,0,0,0,0,0
61440,2,1,1992,0,0,0,0,0,0,0,0,0,0
61441,1,1,1992,4,4,4,4,4,4,4,4,4,4
61441,2,1,1992,0,0,0,0,0,32,0,0,7,0
61442,1,1,1992,9,9,9,9,9,9,9,9,9,9
61443,1,1,1992,0,0,0,0,0,0,0,0,0,0
61444,0,1,1992,0,0,0,0,0,0,0,0,0,0
61445,1,1,1992,15,15,15,15,15,15,15,15,15,15
61446,1,1,1992,0,0,0,0,0,0,0,0,0,0
61447,1,1,1992,0,0,0,0,0,0,0,0,0,0
61447,2,1,1992,0,0,0,0,0,0,0,0,0,0
61448,0,1,1992,0,0,0,0,0,0,0,0,0,0
61448,1,1,1992,0,0,0,0,0,0,0,0,0,0
61449,1,1,1992,11,11,11,11,11,11,11,11,11,11
61449,2,1,1992,0,0,0,3,0,0,0,0,0,0
61450,1,1,1992,5,5,5,5,5,5,5,5,5,5
61451,0,1,1992,8,8,8,8,8,8,8,8,8,8
61451,1,1,1992,16,0,18,0,27,0,9,0,10,12
61452,1,1,1992,13,13,13,13,13,13,13,13,13,13
61452,2,1,1992,0,0,0,0,0,0,0,0,0,0
61453,1,1,1992,2,2,2,2,2,2,2,2,2,2
61454,1,1,1992,0,0,0,0,0,0,0,0,0,0
61454,2,1,1992,0,0,0,0,0,0,0,0,20,0
61455,1,1,1992,16,16,16,16,16,16,16,16,16,16
61455,2,1,1992,0,0,0,0,0,0,0,0,0,0
61456,1,1,1992,0,0,0,0,0,0,0,0,0,0
61457,1,1,1992,0,0,0,0,0,0,0,0,0,0
61457,2,1,1992,0,0,0,0,0,0,0,0,0,0
61458,1,1,1992,0,0,0,0,0,0,0,0,0,0
61458,2,1,1992,0,0,0,0,0,0,0,0,0,0
61458,3,1,1992,0,0,0,0,0,0,0,0,0,0
61459,1,1,1992,0,0,0,0,0,0,0,0,0,0
61460,1,1,1992,6,6,6,6,6,6,6,6,6,6
61461,1,1,1992,0,0,0,0,0,0,0,0,0,0
61461,2,1,1992,0,0,0,0,0,0,0,0,0,0
61462,1,1,1992,21,21,21,21,21,21,21,21,21,21
61463,1,1,1992,0,0,0,0,0,0,0,0,0,0
61463,2,1,1992,0,0,0,0,0,0,0,0,0,0
61464,1,1,1992,0,0,0,0,0,0,0,0,0,0
61465,1,1,1992,20,20,20,20,20,20,20,20,20,20
61466,1,1,1992,17,17,17,17,17,17,17,17,17,17
61467,0,1,1992,0,0,0,0,0,0,0,0,0,0
61467,1,1,1992,0,0,0,0,0,0,0,0,0,0
61468,1,1,1992,0,0,0,0,0,0,0,0,0,0
61468,2,1,1992,0,0,0,0,0,0,0,0,0,0
61469,1,1,1992,0,0,0,0,0,0,0,0,0,0
61471,1,1,1992,13,0,7,19,0,4,0,0,19,0
61471,2,1,1992,0,0,0,0,0,0,0,0,0,0
61472,1,1,1992,14,14,14,14,14,14,14,14,14,14
61473,1,1,1992,0,0,0,0,0,0,0,0,0,0
61473,2,1,1992,3,3,3,3,3,3,3,3,3,3
61474,1,1,1992,0,0,0,0,0,0,0,0,0,0
61475,1,1,1992,15,15,15,15,15,15,15,15,15,15
61476,1,1,1992,14,14,14,14,14,14,14,14,14,14
61477,1,1,1992,0,0,0,0,0,0,0,0,0,0
61478,1,1,1992,16,16,16,16,16,16,16,16,16,16
61479,1,1,1992,21,21,21,21,21,21,21,21,21,21
61480,1,1,1992,21,21,21,21,21,21,21,21,21,21
61481,1,1,1992,19,19,19,19,19,19,19,19,19,19
61482,1,1,1992,0,0,0,0,0,0,0,0,0,0
61483,1,1,1992,0,0,0,0,0,0,0,0,0,0
61483,2,1,1992,0,0,0,0,0,0,0,0,0,0
61484,1,1,1992,0,0,0,0,0,0,0,0,0,0
61484,2,1,1992,0,0,0,0,0,0,0,0,0,0
61485,0,1,1992,8,8,8,8,8,8,8,8,8,8
61485,1,1,1992,26,0,0,0,0,0,0,0,0,0
61486,1,1,1992,12,0,0,0,0,0,0,8,0,0
61486,2,1,1992,0,18,9,18,0,0,17,14,21,19
61487,1,1,1992,3,3,3,3,3,3,3,3,3,3
61487,2,1,1992,0,0,0,0,0,0,0,0,11,0
61488,1,1,1992,0,0,0,0,0,0,0,0,0,0
61489,1,1,1992,0,0,0,0,0,0,0,0,0,0
61489,2,1,1992,0,0,0,0,0,0,0,0,0,0
61490,1,1,1992,6,6,6,6,6,6,6,6,6,6
61491,1,1,1992,14,14,14,14,14,14,14,14,14,14
61491,2,1,1992,0,0,0,0,0,0,0,0,0,0
61492,0,1,1992,0,14,0,0,0,10,7,0,0,3
61492,1,1,1992,0,0,0,0,0,0,0,0,0,0
61493,1,1,1992,0,0,0,0,0,0,0,0,0,0
61493,2,1,1992,0,0,0,0,0,0,0,0,0,0
61494,0,1,1992,0,0,0,0,0,0,0,0,0,0
61494,1,1,1992,0,8,20,0,0,0,0,0,0,0
61495,1,1,1992,21,21,21,21,21,21,21,21,21,21
61496,0,1,1992,0,0,0,0,0,0,0,0,0,0
61496,1,1,1992,0,0,0,0,0,0,0,0,0,0
61497,1,1,1992,5,5,5,5,5,5,5,5,5,5
61497,2,1,1992,0,0,0,0,0,0,0,0,0,0
61497,3,1,1992,0,0,0,0,0,0,0,0,0,0
61498,0,1,1992,0,0,0,0,0,0,0,0,0,0
61498,0,2,1992,0,0,0,0,0,0,0,0,0,0
61498,1,1,1992,14,14,14,14,14,14,14,14,14,14
61499,1,1,1992,0,0,0,0,0,0,0,0,0,0
61499,2,1,1992,0,0,0,0,0,0,0,0,0,0
61500,1,1,1992,0,0,0,0,0,0,0,0,0,0
61501,1,1,1992,0,0,0,0,0,0,0,0,0,0
61502,1,1,1992,13,13,13,13,13,13,13,13,13,13
61503,1,1,1992,19,19,19,19,19,19,19,19,19,19
61504,1,1,1992,0,4,0,0,0,0,0,0,0,0
61505,0,1,1992,0,0,0,0,0,0,0,0,0,0
61505,1,1,1992,0,0,0,0,0,0,0,0,0,0
61506,1,1,1992,0,0,0,0,0,0,0,0,0,0
61506,2,1,1992,0,0,0,0,0,0,0,0,0,0
61507,1,1,1992,20,20,20,20,20,20,20,20,20,20
61508,1,1,1992,0,0,0,0,0,0,0,0,0,0
61508,2,1,1992,0,0,0,0,0,0,0,0,0,0
61509,1,1,1992,23,23,23,23,23,23,23,23,23,23
61510,1,1,1992,0,0,0,0,0,0,0,0,0,0
61510,2,1,1992,0,0,0,0,0,0,0,0,0,0
61511,1,1,1992,13,0,0,0,0,0,0,0,0,0
61511,2,1,1992,0,0,0,0,0,0,0,0,0,0
61511,3,1,1992,0,0,0,0,0,0,0,0,0,0
61512,1,1,1992,0,0,0,0,0,0,0,0,0,0
61513,1,1,1992,0,0,0,0,0,0,0,0,0,0
61514,1,1,1992,0,0,0,0,0,0,0,0,0,0
61514,2,1,1992,13,13,13,13,13,13,13,13,13,13
61515,0,1,1992,6,6,6,6,6,6,6,6,6,6
61515,1,1,1992,11,0,12,6,21,6,10,0,0,0
61516,1,1,1992,21,21,21,21,21,21,21,21,21,21
61516,2,1,1992,0,0,0,0,0,0,0,0,0,0
61516,3,1,1992,0,15,8,22,0,3,3,0,3,16
61517,1,1,1992,0,0,0,0,0,0,0,0,0,0
61518,1,1,1992,0,0,0,0,0,0,0,0,0,0
61519,1,1,1992,0,0,0,0,0,0,0,0,0,0
61519,2,1,1992,0,0,0,0,0,0,0,0,0,0
61520,1,1,1992,0,9,0,0,0,0,0,0,0,0
61521,1,1,1992,0,0,0,0,0,0,0,0,0,0
61521,2,1,1992,0,0,0,0,0,0,0,0,0,0
61521,3,1,1992,0,0,0,0,0,0,0,0,0,0
61521,4,1,1992,0,0,0,0,0,0,0,0,0,0
61522,0,1,1992,0,0,0,0,0,0,0,0,0,0
61522,1,1,1992,0,0,0,0,0,0,0,0,0,0
61523,1,1,1992,0,0,0,0,0,0,0,0,0,0
61524,1,1,1992,16,16,16,16,16,16,16,16,16,16
61525,1,1,1992,0,0,0,0,0,0,0,0,0,0
61525,2,1,1992,0,0,0,0,0,0,0,6,0,0
61525,3,1,1992,0,0,0,0,0,0,0,0,0,0
61526,1,1,1992,0,0,0,0,0,0,0,0,0,0
61526,2,1,1992,10,10,10,10,10,10,10,10,10,10
61527,1,1,1992,18,18,18,18,18,18,18,18,18,18
61529,1,1,1992,12,12,12,12,12,12,12,12,12,12
61530,1,1,1992,0,0,0,0,0,0,0,0,0,0
61530,2,1,1992,11,11,11,11,11,11,11,11,11,11
61531,1,1,1992,0,0,0,0,0,0,0,0,0,0
61531,2,1,1992,0,0,0,0,0,0,0,0,0,0
61532,1,1,1992,10,15,10,36,12,20,8,11,9,24
61532,2,1,1992,26,0,0,0,0,0,0,8,0,0
61533,1,1,1992,9,9,9,9,9,9,9,9,9,9
61533,2,1,1992,0,0,0,0,0,0,0,0,0,0
61534,0,1,1992,0,0,0,0,0,0,0,0,0,0
61534,1,1,1992,0,0,0,0,0,0,0,0,0,0
61535,0,1,1992,0,0,0,0,0,0,0,0,0,0
61535,1,1,1992,0,0,0,10,0,0,0,0,0,0
61536,1,1,1992,0,0,0,0,0,0,0,0,0,0
61537,1,1,1992,18,23,35,25,10,13,15,10,20,12
61537,2,1,1992,0,0,0,0,0,0,0,0,0,0
61538,1,1,1992,0,0,0,0,0,13,0,0,0,0
61538,2,1,1992,0,0,0,0,0,0,0,0,0,0
61539,0,1,1992,0,0,0,0,0,0,0,0,0,0
61539,1,1,1992,0,0,0,0,0,4,0,0,0,0
61540,1,1,1992,0,0,0,0,0,0,0,0,0,0
61541,1,1,1992,12,12,12,12,12,12,12,12,12,12
61542,1,1,1992,0,0,0,0,0,0,0,0,0,0
61542,2,1,1992,0,0,0,0,0,0,24,0,0,0
61543,1,1,1992,23,23,23,23,23,23,23,23,23,23
61543,2,1,1992,0,0,0,0,0,0,0,0,0,0
61543,3,1,1992,0,0,0,0,0,0,0,0,0,0
61543,4,1,1992,0,0,0,0,0,0,0,0,0,0
61543,5,1,1992,0,10,0,0,0,6,0,0,0,0
61543,6,1,1992,0,0,0,0,6,0,0,0,0,0
61544,1,1,1992,0,0,0,0,0,0,0,0,0,0
61544,2,1,1992,10,10,10,10,10,10,10,10,10,10
61545,0,1,1992,23,23,23,23,23,23,23,23,23,23
61545,1,1,1992,0,0,0,0,0,0,0,0,0,0
61546,1,1,1992,0,2,0,17,2,18,9,0,10,2
61546,2,1,1992,0,0,16,0,15,0,17,16,12,15
61547,1,1,1992,20,20,20,20,20,20,20,20,20,20
61548,1,1,1992,0,0,0,0,0,0,0,0,0,0
61548,2,1,1992,0,0,0,0,0,0,0,0,0,0
61549,1,1,1992,0,0,0,0,0,0,0,0,0,0
61549,2,1,1992,12,0,0,0,0,0,0,0,0,0
61550,1,1,1992,16,16,16,16,16,16,16,16,16,16
61550,2,1,1992,0,0,0,0,0,0,0,10,0,0
61550,3,1,1992,0,0,0,0,15,0,0,0,0,20
61550,4,1,1992,0,0,0,0,0,0,0,0,0,0
61551,0,1,1992,0,0,0,0,0,0,0,0,0,0
61551,1,1,1992,0,0,0,0,0,0,0,0,0,0
61552,1,1,1992,0,0,0,0,0,0,0,0,0,0
61553,1,1,1992,22,22,22,22,22,22,22,22,22,22
61554,1,1,1992,14,14,14,14,14,14,14,14,14,14
61555,0,1,1992,0,0,0,0,0,0,0,15,0,0
61555,1,1,1992,0,0,0,0,0,0,0,0,0,0
61556,1,1,1992,0,0,0,0,0,0,0,0,0,0
61557,1,1,1992,0,0,0,0,0,0,0,0,0,0
61558,1,1,1992,0,0,0,0,0,0,0,0,0,0
61558,2,1,1992,0,0,0,0,0,0,0,0,0,0
61558,3,1,1992,0,0,0,0,0,0,0,0,0,0
61559,1,1,1992,0,0,0,0,7,0,0,0,0,0
61560,0,1,1992,0,0,0,0,0,0,0,0,0,0
61560,1,1,1992,0,0,0,0,0,0,0,0,0,0
61561,1,1,1992,4,4,4,4,4,4,4,4,4,4
61561,2,1,1992,0,0,0,0,0,0,0,0,0,0
61562,0,1,1992,11,11,11,11,11,11,11,11,11,11
61562,1,1,1992,0,0,0,0,0,0,0,0,0,0
61563,1,1,1992,19,19,19,19,19,19,19,19,19,19
61564,1,1,1992,22,22,22,22,22,22,22,22,22,22
61564,2,1,1992,0,0,0,0,0,0,0,0,0,0
61564,3,1,1992,0,0,0,0,0,0,0,0,0,0
61565,1,1,1992,11,11,11,11,11,11,11,11,11,11
61566,1,1,1992,19,19,19,19,19,19,19,19,19,19
61567,1,1,1992,16,16,16,16,16,16,16,16,16,16
61568,0,1,1992,39,39,39,39,39,39,39,39,39,39
61568,1,1,1992,2,2,2,2,2,2,2,2,2,2
61569,1,1,1992,20,20,20,20,20,20,20,20,20,20
61569,2,1,1992,0,0,23,0,0,0,0,0,0,0
61570,1,1,1992,0,0,0,0,0,0,0,0,0,0
61570,2,1,1992,0,0,0,0,0,0,0,0,0,0
61570,3,1,1992,0,0,0,0,0,0,0,0,0,0
61571,1,1,1992,15,15,15,15,15,15,15,15,15,15
61572,1,1,1992,3,3,3,3,3,3,3,3,3,3
61573,1,1,1992,12,12,12,12,12,12,12,12,12,12
61573,2,1,1992,0,0,0,0,0,0,0,0,0,0
61574,1,1,1992,0,0,0,0,0,0,0,0,0,0
61575,1,1,1992,0,0,0,0,0,0,0,0,0,0
61576,1,1,1992,12,0,0,0,0,0,0,0,0,0
61576,2,1,1992,0,0,0,0,0,0,0,0,0,0
61577,0,1,1992,0,0,0,0,0,0,0,0,0,0
61577,1,1,1992,0,0,0,0,0,0,0,0,0,0
61578,1,1,1992,0,0,0,4,0,0,0,0,0,0
61578,2,1,1992,0,0,0,0,16,0,0,0,0,0
61579,1,1,1992,0,0,0,0,0,0,0,0,0,0
61579,2,1,1992,0,0,0,0,0,0,0,0,0,0
61580,0,1,1992,0,0,0,0,0,0,0,0,0,0
61580,1,1,1992,0,0,0,0,0,0,0,0,0,0
61581,0,1,1992,19,0,7,0,0,0,14,0,11,0
61581,1,1,1992,0,0,0,0,0,0,0,0,0,0
61582,1,1,1992,0,0,0,0,0,0,0,0,0,0
61582,2,1,1992,0,0,15,0,0,0,0,0,0,0
61582,3,1,1992,0,0,0,0,0,0,0,0,0,0
61583,1,1,1992,0,0,0,0,0,0,0,0,0,0
61583,2,1,1992,26,26,26,26,26,26,26,26,26,26
61584,1,1,1992,13,0,10,0,0,0,4,0,23,14
61584,2,1,1992,0,9,0,34,0,12,25,12,17,8
61586,1,1,1992,0,0,0,0,0,0,0,0,0,0
61586,2,1,1992,0,0,0,0,0,0,0,0,0,0
61587,1,1,1992,0,0,0,4,0,0,0,0,0,0
61587,2,1,1992,0,0,0,0,0,0,0,0,0,0
61588,1,1,1992,11,11,11,11,11,11,11,11,11,11
61588,2,1,1992,24,11,9,0,0,9,16,0,6,17
61589,1,1,1992,0,0,0,0,0,0,0,0,0,0
61590,1,1,1992,16,0,12,0,16,0,14,4,11,0
61590,2,1,1992,0,0,0,9,0,0,0,0,0,0
61591,1,1,1992,0,0,0,0,0,0,0,0,0,0
61592,1,1,1992,23,23,23,23,23,23,23,23,23,23
61593,0,1,1992,23,23,23,23,23,23,23,23,23,23
61593,1,1,1992,0,0,0,20,0,0,11,0,0,17
61594,1,1,1992,0,0,0,0,0,0,0,0,0,0
61595,1,1,1992,2,2,2,2,2,2,2,2,2,2
61595,2,1,1992,0,0,0,0,0,0,0,0,0,0
61596,1,1,1992,0,0,0,0,0,0,0,0,0,0
61596,2,1,1992,0,0,0,0,0,0,0,0,0,0
61597,0,1,1992,0,0,0,0,0,0,0,0,0,0
61597,1,1,1992,0,0,0,0,0,0,0,0,0,0
61598,1,1,1992,6,6,6,6,6,6,6,6,6,6
61599,1,1,1992,0,0,0,0,0,0,0,0,0,0
61599,2,1,1992,0,0,0,0,0,0,0,0,0,0
61600,1,1,1992,0,0,0,0,0,0,0,0,0,0
61600,2,1,1992,0,0,0,0,0,0,0,0,0,0
61601,1,1,1992,0,0,0,0,0,0,0,0,0,0
61601,2,1,1992,0,0,0,0,0,0,0,0,0,0
61602,1,1,1992,0,0,0,0,0,0,0,0,0,0
61602,2,1,1992,0,0,0,0,0,0,0,0,0,0
61602,3,1,1992,0,0,0,0,0,0,0,0,0,0
61602,4,1,1992,0,0,0,0,0,0,0,0,0,0
61603,0,1,1992,0,0,0,0,0,0,0,0,0,0
61603,1,1,1992,16,0,25,26,0,0,0,0,0,0
61604,1,1,1992,0,0,0,0,0,0,0,0,0,0
61605,1,1,1992,0,0,0,0,0,0,0,0,0,0
61605,2,1,1992,0,0,0,0,0,0,0,0,0,0
61606,1,1,1992,8,8,8,8,8,8,8,8,8,8
61607,1,1,1992,0,0,0,0,0,0,0,0,0,0
61608,0,1,1992,0,0,0,0,0,0,0,0,0,0
61608,1,1,1992,0,0,0,13,0,0,0,0,0,0
61608,2,1,1992,0,0,0,0,0,0,0,0,0,0
61609,1,1,1992,0,0,0,0,0,0,0,0,0,0
61610,1,1,1992,22,22,22,22,22,22,22,22,22,22
61610,2,1,1992,0,0,0,0,0,0,0,0,0,0
61611,1,1,1992,4,4,4,4,4,4,4,4,4,4
61611,2,1,1992,0,0,0,0,0,0,0,0,0,13
61612,1,1,1992,23,23,23,23,23,23,23,23,23,23
61612,2,1,1992,0,0,0,0,0,0,0,0,0,0
61613,1,1,1992,9,9,9,9,9,9,9,9,9,9
61614,1,1,1992,0,0,0,0,0,0,0,0,0,0
61615,1,1,1992,0,0,0,0,0,0,0,0,0,0
61615,2,1,1992,0,0,0,0,0,0,0,0,0,0
61616,1,1,1992,0,0,0,0,0,0,0,0,0,0