ST_CASE,VEH_NO,PER_NO,YEAR,P1,P2,P3,P4,P5,P6,P7,P8,P9,P10
61886,1,1,1992,0,0,0,0,0,0,0,0,0,0
61886,2,1,1992,0,0,0,0,0,0,0,0,0,0
61887,1,1,1992,0,0,0,0,0,0,0,0,0,0
61888,1,1,1992,0,0,0,0,0,0,0,0,0,0
61888,2,1,1992,0,0,0,0,0,0,0,0,0,0
61889,1,1,1992,0,0,0,0,0,0,12,12,0,5
61889,2,1,1992,13,13,13,13,13,13,13,13,13,13
61889,3,1,1992,14,20,11,19,12,23,0,29,7,18
61890,1,1,1992,0,0,0,0,0,0,0,0,0,0
61890,2,1,1992,0,0,0,0,0,0,0,0,0,0
61891,1,1,1992,0,0,0,11,0,0,0,0,0,0
61891,2,1,1992,0,0,0,0,0,0,0,0,0,0
61892,0,1,1992,0,0,0,0,0,0,0,0,0,0
61892,0,2,1992,22,25,9,33,12,35,15,22,27,25
61892,1,1,1992,17,17,17,17,17,17,17,17,17,17
61892,3,1,1992,0,0,0,0,0,17,0,0,0,0
61893,1,1,1992,8,8,8,8,8,8,8,8,8,8
61893,2,1,1992,7,7,7,7,7,7,7,7,7,7
61894,1,1,1992,0,0,0,0,0,0,0,0,0,0
61894,2,1,1992,0,0,0,0,0,0,0,0,0,0
61895,1,1,1992,0,0,0,0,0,0,0,0,0,0
61895,2,1,1992,0,0,0,0,0,0,0,0,0,0
61896,1,1,1992,0,0,0,0,0,11,12,10,0,0
61896,2,1,1992,0,0,0,0,0,0,19,0,0,25
61897,1,1,1992,21,21,21,21,21,21,21,21,21,21
61897,2,1,1992,0,0,0,0,0,0,0,0,0,0
61897,3,1,1992,0,0,0,0,0,0,0,18,0,0
61898,1,1,1992,0,0,0,0,0,0,0,0,0,0
61899,1,1,1992,14,14,14,14,14,14,14,14,14,14
61899,2,1,1992,0,0,0,0,0,0,0,0,0,0
61900,0,1,1992,0,0,0,0,0,0,0,0,0,0
61900,1,1,1992,0,0,0,0,0,0,7,0,0,0
61901,1,1,1992,0,0,0,0,0,0,0,0,0,0
61902,1,1,1992,0,0,0,0,0,0,0,0,0,0
61903,0,1,1992,0,0,0,0,0,0,0,0,0,0
61903,1,1,1992,0,0,0,0,0,0,0,0,0,0
61904,0,1,1992,23,23,23,23,23,23,23,23,23,23
61904,1,1,1992,15,0,0,10,0,0,0,0,0,0
61905,1,1,1992,0,0,0,0,0,0,0,0,0,0
61906,1,1,1992,30,30,30,30,30,30,30,30,30,30
61907,1,1,1992,12,12,12,12,12,12,12,12,12,12
61908,1,1,1992,0,0,0,0,0,0,0,0,0,0
61908,2,1,1992,0,0,0,0,0,0,0,0,0,0
61909,1,1,1992,13,13,13,13,13,13,13,13,13,13
61910,1,1,1992,5,5,5,5,5,5,5,5,5,5
61911,1,1,1992,0,0,0,0,0,0,0,0,0,0
61911,2,1,1992,0,0,0,0,0,0,0,0,0,0
61912,1,1,1992,0,0,0,0,0,0,0,0,0,0
61913,0,1,1992,20,20,20,20,20,20,20,20,20,20
61913,1,1,1992,0,10,0,0,0,0,0,0,0,0
61914,1,1,1992,0,22,0,0,0,0,0,0,0,0
61914,2,1,1992,0,0,0,0,0,0,10,0,0,0
61914,3,1,1992,0,0,0,0,0,0,0,0,0,0
61914,4,1,1992,0,0,0,0,0,0,0,0,2,0
61915,1,1,1992,0,0,0,0,0,0,0,0,0,0
61915,2,1,1992,0,0,0,0,0,0,0,0,0,0
61915,3,1,1992,0,0,0,0,0,0,0,0,0,0
61916,0,1,1992,0,0,0,0,0,0,0,0,0,0
61916,1,1,1992,0,0,0,0,0,0,0,0,0,0
61917,1,1,1992,0,0,0,0,0,0,0,0,0,0
61918,1,1,1992,0,0,0,0,0,0,0,0,0,0
61919,1,1,1992,0,0,0,0,0,0,0,0,0,0
61920,1,1,1992,0,0,0,0,0,0,0,0,0,0
61920,2,1,1992,0,0,0,0,0,0,0,0,0,0
61921,1,1,1992,0,0,0,0,0,0,0,0,0,0
61921,2,1,1992,0,0,0,0,0,0,0,0,0,0
61922,1,1,1992,0,0,0,0,0,0,0,0,0,0
61922,2,1,1992,0,0,0,0,0,0,0,0,0,0
61923,1,1,1992,17,17,17,17,17,17,17,17,17,17
61924,1,1,1992,7,7,7,7,7,7,7,7,7,7
61925,0,1,1992,15,15,15,15,15,15,15,15,15,15
61925,1,1,1992,0,0,0,0,0,0,0,0,0,0
61926,0,1,1992,0,0,0,0,0,0,0,0,0,0
61926,1,1,1992,0,0,2,11,0,14,0,0,0,0
61927,0,1,1992,12,12,12,12,12,12,12,12,12,12
61927,1,1,1992,0,0,0,0,0,0,0,0,0,0
61928,0,1,1992,0,0,0,0,0,0,0,0,0,0
61928,1,1,1992,0,0,8,0,0,0,0,0,0,0
61929,0,1,1992,0,0,0,0,0,0,0,0,0,0
61929,1,1,1992,0,0,0,0,0,0,0,0,0,0
61930,1,1,1992,0,0,0,0,0,0,0,0,0,0
61930,2,1,1992,0,0,0,0,0,0,0,0,2,0
61930,3,1,1992,0,0,0,0,0,0,0,0,0,0
61931,1,1,1992,3,3,3,3,3,3,3,3,3,3
61932,1,1,1992,8,8,8,8,8,8,8,8,8,8
61933,1,1,1992,0,0,0,0,0,0,0,0,0,0
61933,2,1,1992,0,0,0,0,0,0,0,0,0,0
61934,0,1,1992,0,0,0,0,0,0,0,0,0,0
61934,1,1,1992,0,0,0,24,0,0,0,0,0,0
61935,1,1,1992,0,0,0,0,0,0,0,0,0,0
61935,2,1,1992,7,7,7,7,7,7,7,7,7,7
61936,1,1,1992,2,2,2,2,2,2,2,2,2,2
61937,1,1,1992,10,10,10,10,10,10,10,10,10,10
61938,1,1,1992,0,0,0,0,0,0,0,0,0,0
61939,1,1,1992,0,0,0,0,0,0,0,0,0,0
61940,1,1,1992,21,21,21,21,21,21,21,21,21,21
61941,1,1,1992,23,23,23,23,23,23,23,23,23,23
61942,1,1,1992,25,25,25,25,25,25,25,25,25,25
61942,2,1,1992,15,0,0,0,0,0,0,0,0,0
61943,0,1,1992,0,0,0,0,0,0,0,0,0,0
61943,1,1,1992,0,0,0,0,0,0,0,0,0,0
61944,1,1,1992,21,21,21,21,21,21,21,21,21,21
61945,0,1,1992,0,0,0,0,0,0,0,0,0,0
61945,1,1,1992,0,0,0,0,0,0,0,0,0,0
61946,1,1,1992,0,0,0,0,0,0,0,0,0,0
61946,2,1,1992,0,0,0,0,0,0,0,0,0,0
61947,1,1,1992,0,0,0,0,0,0,0,0,0,0
61948,1,1,1992,0,0,0,0,0,0,0,0,0,0
61949,1,1,1992,10,10,10,10,10,10,10,10,10,10
61950,1,1,1992,11,11,11,11,11,11,11,11,11,11
61950,2,1,1992,0,0,0,0,0,0,0,0,0,0
61951,1,1,1992,0,0,0,0,0,0,0,0,0,0
61951,2,1,1992,0,0,0,0,0,0,0,0,0,0
61952,1,1,1992,15,15,15,15,15,15,15,15,15,15
61952,2,1,1992,0,0,0,0,0,0,0,0,0,0
61953,1,1,1992,0,0,0,0,0,0,0,0,0,0
61953,2,1,1992,1,1,1,1,1,1,1,1,1,1
61954,1,1,1992,31,31,31,31,31,31,31,31,31,31
61954,2,1,1992,24,0,0,0,0,0,0,0,0,0
61955,0,1,1992,27,0,0,0,26,20,26,10,14,0
61955,1,1,1992,0,0,0,0,0,0,0,0,0,0
61956,1,1,1992,0,0,0,0,0,0,0,0,0,0
61957,1,1,1992,0,0,0,0,0,0,0,0,0,0
61957,2,1,1992,0,0,0,0,0,0,0,0,0,0
61958,1,1,1992,29,29,29,29,29,29,29,29,29,29
61958,2,1,1992,0,0,0,0,0,0,0,0,0,0
61959,1,1,1992,0,0,0,0,0,0,0,0,0,0
61959,2,1,1992,0,0,0,0,0,0,0,0,0,0
61959,3,1,1992,0,0,0,13,0,0,0,0,0,0
61960,1,1,1992,23,8,13,13,25,13,5,17,9,22
61960,2,1,1992,25,15,13,19,19,12,13,6,19,0
61961,0,1,1992,0,0,0,0,0,0,0,0,0,0
61961,1,1,1992,20,18,7,22,14,22,12,10,16,18
61962,1,1,1992,19,19,19,19,19,19,19,19,19,19
61962,2,1,1992,0,0,0,0,0,0,0,0,0,0
61963,1,1,1992,15,15,15,15,15,15,15,15,15,15
61964,1,1,1992,14,15,0,14,21,11,0,11,14,14
61965,0,1,1992,34,34,34,34,34,34,34,34,34,34
61965,1,1,1992,0,20,0,0,0,0,0,0,13,0
61966,1,1,1992,24,24,24,24,24,24,24,24,24,24
61967,0,1,1992,7,7,7,7,7,7,7,7,7,7
61967,1,1,1992,12,0,11,0,16,0,0,0,0,15
61968,1,1,1992,16,4,21,12,12,0,11,9,15,11
61968,2,1,1992,0,0,0,0,0,0,0,0,0,9
61969,1,1,1992,0,0,0,0,0,0,0,0,0,0
61969,2,1,1992,0,0,0,18,0,0,0,0,0,0
61970,1,1,1992,0,0,0,0,0,0,0,0,0,0
61971,1,1,1992,0,0,0,0,0,0,0,0,0,0
61972,1,1,1992,11,11,11,11,11,11,11,11,11,11
61973,1,1,1992,14,14,14,14,14,14,14,14,14,14
61974,1,1,1992,0,0,0,0,0,0,0,0,0,0
61974,2,1,1992,0,0,0,0,0,0,0,0,0,0
61975,1,1,1992,19,19,19,19,19,19,19,19,19,19
61976,0,1,1992,0,0,0,0,0,0,0,0,0,0
61976,1,1,1992,0,0,0,8,0,0,0,0,0,0
61977,1,1,1992,0,0,0,0,0,0,0,0,0,0
61977,2,1,1992,0,0,0,0,0,0,0,0,0,0
61977,3,1,1992,0,0,0,0,0,0,0,0,0,0
61977,4,1,1992,0,0,0,0,0,0,0,0,0,0
61978,0,1,1992,0,0,0,0,0,0,0,0,0,0
61978,1,1,1992,0,0,0,0,0,0,0,0,0,0
61979,1,1,1992,0,0,0,0,0,0,0,0,0,0
61980,1,1,1992,8,8,8,8,8,8,8,8,8,8
61981,0,1,1992,12,12,12,12,12,12,12,12,12,12
61981,1,1,1992,0,14,0,0,0,0,0,0,0,0
61982,0,1,1992,0,0,0,0,0,0,0,0,0,0
61982,1,1,1992,0,0,0,0,0,16,0,0,0,0
61983,1,1,1992,0,0,0,0,0,0,0,0,0,0
61984,1,1,1992,0,0,0,0,0,0,0,0,0,0
61984,2,1,1992,0,0,0,0,0,19,22,13,0,0
61985,1,1,1992,15,15,15,15,15,15,15,15,15,15
61986,1,1,1992,0,0,0,0,0,0,0,0,0,0
61986,2,1,1992,0,0,0,0,0,0,0,0,0,0
61987,1,1,1992,0,19,0,0,0,0,12,0,0,0
61988,1,1,1992,0,0,0,0,0,0,0,0,0,0
61989,1,1,1992,0,0,0,0,0,0,0,0,0,0
61989,2,1,1992,9,15,13,0,0,0,0,17,0,0
61990,1,1,1992,0,0,0,0,0,0,0,0,0,0
61990,2,1,1992,10,15,12,12,14,15,8,2,7,17
61991,1,1,1992,0,0,0,0,0,0,0,0,0,0
61991,2,1,1992,0,0,0,0,0,0,0,0,0,0
61992,1,1,1992,11,11,11,11,11,11,11,11,11,11
61992,2,1,1992,24,24,24,24,24,24,24,24,24,24
61993,1,1,1992,4,4,4,4,4,4,4,4,4,4
61994,1,1,1992,0,0,0,0,0,0,0,0,0,0
61994,2,1,1992,0,0,0,0,0,0,0,0,0,0
61995,1,1,1992,19,19,19,19,19,19,19,19,19,19
61996,1,1,1992,0,0,0,0,0,0,0,0,0,0
61996,2,1,1992,0,0,0,0,0,0,0,0,0,0
61996,3,1,1992,0,0,0,0,0,0,0,0,0,0
61997,0,1,1992,0,0,0,0,0,0,0,0,0,0
61997,1,1,1992,0,0,0,0,0,0,0,0,0,0
61998,1,1,1992,0,0,0,0,0,0,0,0,0,0
61999,1,1,1992,0,0,0,0,0,8,0,0,10,0
61999,2,1,1992,0,14,0,0,0,0,0,0,0,0
62000,0,1,1992,13,13,13,13,13,13,13,13,13,13
62000,1,1,1992,0,0,0,0,9,0,0,0,0,0
62000,2,1,1992,0,0,0,0,0,0,0,0,0,0
62001,1,1,1992,21,21,21,21,21,21,21,21,21,21
62002,0,1,1992,0,0,0,0,0,0,0,0,0,0
62002,1,1,1992,0,0,0,0,0,0,0,0,0,0
62003,1,1,1992,15,15,15,15,15,15,15,15,15,15
62003,2,1,1992,0,0,0,0,0,0,0,0,0,0
62004,1,1,1992,24,24,24,24,24,24,24,24,24,24
62004,2,1,1992,0,0,0,0,0,0,13,0,0,0
62005,1,1,1992,0,0,0,0,0,20,0,0,0,0
62005,2,1,1992,0,0,0,0,0,16,0,0,0,0
62006,0,1,1992,25,25,25,25,25,25,25,25,25,25
62006,1,1,1992,19,19,19,19,19,19,19,19,19,19
62007,1,1,1992,0,0,0,0,0,0,0,0,0,0
62007,2,1,1992,0,0,0,0,0,0,17,0,0,0
62008,1,1,1992,26,0,0,0,0,0,9,0,8,13
62009,0,1,1992,0,0,0,0,0,0,0,0,0,0
62009,1,1,1992,0,0,0,0,0,0,0,0,0,0
62010,1,1,1992,0,0,0,0,0,0,0,0,0,0
62010,2,1,1992,0,0,0,0,0,0,0,0,0,0
62011,0,1,1992,25,25,25,25,25,25,25,25,25,25
62011,1,1,1992,0,32,13,0,15,19,0,0,0,0
62012,1,1,1992,20,20,20,20,20,20,20,20,20,20
62013,1,1,1992,0,0,0,0,0,0,0,0,0,0
62013,2,1,1992,0,14,0,0,0,0,24,0,0,0
62014,1,1,1992,0,0,0,0,0,0,0,0,0,0
62014,2,1,1992,0,0,0,0,0,0,18,0,24,0
62014,3,1,1992,0,0,0,0,0,0,0,0,0,0
62015,1,1,1992,0,0,0,0,0,5,0,0,0,0
62016,1,1,1992,0,0,0,0,0,0,0,0,7,11
62017,1,1,1992,22,22,22,22,22,22,22,22,22,22
62018,0,1,1992,3,3,3,3,3,3,3,3,3,3
62018,1,1,1992,0,14,0,6,0,0,10,0,25,0
62019,1,1,1992,0,0,0,0,0,0,0,0,0,0
62020,1,1,1992,32,32,32,32,32,32,32,32,32,32
62020,2,1,1992,0,0,0,0,0,0,0,0,0,0
62021,1,1,1992,0,0,0,0,0,0,0,0,0,0
62022,1,1,1992,13,13,13,13,13,13,13,13,13,13
62022,2,1,1992,0,0,0,0,0,0,0,0,0,0
62023,1,1,1992,18,18,18,18,18,18,18,18,18,18
62024,0,1,1992,0,0,0,0,0,0,0,0,0,0
62024,1,1,1992,0,0,0,0,0,0,0,0,0,0
62025,1,1,1992,7,7,7,7,7,7,7,7,7,7
62026,1,1,1992,0,0,0,0,0,0,0,0,0,0
62026,2,1,1992,0,0,16,0,0,0,6,0,0,7
62027,1,1,1992,0,0,0,0,0,0,0,0,0,0
62028,1,1,1992,0,0,0,0,0,0,0,0,0,0
62028,2,1,1992,0,0,0,0,0,0,0,0,0,0
62029,1,1,1992,21,21,21,21,21,21,21,21,21,21
62030,0,1,1992,21,21,21,21,21,21,21,21,21,21
62030,1,1,1992,0,0,12,18,0,14,0,8,34,0
62031,1,1,1992,0,0,0,0,0,0,0,0,0,0
62031,2,1,1992,0,0,16,0,4,0,0,9,0,0
62032,1,1,1992,6,6,6,6,6,6,6,6,6,6
62033,1,1,1992,15,15,15,15,15,15,15,15,15,15
62033,2,1,1992,0,18,0,0,0,0,0,0,0,10
62034,0,1,1992,23,23,23,23,23,23,23,23,23,23
62034,1,1,1992,0,0,0,0,4,0,0,0,0,0
62035,1,1,1992,20,20,20,20,20,20,20,20,20,20
62035,2,1,1992,0,0,0,0,0,0,0,0,0,0
62036,0,1,1992,39,39,39,39,39,39,39,39,39,39
62036,1,1,1992,6,11,0,12,0,0,0,0,0,0
62037,1,1,1992,19,19,19,19,19,19,19,19,19,19
62038,1,1,1992,13,13,13,13,13,13,13,13,13,13
62039,1,1,1992,0,0,0,0,0,0,0,0,0,0
62040,1,1,1992,0,0,0,0,0,0,0,0,0,0
62041,0,1,1992,0,0,0,0,0,0,0,0,0,0
62042,1,1,1992,0,0,0,0,0,0,0,0,0,0
62042,2,1,1992,0,0,0,0,0,0,0,0,0,0
62042,3,1,1992,0,0,0,0,0,0,0,0,0,0
62043,1,1,1992,0,0,0,0,0,0,0,0,0,0
62043,2,1,1992,0,0,0,0,0,0,0,0,0,0
62044,1,1,1992,0,0,0,0,0,0,0,0,0,0
62044,2,1,1992,0,0,0,0,0,0,0,0,0,0
62045,1,1,1992,0,0,0,0,0,0,0,0,0,0
62046,1,1,1992,28,28,28,28,28,28,28,28,28,28
62047,1,1,1992,0,0,0,0,0,0,0,0,0,0
62047,2,1,1992,0,0,0,0,0,0,0,0,0,0
62047,3,1,1992,12,12,12,12,12,12,12,12,12,12
62048,1,1,1992,0,0,0,0,0,0,0,0,0,0
62049,1,1,1992,21,21,21,21,21,21,21,21,21,21
62049,2,1,1992,0,0,0,0,0,0,0,0,0,0
62050,1,1,1992,0,0,0,0,0,0,0,0,0,0
62050,2,1,1992,0,0,0,0,0,0,0,0,0,0
62051,1,1,1992,0,0,0,0,0,0,0,0,0,0
62051,2,1,1992,0,0,0,0,0,0,0,15,0,0
62052,1,1,1992,26,26,26,26,26,26,26,26,26,26
62052,2,1,1992,0,0,0,0,0,0,0,0,0,0
62053,1,1,1992,0,0,10,0,0,0,0,0,0,0
62054,1,1,1992,0,0,0,0,0,0,0,0,0,0
62055,1,1,1992,8,0,0,13,10,0,0,0,4,0
62056,1,1,1992,21,21,21,21,21,21,21,21,21,21
62057,1,1,1992,0,0,0,0,0,0,0,0,0,0
62057,2,1,1992,0,0,0,0,0,0,0,0,0,0
62058,1,1,1992,0,0,0,0,0,0,0,0,0,0
62059,1,1,1992,0,0,0,0,0,0,0,0,0,0
62060,1,1,1992,0,0,0,0,0,0,0,0,0,0
62060,2,1,1992,0,0,0,0,0,0,0,0,0,0
62061,1,1,1992,0,0,0,0,0,0,0,0,0,0
62061,2,1,1992,0,0,0,0,0,0,0,0,0,0
62061,3,1,1992,0,0,0,0,0,0,0,0,0,0
62062,1,1,1992,1,1,1,1,1,1,1,1,1,1
62062,2,1,1992,0,0,0,0,0,0,0,0,0,0
62063,1,1,1992,0,0,0,0,0,0,0,0,0,0
62063,2,1,1992,0,0,0,0,0,0,0,0,0,0
62064,0,1,1992,0,0,0,0,0,0,0,0,0,0
62064,1,1,1992,16,16,16,16,16,16,16,16,16,16
62065,1,1,1992,15,15,15,15,15,15,15,15,15,15
62065,2,1,1992,14,14,14,14,14,14,14,14,14,14
62066,1,1,1992,0,0,0,0,0,0,0,0,0,0
62066,2,1,1992,11,0,0,0,0,0,0,0,0,0
62067,1,1,1992,15,15,15,15,15,15,15,15,15,15
62068,1,1,1992,0,0,0,0,8,14,0,0,0,10
62068,2,1,1992,14,14,14,14,14,14,14,14,14,14
62069,1,1,1992,0,0,0,0,0,0,0,0,0,0
62070,1,1,1992,0,0,0,0,0,0,0,0,0,0
62071,0,1,1992,0,10,0,0,28,0,0,0,0,0
62071,1,1,1992,22,22,22,22,22,22,22,22,22,22
62072,1,1,1992,38,38,38,38,38,38,38,38,38,38
62073,0,1,1992,23,23,23,23,23,23,23,23,23,23
62073,1,1,1992,9,11,16,6,14,6,26,0,10,14
62074,1,1,1992,13,13,13,13,13,13,13,13,13,13
62075,1,1,1992,0,0,0,0,0,0,0,0,0,0
62075,2,1,1992,0,0,0,0,0,0,0,0,0,0
62076,1,1,1992,17,17,17,17,17,17,17,17,17,17
62077,1,1,1992,0,0,0,0,0,0,0,0,0,0
62078,1,1,1992,16,16,16,16,16,16,16,16,16,16
62079,0,1,1992,0,0,0,0,0,0,0,0,0,0
62079,1,1,1992,0,0,0,0,0,0,0,0,0,0
62080,1,1,1992,0,0,0,0,0,0,0,0,0,0
62081,0,1,1992,3,3,3,3,3,3,3,3,3,3
62081,1,1,1992,0,0,0,0,0,0,0,0,0,0
62082,0,1,1992,21,21,21,21,21,21,21,21,21,21
62082,1,1,1992,0,0,0,0,0,0,0,0,0,0
62083,1,1,1992,22,22,22,22,22,22,22,22,22,22
62083,2,1,1992,0,0,0,0,0,0,0,0,0,0
62084,1,1,1992,0,0,0,0,0,0,0,0,0,0
62084,2,1,1992,18,18,18,18,18,18,18,18,18,18
62085,1,1,1992,0,0,0,0,0,0,0,0,0,0
62085,2,1,1992,0,0,0,0,0,0,0,0,0,0
62086,1,1,1992,0,0,6,0,0,15,0,0,0,0
62087,1,1,1992,18,18,18,18,18,18,18,18,18,18
62087,2,1,1992,0,0,0,0,0,12,0,0,0,0
62087,3,1,1992,0,0,0,0,0,0,0,13,0,0
62088,1,1,1992,0,0,0,0,0,0,0,0,0,0
62089,1,1,1992,14,14,14,14,14,14,14,14,14,14
62090,0,1,1992,2,2,2,2,2,2,2,2,2,2
62090,0,2,1992,0,0,0,27,16,3,31,16,0,27
62090,1,1,1992,3,0,16,29,24,0,40,0,20,0
62091,1,1,1992,20,20,20,20,20,20,20,20,20,20
62091,2,1,1992,0,0,0,0,0,0,0,0,0,0
62092,1,1,1992,0,0,0,0,0,0,0,0,0,0
62093,1,1,1992,0,0,0,0,0,0,0,0,0,0
62093,2,1,1992,0,0,0,0,0,0,0,0,0,0
62094,1,1,1992,0,0,0,0,0,0,0,0,0,0
62094,2,1,1992,0,0,0,0,0,0,0,0,0,0
62095,0,1,1992,0,0,0,0,0,0,0,0,0,0
62095,0,2,1992,0,0,0,0,0,0,0,0,0,0
62095,0,3,1992,17,0,0,6,0,7,0,11,0,0
62095,1,1,1992,0,0,0,0,0,0,0,0,0,0
62096,1,1,1992,0,0,0,0,0,0,0,0,0,0
62097,1,1,1992,3,3,3,3,3,3,3,3,3,3
62098,0,1,1992,0,0,0,0,0,0,0,0,0,0
62098,1,1,1992,22,0,0,0,0,0,0,22,0,21
62099,1,1,1992,17,17,17,17,17,17,17,17,17,17
62099,2,1,1992,0,0,0,0,0,0,0,0,0,0
62100,0,1,1992,0,0,0,0,0,0,0,0,0,0
62100,2,1,1992,0,0,0,0,0,0,0,0,0,0
62101,1,1,1992,8,0,0,0,0,8,0,0,4,0
62101,2,1,1992,0,0,0,0,0,0,0,0,0,0
62102,1,1,1992,0,23,26,0,0,21,0,23,0,0
62103,1,1,1992,0,0,0,0,0,0,0,0,0,0
62104,1,1,1992,24,24,24,24,24,24,24,24,24,24
62105,1,1,1992,10,10,10,10,10,10,10,10,10,10
62106,1,1,1992,0,0,0,0,0,0,0,0,0,0
62106,2,1,1992,0,0,0,0,10,0,0,0,0,0
62107,1,1,1992,12,12,12,12,12,12,12,12,12,12
62107,2,1,1992,0,0,0,0,0,0,0,0,0,0
62107,3,1,1992,0,0,0,0,0,0,13,0,0,9
62108,1,1,1992,2,2,2,2,2,2,2,2,2,2
62108,2,1,1992,0,0,0,0,0,0,0,0,0,0
62108,3,1,1992,0,0,0,0,0,0,0,0,0,0
62109,1,1,1992,0,0,0,0,0,0,0,0,0,0
62110,1,1,1992,0,0,0,0,0,0,0,0,0,0
62110,2,1,1992,0,0,0,0,0,0,0,0,0,0
62111,1,1,1992,0,0,0,0,0,0,0,0,0,0
62111,2,1,1992,0,0,0,0,0,0,0,0,0,0
62112,1,1,1992,20,20,20,20,20,20,20,20,20,20
62113,0,1,1992,0,0,0,0,0,0,0,0,0,0
62113,1,1,1992,0,0,0,12,0,0,0,0,0,0
62114,1,1,1992,14,14,14,14,14,14,14,14,14,14
62114,2,1,1992,0,0,0,0,0,0,0,0,0,0
62115,1,1,1992,14,14,14,14,14,14,14,14,14,14
62116,1,1,1992,25,25,25,25,25,25,25,25,25,25
62117,1,1,1992,15,15,15,15,15,15,15,15,15,15
62118,1,1,1992,0,0,0,0,0,0,0,0,0,0
62119,1,1,1992,0,0,0,0,0,0,0,0,0,0
62119,2,1,1992,0,0,0,0,0,0,0,0,0,0
62120,0,1,1992,0,0,0,0,0,0,0,0,0,0
62120,1,1,1992,0,0,0,0,0,0,0,0,0,0
62121,1,1,1992,21,38,21,21,14,19,17,17,15,23
62122,1,1,1992,0,0,0,0,0,0,0,0,0,0
62123,0,1,1992,0,0,0,0,0,0,0,0,0,0
62123,1,1,1992,0,0,0,0,0,0,0,0,0,0
62124,1,1,1992,0,0,0,0,0,0,0,0,0,0
62125,1,1,1992,0,0,0,0,0,0,0,0,0,0
62125,2,1,1992,0,0,0,0,0,0,0,0,0,0
62126,1,1,1992,0,0,0,0,0,0,0,0,0,0
62127,0,1,1992,15,15,15,15,15,15,15,15,15,15
62127,1,1,1992,0,17,0,11,13,9,0,0,0,0
62128,0,1,1992,0,0,0,0,0,0,0,0,0,0
62128,0,2,1992,0,0,0,0,0,0,0,0,0,0
62128,1,1,1992,0,0,0,0,0,0,0,0,0,0
62129,1,1,1992,0,0,0,0,0,0,0,0,0,0
62130,1,1,1992,10,16,11,12,21,13,14,0,0,26
62131,1,1,1992,0,0,0,0,0,16,0,0,0,0
62132,0,1,1992,0,0,0,0,0,0,0,0,0,0
62132,1,1,1992,0,0,0,0,0,19,4,10,21,9
62133,0,1,1992,18,18,18,18,18,18,18,18,18,18
62133,0,2,1992,23,23,29,0,11,16,0,0,9,0
62133,1,1,1992,7,7,7,7,7,7,7,7,7,7
62134,1,1,1992,15,15,15,15,15,15,15,15,15,15
62134,2,1,1992,0,0,0,0,0,0,0,0,0,0
62135,1,1,1992,11,11,11,11,11,11,11,11,11,11
62136,0,1,1992,7,7,7,7,7,7,7,7,7,7
62136,1,1,1992,0,0,0,0,0,0,0,0,0,0
62137,1,1,1992,0,0,0,30,25,0,18,0,0,12
62138,1,1,1992,0,0,0,0,0,0,0,0,0,0
62139,1,1,1992,0,0,0,0,0,0,0,0,0,0
62139,2,1,1992,0,0,0,0,0,0,0,0,0,0
62140,0,1,1992,0,0,0,0,0,0,0,0,0,0
62140,0,2,1992,8,0,0,13,0,0,0,0,0,0
62140,1,1,1992,0,0,0,0,0,0,0,0,0,0
62141,1,1,1992,0,0,0,0,0,0,0,0,0,0
62141,2,1,1992,3,3,3,3,3,3,3,3,3,3
62142,1,1,1992,16,16,16,16,16,16,16,16,16,16
62143,1,1,1992,0,0,0,0,0,0,0,0,0,0
62143,2,1,1992,0,0,0,0,0,0,0,0,0,0
62143,3,1,1992,0,0,0,0,0,0,0,0,0,0
62143,4,1,1992,0,0,0,0,0,0,0,0,0,0
62143,5,1,1992,0,0,0,0,0,0,0,0,0,0
62143,6,1,1992,0,0,0,0,0,0,0,0,0,0
62143,7,1,1992,0,0,0,0,0,0,0,0,5,0
62143,8,1,1992,0,0,0,0,0,0,0,0,0,0
62144,1,1,1992,0,0,0,0,0,0,0,0,0,0
62144,2,1,1992,0,0,0,0,0,0,0,0,0,0
62145,0,1,1992,0,0,0,0,0,0,0,0,0,0
62145,1,1,1992,0,0,0,0,0,0,0,17,0,0
62146,1,1,1992,0,0,0,0,0,0,0,0,0,0
62146,2,1,1992,0,0,0,0,0,7,0,0,0,0
62147,1,1,1992,0,14,12,9,15,0,0,19,0,7
62147,2,1,1992,0,0,0,0,0,0,0,0,14,0
62148,0,1,1992,0,0,0,0,0,0,0,0,5,0
62148,1,1,1992,0,0,0,0,0,0,0,0,0,0
62149,1,1,1992,28,28,28,28,28,28,28,28,28,28
62149,2,1,1992,0,0,8,0,0,0,0,0,0,0
62150,1,1,1992,0,0,0,0,0,0,0,0,0,0
62150,2,1,1992,0,0,0,0,0,0,0,0,0,0
62150,3,1,1992,0,0,0,0,0,0,0,0,0,0
62150,4,1,1992,0,0,0,0,0,0,0,0,0,7
62150,5,1,1992,0,0,0,0,0,0,0,0,0,0
62150,6,1,1992,0,0,0,0,0,0,0,0,0,0
62150,7,1,1992,0,0,0,0,0,0,0,0,0,0
62150,8,1,1992,0,0,0,0,0,0,0,0,0,0
62151,1,1,1992,0,0,0,0,0,0,0,0,0,0
62151,2,1,1992,0,0,0,0,0,0,0,0,0,0
62152,0,1,1992,0,0,0,0,0,0,0,0,0,0
62152,1,1,1992,0,0,0,0,0,0,0,0,0,0
62153,1,1,1992,0,0,0,0,0,0,0,0,0,0
62153,2,1,1992,0,0,0,0,0,0,0,0,0,0
62154,1,1,1992,21,21,21,21,21,21,21,21,21,21