ST_CASE,VEH_NO,PER_NO,YEAR,P1,P2,P3,P4,P5,P6,P7,P8,P9,P10
62154,2,1,1992,0,0,0,0,0,0,0,0,0,0
62155,0,1,1992,0,0,0,0,0,0,0,0,0,0
62155,1,1,1992,0,0,0,0,0,0,0,0,0,0
62156,1,1,1992,3,3,3,3,3,3,3,3,3,3
62156,2,1,1992,0,0,0,0,0,0,12,0,0,0
62157,1,1,1992,20,20,20,20,20,20,20,20,20,20
62157,2,1,1992,0,0,0,0,0,0,0,0,0,0
62157,3,1,1992,0,0,0,0,0,17,0,0,12,0
62158,0,1,1992,0,0,0,0,0,0,0,0,0,0
62158,1,1,1992,0,0,0,0,0,0,0,0,0,0
62159,1,1,1992,15,15,15,15,15,15,15,15,15,15
62159,2,1,1992,0,0,0,0,0,0,0,0,0,0
62160,1,1,1992,0,0,0,0,0,0,0,0,0,0
62161,1,1,1992,0,0,0,0,0,0,0,0,0,0
62161,2,1,1992,0,0,0,0,0,0,0,0,0,32
62162,1,1,1992,0,0,0,0,0,0,0,0,0,0
62162,2,1,1992,0,0,0,0,0,0,0,0,0,0
62163,1,1,1992,0,0,0,0,0,0,0,0,0,0
62163,2,1,1992,0,0,0,0,0,0,0,0,0,0
62164,0,1,1992,0,0,0,0,0,0,0,0,0,0
62164,1,1,1992,0,0,0,0,0,0,0,0,0,0
62165,1,1,1992,0,0,0,0,0,0,0,0,0,0
62165,2,1,1992,0,0,0,0,0,0,0,0,0,0
62166,1,1,1992,18,18,18,18,18,18,18,18,18,18
62166,2,1,1992,0,0,0,0,0,0,5,0,0,0
62167,0,1,1992,0,0,11,0,0,0,0,0,0,0
62167,1,1,1992,0,0,0,0,0,0,0,0,0,0
62168,1,1,1992,0,0,0,0,0,0,0,0,0,0
62168,2,1,1992,0,0,0,0,0,0,0,0,0,0
62169,0,1,1992,0,0,0,0,0,0,0,0,0,0
62169,1,1,1992,0,0,0,0,0,0,0,0,0,0
62170,1,1,1992,0,0,0,0,0,0,0,0,0,0
62170,2,1,1992,0,0,0,0,0,0,0,0,0,0
62171,1,1,1992,0,0,0,0,0,0,0,0,0,0
62171,2,1,1992,0,0,0,0,0,0,0,0,0,0
62172,1,1,1992,0,0,0,0,0,0,0,0,0,0
62172,2,1,1992,0,0,0,0,0,0,0,0,0,0
62172,3,1,1992,0,0,0,0,0,0,0,0,0,0
62172,4,1,1992,10,0,3,0,7,19,17,19,0,0
62172,5,1,1992,0,16,16,0,17,0,24,0,0,0
62173,0,1,1992,24,24,24,24,24,24,24,24,24,24
62173,1,1,1992,0,0,0,0,0,0,0,0,0,0
62174,1,1,1992,4,4,4,4,4,4,4,4,4,4
62175,1,1,1992,14,14,14,14,14,14,14,14,14,14
62176,1,1,1992,18,18,18,18,18,18,18,18,18,18
62177,0,1,1992,0,0,0,0,0,0,0,0,0,0
62177,1,1,1992,0,0,0,0,0,0,0,0,0,0
62178,1,1,1992,0,0,0,0,0,0,0,0,0,0
62178,2,1,1992,0,0,0,0,0,0,0,0,0,0
62179,1,1,1992,0,0,0,0,0,0,0,0,0,0
62179,2,1,1992,0,0,0,0,0,0,0,0,0,0
62179,3,1,1992,0,0,0,0,0,0,0,0,0,0
62180,1,1,1992,22,22,22,22,22,22,22,22,22,22
62180,2,1,1992,0,0,0,0,0,0,0,0,0,0
62181,1,1,1992,16,16,16,16,16,16,16,16,16,16
62182,1,1,1992,48,15,22,12,21,24,18,13,23,12
62183,1,1,1992,12,12,12,12,12,12,12,12,12,12
62184,1,1,1992,0,0,0,0,0,0,0,0,0,0
62185,1,1,1992,0,0,0,0,0,0,0,0,0,0
62185,2,1,1992,0,0,0,0,0,0,0,0,0,0
62186,0,1,1992,0,0,0,0,0,0,0,0,0,0
62186,1,1,1992,0,9,2,0,0,0,0,15,0,0
62186,2,1,1992,0,0,0,0,0,0,0,0,0,0
62186,3,1,1992,0,0,0,0,0,0,0,0,0,0
62187,1,1,1992,0,0,0,0,0,0,0,0,0,0
62187,2,1,1992,0,0,0,0,0,0,0,0,0,0
62188,1,1,1992,0,0,0,0,0,0,0,0,0,0
62188,2,1,1992,0,0,0,0,0,0,0,0,0,0
62189,1,1,1992,17,17,17,17,17,17,17,17,17,17
62190,1,1,1992,20,20,20,20,20,20,20,20,20,20
62191,1,1,1992,0,0,0,0,0,0,0,0,0,0
62192,1,1,1992,0,0,0,0,0,0,0,0,0,0
62193,1,1,1992,0,0,0,0,0,0,0,0,0,0
62194,1,1,1992,0,0,0,0,0,0,0,0,0,0
62195,1,1,1992,2,2,2,2,2,2,2,2,2,2
62195,2,1,1992,0,0,0,0,0,0,0,0,0,0
62196,1,1,1992,0,0,0,0,0,0,0,0,0,0
62196,2,1,1992,0,0,0,0,0,0,0,0,0,0
62197,1,1,1992,0,0,0,0,0,0,0,0,0,0
62197,2,1,1992,0,0,0,0,0,0,0,0,0,0
62198,1,1,1992,0,0,0,0,0,0,0,0,0,0
62199,1,1,1992,0,0,0,0,0,0,0,0,0,0
62199,2,1,1992,0,0,0,0,0,0,0,0,0,0
62200,0,1,1992,10,10,10,10,10,10,10,10,10,10
62200,1,1,1992,0,0,0,0,0,0,0,0,0,0
62201,0,1,1992,9,9,9,9,9,9,9,9,9,9
62201,1,1,1992,0,0,0,0,0,0,0,0,0,0
62202,1,1,1992,0,0,0,13,0,8,0,0,0,0
62202,2,1,1992,0,0,0,0,0,0,0,0,0,0
62203,0,1,1992,31,31,31,31,31,31,31,31,31,31
62203,1,1,1992,19,20,17,26,10,36,18,42,14,24
62204,0,1,1992,0,0,0,0,0,0,0,0,0,0
62204,0,2,1992,0,0,0,0,0,0,0,0,0,0
62204,1,1,1992,0,0,0,0,0,0,0,0,0,0
62205,1,1,1992,18,18,18,18,18,18,18,18,18,18
62206,1,1,1992,62,62,62,62,62,62,62,62,62,62
62207,1,1,1992,20,20,20,20,20,20,20,20,20,20
62207,2,1,1992,0,0,4,0,0,0,0,0,0,0
62208,0,1,1992,0,0,0,0,0,0,0,0,0,0
62208,1,1,1992,0,0,0,0,0,0,0,0,0,0
62209,1,1,1992,0,0,0,0,0,0,0,0,0,0
62210,0,1,1992,0,0,0,0,0,0,0,0,0,0
62210,1,1,1992,0,0,0,0,0,0,0,0,0,0
62211,1,1,1992,11,11,11,11,11,11,11,11,11,11
62212,0,1,1992,4,0,20,0,8,29,6,32,0,9
62212,1,1,1992,0,0,0,0,0,0,0,0,0,0
62212,2,1,1992,0,0,0,0,0,0,0,0,0,0
62213,0,1,1992,14,14,14,14,14,14,14,14,14,14
62213,1,1,1992,0,0,0,0,0,0,0,0,0,0
62214,1,1,1992,28,17,19,10,10,29,19,23,28,10
62214,2,1,1992,0,0,0,0,0,0,0,0,11,0
62214,3,1,1992,0,0,0,5,0,0,0,10,0,0
62215,1,1,1992,0,0,0,0,0,0,0,0,0,0
62216,1,1,1992,10,10,10,10,10,10,10,10,10,10
62217,1,1,1992,0,0,0,0,0,0,0,0,0,0
62218,1,1,1992,24,24,24,24,24,24,24,24,24,24
62218,2,1,1992,0,0,0,0,0,0,0,0,0,0
62219,1,1,1992,0,0,0,0,0,0,0,0,0,0
62220,1,1,1992,23,23,23,23,23,23,23,23,23,23
62221,0,1,1992,0,0,0,0,0,0,0,0,0,0
62221,1,1,1992,0,0,0,0,0,0,0,0,0,0
62222,1,1,1992,22,22,22,22,22,22,22,22,22,22
62222,2,1,1992,0,0,0,0,0,0,0,0,0,0
62223,1,1,1992,14,14,14,14,14,14,14,14,14,14
62223,2,1,1992,13,0,0,0,0,0,0,0,0,0
62224,0,1,1992,22,22,22,22,22,22,22,22,22,22
62224,1,1,1992,12,13,9,0,0,19,0,4,0,14
62225,1,1,1992,0,0,0,0,0,0,0,0,0,0
62225,2,1,1992,0,0,0,0,0,0,0,0,0,0
62226,1,1,1992,0,0,0,0,0,0,0,0,0,0
62226,2,1,1992,0,0,0,0,0,0,0,0,0,0
62227,1,1,1992,0,0,0,0,0,0,0,0,0,0
62227,2,1,1992,0,0,0,0,0,0,0,0,0,0
62228,1,1,1992,0,0,0,0,0,0,0,0,0,0
62228,2,1,1992,0,0,0,0,0,0,0,0,0,0
62229,1,1,1992,0,0,0,0,0,0,0,0,0,0
62230,1,1,1992,7,7,7,7,7,7,7,7,7,7
62231,0,1,1992,25,25,25,25,25,25,25,25,25,25
62231,1,1,1992,3,0,0,0,0,0,0,0,0,0
62231,2,1,1992,0,0,0,0,0,0,0,0,0,0
62231,3,1,1992,0,0,0,0,0,0,0,0,0,0
62232,0,1,1992,22,22,22,22,22,22,22,22,22,22
62232,1,1,1992,0,0,0,0,0,0,0,0,0,0
62233,1,1,1992,15,15,15,15,15,15,15,15,15,15
62234,1,1,1992,25,25,25,25,25,25,25,25,25,25
62234,2,1,1992,0,0,0,0,0,0,0,0,0,0
62235,1,1,1992,0,0,14,0,15,13,0,0,4,0
62236,1,1,1992,0,0,0,0,0,0,0,0,0,0
62236,2,1,1992,0,0,0,0,0,0,0,0,0,0
62237,1,1,1992,0,17,0,0,0,8,0,0,0,0
62237,2,1,1992,0,0,0,0,0,0,0,0,0,0
62237,3,1,1992,0,9,0,0,0,0,0,6,0,0
62238,1,1,1992,22,22,22,22,22,22,22,22,22,22
62239,1,1,1992,11,11,11,11,11,11,11,11,11,11
62239,2,1,1992,0,0,0,0,0,0,0,0,0,0
62240,1,1,1992,22,22,22,22,22,22,22,22,22,22
62240,2,1,1992,11,20,15,9,6,19,9,18,14,10
62240,3,1,1992,0,0,0,0,0,0,0,0,0,0
62241,1,1,1992,0,0,0,0,0,0,0,18,0,0
62241,2,1,1992,0,0,0,0,0,8,0,0,0,0
62242,1,1,1992,4,11,16,23,12,6,12,0,16,16
62243,0,1,1992,1,1,1,1,1,1,1,1,1,1
62243,1,1,1992,0,0,0,0,0,0,0,0,0,0
62244,1,1,1992,26,26,26,26,26,26,26,26,26,26
62245,0,1,1992,0,0,0,0,0,0,0,0,0,0
62245,1,1,1992,0,0,0,0,0,0,0,0,0,0
62246,1,1,1992,0,0,0,0,0,0,0,0,0,0
62246,2,1,1992,0,0,0,0,0,0,0,0,0,0
62247,0,1,1992,25,17,0,6,14,22,0,25,22,9
62247,1,1,1992,0,0,0,0,0,0,0,0,0,0
62247,2,1,1992,0,0,0,0,0,0,0,0,0,0
62248,0,3,1992,0,0,0,0,0,0,0,0,0,0
62248,0,4,1992,0,0,37,0,0,13,0,0,0,0
62248,1,1,1992,0,0,0,0,0,0,0,0,0,0
62249,1,1,1992,0,0,0,0,0,0,0,0,0,0
62249,2,1,1992,0,0,0,0,0,0,0,0,0,0
62250,1,1,1992,20,20,20,20,20,20,20,20,20,20
62251,0,1,1992,15,15,15,15,15,15,15,15,15,15
62251,1,1,1992,8,8,8,8,8,8,8,8,8,8
62252,1,1,1992,0,0,0,0,0,0,0,0,0,0
62252,2,1,1992,0,0,0,0,0,0,0,0,0,0
62253,0,1,1992,0,0,0,0,0,0,0,0,0,0
62253,1,1,1992,0,0,0,0,0,0,0,0,0,0
62254,1,1,1992,12,12,12,12,12,12,12,12,12,12
62254,2,1,1992,0,0,0,0,0,0,0,0,0,0
62254,3,1,1992,11,9,0,0,0,0,0,0,0,0
62255,1,1,1992,12,12,12,12,12,12,12,12,12,12
62255,2,1,1992,13,13,13,13,13,13,13,13,13,13
62256,1,1,1992,20,20,20,20,20,20,20,20,20,20
62257,1,1,1992,19,19,19,19,19,19,19,19,19,19
62258,1,1,1992,0,7,0,0,0,0,0,0,12,0
62258,2,1,1992,0,0,0,0,0,0,0,0,0,0
62259,0,1,1992,25,25,25,25,25,25,25,25,25,25
62259,1,1,1992,3,3,3,3,3,3,3,3,3,3
62260,1,1,1992,0,0,0,0,0,0,0,0,0,0
62260,2,1,1992,0,0,0,0,0,0,0,0,0,0
62261,1,1,1992,13,13,13,13,13,13,13,13,13,13
62262,1,1,1992,0,0,0,0,0,0,0,0,0,0
62263,1,1,1992,0,0,0,0,0,0,0,0,0,0
62264,0,1,1992,0,0,0,0,0,0,0,0,0,0
62264,1,1,1992,0,0,0,0,0,0,0,0,0,0
62265,1,1,1992,18,18,18,18,18,18,18,18,18,18
62266,1,1,1992,0,0,0,0,0,0,0,0,0,0
62266,2,1,1992,14,10,0,0,0,0,0,0,0,0
62267,0,1,1992,0,0,0,0,0,0,0,0,0,0
62267,1,1,1992,0,0,0,0,0,0,0,0,0,0
62268,1,1,1992,21,21,21,21,21,21,21,21,21,21
62268,2,1,1992,0,0,0,0,0,0,0,0,0,0
62269,1,1,1992,14,14,14,14,14,14,14,14,14,14
62270,1,1,1992,0,0,0,0,0,0,0,22,0,0
62270,2,1,1992,0,0,0,0,0,0,0,0,9,0
62270,3,1,1992,0,0,0,0,0,0,0,0,0,0
62271,1,1,1992,0,0,0,0,0,0,0,0,0,0
62271,2,1,1992,0,0,0,0,0,0,0,0,0,0
62272,1,1,1992,15,15,15,15,15,15,15,15,15,15
62272,2,1,1992,0,0,0,0,0,0,0,0,0,0
62273,1,1,1992,3,3,3,3,3,3,3,3,3,3
62274,0,1,1992,0,24,15,0,14,0,0,26,0,25
62274,1,1,1992,24,24,24,24,24,24,24,24,24,24
62275,0,1,1992,0,0,0,0,0,0,0,0,0,0
62275,1,1,1992,0,0,0,0,0,0,0,0,6,0
62276,1,1,1992,0,0,0,0,0,0,0,0,0,0
62276,2,1,1992,0,0,0,0,0,0,0,0,0,0
62276,3,1,1992,0,0,0,0,0,0,0,0,0,0
62276,4,1,1992,0,8,0,0,0,0,0,0,0,0
62277,1,1,1992,0,0,0,0,0,0,0,0,0,0
62277,2,1,1992,0,0,0,0,0,0,0,0,0,0
62277,3,1,1992,16,16,16,16,16,16,16,16,16,16
62278,1,1,1992,10,10,10,10,10,10,10,10,10,10
62278,2,1,1992,0,0,0,0,0,0,0,0,0,0
62279,1,1,1992,0,20,0,0,0,9,0,0,0,0
62280,1,1,1992,2,2,2,2,2,2,2,2,2,2
62280,2,1,1992,0,0,0,0,0,0,0,0,0,0
62281,1,1,1992,27,27,27,27,27,27,27,27,27,27
62282,1,1,1992,19,19,19,19,19,19,19,19,19,19
62283,1,1,1992,0,0,0,0,0,0,0,0,0,0
62283,2,1,1992,0,0,0,0,0,0,0,0,0,0
62284,1,1,1992,3,3,3,3,3,3,3,3,3,3
62285,1,1,1992,0,0,0,0,0,0,0,0,0,0
62286,1,1,1992,0,0,0,0,0,0,0,0,0,0
62286,2,1,1992,0,0,0,0,0,0,0,0,0,0
62287,1,1,1992,0,0,10,0,0,0,0,0,0,0
62287,2,1,1992,0,0,0,0,0,0,0,0,0,0
62288,1,1,1992,0,0,0,0,0,0,0,0,0,0
62289,1,1,1992,21,14,17,28,0,11,26,0,0,28
62290,1,1,1992,0,0,0,0,0,0,0,0,0,0
62291,1,1,1992,12,12,12,12,12,12,12,12,12,12
62291,2,1,1992,0,0,8,0,0,0,0,0,0,0
62291,3,1,1992,0,0,0,0,0,0,0,0,0,0
62292,1,1,1992,24,21,14,12,16,24,14,10,28,27
62292,2,1,1992,0,0,0,0,0,0,0,0,0,0
62293,1,1,1992,0,0,0,0,0,0,0,0,0,0
62293,2,1,1992,0,0,0,0,0,0,0,0,0,0
62294,1,1,1992,0,0,0,0,0,0,0,0,0,0
62294,2,1,1992,0,0,0,0,0,0,0,0,0,0
62294,3,1,1992,0,0,0,0,0,0,0,0,0,0
62295,1,1,1992,26,26,26,26,26,26,26,26,26,26
62296,1,1,1992,0,0,0,0,0,0,0,0,0,0
62297,1,1,1992,16,16,16,16,16,16,16,16,16,16
62297,2,1,1992,0,0,0,0,0,6,0,0,0,0
62298,0,1,1992,0,0,0,0,0,0,0,0,0,0
62298,0,2,1992,11,0,0,0,2,24,0,0,12,0
62298,1,1,1992,0,0,0,0,0,21,17,17,0,0
62299,1,1,1992,14,14,14,14,14,14,14,14,14,14
62300,1,1,1992,0,0,0,0,0,0,0,0,0,0
62300,2,1,1992,0,0,0,0,0,0,0,0,0,0
62301,1,1,1992,21,21,21,21,21,21,21,21,21,21
62301,2,1,1992,0,0,0,0,0,0,0,0,0,10
62302,1,1,1992,14,14,14,14,14,14,14,14,14,14
62302,2,1,1992,0,0,0,0,0,0,0,0,0,0
62303,0,1,1992,28,28,28,28,28,28,28,28,28,28
62303,1,1,1992,30,0,0,0,0,0,0,0,0,0
62304,1,1,1992,0,0,0,0,0,0,0,0,0,0
62305,1,1,1992,0,0,0,0,0,0,0,0,0,0
62305,2,1,1992,0,0,0,0,0,0,0,0,0,0
62305,3,1,1992,0,0,0,0,0,0,0,0,0,0
62306,1,1,1992,0,0,0,0,0,0,0,0,0,0
62306,2,1,1992,0,0,0,0,0,0,0,0,0,0
62307,1,1,1992,0,0,0,0,0,0,0,0,0,0
62307,2,1,1992,0,0,0,0,0,0,0,0,0,0
62308,1,1,1992,0,0,0,0,0,0,0,0,0,0
62308,2,1,1992,0,0,0,0,0,0,0,0,0,0
62309,1,1,1992,0,0,0,0,0,0,0,0,0,0
62310,1,1,1992,0,0,0,0,0,0,0,0,0,0
62311,1,1,1992,0,0,0,0,0,0,0,0,0,0
62311,2,1,1992,0,0,0,0,0,0,0,0,0,0
62312,1,1,1992,0,0,0,0,0,0,0,0,0,0
62313,1,1,1992,0,0,0,0,0,0,0,0,0,0
62313,2,1,1992,0,0,0,0,0,0,0,0,0,0
62313,3,1,1992,0,0,0,0,0,0,0,0,0,0
62314,0,1,1992,0,0,0,0,0,0,0,0,0,0
62314,0,2,1992,0,0,0,0,0,0,0,0,0,0
62314,1,1,1992,0,0,0,0,0,0,0,0,0,0
62315,1,1,1992,0,0,0,0,0,0,0,0,0,0
62316,1,1,1992,19,19,19,19,19,19,19,19,19,19
62317,1,1,1992,0,0,0,0,0,0,0,0,0,0
62318,0,1,1992,0,0,0,0,0,0,0,0,0,0
62318,1,1,1992,0,0,0,0,0,0,0,0,14,0
62319,0,1,1992,0,0,0,0,0,0,0,0,0,0
62319,1,1,1992,0,0,0,6,0,0,0,0,0,0
62320,1,1,1992,3,3,3,3,3,3,3,3,3,3
62321,1,1,1992,13,13,13,13,13,13,13,13,13,13
62321,2,1,1992,25,25,25,25,25,25,25,25,25,25
62322,0,1,1992,0,0,0,0,0,0,0,0,0,0
62322,1,1,1992,8,7,0,0,0,15,13,23,11,26
62323,1,1,1992,0,0,0,0,0,0,0,0,0,0
62323,2,1,1992,0,0,0,0,0,0,0,0,0,0
62324,1,1,1992,25,25,25,25,25,25,25,25,25,25
62325,1,1,1992,1,1,1,1,1,1,1,1,1,1
62325,2,1,1992,0,0,0,0,0,0,0,0,0,0
62325,3,1,1992,0,0,0,0,0,0,0,0,0,0
62326,1,1,1992,30,30,30,30,30,30,30,30,30,30
62327,1,1,1992,0,0,0,0,0,0,0,0,0,0
62327,2,1,1992,0,0,0,0,0,0,0,0,0,0
62327,3,1,1992,0,0,0,0,0,0,0,0,0,0
62328,1,1,1992,5,5,5,5,5,5,5,5,5,5
62328,2,1,1992,0,0,0,0,0,0,0,0,0,0
62329,1,1,1992,30,30,30,30,30,30,30,30,30,30
62330,1,1,1992,0,0,0,0,0,0,0,0,0,0
62330,2,1,1992,0,0,0,0,0,0,0,0,0,0
62331,1,1,1992,0,0,0,0,0,0,0,0,0,0
62332,0,1,1992,22,22,22,22,22,22,22,22,22,22
62332,1,1,1992,0,0,0,0,0,0,0,0,0,0
62333,1,1,1992,0,0,0,0,11,7,0,0,0,9
62334,1,1,1992,0,0,0,0,0,0,0,0,9,0
62334,2,1,1992,0,0,0,0,0,0,0,0,0,0
62335,1,1,1992,0,0,0,0,0,0,0,0,0,0
62336,1,1,1992,10,10,10,10,10,10,10,10,10,10
62337,1,1,1992,0,0,0,0,0,0,0,0,0,0
62337,2,1,1992,0,0,0,0,0,0,0,0,0,0
62338,1,1,1992,0,0,0,0,0,0,0,0,0,0
62338,2,1,1992,0,0,0,0,0,0,0,0,0,0
62339,0,1,1992,0,0,0,0,0,0,0,0,0,0
62339,1,1,1992,0,0,0,0,0,0,0,0,0,0
62340,1,1,1992,0,0,0,0,0,0,0,0,0,0
62341,1,1,1992,0,0,0,0,0,0,0,0,0,0
62341,2,1,1992,0,0,0,0,0,0,0,0,0,0
62342,0,1,1992,0,0,0,0,0,0,0,0,0,0
62342,1,1,1992,0,0,0,0,0,0,0,0,0,0
62342,2,1,1992,0,0,0,0,0,0,0,0,0,0
62343,1,1,1992,1,1,1,1,1,1,1,1,1,1
62343,2,1,1992,0,0,0,0,0,0,0,0,0,0
62344,0,1,1992,21,21,21,21,21,21,21,21,21,21
62344,1,1,1992,0,0,0,0,0,0,0,0,0,0
62345,1,1,1992,18,18,18,18,18,18,18,18,18,18
62346,0,1,1992,28,28,28,28,28,28,28,28,28,28
62346,1,1,1992,0,0,0,0,0,0,0,0,0,0
62347,1,1,1992,12,12,12,12,12,12,12,12,12,12
62347,2,1,1992,0,14,0,0,0,0,0,0,0,0
62348,1,1,1992,21,21,21,21,21,21,21,21,21,21
62349,1,1,1992,18,18,18,18,18,18,18,18,18,18
62350,1,1,1992,13,13,13,13,13,13,13,13,13,13
62351,1,1,1992,22,22,22,22,22,22,22,22,22,22
62351,2,1,1992,0,0,0,0,0,0,0,0,0,0
62352,1,1,1992,15,15,15,15,15,15,15,15,15,15
62352,2,1,1992,0,0,9,0,0,0,0,0,0,0
62353,0,1,1992,38,38,38,38,38,38,38,38,38,38
62353,1,1,1992,0,0,0,0,0,0,0,0,0,0
62354,1,1,1992,17,17,17,17,17,17,17,17,17,17
62355,1,1,1992,0,0,0,0,0,0,0,0,0,0
62356,0,1,1992,0,0,0,0,0,0,0,0,0,0
62356,1,1,1992,0,0,14,0,0,0,0,0,0,0
62357,0,1,1992,34,34,34,34,34,34,34,34,34,34
62357,0,2,1992,0,7,15,0,0,0,0,0,6,0
62357,1,1,1992,16,16,16,16,16,16,16,16,16,16
62358,1,1,1992,33,33,33,33,33,33,33,33,33,33
62359,1,1,1992,10,11,21,9,26,27,17,10,30,24
62360,1,1,1992,0,0,0,0,0,0,0,0,0,0
62361,0,1,1992,14,14,14,14,14,14,14,14,14,14
62361,0,2,1992,0,0,0,11,6,0,0,0,0,0
62361,1,1,1992,14,14,14,14,14,14,14,14,14,14
62362,1,1,1992,0,0,0,0,23,0,0,0,0,16
62362,2,1,1992,0,0,0,0,0,0,0,0,0,0
62363,1,1,1992,0,0,0,0,0,0,0,0,0,0
62363,2,1,1992,0,0,0,0,0,0,0,0,0,0
62364,1,1,1992,0,0,0,0,0,0,0,0,0,0
62364,2,1,1992,0,0,0,0,0,0,0,0,0,0
62365,0,1,1992,0,0,0,0,0,0,0,0,0,0
62365,1,1,1992,20,0,0,0,0,0,0,0,0,12
62366,1,1,1992,0,0,0,0,0,0,0,0,0,0
62366,2,1,1992,0,0,0,0,0,0,0,0,0,0
62367,1,1,1992,0,0,0,0,0,0,0,0,0,0
62368,0,1,1992,25,21,19,24,18,10,14,7,33,0
62368,1,1,1992,0,0,0,0,0,0,0,0,0,0
62369,0,1,1992,0,0,0,0,0,0,0,0,0,0
62369,1,1,1992,0,0,0,0,0,0,0,0,0,0
62370,1,1,1992,0,0,0,0,0,0,0,0,0,0
62371,1,1,1992,0,0,0,0,0,0,0,0,0,0
62371,2,1,1992,0,0,0,0,0,0,0,0,0,0
62372,1,1,1992,0,0,0,0,0,0,0,0,0,0
62372,2,1,1992,0,0,0,0,0,0,0,0,0,0
62373,1,1,1992,0,0,0,0,0,0,0,0,0,0
62374,1,1,1992,0,0,0,0,0,0,0,0,0,0
62375,1,1,1992,0,0,0,0,0,0,0,0,0,0
62376,1,1,1992,0,0,0,0,0,0,0,0,0,0
62377,1,1,1992,0,0,0,0,0,0,0,0,0,0
62378,1,1,1992,17,17,17,17,17,17,17,17,17,17
62379,0,1,1992,0,0,0,0,0,0,0,0,0,0
62379,1,1,1992,0,0,0,0,0,0,0,0,0,0
62380,1,1,1992,25,25,25,25,25,25,25,25,25,25
62381,1,1,1992,0,0,0,0,0,0,0,0,0,0
62382,1,1,1992,0,0,0,0,0,0,0,0,0,0
62382,2,1,1992,18,18,18,18,18,18,18,18,18,18
62383,0,1,1992,18,18,18,18,18,18,18,18,18,18
62383,1,1,1992,0,0,0,0,0,0,0,0,0,0
62384,1,1,1992,27,27,27,27,27,27,27,27,27,27
62385,1,1,1992,0,0,0,0,0,0,0,0,0,0
62385,2,1,1992,0,0,0,0,0,0,0,0,0,0
62386,1,1,1992,18,18,18,18,18,18,18,18,18,18
62386,2,1,1992,0,0,0,0,0,0,0,0,0,0
62386,3,1,1992,0,0,0,0,0,0,0,0,0,0
62387,1,1,1992,26,26,26,26,26,26,26,26,26,26
62387,2,1,1992,0,0,16,0,8,0,0,0,0,9
62388,1,1,1992,0,0,0,0,0,0,0,0,0,0
62389,0,1,1992,29,29,29,29,29,29,29,29,29,29
62389,1,1,1992,0,0,0,0,0,0,0,0,0,0
62390,1,1,1992,0,0,0,0,0,0,0,0,0,0
62390,2,1,1992,0,0,0,0,0,0,0,0,0,0
62391,1,1,1992,0,0,18,0,0,0,31,0,0,0
62392,1,1,1992,18,18,18,18,18,18,18,18,18,18
62392,2,1,1992,0,0,14,0,0,0,0,0,0,0
62392,3,1,1992,0,0,0,0,0,0,0,0,0,0
62393,1,1,1992,0,0,0,0,0,0,0,0,0,0
62394,0,1,1992,0,0,0,0,0,0,0,0,0,0
62394,2,1,1992,0,0,0,0,0,0,0,0,0,0
62395,1,1,1992,0,0,0,0,0,0,0,0,0,0
62396,1,1,1992,0,0,0,0,0,0,0,0,0,0
62397,1,1,1992,0,0,0,0,0,0,0,0,0,0
62398,1,1,1992,0,0,0,0,0,0,0,0,0,0
62399,1,1,1992,0,0,0,0,0,0,0,0,0,0
62400,0,1,1992,0,0,0,0,0,0,0,0,0,0
62400,1,1,1992,0,0,0,0,0,0,0,0,0,0
62401,0,1,1992,31,29,36,0,17,10,0,23,0,16
62401,0,2,1992,0,27,41,24,27,16,14,26,0,23
62401,1,1,1992,0,0,0,0,0,0,0,0,0,0
62402,1,1,1992,18,0,0,0,2,20,8,26,0,10
62403,1,1,1992,0,0,0,0,0,0,0,0,0,0
62403,2,1,1992,0,0,0,0,0,0,0,0,0,0
62404,1,1,1992,0,0,0,0,0,0,0,0,0,0
62405,1,1,1992,0,0,0,0,0,0,0,0,0,0
62405,2,1,1992,0,0,0,0,0,0,0,0,0,0
62405,3,1,1992,0,0,0,0,0,0,0,0,0,0
62406,1,1,1992,3,3,3,3,3,3,3,3,3,3
62406,2,1,1992,0,0,0,0,0,0,0,0,0,0
62407,1,1,1992,0,0,0,0,0,0,0,0,0,0
62407,2,1,1992,0,0,0,0,0,0,0,0,0,0
62408,1,1,1992,16,16,16,16,16,16,16,16,16,16
62409,0,1,1992,0,0,0,0,0,0,0,0,0,0
62409,1,1,1992,0,0,0,0,0,0,5,0,0,0
62410,1,1,1992,0,0,0,0,0,0,0,5,0,0
62410,2,1,1992,0,0,0,0,0,0,0,0,0,0
62411,1,1,1992,0,0,0,0,0,0,0,0,0,0
62412,1,1,1992,0,0,0,0,0,0,0,11,0,0
62413,1,1,1992,17,17,17,17,17,17,17,17,17,17
62414,1,1,1992,0,0,0,0,0,0,0,0,0,0
62414,2,1,1992,0,0,0,0,0,0,0,0,0,0
62414,3,1,1992,0,0,0,0,0,0,0,0,0,0
62415,0,1,1992,11,26,19,0,13,0,17,19,7,19
62415,1,1,1992,0,0,16,0,13,13,0,0,0,12
62416,1,1,1992,24,24,24,24,24,24,24,24,24,24
62416,2,1,1992,0,0,0,0,0,0,0,0,0,0
62417,1,1,1992,0,0,0,0,0,0,0,0,0,0
62418,0,1,1992,0,0,0,0,0,0,0,0,0,13
62418,1,1,1992,0,0,0,0,0,0,0,0,0,0
62419,1,1,1992,17,17,17,17,17,17,17,17,17,17
62420,0,1,1992,0,0,0,0,0,0,0,0,0,0
62420,1,1,1992,20,19,0,0,8,3,15,7,20,18