ST_CASE,VEH_NO,PER_NO,YEAR,P1,P2,P3,P4,P5,P6,P7,P8,P9,P10
62421,1,1,1992,0,0,0,0,0,0,0,0,0,0
62421,2,1,1992,6,6,6,6,6,6,6,6,6,6
62422,1,1,1992,0,0,0,0,0,0,0,0,0,0
62422,2,1,1992,0,0,0,0,0,0,0,0,0,0
62423,1,1,1992,24,24,24,24,24,24,24,24,24,24
62423,2,1,1992,0,0,0,0,0,0,0,0,0,0
62424,1,1,1992,0,0,0,0,0,0,0,0,0,0
62425,1,1,1992,0,0,0,0,0,0,0,0,0,0
62425,2,1,1992,0,0,0,0,0,0,0,0,0,0
62426,1,1,1992,0,0,0,0,0,0,0,0,0,0
62426,2,1,1992,0,0,0,0,0,0,0,0,0,0
62427,1,1,1992,7,7,7,7,7,7,7,7,7,7
62427,2,1,1992,0,0,0,0,0,0,0,0,0,0
62429,1,1,1992,12,12,12,12,12,12,12,12,12,12
62429,2,1,1992,0,0,0,0,0,0,0,0,0,0
62430,1,1,1992,0,0,0,0,0,0,0,0,0,0
62431,1,1,1992,0,0,0,0,0,0,0,0,0,0
62431,2,1,1992,0,0,0,0,0,0,0,0,0,0
62432,0,1,1992,36,36,36,36,36,36,36,36,36,36
62432,1,1,1992,0,0,0,15,0,4,27,0,0,0
62433,1,1,1992,0,0,0,0,0,0,0,0,0,0
62434,1,1,1992,17,17,17,17,17,17,17,17,17,17
62435,1,1,1992,0,0,0,0,0,0,0,0,0,0
62435,2,1,1992,3,3,3,3,3,3,3,3,3,3
62436,1,1,1992,0,0,0,0,0,0,0,0,0,0
62437,1,1,1992,0,0,0,0,0,0,0,0,0,0
62437,2,1,1992,0,0,0,0,0,0,0,0,0,0
62437,3,1,1992,0,0,0,0,0,0,0,0,0,0
62438,1,1,1992,21,21,21,21,21,21,21,21,21,21
62438,2,1,1992,0,0,0,0,0,0,0,0,0,0
62439,1,1,1992,20,20,20,20,20,20,20,20,20,20
62439,2,1,1992,0,0,0,0,0,0,0,0,0,0
62440,1,1,1992,12,12,12,12,12,12,12,12,12,12
62440,2,1,1992,0,20,0,0,16,0,0,0,0,0
62441,1,1,1992,21,21,21,21,21,21,21,21,21,21
62441,2,1,1992,0,0,0,0,0,0,0,0,0,0
62441,3,1,1992,0,0,0,0,0,0,0,0,0,0
62441,4,1,1992,0,0,0,0,0,0,0,0,0,0
62442,1,1,1992,20,20,20,20,20,20,20,20,20,20
62443,1,1,1992,0,0,0,0,0,0,0,0,0,0
62444,1,1,1992,12,0,27,0,25,0,12,18,7,0
62444,2,1,1992,0,0,0,0,0,0,0,0,0,0
62445,1,1,1992,0,0,0,0,0,0,0,0,0,0
62445,2,1,1992,0,0,0,11,0,0,0,0,0,0
62446,1,1,1992,0,0,0,0,7,0,0,0,0,0
62447,0,1,1992,0,0,0,0,0,0,0,0,0,0
62447,1,1,1992,7,7,7,7,7,7,7,7,7,7
62448,1,1,1992,16,16,16,16,16,16,16,16,16,16
62449,1,1,1992,14,14,14,14,14,14,14,14,14,14
62450,1,1,1992,0,0,0,0,0,0,0,0,0,0
62450,2,1,1992,0,0,0,0,0,0,0,0,0,0
62451,1,1,1992,0,0,0,0,0,0,0,0,0,0
62452,0,1,1992,0,0,0,0,0,0,0,0,0,0
62452,1,1,1992,0,0,0,20,0,0,0,0,0,0
62452,2,1,1992,0,0,0,0,0,0,0,0,0,0
62453,1,1,1992,0,0,0,0,0,0,0,0,0,0
62453,2,1,1992,0,0,0,0,0,0,0,0,0,0
62454,1,1,1992,0,0,0,0,0,0,0,0,0,0
62455,1,1,1992,0,0,0,0,0,0,0,0,0,0
62456,1,1,1992,20,20,20,20,20,20,20,20,20,20
62457,1,1,1992,32,35,13,11,13,16,19,7,23,24
62458,0,1,1992,36,36,36,36,36,36,36,36,36,36
62458,1,1,1992,30,7,16,0,4,0,0,0,0,0
62459,0,1,1992,0,0,0,0,0,0,0,0,0,0
62459,1,1,1992,0,19,0,0,0,0,10,0,0,0
62460,1,1,1992,0,0,0,0,0,0,0,0,0,0
62460,2,1,1992,11,11,11,11,11,11,11,11,11,11
62461,1,1,1992,11,11,11,11,11,11,11,11,11,11
62461,2,1,1992,0,0,0,0,0,0,0,0,0,0
62462,1,1,1992,0,0,0,0,0,0,0,0,0,0
62462,2,1,1992,0,0,0,0,0,0,0,0,0,0
62463,1,1,1992,36,36,36,36,36,36,36,36,36,36
62464,1,1,1992,0,0,0,0,0,0,0,0,0,0
62464,2,1,1992,0,0,0,0,0,0,0,19,0,0
62464,3,1,1992,38,0,0,0,0,0,0,0,0,0
62465,1,1,1992,0,0,0,0,0,0,0,0,0,0
62465,2,1,1992,0,0,0,0,0,0,0,0,0,0
62466,0,1,1992,0,0,0,0,0,0,0,0,0,0
62466,1,1,1992,0,0,2,0,0,0,13,13,0,17
62467,1,1,1992,0,0,0,0,0,0,0,0,0,0
62467,2,1,1992,0,0,0,0,0,0,0,0,0,0
62467,3,1,1992,4,3,15,3,6,5,0,23,0,17
62468,1,1,1992,28,28,28,28,28,28,28,28,28,28
62468,2,1,1992,0,0,0,0,0,0,0,0,0,0
62469,1,1,1992,16,16,16,16,16,16,16,16,16,16
62469,2,1,1992,0,0,0,0,0,0,0,0,0,0
62470,1,1,1992,0,0,0,0,0,0,0,0,0,0
62471,1,1,1992,0,0,0,0,0,0,0,0,0,0
62471,2,1,1992,4,4,4,4,4,4,4,4,4,4
62472,1,1,1992,13,13,13,13,13,13,13,13,13,13
62473,1,1,1992,0,0,0,0,0,0,0,0,0,0
62473,2,1,1992,0,0,0,0,0,0,0,0,0,0
62473,3,1,1992,0,0,0,0,0,0,0,0,0,0
62474,1,1,1992,0,0,0,0,0,0,0,0,0,0
62474,2,1,1992,0,0,0,0,0,0,0,0,0,0
62475,0,1,1992,0,0,0,0,0,0,0,0,0,0
62475,1,1,1992,0,0,0,0,0,0,0,0,0,0
62476,1,1,1992,0,0,0,0,0,0,0,0,0,0
62477,1,1,1992,25,25,25,25,25,25,25,25,25,25
62478,1,1,1992,0,0,0,0,0,0,0,0,0,0
62479,1,1,1992,3,3,3,3,3,3,3,3,3,3
62480,0,1,1992,13,13,13,13,13,13,13,13,13,13
62480,1,1,1992,0,0,9,19,25,0,0,4,2,0
62481,1,1,1992,19,19,19,19,19,19,19,19,19,19
62482,1,1,1992,0,0,0,0,0,0,0,0,0,0
62482,2,1,1992,0,0,0,0,0,0,0,0,0,0
62483,1,1,1992,0,0,0,0,0,0,0,0,0,0
62483,2,1,1992,0,0,0,0,0,0,0,0,0,0
62484,0,1,1992,0,0,0,0,0,0,0,0,0,0
62484,1,1,1992,0,0,0,0,0,0,0,0,0,0
62485,0,1,1992,0,0,0,0,0,0,0,0,0,0
62485,1,1,1992,0,0,0,0,0,0,0,0,0,0
62486,0,1,1992,5,5,5,5,5,5,5,5,5,5
62486,1,1,1992,0,0,0,0,0,0,0,0,0,0
62487,1,1,1992,0,0,0,0,0,0,0,0,0,0
62487,2,1,1992,0,0,0,0,0,0,0,0,0,0
62487,3,1,1992,0,0,0,0,0,0,0,0,0,0
62488,1,1,1992,0,0,0,0,8,7,0,0,0,0
62488,2,1,1992,0,0,0,0,0,0,0,0,0,0
62489,1,1,1992,14,14,14,14,14,14,14,14,14,14
62489,2,1,1992,0,0,0,0,0,0,0,0,0,0
62490,1,1,1992,0,0,0,0,0,0,0,0,0,0
62491,1,1,1992,19,19,19,19,19,19,19,19,19,19
62492,1,1,1992,16,16,16,16,16,16,16,16,16,16
62493,1,1,1992,0,0,0,0,0,15,0,0,0,0
62494,1,1,1992,15,15,15,15,15,15,15,15,15,15
62494,2,1,1992,0,0,0,0,0,0,0,0,0,0
62495,1,1,1992,0,0,0,0,0,0,0,0,0,0
62496,1,1,1992,0,0,0,0,0,0,0,0,0,0
62496,2,1,1992,0,0,0,0,0,0,0,0,0,0
62497,1,1,1992,11,11,11,11,11,11,11,11,11,11
62498,1,1,1992,0,0,0,0,0,0,0,0,0,0
62498,2,1,1992,27,27,27,27,27,27,27,27,27,27
62499,0,1,1992,0,0,0,0,0,0,0,0,0,0
62499,0,2,1992,0,0,0,0,0,0,0,0,0,0
62499,1,1,1992,0,0,0,0,0,0,0,0,0,0
62499,2,1,1992,0,0,0,0,0,0,0,0,0,0
62500,1,1,1992,0,0,0,0,0,0,0,0,0,0
62500,2,1,1992,22,22,22,22,22,22,22,22,22,22
62501,1,1,1992,8,17,9,0,0,0,14,0,0,0
62502,1,1,1992,0,0,0,0,0,0,0,0,0,0
62503,0,1,1992,0,0,0,0,0,0,0,0,0,0
62503,1,1,1992,10,10,10,10,10,10,10,10,10,10
62504,1,1,1992,0,0,0,0,0,0,0,0,0,0
62504,2,1,1992,0,0,0,0,0,0,0,0,0,0
62505,1,1,1992,18,18,18,18,18,18,18,18,18,18
62505,2,1,1992,13,13,13,13,13,13,13,13,13,13
62506,1,1,1992,0,0,0,0,0,0,0,0,0,0
62506,2,1,1992,0,0,0,0,0,0,0,0,0,0
62507,1,1,1992,4,4,4,4,4,4,4,4,4,4
62508,1,1,1992,24,24,24,24,24,24,24,24,24,24
62508,2,1,1992,0,0,0,0,0,0,0,0,0,0
62509,1,1,1992,0,0,0,0,0,0,0,0,0,0
62509,2,1,1992,0,0,0,0,0,0,0,0,0,0
62509,3,1,1992,0,0,0,0,0,0,0,0,0,0
62510,1,1,1992,0,0,0,0,0,0,0,0,0,0
62510,2,1,1992,0,0,0,0,0,0,0,0,0,0
62511,1,1,1992,13,13,13,13,13,13,13,13,13,13
62511,2,1,1992,0,0,0,0,0,0,0,0,0,0
62512,1,1,1992,0,0,0,0,0,0,0,0,0,0
62513,1,1,1992,0,0,0,0,0,0,0,0,0,0
62514,1,1,1992,1,1,1,1,1,1,1,1,1,1
62515,0,1,1992,0,21,0,0,0,18,21,37,0,0
62515,1,1,1992,11,0,0,2,0,0,0,0,0,0
62516,0,1,1992,0,0,0,0,0,0,0,0,0,0
62516,1,1,1992,20,21,24,14,0,26,0,21,19,0
62517,1,1,1992,0,0,0,0,0,0,0,0,0,0
62517,2,1,1992,0,0,0,0,0,0,0,0,0,0
62518,1,1,1992,13,13,13,13,13,13,13,13,13,13
62518,2,1,1992,0,0,0,0,0,0,0,0,0,0
62519,1,1,1992,0,27,0,0,0,0,0,0,0,0
62519,2,1,1992,0,0,0,0,0,0,0,14,0,0
62520,1,1,1992,10,10,10,10,10,10,10,10,10,10
62520,2,1,1992,0,0,0,0,0,0,0,0,0,0
62521,0,1,1992,0,0,0,0,0,0,0,0,0,0
62521,1,1,1992,0,15,0,0,0,0,0,0,0,0
62522,1,1,1992,0,0,15,0,0,0,0,0,0,0
62522,2,1,1992,0,0,0,0,0,0,0,0,0,0
62522,3,1,1992,0,0,0,0,0,0,0,0,0,0
62523,0,1,1992,0,0,0,0,0,0,0,0,0,0
62523,1,1,1992,0,0,0,0,0,0,0,0,0,0
62524,1,1,1992,0,0,0,0,0,0,0,13,0,0
62525,1,1,1992,0,0,0,0,0,0,0,0,0,0
62525,2,1,1992,0,0,0,0,0,0,0,0,0,0
62526,0,1,1992,14,14,14,14,14,14,14,14,14,14
62526,1,1,1992,0,0,0,0,0,0,13,0,0,0
62527,1,1,1992,0,0,0,0,0,8,6,0,0,0
62528,1,1,1992,0,0,0,0,0,0,0,0,0,0
62529,1,1,1992,30,30,30,30,30,30,30,30,30,30
62530,1,1,1992,15,15,15,15,15,15,15,15,15,15
62530,2,1,1992,0,0,0,0,0,0,0,0,0,0
62531,1,1,1992,0,0,0,0,0,0,0,0,0,0
62531,2,1,1992,0,0,0,0,0,0,0,0,0,0
62532,0,1,1992,0,0,0,0,0,0,0,0,0,0
62532,1,1,1992,0,0,0,0,0,0,0,0,0,0
62533,1,1,1992,0,0,0,0,0,0,0,0,0,0
62534,1,1,1992,17,17,17,17,17,17,17,17,17,17
62535,1,1,1992,0,0,0,0,0,0,0,0,0,0
62536,1,1,1992,25,25,25,25,25,25,25,25,25,25
62536,2,1,1992,0,0,0,0,0,0,0,0,0,0
62537,1,1,1992,23,23,23,23,23,23,23,23,23,23
62538,1,1,1992,0,0,0,0,0,0,0,0,0,0
62539,1,1,1992,13,13,13,13,13,13,13,13,13,13
62540,1,1,1992,0,0,0,0,0,0,0,0,0,0
62541,1,1,1992,0,0,0,0,0,0,0,0,0,0
62542,1,1,1992,0,0,0,0,0,0,0,0,0,0
62543,1,1,1992,34,34,34,34,34,34,34,34,34,34
62544,1,1,1992,14,14,14,14,14,14,14,14,14,14
62545,1,1,1992,18,0,19,19,20,13,27,30,10,27
62545,2,1,1992,0,0,0,0,0,0,8,6,0,0
62545,3,1,1992,0,0,12,0,0,0,0,0,3,0
62546,1,1,1992,14,14,14,14,14,14,14,14,14,14
62547,1,1,1992,0,0,0,0,0,0,0,0,0,0
62548,0,1,1992,0,0,0,0,0,0,0,0,0,0
62548,1,1,1992,21,10,0,0,0,0,0,0,0,0
62549,1,1,1992,0,0,0,0,0,0,0,0,0,0
62550,0,1,1992,0,0,0,0,0,0,0,0,0,0
62550,1,1,1992,9,9,9,9,9,9,9,9,9,9
62551,1,1,1992,14,14,14,14,14,14,14,14,14,14
62551,2,1,1992,0,0,12,0,0,0,0,0,0,0
62552,0,1,1992,0,0,0,0,0,20,9,27,0,0
62552,1,1,1992,0,0,0,0,0,0,0,0,0,0
62553,1,1,1992,0,0,0,0,0,0,0,0,0,0
62553,2,1,1992,0,0,0,0,0,0,0,0,0,0
62554,1,1,1992,0,0,0,0,0,0,0,0,0,0
62555,1,1,1992,0,0,0,0,0,0,0,0,0,0
62555,2,1,1992,0,11,0,0,12,0,0,0,0,0
62556,1,1,1992,0,0,0,0,0,0,0,0,0,0
62556,2,1,1992,0,0,0,0,0,0,0,0,0,0
62557,0,1,1992,0,0,0,0,0,0,0,0,0,0
62557,1,1,1992,0,0,0,0,0,0,0,0,0,0
62558,0,1,1992,0,0,0,0,0,0,0,0,0,0
62558,1,1,1992,0,0,0,0,0,0,0,0,0,21
62559,1,1,1992,27,27,27,27,27,27,27,27,27,27
62560,1,1,1992,30,30,30,30,30,30,30,30,30,30
62561,0,1,1992,0,9,14,23,11,0,7,0,17,0
62561,0,2,1992,0,0,0,0,0,0,0,0,0,0
62561,1,1,1992,0,16,0,4,0,0,0,0,0,0
62561,2,1,1992,0,0,0,0,0,0,0,0,0,0
62562,1,1,1992,0,0,0,0,0,0,0,0,0,0
62562,2,1,1992,20,20,20,20,20,20,20,20,20,20
62563,1,1,1992,14,14,14,14,14,14,14,14,14,14
62563,2,1,1992,0,0,0,0,0,0,0,0,0,0
62564,1,1,1992,31,31,31,31,31,31,31,31,31,31
62565,1,1,1992,24,24,24,24,24,24,24,24,24,24
62566,1,1,1992,14,14,14,14,14,14,14,14,14,14
62566,2,1,1992,0,0,0,0,0,0,0,0,0,0
62567,1,1,1992,23,23,23,23,23,23,23,23,23,23
62568,1,1,1992,4,4,4,4,4,4,4,4,4,4
62569,1,1,1992,22,22,22,22,22,22,22,22,22,22
62569,2,1,1992,0,0,0,0,0,0,0,0,0,0
62569,3,1,1992,0,0,0,0,0,0,0,0,0,0
62570,1,1,1992,9,15,19,15,19,13,8,30,29,2
62571,1,1,1992,12,7,11,8,0,0,0,27,0,0
62572,1,1,1992,0,0,0,0,0,0,0,0,0,0
62573,1,1,1992,15,13,14,10,0,16,15,0,0,0
62574,1,1,1992,0,0,0,0,0,0,0,0,0,0
62574,2,1,1992,0,0,0,0,0,0,0,0,0,0
62574,3,1,1992,8,0,0,0,0,0,0,0,0,0
62574,4,1,1992,20,0,0,0,0,0,0,0,0,0
62575,0,1,1992,0,0,0,0,0,0,0,0,0,0
62575,1,1,1992,0,8,0,0,0,0,0,0,0,0
62576,1,1,1992,0,0,7,0,0,0,0,0,0,0
62577,0,1,1992,14,7,20,0,0,8,10,0,0,0
62577,1,1,1992,0,0,0,0,0,0,0,0,0,0
62578,1,1,1992,12,12,12,12,12,12,12,12,12,12
62578,2,1,1992,24,7,27,0,26,8,9,0,0,0
62579,1,1,1992,14,14,14,14,14,14,14,14,14,14
62579,2,1,1992,5,5,5,5,5,5,5,5,5,5
62580,1,1,1992,15,15,15,15,15,15,15,15,15,15
62581,1,1,1992,22,22,22,22,22,22,22,22,22,22
62582,1,1,1992,0,0,0,0,0,0,0,0,0,0
62582,2,1,1992,0,0,0,0,0,0,0,0,0,0
62582,3,1,1992,0,0,0,0,0,0,0,0,0,0
62583,1,1,1992,14,14,14,14,14,14,14,14,14,14
62584,1,1,1992,15,15,15,15,15,15,15,15,15,15
62585,1,1,1992,0,0,0,0,0,0,0,0,0,0
62585,2,1,1992,0,0,0,0,0,0,0,0,0,0
62586,1,1,1992,12,13,12,15,16,20,16,22,14,8
62586,2,1,1992,0,0,0,0,0,0,0,0,0,0
62587,0,1,1992,35,35,35,35,35,35,35,35,35,35
62587,1,1,1992,0,0,0,0,0,0,0,0,0,0
62588,1,1,1992,22,22,22,22,22,22,22,22,22,22
62589,1,1,1992,0,14,0,0,0,18,19,9,0,22
62589,2,1,1992,0,14,0,24,22,0,0,11,0,13
62590,1,1,1992,15,15,15,15,15,15,15,15,15,15
62591,1,1,1992,0,0,0,0,0,0,0,0,0,0
62592,1,1,1992,1,1,1,1,1,1,1,1,1,1
62592,2,1,1992,0,0,0,0,0,0,0,0,0,0
62593,0,1,1992,27,27,27,27,27,27,27,27,27,27
62593,1,1,1992,9,9,9,9,9,9,9,9,9,9
62594,1,1,1992,0,0,0,0,0,0,0,0,0,0
62594,2,1,1992,0,0,0,0,0,0,0,0,0,0
62595,1,1,1992,2,2,2,2,2,2,2,2,2,2
62596,0,1,1992,0,0,0,0,0,0,0,0,0,0
62596,0,2,1992,0,0,0,0,0,0,0,0,0,0
62596,1,1,1992,7,22,0,0,0,0,9,0,10,4
62597,1,1,1992,24,8,20,0,0,0,0,0,0,12
62598,1,1,1992,0,0,0,0,0,0,0,0,0,0
62598,2,1,1992,0,0,0,0,0,0,11,0,0,0
62598,3,1,1992,0,0,0,0,0,0,0,0,28,0
62599,1,1,1992,0,0,0,0,0,0,0,0,0,0
62600,1,1,1992,7,0,0,0,0,0,0,0,0,0
62600,2,1,1992,0,0,0,0,0,0,0,0,0,0
62601,1,1,1992,0,0,0,0,0,0,0,0,0,0
62601,2,1,1992,0,0,0,0,0,0,0,0,0,0
62601,3,1,1992,0,0,0,0,0,0,0,0,0,0
62602,0,1,1992,0,0,0,0,0,0,0,0,0,0
62602,1,1,1992,0,0,0,0,0,0,0,0,0,0
62603,1,1,1992,23,23,23,23,23,23,23,23,23,23
62604,0,1,1992,0,0,0,0,0,0,0,0,0,0
62604,1,1,1992,0,0,0,0,0,0,0,0,0,0
62605,0,1,1992,0,0,0,0,0,0,0,0,0,0
62605,1,1,1992,0,0,0,0,8,0,0,0,0,0
62606,0,1,1992,3,3,3,3,3,3,3,3,3,3
62606,1,1,1992,0,0,0,0,0,0,0,0,0,0
62607,1,1,1992,0,0,0,0,0,0,0,0,0,0
62608,1,1,1992,0,0,0,0,0,0,0,0,0,0
62608,2,1,1992,0,0,0,0,0,9,0,0,0,0
62609,1,1,1992,30,30,30,30,30,30,30,30,30,30
62609,2,1,1992,0,0,0,0,0,0,0,0,0,0
62610,1,1,1992,0,0,0,0,0,0,0,0,0,0
62610,2,1,1992,0,0,0,0,0,0,0,0,0,0
62610,3,1,1992,0,0,0,6,0,0,0,0,0,0
62611,0,1,1992,24,24,24,24,24,24,24,24,24,24
62611,1,1,1992,0,0,0,0,0,0,0,0,0,0
62612,0,1,1992,0,0,0,0,0,0,0,0,0,0
62612,1,1,1992,0,0,0,0,0,0,0,0,0,0
62613,0,1,1992,0,0,0,0,0,0,0,0,0,0
62613,1,1,1992,0,0,0,0,0,0,0,0,0,0
62614,1,1,1992,0,0,9,0,0,0,0,0,0,0
62615,1,1,1992,0,0,0,0,0,0,0,0,0,0
62616,1,1,1992,0,0,0,0,0,0,0,0,21,0
62617,1,1,1992,0,0,0,0,0,0,0,0,0,0
62617,2,1,1992,0,0,0,0,0,0,0,0,0,0
62618,1,1,1992,6,0,0,17,0,0,0,0,0,0
62618,2,1,1992,0,0,0,0,0,0,0,0,0,0
62618,3,1,1992,0,0,0,0,0,0,0,0,0,0
62619,0,1,1992,14,14,14,14,14,14,14,14,14,14
62619,1,1,1992,0,0,0,0,0,0,0,0,0,0
62620,1,1,1992,17,17,17,17,17,17,17,17,17,17
62621,1,1,1992,25,25,25,25,25,25,25,25,25,25
62622,1,1,1992,19,19,19,19,19,19,19,19,19,19
62623,1,1,1992,0,0,0,0,0,0,0,0,0,0
62623,2,1,1992,0,0,0,0,0,0,0,0,0,0
62623,3,1,1992,0,0,0,0,0,0,0,0,0,0
62624,1,1,1992,0,0,0,0,0,0,0,0,0,0
62624,2,1,1992,0,0,0,0,0,0,0,0,0,0
62624,3,1,1992,0,0,0,0,0,0,0,0,0,0
62624,4,1,1992,0,0,0,0,0,0,0,0,0,0
62625,1,1,1992,24,24,24,24,24,24,24,24,24,24
62625,2,1,1992,0,0,0,0,0,0,0,0,0,0
62626,1,1,1992,27,27,27,27,27,27,27,27,27,27
62627,1,1,1992,0,0,0,0,0,0,0,0,0,0
62628,0,1,1992,0,0,0,0,0,0,0,0,0,0
62628,1,1,1992,0,13,0,0,0,8,0,0,0,0
62629,1,1,1992,3,3,3,3,3,3,3,3,3,3
62629,2,1,1992,20,20,20,20,20,20,20,20,20,20
62630,1,1,1992,26,26,26,26,26,26,26,26,26,26
62630,2,1,1992,0,0,0,0,0,0,0,0,0,0
62631,1,1,1992,18,18,18,18,18,18,18,18,18,18
62632,1,1,1992,19,19,19,19,19,19,19,19,19,19
62632,2,1,1992,0,0,0,0,0,0,0,0,0,0
62633,1,1,1992,9,9,9,9,9,9,9,9,9,9
62634,1,1,1992,0,0,0,0,0,0,0,0,0,0
62634,2,1,1992,0,0,0,0,0,0,0,0,0,0
62635,1,1,1992,0,0,0,0,0,0,0,0,0,0
62635,2,1,1992,0,0,0,0,0,0,0,0,0,0
62636,1,1,1992,0,0,0,0,0,0,0,0,0,0
62637,1,1,1992,0,0,0,0,0,0,0,0,0,0
62638,1,1,1992,13,13,13,13,13,13,13,13,13,13
62638,2,1,1992,0,0,0,0,0,0,0,0,0,0
62639,1,1,1992,0,0,0,0,0,0,0,0,0,0
62639,2,1,1992,0,0,0,0,0,0,0,0,0,0
62640,1,1,1992,7,7,7,7,7,7,7,7,7,7
62641,1,1,1992,1,1,1,1,1,1,1,1,1,1
62642,1,1,1992,0,0,0,0,0,0,0,0,0,0
62643,1,1,1992,0,0,0,0,0,0,0,0,0,0
62643,2,1,1992,0,0,0,0,0,0,0,0,0,0
62644,1,1,1992,0,0,0,0,0,0,0,0,0,0
62644,2,1,1992,0,17,0,0,0,0,0,0,0,0
62645,1,1,1992,0,0,0,0,0,0,0,0,0,0
62646,1,1,1992,0,0,0,0,0,0,0,0,0,0
62647,1,1,1992,0,0,0,0,0,0,0,0,0,0
62648,1,1,1992,9,0,19,14,0,19,0,22,20,10
62648,2,1,1992,0,0,0,0,0,0,0,0,0,0
62649,1,1,1992,0,0,0,0,0,0,0,0,0,0
62649,2,1,1992,0,0,0,0,0,0,0,0,0,0
62650,1,1,1992,0,0,0,0,0,0,0,0,0,0
62650,2,1,1992,0,0,0,0,0,0,0,0,0,0
62651,0,1,1992,0,0,0,0,0,0,0,0,0,0
62651,1,1,1992,0,0,0,0,0,0,0,0,0,0
62652,1,1,1992,20,20,20,20,20,20,20,20,20,20
62653,1,1,1992,0,0,0,0,0,0,0,0,0,0
62653,2,1,1992,0,0,0,0,0,0,0,0,0,0
62654,1,1,1992,0,0,0,0,0,0,0,0,0,0
62654,2,1,1992,0,0,0,0,0,0,0,0,0,0
62655,1,1,1992,0,0,0,0,0,0,0,0,0,0
62656,0,1,1992,0,0,0,0,0,0,0,0,0,0
62656,1,1,1992,0,0,0,0,0,0,0,0,0,0
62657,1,1,1992,12,12,12,12,12,12,12,12,12,12
62658,1,1,1992,0,0,0,0,0,0,0,0,0,0
62658,2,1,1992,0,0,0,0,0,0,0,0,0,0
62659,1,1,1992,10,10,10,10,10,10,10,10,10,10
62659,2,1,1992,0,0,0,0,0,0,0,0,0,0
62660,1,1,1992,0,0,0,0,0,0,0,13,0,0
62660,2,1,1992,0,0,0,0,0,0,12,0,0,0
62661,1,1,1992,0,0,0,0,0,0,0,0,0,0
62661,2,1,1992,0,0,0,0,0,0,0,0,0,0
62661,3,1,1992,0,0,0,0,0,0,0,0,0,0
62661,4,1,1992,0,0,0,0,0,0,0,0,0,0
62661,5,1,1992,0,0,0,0,0,0,0,0,0,0
62662,1,1,1992,0,0,0,0,0,0,0,0,0,0
62662,2,1,1992,0,0,0,0,0,0,0,0,0,0
62663,1,1,1992,0,0,0,0,0,0,0,0,0,0
62663,2,1,1992,0,0,0,0,0,0,0,0,0,0
62664,0,1,1992,0,0,0,0,0,0,0,0,0,0
62664,1,1,1992,0,0,0,0,0,0,0,0,0,0
62665,1,1,1992,15,15,15,15,15,15,15,15,15,15
62666,1,1,1992,0,11,13,11,0,0,15,5,0,0
62667,1,1,1992,11,26,33,31,17,22,0,0,20,3
62668,0,1,1992,0,0,0,0,0,0,0,0,0,0
62668,1,1,1992,0,0,0,0,0,0,0,0,0,0
62669,1,1,1992,0,0,0,0,0,0,0,0,0,0
62669,2,1,1992,0,0,0,0,0,0,0,0,0,0
62670,0,1,1992,24,24,24,24,24,24,24,24,24,24
62670,1,1,1992,0,0,0,0,0,0,0,0,0,0
62671,1,1,1992,0,0,0,0,0,0,0,0,0,0
62671,2,1,1992,0,0,0,0,0,0,0,0,0,0
62672,1,1,1992,0,0,0,0,0,0,0,0,0,0
62672,2,1,1992,15,0,0,0,0,11,0,0,0,10
62673,0,1,1992,0,0,0,0,0,0,0,0,0,0
62673,1,1,1992,11,0,32,0,0,0,15,0,0,0
62674,1,1,1992,0,0,0,0,0,0,0,0,0,0
62674,2,1,1992,0,0,0,0,0,0,0,0,0,0
62675,1,1,1992,4,4,4,4,4,4,4,4,4,4
62675,2,1,1992,0,0,0,0,0,0,0,0,0,0
62676,0,1,1992,0,0,0,0,0,0,0,0,0,0
62676,1,1,1992,0,0,0,0,0,0,0,0,0,0
62677,1,1,1992,0,0,0,0,0,0,0,0,0,0
62677,2,1,1992,0,0,0,0,0,0,0,0,0,0
62678,0,1,1992,21,21,21,21,21,21,21,21,21,21
62678,1,1,1992,28,0,0,0,0,0,0,0,0,0
62679,1,1,1992,0,0,0,0,0,0,0,0,0,0
62680,1,1,1992,18,18,18,18,18,18,18,18,18,18
62681,1,1,1992,6,6,6,6,6,6,6,6,6,6
62681,2,1,1992,0,0,0,0,0,0,0,0,0,0
62682,0,1,1992,0,0,0,0,0,0,0,0,0,0
62682,1,1,1992,0,0,0,0,0,0,0,0,0,0
62683,1,1,1992,0,0,0,0,0,0,0,0,0,0
62684,1,1,1992,13,13,13,13,13,13,13,13,13,13
62685,1,1,1992,20,20,20,20,20,20,20,20,20,20
62686,1,1,1992,18,18,18,18,18,18,18,18,18,18
62687,1,1,1992,0,0,0,0,0,0,0,0,0,8
62687,2,1,1992,0,0,0,0,0,0,0,0,0,0
62688,1,1,1992,0,0,0,0,0,0,0,0,0,0
62688,2,1,1992,0,0,0,0,0,0,0,0,0,0
62688,3,1,1992,0,0,0,0,0,0,0,0,0,0
62689,1,1,1992,8,8,8,8,8,8,8,8,8,8
62689,2,1,1992,0,0,0,0,0,0,0,0,0,0
62690,0,1,1992,0,0,0,0,0,0,0,0,0,0
62690,1,1,1992,24,24,24,24,24,24,24,24,24,24
62691,1,1,1992,12,24,21,8,13,25,15,10,0,14
62692,1,1,1992,0,0,0,0,0,0,0,0,0,0
62693,1,1,1992,24,24,24,24,24,24,24,24,24,24
62694,1,1,1992,0,0,0,0,0,0,0,0,0,0
62695,1,1,1992,0,0,0,0,0,0,0,0,0,0
62695,2,1,1992,0,0,0,0,0,0,0,0,0,0
62696,1,1,1992,0,0,0,0,0,0,0,0,0,0