ST_CASE,VEH_NO,PER_NO,YEAR,P1,P2,P3,P4,P5,P6,P7,P8,P9,P10
62697,0,1,1992,0,0,0,0,4,0,0,0,0,0
62697,2,1,1992,0,0,0,0,0,0,0,0,0,0
62698,1,1,1992,0,0,0,0,0,0,0,0,0,0
62698,2,1,1992,0,0,0,0,0,0,0,0,0,0
62699,0,1,1992,0,0,0,0,0,0,0,0,0,0
62699,1,1,1992,6,0,0,0,0,0,0,0,0,0
62700,1,1,1992,0,0,0,0,0,0,0,0,0,0
62701,1,1,1992,17,17,17,17,17,17,17,17,17,17
62701,2,1,1992,0,0,0,0,0,0,0,0,0,0
62702,1,1,1992,8,9,32,18,7,24,15,11,3,21
62702,2,1,1992,17,17,17,17,17,17,17,17,17,17
62703,1,1,1992,1,1,1,1,1,1,1,1,1,1
62704,1,1,1992,27,27,27,27,27,27,27,27,27,27
62705,1,1,1992,0,0,0,0,0,0,0,0,0,0
62706,1,1,1992,17,13,0,0,0,0,0,0,0,0
62706,2,1,1992,0,0,0,0,0,0,0,0,0,0
62707,1,1,1992,0,0,0,0,0,0,0,0,2,0
62707,2,1,1992,0,0,0,0,0,0,0,0,0,0
62707,3,1,1992,0,0,0,0,0,0,0,0,0,0
62708,1,1,1992,0,0,0,21,6,0,16,23,13,0
62709,1,1,1992,2,2,2,2,2,2,2,2,2,2
62710,1,1,1992,0,0,0,0,0,0,20,0,0,0
62711,1,1,1992,20,20,20,20,20,20,20,20,20,20
62712,0,1,1992,0,0,0,0,0,0,0,0,0,0
62712,1,1,1992,0,0,0,0,0,0,0,0,0,0
62713,0,1,1992,0,0,0,0,0,0,0,0,0,0
62713,1,1,1992,0,0,0,0,0,0,0,0,0,0
62714,1,1,1992,0,26,0,0,0,0,0,0,0,0
62715,1,1,1992,0,0,0,0,0,0,0,0,0,0
62716,0,1,1992,0,0,0,0,0,0,0,0,0,0
62716,1,1,1992,0,21,0,0,0,9,0,0,0,0
62717,1,1,1992,20,20,20,20,20,20,20,20,20,20
62718,0,1,1992,22,22,22,22,22,22,22,22,22,22
62718,1,1,1992,0,0,0,0,0,0,0,0,0,0
62719,1,1,1992,0,0,0,0,0,0,0,0,0,0
62720,1,1,1992,13,13,13,13,13,13,13,13,13,13
62721,1,1,1992,0,0,0,0,0,0,0,0,0,0
62721,2,1,1992,0,0,0,0,0,0,0,0,0,0
62722,1,1,1992,23,23,23,23,23,23,23,23,23,23
62722,2,1,1992,0,0,0,0,0,0,0,0,0,0
62723,1,1,1992,10,10,10,10,10,10,10,10,10,10
62724,1,1,1992,28,28,28,28,28,28,28,28,28,28
62724,2,1,1992,0,20,27,24,30,16,0,0,0,5
62725,1,1,1992,0,0,0,0,0,0,0,0,0,0
62725,2,1,1992,0,0,0,0,0,0,0,0,0,0
62726,1,1,1992,0,0,0,0,0,0,0,0,0,0
62726,2,1,1992,0,0,0,0,0,0,0,0,0,0
62727,1,1,1992,20,44,13,12,21,9,12,10,23,8
62728,0,1,1992,0,0,0,0,0,0,0,0,0,0
62728,1,1,1992,16,0,0,19,19,7,15,0,33,16
62729,0,1,1992,22,32,18,0,0,6,43,38,37,20
62729,1,1,1992,0,0,0,0,0,0,0,0,0,0
62730,1,1,1992,15,15,15,15,15,15,15,15,15,15
62730,2,1,1992,0,0,0,0,18,0,0,0,0,0
62731,1,1,1992,21,21,21,21,21,21,21,21,21,21
62732,0,1,1992,0,0,0,0,0,0,0,0,0,0
62732,1,1,1992,0,0,0,0,0,0,0,0,0,0
62733,1,1,1992,35,35,35,35,35,35,35,35,35,35
62734,1,1,1992,20,20,20,20,20,20,20,20,20,20
62735,1,1,1992,14,14,14,14,14,14,14,14,14,14
62736,1,1,1992,0,0,0,0,0,0,0,0,0,0
62737,0,1,1992,0,0,0,0,0,0,0,0,0,0
62737,1,1,1992,0,0,0,0,0,0,0,0,0,0
62738,1,1,1992,0,0,0,0,0,0,0,0,0,0
62738,2,1,1992,0,0,0,0,0,0,0,0,0,0
62739,1,1,1992,19,19,19,19,19,19,19,19,19,19
62739,2,1,1992,0,0,0,0,0,0,0,0,0,0
62740,1,1,1992,2,2,2,2,2,2,2,2,2,2
62741,1,1,1992,0,0,10,0,0,0,0,0,6,0
62741,2,1,1992,0,0,0,0,0,0,0,0,0,0
62742,1,1,1992,1,1,1,1,1,1,1,1,1,1
62743,1,1,1992,0,0,0,0,0,0,0,0,0,0
62743,2,1,1992,0,0,0,0,0,0,0,0,0,0
62743,3,1,1992,0,0,0,0,0,0,0,0,0,2
62743,4,1,1992,0,0,17,0,0,0,0,0,0,0
62744,1,1,1992,0,0,0,0,0,0,0,0,0,0
62744,2,1,1992,0,0,0,0,0,0,0,0,0,0
62744,3,1,1992,0,0,0,0,0,0,0,0,0,0
62745,1,1,1992,2,2,2,2,2,2,2,2,2,2
62745,2,1,1992,0,0,0,0,0,0,0,0,0,0
62746,1,1,1992,0,0,0,0,0,0,0,0,0,0
62746,2,1,1992,0,0,0,0,0,0,0,0,0,0
62747,0,1,1992,0,0,0,0,0,0,0,0,0,0
62747,1,1,1992,0,0,0,0,0,0,0,0,0,0
62748,1,1,1992,0,0,0,0,0,0,0,0,0,0
62748,2,1,1992,0,0,0,0,0,0,0,0,0,0
62749,0,1,1992,0,0,0,0,0,0,0,0,0,0
62749,1,1,1992,0,0,0,0,0,0,0,0,0,0
62750,1,1,1992,5,5,5,5,5,5,5,5,5,5
62750,2,1,1992,0,0,0,0,0,0,0,0,0,0
62751,1,1,1992,0,0,0,0,0,0,0,0,0,0
62751,2,1,1992,0,0,0,0,0,0,0,0,0,0
62752,1,1,1992,0,0,0,0,0,0,0,0,0,0
62753,0,1,1992,0,35,20,18,0,40,14,0,11,32
62753,1,1,1992,0,20,0,0,0,0,0,0,0,0
62754,1,1,1992,40,40,40,40,40,40,40,40,40,40
62754,2,1,1992,12,12,12,12,12,12,12,12,12,12
62755,1,1,1992,0,0,0,0,0,0,0,0,0,0
62756,1,1,1992,14,14,14,14,14,14,14,14,14,14
62757,1,1,1992,15,15,15,15,15,15,15,15,15,15
62757,2,1,1992,2,2,2,2,2,2,2,2,2,2
62758,1,1,1992,22,0,19,0,12,0,6,0,17,16
62758,2,1,1992,0,0,0,0,0,0,0,0,0,0
62759,1,1,1992,0,0,0,0,0,0,0,0,0,0
62760,1,1,1992,0,0,0,0,0,0,0,0,0,0
62760,2,1,1992,11,11,11,11,11,11,11,11,11,11
62760,3,1,1992,0,0,7,0,0,0,0,0,0,0
62760,4,1,1992,14,8,7,9,18,5,10,15,22,0
62760,5,1,1992,0,0,0,0,0,0,0,0,0,0
62761,0,1,1992,0,0,0,0,0,0,0,0,0,0
62761,1,1,1992,0,0,23,13,0,23,0,0,11,0
62762,1,1,1992,0,16,15,0,0,15,0,0,0,0
62762,2,1,1992,0,0,0,0,0,0,0,0,0,0
62762,3,1,1992,0,0,0,0,0,0,0,0,0,0
62763,1,1,1992,0,0,0,0,0,0,0,0,0,0
62764,0,1,1992,19,19,19,19,19,19,19,19,19,19
62764,1,1,1992,0,0,0,0,19,0,0,0,0,0
62765,0,1,1992,0,0,0,0,0,0,0,0,0,0
62765,1,1,1992,0,0,0,0,0,0,0,0,0,0
62766,1,1,1992,13,13,13,13,13,13,13,13,13,13
62766,2,1,1992,0,0,0,0,0,0,0,0,0,0
62767,1,1,1992,28,28,28,28,28,28,28,28,28,28
62768,1,1,1992,0,0,0,0,0,0,0,0,0,0
62769,0,1,1992,0,0,0,0,0,0,0,0,0,0
62769,1,1,1992,0,0,0,0,0,0,0,0,0,0
62770,1,1,1992,0,0,0,0,0,0,0,0,0,0
62770,2,1,1992,0,0,0,0,0,0,0,0,0,0
62771,0,1,1992,22,22,22,22,22,22,22,22,22,22
62771,1,1,1992,0,0,0,0,0,0,0,0,0,0
62771,2,1,1992,0,0,0,0,0,0,0,0,0,0
62772,1,1,1992,0,0,0,0,0,0,0,0,0,0
62773,1,1,1992,0,0,0,0,0,0,0,0,0,0
62773,2,1,1992,12,12,12,12,12,12,12,12,12,12
62774,1,1,1992,15,15,15,15,15,15,15,15,15,15
62775,1,1,1992,19,19,19,19,19,19,19,19,19,19
62776,1,1,1992,3,3,3,3,3,3,3,3,3,3
62777,1,1,1992,0,0,0,0,0,0,0,0,0,0
62777,2,1,1992,0,0,0,0,0,0,0,0,0,0
62778,0,1,1992,0,0,0,0,0,0,0,0,0,0
62778,1,1,1992,1,1,1,1,1,1,1,1,1,1
62779,1,1,1992,0,0,0,0,0,0,0,0,0,0
62780,1,1,1992,24,24,24,24,24,24,24,24,24,24
62780,2,1,1992,17,17,17,17,17,17,17,17,17,17
62781,1,1,1992,29,29,29,29,29,29,29,29,29,29
62782,1,1,1992,0,0,0,0,0,13,0,0,13,0
62783,1,1,1992,27,27,27,27,27,27,27,27,27,27
62783,2,1,1992,0,0,0,0,0,0,0,0,0,0
62784,1,1,1992,0,0,0,0,0,0,0,0,0,0
62785,1,1,1992,0,0,0,0,0,0,0,0,0,0
62785,2,1,1992,0,0,0,0,0,0,0,0,0,0
62785,3,1,1992,0,0,0,0,0,0,0,0,0,0
62786,1,1,1992,0,0,0,0,0,0,0,0,0,0
62786,2,1,1992,0,0,0,0,0,5,0,0,0,0
62786,3,1,1992,0,0,0,0,0,0,0,0,0,0
62787,1,1,1992,13,34,16,19,27,22,36,18,0,13
62788,0,1,1992,0,0,0,0,0,0,0,0,0,0
62788,1,1,1992,0,0,0,0,0,0,0,0,0,0
62789,0,1,1992,0,0,0,0,0,0,0,0,0,0
62789,1,1,1992,0,0,0,0,0,0,0,0,0,0
62790,1,1,1992,10,10,10,10,10,10,10,10,10,10
62790,2,1,1992,0,14,0,0,21,0,0,0,6,19
62790,3,1,1992,0,0,0,0,0,0,0,0,0,0
62791,1,1,1992,10,10,10,10,10,10,10,10,10,10
62792,0,1,1992,0,0,0,0,0,0,0,0,0,0
62792,1,1,1992,0,0,0,0,0,0,0,0,0,0
62793,0,1,1992,12,12,12,12,12,12,12,12,12,12
62793,1,1,1992,0,0,0,0,0,4,0,0,0,0
62793,2,1,1992,4,0,0,0,0,0,0,0,11,0
62794,1,1,1992,0,0,0,0,0,0,0,0,0,0
62794,2,1,1992,0,0,0,0,0,0,0,0,0,0
62795,0,1,1992,19,19,19,19,19,19,19,19,19,19
62795,1,1,1992,0,0,0,0,0,0,0,0,0,0
62796,1,1,1992,18,18,18,18,18,18,18,18,18,18
62797,1,1,1992,0,0,0,0,0,0,0,0,0,0
62797,2,1,1992,0,0,0,0,0,0,0,0,0,0
62798,1,1,1992,0,0,0,0,0,0,0,0,0,0
62798,2,1,1992,14,0,0,0,0,0,0,21,0,0
62798,3,1,1992,0,0,11,0,0,0,0,20,0,0
62799,1,1,1992,23,23,23,23,23,23,23,23,23,23
62799,2,1,1992,0,0,0,0,0,0,0,0,0,0
62800,1,1,1992,0,0,0,0,0,0,0,0,0,0
62801,1,1,1992,0,0,0,0,0,0,0,0,0,0
62801,2,1,1992,0,0,0,0,0,0,0,0,0,0
62802,0,1,1992,0,0,0,0,0,0,0,0,0,0
62802,1,1,1992,0,0,0,0,0,0,0,0,0,0
62803,1,1,1992,0,0,0,0,0,0,0,0,0,0
62803,2,1,1992,0,0,0,0,0,0,0,0,0,0
62804,1,1,1992,11,11,11,11,11,11,11,11,11,11
62804,2,1,1992,0,0,0,0,0,0,0,0,0,0
62805,0,1,1992,4,4,4,4,4,4,4,4,4,4
62805,1,1,1992,0,0,0,0,0,0,0,0,0,0
62806,1,1,1992,0,0,0,0,0,0,0,0,0,0
62806,2,1,1992,0,0,0,0,0,0,0,0,0,0
62807,1,1,1992,16,16,16,16,16,16,16,16,16,16
62807,2,1,1992,0,0,0,0,0,0,0,0,0,0
62808,1,1,1992,27,27,27,27,27,27,27,27,27,27
62809,1,1,1992,18,18,18,18,18,18,18,18,18,18
62810,1,1,1992,0,0,0,0,0,0,0,0,0,0
62811,0,1,1992,0,0,0,0,0,0,0,0,0,0
62811,1,1,1992,0,0,0,0,10,0,0,0,0,0
62812,1,1,1992,0,18,0,0,0,0,0,8,0,0
62813,1,1,1992,0,0,0,0,0,0,0,0,0,0
62813,2,1,1992,0,9,0,0,0,0,0,0,0,0
62814,0,1,1992,0,0,0,0,0,0,0,16,0,12
62814,1,1,1992,0,0,0,0,0,0,0,0,0,0
62815,1,1,1992,4,4,4,4,4,4,4,4,4,4
62816,1,1,1992,0,0,0,0,0,0,0,0,0,0
62816,2,1,1992,0,0,0,0,0,0,0,0,0,0
62817,0,1,1992,36,36,36,36,36,36,36,36,36,36
62817,1,1,1992,0,7,0,0,0,0,0,0,0,26
62818,1,1,1992,13,13,13,13,13,13,13,13,13,13
62819,1,1,1992,0,0,0,0,0,0,0,0,0,0
62819,2,1,1992,0,0,0,0,0,0,0,0,0,0
62820,1,1,1992,0,0,0,0,0,0,0,0,0,0
62820,2,1,1992,4,0,0,22,0,13,13,15,21,0
62821,0,1,1992,25,25,25,25,25,25,25,25,25,25
62821,1,1,1992,0,0,0,0,0,0,0,0,0,0
62822,0,1,1992,0,0,0,0,0,0,0,0,0,0
62822,1,1,1992,0,0,0,0,0,0,0,0,0,0
62823,0,1,1992,0,0,0,0,0,0,0,0,0,0
62823,1,1,1992,8,0,0,7,7,19,0,19,9,0
62824,1,1,1992,0,0,0,0,0,0,0,0,0,0
62824,2,1,1992,0,0,0,0,0,0,0,0,0,0
62825,1,1,1992,0,0,0,0,0,0,0,0,0,0
62825,2,1,1992,0,0,0,0,0,0,0,0,0,0
62825,3,1,1992,0,0,0,0,5,0,0,0,0,0
62825,4,1,1992,0,0,0,0,0,0,12,0,0,0
62826,1,1,1992,0,0,0,0,0,0,0,0,0,0
62826,2,1,1992,0,0,10,0,0,0,0,0,20,0
62827,1,1,1992,21,21,21,21,21,21,21,21,21,21
62828,1,1,1992,0,0,0,0,0,0,0,0,0,0
62828,2,1,1992,0,0,0,0,0,0,0,0,0,0
62829,1,1,1992,0,0,0,0,0,0,0,0,0,0
62830,1,1,1992,0,0,0,0,0,0,0,0,0,0
62830,2,1,1992,0,0,0,0,0,0,0,0,0,0
62831,1,1,1992,0,0,0,0,0,0,0,0,0,0
62831,2,1,1992,0,0,0,0,0,0,0,0,0,0
62832,1,1,1992,16,16,16,16,16,16,16,16,16,16
62832,2,1,1992,0,3,0,0,0,0,0,0,0,0
62833,1,1,1992,11,11,11,11,11,11,11,11,11,11
62833,2,1,1992,0,0,0,0,0,23,0,0,0,0
62834,1,1,1992,22,22,22,22,22,22,22,22,22,22
62835,0,1,1992,7,7,7,7,7,7,7,7,7,7
62835,1,1,1992,0,0,0,0,0,4,0,0,0,0
62836,1,1,1992,25,25,25,25,25,25,25,25,25,25
62837,1,1,1992,0,0,0,0,0,0,0,0,0,0
62838,1,1,1992,0,0,0,0,0,0,0,0,0,0
62838,2,1,1992,0,0,0,0,0,0,0,0,0,0
62838,3,1,1992,0,0,0,0,0,0,0,0,0,0
62839,1,1,1992,0,0,0,0,0,0,0,0,0,0
62840,1,1,1992,0,0,0,0,0,0,0,0,0,0
62840,2,1,1992,0,0,0,0,0,0,0,0,0,0
62841,1,1,1992,0,0,0,0,0,0,0,0,0,0
62841,2,1,1992,0,0,0,0,0,0,0,0,0,0
62842,1,1,1992,0,0,0,0,0,0,0,0,0,0
62843,1,1,1992,0,0,0,0,0,0,0,0,0,0
62843,2,1,1992,0,0,0,0,0,0,0,0,0,0
62844,1,1,1992,0,0,0,0,0,0,0,0,0,0
62845,1,1,1992,0,0,0,0,0,0,0,0,13,0
62846,0,1,1992,0,0,0,0,0,0,0,0,0,0
62846,1,1,1992,0,0,0,0,0,0,0,0,0,0
62847,1,1,1992,0,0,0,0,0,0,0,0,0,0
62848,1,1,1992,24,24,24,24,24,24,24,24,24,24
62849,1,1,1992,0,0,0,0,0,0,0,0,0,0
62850,1,1,1992,27,27,27,27,27,27,27,27,27,27
62851,1,1,1992,0,0,0,0,0,0,0,0,0,0
62852,1,1,1992,30,30,30,30,30,30,30,30,30,30
62853,1,1,1992,5,5,5,5,5,5,5,5,5,5
62854,1,1,1992,23,23,23,23,23,23,23,23,23,23
62855,1,1,1992,0,0,0,0,0,0,0,0,0,0
62856,1,1,1992,14,14,14,14,14,14,14,14,14,14
62857,1,1,1992,0,0,0,0,0,0,0,0,0,0
62858,0,1,1992,0,0,0,0,0,0,0,0,0,0
62858,1,1,1992,22,0,0,0,0,0,0,0,0,14
62859,1,1,1992,20,20,20,20,20,20,20,20,20,20
62860,1,1,1992,12,12,12,12,12,12,12,12,12,12
62861,1,1,1992,37,0,29,2,8,5,15,9,0,0
62862,1,1,1992,0,0,0,0,0,0,0,0,0,0
62863,0,1,1992,0,0,0,0,0,0,0,0,0,0
62863,1,1,1992,0,0,0,0,0,0,0,0,0,0
62864,1,1,1992,0,0,0,0,0,0,0,0,0,0
62864,2,1,1992,3,3,3,3,3,3,3,3,3,3
62865,0,1,1992,0,0,0,0,0,0,0,0,0,0
62865,1,1,1992,0,0,0,0,18,0,0,0,0,0
62866,0,1,1992,0,0,0,0,0,0,0,0,0,0
62866,1,1,1992,0,0,0,0,0,0,0,0,0,0
62867,1,1,1992,0,0,0,0,0,0,0,0,0,0
62867,2,1,1992,0,0,0,0,0,0,0,0,0,0
62867,3,1,1992,20,20,20,20,20,20,20,20,20,20
62868,1,1,1992,24,24,24,24,24,24,24,24,24,24
62869,1,1,1992,0,0,18,29,0,0,21,0,0,18
62869,2,1,1992,0,0,0,0,0,0,0,0,0,0
62870,0,1,1992,0,0,0,0,0,0,0,0,0,0
62870,1,1,1992,0,0,8,0,0,0,0,0,0,0
62871,1,1,1992,0,0,0,0,0,0,0,0,0,0
62871,2,1,1992,0,0,0,0,0,0,0,0,0,0
62872,1,1,1992,0,0,0,0,0,0,0,0,0,0
62873,1,1,1992,0,0,0,0,0,0,0,0,0,0
62873,2,1,1992,0,0,0,0,0,0,0,0,0,8
62874,1,1,1992,4,4,4,4,4,4,4,4,4,4
62875,1,1,1992,0,0,0,0,0,0,0,0,0,0
62875,2,1,1992,0,0,0,0,0,0,0,0,0,0
62876,0,1,1992,44,44,44,44,44,44,44,44,44,44
62876,1,1,1992,0,0,0,0,0,0,0,0,0,0
62878,0,1,1992,0,0,0,0,0,0,0,0,0,0
62878,1,1,1992,0,0,0,0,0,16,0,0,0,0
62879,1,1,1992,22,22,22,22,22,22,22,22,22,22
62880,1,1,1992,0,0,0,0,0,0,9,0,0,0
62881,1,1,1992,14,14,14,14,14,14,14,14,14,14
62882,1,1,1992,10,10,10,10,10,10,10,10,10,10
62883,1,1,1992,17,17,17,17,17,17,17,17,17,17
62884,1,1,1992,0,0,0,0,0,0,0,0,0,0
62884,2,1,1992,0,0,0,0,0,0,0,0,0,0
62885,1,1,1992,0,0,0,0,0,0,0,0,0,0
62886,1,1,1992,0,0,0,0,0,0,0,0,0,7
62887,1,1,1992,17,17,17,17,17,17,17,17,17,17
62888,0,1,1992,0,0,0,0,0,0,0,0,0,0
62888,1,1,1992,7,7,7,7,7,7,7,7,7,7
62889,1,1,1992,7,7,7,7,7,7,7,7,7,7
62890,1,1,1992,13,13,13,13,13,13,13,13,13,13
62890,2,1,1992,0,0,0,0,0,0,0,0,0,0
62891,1,1,1992,0,0,0,0,0,0,0,0,0,0
62892,1,1,1992,0,0,0,0,0,0,0,0,0,0
62893,1,1,1992,0,0,0,0,0,0,0,0,0,0
62894,0,1,1992,0,0,0,0,0,0,0,0,0,0
62894,1,1,1992,0,0,0,0,0,0,0,0,0,0
62895,0,1,1992,8,8,8,8,8,8,8,8,8,8
62895,1,1,1992,0,0,0,0,0,0,0,0,0,0
62896,1,1,1992,19,19,19,19,19,19,19,19,19,19
62897,1,1,1992,0,0,0,0,17,9,0,26,3,0
62898,1,1,1992,0,0,0,0,0,0,0,0,0,0
62898,2,1,1992,0,0,0,0,0,0,0,0,0,0
62899,1,1,1992,0,0,0,0,0,0,0,0,0,0
62899,2,1,1992,0,0,0,0,0,0,0,0,0,0
62900,1,1,1992,0,0,0,0,0,0,0,0,0,0
62901,1,1,1992,0,0,0,0,0,0,0,0,0,0
62901,2,1,1992,0,0,0,0,0,0,0,0,0,0
62902,1,1,1992,0,0,0,0,0,0,0,0,0,0
62902,2,1,1992,0,0,0,0,0,0,0,0,0,0
62903,1,1,1992,0,0,0,0,0,0,0,0,0,0
62903,2,1,1992,0,0,0,0,0,0,0,0,0,0
62904,1,1,1992,0,0,0,0,0,0,0,0,0,0
62905,0,1,1992,0,0,0,0,0,0,0,0,0,0
62905,0,2,1992,0,0,0,0,0,0,0,0,0,0
62905,1,1,1992,0,0,0,0,0,0,0,0,0,0
62906,1,1,1992,0,0,0,0,0,0,0,0,0,0
62906,2,1,1992,0,0,0,0,0,0,0,0,0,0
62906,3,1,1992,0,0,0,0,0,0,0,0,0,0
62907,1,1,1992,16,16,16,16,16,16,16,16,16,16
62908,1,1,1992,14,14,14,14,14,14,14,14,14,14
62908,2,1,1992,0,0,0,0,0,0,0,0,0,0
62908,3,1,1992,0,0,0,0,0,0,0,0,0,0
62909,1,1,1992,11,11,11,11,11,11,11,11,11,11
62909,2,1,1992,0,0,0,0,0,0,0,0,0,0
62910,1,1,1992,18,18,18,18,18,18,18,18,18,18
62910,2,1,1992,0,0,0,0,0,0,0,0,0,0
62911,1,1,1992,0,0,0,0,0,0,0,0,0,0
62911,2,1,1992,0,0,0,0,0,0,44,0,0,0
62912,0,1,1992,0,0,0,0,0,0,0,0,0,0
62912,1,1,1992,20,20,20,20,20,20,20,20,20,20
62913,1,1,1992,0,0,0,0,0,0,0,0,10,0
62914,1,1,1992,24,24,24,24,24,24,24,24,24,24
62914,2,1,1992,0,0,0,0,0,0,0,0,0,0
62914,3,1,1992,0,9,10,4,0,0,0,0,0,0
62915,1,1,1992,0,4,0,0,0,0,0,9,0,0
62915,2,1,1992,0,0,0,0,0,0,0,0,0,0
62916,1,1,1992,6,6,6,6,6,6,6,6,6,6
62917,1,1,1992,0,0,0,0,0,0,0,0,0,0
62918,1,1,1992,11,11,11,11,11,11,11,11,11,11
62918,2,1,1992,0,0,0,0,0,0,0,0,0,0
62918,3,1,1992,0,0,0,0,0,0,0,0,0,0
62919,0,1,1992,22,22,22,22,22,22,22,22,22,22
62919,1,1,1992,21,0,0,0,0,0,0,0,0,0
62920,1,1,1992,0,0,0,0,0,0,0,0,0,0
62921,1,1,1992,0,0,0,0,0,0,0,0,0,0
62922,1,1,1992,0,0,0,0,0,0,0,0,0,0
62923,1,1,1992,0,0,0,0,0,0,0,0,0,0
62923,2,1,1992,0,0,0,0,0,0,0,0,0,0
62924,1,1,1992,0,0,0,0,0,0,0,0,0,0
62924,2,1,1992,0,0,0,0,0,0,0,0,0,0
62924,3,1,1992,0,0,0,0,0,0,0,0,0,0
62925,0,1,1992,0,0,0,0,0,0,0,0,0,0
62925,1,1,1992,0,0,0,0,0,0,0,0,0,0
62926,1,1,1992,0,0,0,0,0,0,0,0,0,0
62927,1,1,1992,1,1,1,1,1,1,1,1,1,1
62928,0,1,1992,0,0,0,0,0,0,0,0,0,0
62928,1,1,1992,0,0,0,0,0,18,0,0,0,0
62929,1,1,1992,9,9,9,9,9,9,9,9,9,9
62930,0,1,1992,0,0,0,0,0,0,0,0,0,0
62930,0,2,1992,17,0,15,0,0,9,0,14,0,0
62930,1,1,1992,10,11,0,0,0,0,0,0,0,0
62931,1,1,1992,0,0,0,0,0,0,0,0,0,0
62931,2,1,1992,0,0,0,0,0,0,0,0,0,0
62932,1,1,1992,26,26,26,26,26,26,26,26,26,26
62933,1,1,1992,0,0,0,0,0,0,0,0,0,0
62933,2,1,1992,0,0,0,0,0,0,0,0,0,0
62933,3,1,1992,0,0,0,0,0,0,0,0,0,0
62934,1,1,1992,0,0,0,0,0,0,0,0,0,0
62935,1,1,1992,29,29,29,29,29,29,29,29,29,29
62936,1,1,1992,9,9,9,9,9,9,9,9,9,9
62936,2,1,1992,0,0,0,0,0,5,0,0,0,0
62936,3,1,1992,0,0,0,0,0,0,0,0,0,0
62937,1,1,1992,0,0,0,0,0,0,0,0,0,0
62937,2,1,1992,0,0,0,0,0,0,0,0,0,0
62938,1,1,1992,0,0,0,0,0,0,0,0,0,0
62938,2,1,1992,0,0,0,0,0,0,0,0,0,0
62939,1,1,1992,18,18,18,18,18,18,18,18,18,18
62940,1,1,1992,17,0,0,0,0,4,0,0,0,9
62941,1,1,1992,13,13,13,13,13,13,13,13,13,13
62942,1,1,1992,7,7,7,7,7,7,7,7,7,7
62943,1,1,1992,0,0,0,0,0,0,0,0,0,0
62943,2,1,1992,0,0,0,0,0,0,0,0,0,0
62944,1,1,1992,7,0,9,0,7,21,16,0,24,11
62945,1,1,1992,0,0,0,0,0,0,0,0,0,0
62946,1,1,1992,0,0,0,0,0,0,0,0,0,0
62947,0,1,1992,0,0,0,0,0,0,0,0,0,0
62947,1,1,1992,0,0,0,0,0,0,0,0,0,0
62948,1,1,1992,12,12,12,12,12,12,12,12,12,12
62948,2,1,1992,0,0,0,0,0,0,0,0,0,0
62949,1,1,1992,0,0,0,0,0,0,0,0,0,0
62950,0,1,1992,0,0,0,0,0,0,0,0,0,0
62951,0,1,1992,0,0,0,0,0,0,0,0,0,0
62951,1,1,1992,0,0,0,0,0,10,0,0,11,10
62952,1,1,1992,0,0,18,0,0,0,0,0,0,19
62953,0,1,1992,34,34,34,34,34,34,34,34,34,34
62953,1,1,1992,0,0,0,0,0,0,0,0,0,0
62954,0,1,1992,0,0,0,0,0,0,0,0,0,5
62954,1,1,1992,5,5,5,5,5,5,5,5,5,5
62955,0,1,1992,0,0,0,0,0,0,0,0,0,0
62955,1,1,1992,18,0,0,0,24,0,0,0,0,0
62955,2,1,1992,0,0,0,0,0,0,0,0,0,0
62956,1,1,1992,0,0,0,0,0,0,0,0,0,0
62956,2,1,1992,0,0,0,0,0,0,0,0,0,0
62957,1,1,1992,15,15,15,15,15,15,15,15,15,15
62958,1,1,1992,0,0,0,0,0,0,0,0,0,0
62958,2,1,1992,0,0,0,0,0,0,0,0,0,0
62958,3,1,1992,0,0,0,0,25,0,0,0,0,0
62959,1,1,1992,0,0,0,0,0,0,0,0,0,0
62959,2,1,1992,0,0,0,0,0,0,0,0,0,0
62960,0,1,1992,9,9,9,9,9,9,9,9,9,9
62960,1,1,1992,0,0,10,0,0,0,0,14,7,0
62961,1,1,1992,0,0,0,0,0,0,0,0,0,0
62962,1,1,1992,0,0,0,0,0,0,0,0,0,0
62963,1,1,1992,0,0,0,0,0,0,0,0,0,0
62964,1,1,1992,3,3,3,3,3,3,3,3,3,3
62965,1,1,1992,0,0,14,0,0,0,0,0,0,0
62966,1,1,1992,31,31,31,31,31,31,31,31,31,31
62966,2,1,1992,0,0,0,0,0,0,0,0,0,0
62967,1,1,1992,0,0,11,0,0,0,0,22,5,0
62967,2,1,1992,22,0,0,0,0,0,0,0,0,0
62967,3,1,1992,0,0,0,0,0,0,0,0,0,0
62967,4,1,1992,0,0,0,0,0,0,0,0,0,0
62967,5,1,1992,0,0,0,0,13,0,0,0,0,2
62968,1,1,1992,9,12,14,9,7,13,3,0,7,7
62968,2,1,1992,0,0,0,0,0,0,0,0,0,0
62969,1,1,1992,21,21,21,21,21,21,21,21,21,21
62969,2,1,1992,0,0,0,0,0,0,0,0,0,0
62970,0,1,1992,0,0,0,0,0,0,0,0,0,0
62970,1,1,1992,0,0,0,0,0,0,0,0,0,0
62971,0,1,1992,18,0,16,0,11,0,0,13,29,26
62971,1,1,1992,17,17,17,17,17,17,17,17,17,17
62972,1,1,1992,0,0,0,0,0,0,0,0,0,0
62972,2,1,1992,8,8,8,8,8,8,8,8,8,8
62973,1,1,1992,9,9,9,9,9,9,9,9,9,9
62973,2,1,1992,0,0,0,0,0,0,0,0,0,0
62974,0,1,1992,0,0,0,0,0,0,0,0,0,0
62974,0,2,1992,0,0,0,0,0,0,0,0,0,0
62974,1,1,1992,0,0,0,0,22,0,0,0,0,0
62975,1,1,1992,0,0,0,0,0,0,0,0,0,0
62975,2,1,1992,0,0,0,0,0,0,0,0,0,0
62976,1,1,1992,0,0,0,0,0,0,0,0,0,0