ST_CASE,VEH_NO,PER_NO,YEAR,P1,P2,P3,P4,P5,P6,P7,P8,P9,P10
62976,2,1,1992,0,7,19,0,0,0,0,0,0,0
62977,1,1,1992,0,0,0,0,0,0,0,0,0,0
62977,2,1,1992,0,0,0,0,0,0,0,0,0,0
62978,0,1,1992,27,27,27,27,27,27,27,27,27,27
62978,1,1,1992,0,0,0,0,0,0,0,0,0,0
62979,1,1,1992,0,0,0,0,0,0,0,0,0,0
62979,2,1,1992,0,0,0,0,0,0,0,0,0,0
62980,1,1,1992,10,10,10,10,10,10,10,10,10,10
62980,2,1,1992,0,0,0,0,0,0,0,0,0,0
62981,0,1,1992,0,0,0,0,0,0,0,0,0,0
62981,1,1,1992,0,0,0,0,0,0,0,0,0,0
62981,2,1,1992,0,0,0,0,0,0,0,0,0,0
62981,3,1,1992,0,0,0,0,0,0,0,0,0,0
62982,1,1,1992,0,0,0,0,0,0,0,0,0,0
62983,1,1,1992,0,0,0,0,0,0,0,0,0,0
62983,2,1,1992,0,0,0,0,0,0,0,0,0,0
62984,0,1,1992,28,13,27,38,26,13,16,33,20,28
62984,1,1,1992,0,0,0,0,0,0,0,0,0,0
62985,0,1,1992,0,0,0,0,0,0,0,0,0,0
62985,1,1,1992,0,0,0,0,0,0,0,0,0,0
62986,1,1,1992,23,23,23,23,23,23,23,23,23,23
62987,1,1,1992,0,0,0,0,0,0,0,0,0,0
62987,2,1,1992,0,0,0,0,0,0,0,0,0,0
62988,0,1,1992,0,0,0,0,0,0,0,0,0,0
62988,1,1,1992,0,6,18,14,0,7,23,17,12,6
62988,2,1,1992,0,0,0,0,0,0,0,0,0,0
62989,1,1,1992,0,0,0,0,0,0,0,0,0,0
62989,2,1,1992,0,0,0,0,0,0,0,0,0,0
62990,1,1,1992,20,20,20,20,20,20,20,20,20,20
62990,2,1,1992,0,0,0,0,0,0,0,0,0,0
62990,3,1,1992,0,0,0,0,0,0,0,0,0,0
62991,0,1,1992,0,0,0,0,0,0,0,0,0,0
62991,0,2,1992,3,0,0,0,7,14,0,12,28,15
62991,1,1,1992,0,0,0,0,0,0,0,0,11,0
62992,0,1,1992,0,0,0,0,0,0,0,0,0,0
62992,1,1,1992,0,0,0,0,0,0,0,0,0,0
62993,1,1,1992,0,10,21,12,0,22,20,7,0,14
62994,1,1,1992,0,0,0,0,0,0,0,0,0,0
62994,2,1,1992,0,0,0,0,0,0,0,0,0,5
62995,1,1,1992,0,0,0,0,0,0,0,0,0,0
62996,1,1,1992,0,0,0,0,0,0,0,0,0,0
62996,2,1,1992,0,0,0,0,0,0,0,0,0,0
62996,3,1,1992,0,0,0,0,0,0,0,0,0,0
62997,1,1,1992,0,0,0,0,0,0,0,0,0,0
62998,1,1,1992,0,0,0,0,0,0,0,0,0,0
62998,2,1,1992,0,0,0,0,0,0,0,0,0,0
62999,1,1,1992,0,0,0,0,0,0,0,0,0,0
62999,2,1,1992,0,0,0,0,0,0,0,0,0,0
63000,1,1,1992,0,0,0,0,0,0,0,0,0,0
63000,2,1,1992,0,0,0,0,0,0,0,0,0,0
63001,0,1,1992,0,0,0,0,0,0,0,0,0,0
63001,2,1,1992,0,0,0,0,0,0,0,0,0,0
63002,0,1,1992,41,41,41,41,41,41,41,41,41,41
63002,1,1,1992,0,0,0,0,0,0,0,0,0,0
63003,1,1,1992,19,19,19,19,19,19,19,19,19,19
63004,1,1,1992,0,0,0,0,0,0,0,0,0,0
63004,2,1,1992,0,0,0,0,0,0,0,0,0,0
63005,1,1,1992,27,27,27,27,27,27,27,27,27,27
63005,2,1,1992,0,0,0,0,0,0,0,0,0,0
63006,0,1,1992,0,0,0,0,0,0,0,0,0,0
63006,1,1,1992,0,0,0,0,0,0,0,0,0,0
63007,0,1,1992,0,0,0,0,0,0,0,0,0,0
63007,1,1,1992,13,0,0,0,0,0,0,0,0,0
63008,1,1,1992,0,0,0,0,0,0,0,0,0,0
63009,0,1,1992,0,0,0,0,0,0,0,0,0,0
63009,1,1,1992,0,14,0,0,0,9,29,0,0,0
63009,2,1,1992,0,13,0,0,0,0,0,0,0,0
63010,0,1,1992,0,0,0,0,0,0,0,0,0,0
63010,1,1,1992,0,0,0,0,0,0,0,0,0,0
63010,2,1,1992,0,0,0,0,0,0,0,0,0,0
63011,1,1,1992,0,0,0,0,0,0,0,0,0,0
63011,2,1,1992,0,0,0,0,0,0,0,0,0,0
63012,1,1,1992,0,0,0,0,0,0,0,0,0,0
63013,1,1,1992,0,0,0,0,0,0,0,0,0,0
63014,0,1,1992,0,0,0,0,0,0,14,0,0,0
63014,1,1,1992,0,0,0,0,0,0,0,0,0,0
63015,1,1,1992,19,0,5,0,0,0,0,0,15,0
63016,1,1,1992,2,2,2,2,2,2,2,2,2,2
63017,0,1,1992,0,0,0,0,0,0,0,0,0,0
63017,1,1,1992,0,0,11,0,0,14,0,11,0,0
63018,1,1,1992,18,16,17,23,14,19,8,22,9,10
63018,2,1,1992,0,0,0,0,0,0,0,0,0,0
63019,1,1,1992,0,0,0,0,0,0,0,0,0,0
63019,2,1,1992,0,0,0,0,0,0,0,0,0,0
63019,3,1,1992,0,0,0,0,0,0,0,0,0,0
63019,4,1,1992,0,0,0,0,0,0,0,0,0,0
63020,1,1,1992,0,0,0,0,0,0,0,0,0,0
63021,1,1,1992,0,0,0,0,0,0,0,0,0,0
63022,1,1,1992,0,0,0,0,0,0,0,0,0,0
63023,1,1,1992,0,0,0,0,0,0,0,0,0,0
63023,2,1,1992,0,0,0,0,0,0,0,0,0,0
63024,1,1,1992,0,0,0,0,0,0,0,0,0,0
63024,2,1,1992,16,14,0,0,0,0,0,0,0,0
63025,1,1,1992,0,0,0,0,0,0,0,0,0,0
63026,1,1,1992,20,21,0,0,10,0,23,10,13,0
63026,2,1,1992,0,0,0,0,14,14,9,15,16,0
63027,0,1,1992,32,32,32,32,32,32,32,32,32,32
63027,1,1,1992,0,0,0,0,0,0,0,0,0,0
63028,0,1,1992,0,0,0,0,0,0,0,0,0,0
63028,1,1,1992,0,0,0,0,0,0,0,0,0,0
63029,1,1,1992,0,0,12,13,0,0,0,0,0,20
63030,1,1,1992,21,21,21,21,21,21,21,21,21,21
63031,1,1,1992,15,15,15,15,15,15,15,15,15,15
63032,0,1,1992,18,18,18,18,18,18,18,18,18,18
63032,1,1,1992,0,0,0,0,0,0,0,0,0,0
63033,0,1,1992,0,0,0,0,0,0,0,0,0,0
63033,0,2,1992,0,0,0,0,0,0,0,0,0,0
63033,1,1,1992,0,0,0,0,0,0,0,0,0,0
63034,1,1,1992,0,0,0,0,0,0,0,0,16,0
63035,1,1,1992,0,0,0,0,0,0,0,0,0,0
63035,2,1,1992,7,7,7,7,7,7,7,7,7,7
63036,1,1,1992,16,16,16,16,16,16,16,16,16,16
63036,2,1,1992,0,0,0,0,0,0,0,0,0,0
63037,0,1,1992,0,0,0,0,0,0,0,0,0,0
63037,1,1,1992,0,0,0,0,0,0,0,0,0,0
63037,2,1,1992,0,0,0,0,0,0,8,0,0,0
63038,1,1,1992,12,12,12,12,12,12,12,12,12,12
63039,1,1,1992,0,0,0,0,0,0,0,0,0,0
63039,2,1,1992,0,0,0,0,0,0,0,0,0,0
63040,0,1,1992,32,32,32,32,32,32,32,32,32,32
63040,1,1,1992,0,0,0,0,0,0,0,0,0,0
63040,2,1,1992,0,0,0,0,0,0,0,0,0,0
63041,1,1,1992,10,10,10,10,10,10,10,10,10,10
63042,1,1,1992,0,0,0,0,0,0,0,0,0,0
63042,2,1,1992,0,0,0,0,0,0,0,0,0,0
63043,1,1,1992,15,15,15,15,15,15,15,15,15,15
63043,2,1,1992,0,0,0,0,0,0,0,0,0,0
63043,3,1,1992,0,0,11,0,0,0,0,0,0,0
63043,4,1,1992,0,0,0,0,0,0,0,0,0,0
63044,1,1,1992,15,15,15,15,15,15,15,15,15,15
63044,2,1,1992,5,6,5,15,7,6,15,8,8,11
63044,3,1,1992,0,0,0,0,0,0,0,0,0,0
63045,1,1,1992,18,18,18,18,18,18,18,18,18,18
63046,1,1,1992,22,22,22,22,22,22,22,22,22,22
63047,1,2,1992,3,18,21,32,26,16,6,23,24,12
63048,1,1,1992,6,6,6,6,6,6,6,6,6,6
63049,0,1,1992,0,0,0,0,0,0,0,0,0,0
63049,1,1,1992,0,0,0,0,0,0,0,0,0,0
63050,1,1,1992,0,0,0,0,0,0,12,0,0,0
63050,2,1,1992,0,0,0,0,0,0,0,0,0,0
63050,3,1,1992,0,0,0,0,0,0,0,0,0,0
63050,4,1,1992,14,19,0,0,0,0,0,0,0,0
63051,0,1,1992,0,0,0,0,0,0,0,0,0,0
63051,1,1,1992,0,15,0,0,0,0,0,0,0,0
63052,1,1,1992,0,0,0,0,0,19,0,9,0,0
63052,2,1,1992,0,0,12,0,0,0,0,0,0,0
63053,1,1,1992,0,0,0,0,0,0,0,0,0,0
63054,1,1,1992,18,18,18,18,18,18,18,18,18,18
63055,1,1,1992,0,0,0,0,0,0,0,0,0,0
63055,2,1,1992,0,0,0,0,0,0,0,0,0,0
63056,1,1,1992,4,4,4,4,4,4,4,4,4,4
63056,2,1,1992,0,0,0,0,0,0,0,0,0,0
63057,1,1,1992,0,0,0,0,0,0,0,0,0,0
63057,2,1,1992,0,0,0,0,0,0,0,0,0,0
63057,3,1,1992,0,0,0,0,0,0,0,0,0,0
63057,4,1,1992,0,0,0,0,0,0,0,0,0,0
63058,1,1,1992,0,0,0,0,0,0,0,0,0,0
63058,2,1,1992,0,16,0,0,0,0,0,0,0,0
63059,0,1,1992,0,0,0,0,0,0,0,0,0,0
63059,1,1,1992,0,0,0,0,0,0,0,0,0,0
63060,0,1,1992,0,0,0,0,0,0,0,0,0,0
63060,1,1,1992,0,0,0,0,0,0,0,0,0,0
63061,0,1,1992,0,0,0,0,0,0,0,0,0,0
63061,1,1,1992,0,0,12,0,0,0,0,0,0,10
63062,0,1,1992,0,0,0,0,0,0,0,0,0,0
63062,1,1,1992,0,0,0,0,0,0,0,0,0,0
63063,1,1,1992,3,3,3,3,3,3,3,3,3,3
63064,1,1,1992,24,24,24,24,24,24,24,24,24,24
63065,1,1,1992,16,16,16,16,16,16,16,16,16,16
63065,2,1,1992,0,0,0,0,0,0,0,0,0,0
63066,0,1,1992,0,0,0,0,0,0,0,0,0,0
63066,1,1,1992,0,0,0,0,0,0,0,0,0,0
63067,1,1,1992,0,0,0,0,0,0,0,0,0,0
63068,0,1,1992,36,36,36,36,36,36,36,36,36,36
63068,1,1,1992,0,0,0,0,0,0,0,0,0,0
63069,1,1,1992,0,0,0,0,0,0,0,0,0,0
63069,2,1,1992,0,0,0,0,0,0,0,0,0,0
63070,1,1,1992,8,8,8,8,8,8,8,8,8,8
63071,0,1,1992,0,9,0,19,0,0,0,19,14,0
63071,1,1,1992,0,0,0,0,0,0,0,0,0,0
63072,1,1,1992,16,16,16,16,16,16,16,16,16,16
63072,2,1,1992,0,0,0,0,0,0,0,0,0,0
63073,1,1,1992,30,30,30,30,30,30,30,30,30,30
63074,1,1,1992,0,0,0,0,0,0,0,0,0,0
63074,2,1,1992,0,0,0,0,0,0,0,0,0,0
63075,1,1,1992,0,0,0,0,0,0,0,0,0,0
63075,2,1,1992,0,0,0,0,0,0,0,0,0,0
63076,0,1,1992,0,0,0,0,0,0,0,0,0,0
63076,0,2,1992,7,35,12,20,11,0,26,0,18,0
63076,1,1,1992,0,0,0,0,0,0,0,0,0,0
63077,1,1,1992,0,0,0,0,0,0,0,0,0,0
63077,2,1,1992,14,9,17,0,0,0,13,0,0,0
63078,1,1,1992,0,0,0,0,0,0,0,0,0,0
63079,1,1,1992,0,0,0,0,0,0,0,0,0,0
63079,2,1,1992,0,0,0,0,0,0,0,0,0,0
63080,0,1,1992,0,0,0,0,0,0,0,0,0,0
63080,1,1,1992,0,0,0,0,0,0,0,0,0,0
63081,0,1,1992,25,25,25,25,25,25,25,25,25,25
63081,1,1,1992,0,0,0,0,0,0,0,0,0,0
63082,1,1,1992,14,14,14,14,14,14,14,14,14,14
63082,2,1,1992,0,0,0,0,0,0,0,0,0,0
63082,3,1,1992,0,0,0,12,0,0,0,0,0,0
63083,1,1,1992,0,0,0,0,0,0,0,0,0,0
63083,2,1,1992,0,7,0,0,0,0,0,0,0,0
63084,0,1,1992,22,22,22,22,22,22,22,22,22,22
63084,1,1,1992,0,0,0,0,0,0,0,0,0,0
63085,1,1,1992,0,0,0,0,0,0,0,0,0,0
63086,0,1,1992,0,0,0,0,0,0,0,0,0,0
63086,1,1,1992,0,0,0,0,0,0,0,0,0,0
63087,1,1,1992,0,0,0,0,0,0,0,0,0,0
63087,2,1,1992,0,0,0,0,0,0,0,0,0,0
63087,3,1,1992,26,0,19,0,0,0,0,0,0,0
63088,0,1,1992,0,0,0,0,0,0,0,0,0,0
63088,1,1,1992,0,0,0,0,0,0,0,0,0,12
63089,1,1,1992,10,19,11,10,0,0,0,0,8,0
63090,1,1,1992,0,0,0,0,0,0,0,0,0,0
63090,2,1,1992,0,0,0,0,0,0,0,0,0,0
63091,0,1,1992,0,0,0,0,0,0,0,0,0,0
63091,1,1,1992,0,7,0,0,0,0,0,0,0,0
63092,1,1,1992,18,18,18,18,18,18,18,18,18,18
63092,2,1,1992,0,0,0,0,10,0,6,0,0,0
63092,3,1,1992,0,0,0,0,0,0,0,0,0,0
63093,1,1,1992,0,0,7,0,0,5,0,0,0,0
63094,0,1,1992,17,0,0,0,0,0,0,0,0,0
63094,0,2,1992,0,0,0,0,0,0,0,0,0,0
63094,1,1,1992,0,0,0,0,0,0,0,0,0,0
63095,0,1,1992,0,0,21,0,11,0,0,0,0,26
63095,1,1,1992,0,0,0,0,0,0,0,0,0,0
63096,1,1,1992,0,0,0,0,0,0,0,0,0,0
63096,2,1,1992,0,0,0,0,0,0,0,0,0,0
63097,0,1,1992,0,0,0,0,0,0,0,0,0,0
63097,0,2,1992,0,0,0,0,0,0,0,0,0,0
63097,1,1,1992,0,0,0,0,0,0,0,0,0,0
63098,0,1,1992,0,0,0,0,0,0,0,0,0,0
63098,1,1,1992,0,0,0,0,0,0,0,0,0,0
63099,0,1,1992,16,16,16,16,16,16,16,16,16,16
63099,1,1,1992,0,0,0,0,0,0,0,0,0,0
63100,1,1,1992,0,0,0,0,0,0,0,0,0,0
63100,2,1,1992,0,0,0,0,0,0,0,0,17,0
63101,1,1,1992,0,0,0,0,0,0,0,0,0,0
63102,0,1,1992,0,0,0,0,0,0,0,0,0,0
63102,1,1,1992,0,0,0,0,0,0,0,0,0,0
63103,0,1,1992,0,0,0,0,0,0,0,0,0,0
63103,1,1,1992,0,0,0,0,0,0,0,0,0,0
63104,0,1,1992,27,27,27,27,27,27,27,27,27,27
63104,1,1,1992,0,0,0,0,0,0,0,0,0,0
63105,1,1,1992,7,7,7,7,7,7,7,7,7,7
63105,2,1,1992,7,7,7,7,7,7,7,7,7,7
63106,0,1,1992,0,0,0,0,0,0,0,0,0,17
63106,1,1,1992,0,0,0,0,0,0,0,0,0,0
63107,0,1,1992,0,0,0,0,0,0,0,0,0,0
63107,1,1,1992,0,0,0,0,0,0,0,0,0,0
63108,1,1,1992,0,0,0,0,0,0,0,0,18,0
63108,2,1,1992,0,0,0,0,0,0,0,0,0,0
63108,3,1,1992,0,0,0,0,0,0,0,0,0,0
63109,1,1,1992,0,0,0,0,0,0,0,0,0,0
63109,2,1,1992,0,0,0,0,0,0,0,0,0,0
63110,1,1,1992,15,15,15,15,15,15,15,15,15,15
63111,1,1,1992,23,23,23,23,23,23,23,23,23,23
63112,1,1,1992,0,0,0,0,0,0,0,0,0,0
63113,1,1,1992,3,3,3,3,3,3,3,3,3,3
63113,2,1,1992,0,0,0,0,0,0,0,0,0,0
63113,3,1,1992,0,0,0,0,0,0,0,0,0,0
63114,0,1,1992,0,0,0,0,0,0,0,0,0,0
63114,1,1,1992,10,0,0,0,0,0,0,0,0,0
63115,0,1,1992,20,20,20,20,20,20,20,20,20,20
63115,1,1,1992,0,0,0,0,0,0,0,0,7,0
63115,2,1,1992,0,0,0,0,0,0,0,0,0,0
63116,0,1,1992,35,35,35,35,35,35,35,35,35,35
63116,1,1,1992,0,0,0,0,0,0,0,0,0,0
63116,2,1,1992,0,0,0,0,0,0,0,0,0,0
63117,0,1,1992,0,0,0,0,0,0,0,0,0,0
63117,1,1,1992,0,0,0,0,11,0,0,0,0,0
63118,0,1,1992,18,18,18,18,18,18,18,18,18,18
63118,1,1,1992,0,0,0,0,0,0,0,0,0,0
63119,0,1,1992,10,10,10,10,10,10,10,10,10,10
63119,1,1,1992,0,10,0,0,0,0,0,10,0,0
63120,1,1,1992,0,0,0,0,0,0,0,0,0,0
63120,2,1,1992,0,0,0,0,0,0,0,0,0,15
63121,0,1,1992,0,0,0,0,0,0,0,0,0,0
63121,0,2,1992,30,0,0,22,0,0,0,0,0,16
63121,0,3,1992,0,0,15,0,0,0,0,10,0,0
63121,0,4,1992,15,0,0,0,20,15,21,28,26,0
63121,1,1,1992,0,0,0,0,0,0,0,0,0,0
63122,1,1,1992,0,0,0,0,0,0,0,0,0,0
63122,2,1,1992,0,0,0,0,0,0,0,0,0,0
63123,0,1,1992,0,0,0,0,0,0,0,0,0,0
63123,1,1,1992,0,0,0,0,0,0,0,0,0,0
63124,1,1,1992,0,0,0,0,0,0,0,0,0,0
63124,2,1,1992,8,8,8,8,8,8,8,8,8,8
63125,0,1,1992,0,0,0,0,0,0,0,0,0,0
63125,0,2,1992,0,0,0,0,0,0,0,0,0,0
63125,1,1,1992,0,0,0,0,0,0,0,0,0,0
63126,0,1,1992,6,6,6,6,6,6,6,6,6,6
63126,1,1,1992,0,0,0,0,0,0,0,14,0,0
63127,1,1,1992,0,0,0,0,0,0,0,0,0,0
63128,1,1,1992,17,17,17,17,17,17,17,17,17,17
63129,0,1,1992,0,0,0,0,0,0,0,0,0,46
63129,1,1,1992,0,0,0,0,0,0,0,0,0,0
63130,1,1,1992,0,0,0,0,0,0,0,0,0,0
63130,2,1,1992,0,0,0,0,0,0,0,0,0,0
63131,1,1,1992,12,12,12,12,12,12,12,12,12,12
63131,2,1,1992,0,0,0,12,0,6,0,0,0,0
63131,3,1,1992,0,0,14,0,0,16,0,10,0,0
63132,1,1,1992,15,15,15,15,15,15,15,15,15,15
63133,0,1,1992,0,0,0,0,0,0,0,0,0,0
63133,1,1,1992,0,0,0,0,0,0,0,0,0,0
63134,1,1,1992,0,0,0,0,0,0,0,0,0,0
63134,2,1,1992,0,0,0,0,0,0,0,0,0,0
63134,3,1,1992,0,0,0,0,0,0,0,0,0,0
63135,1,1,1992,22,22,22,22,22,22,22,22,22,22
63136,1,1,1992,0,0,0,0,0,0,0,0,0,3
63137,0,1,1992,0,0,0,0,0,0,0,0,0,0
63137,0,2,1992,16,0,0,0,10,0,0,0,0,0
63137,1,1,1992,0,0,0,0,0,0,0,0,0,0
63138,1,1,1992,24,24,24,24,24,24,24,24,24,24
63139,1,1,1992,0,0,0,0,0,0,0,0,0,0
63140,1,1,1992,25,25,25,25,25,25,25,25,25,25
63141,1,1,1992,0,0,0,0,0,0,0,0,0,0
63142,1,1,1992,0,0,0,0,0,0,0,0,0,0
63143,1,1,1992,0,0,0,0,0,0,0,0,0,0
63144,0,1,1992,0,0,0,0,0,0,0,0,0,0
63144,1,1,1992,0,0,0,0,0,0,0,0,0,0
63145,1,1,1992,19,19,19,19,19,19,19,19,19,19
63146,0,1,1992,16,16,16,16,16,16,16,16,16,16
63146,1,1,1992,0,0,0,0,0,0,0,0,0,0
63147,1,1,1992,0,10,0,0,14,0,0,0,11,25
63147,2,1,1992,0,0,0,0,0,0,0,0,0,0
63148,1,1,1992,0,0,0,0,0,0,0,0,0,0
63149,1,1,1992,8,8,8,8,8,8,8,8,8,8
63149,2,1,1992,0,0,0,0,0,0,0,0,0,0
63150,1,1,1992,18,18,18,18,18,18,18,18,18,18
63151,1,1,1992,0,0,0,0,0,0,0,0,0,0
63151,2,1,1992,0,12,0,0,0,0,0,0,0,0
63151,3,1,1992,0,0,0,0,0,0,0,0,0,0
63151,4,1,1992,0,0,0,0,0,0,0,0,0,0
63152,1,1,1992,15,15,15,15,15,15,15,15,15,15
63153,1,1,1992,3,3,3,3,3,3,3,3,3,3
63154,1,1,1992,16,16,16,16,16,16,16,16,16,16
63155,1,1,1992,0,0,0,0,0,14,0,0,0,0
63155,2,1,1992,0,0,0,0,0,0,0,0,0,0
63156,1,1,1992,0,0,0,0,0,0,0,0,0,0
63156,2,1,1992,0,0,0,0,0,0,0,0,0,0
63157,1,1,1992,0,0,0,0,0,0,0,0,0,0
63157,2,1,1992,0,0,0,3,0,0,0,0,0,0
63158,1,1,1992,0,0,0,0,0,0,0,0,0,9
63158,2,1,1992,0,0,0,0,0,0,0,0,0,0
63159,1,1,1992,0,0,0,31,26,0,43,12,0,9
63160,0,1,1992,0,0,0,0,0,0,0,0,0,0
63160,1,1,1992,0,0,0,0,0,0,0,0,0,9
63161,1,1,1992,0,0,0,0,0,0,0,0,0,0
63162,0,1,1992,18,18,18,18,18,18,18,18,18,18
63162,1,1,1992,6,6,6,6,6,6,6,6,6,6
63163,0,1,1992,25,0,13,0,0,22,0,22,8,24
63163,1,1,1992,0,0,0,0,0,0,0,0,0,0
63164,1,1,1992,0,0,0,0,0,0,0,0,0,0
63164,2,1,1992,0,22,0,7,0,0,0,0,0,17
63165,1,1,1992,0,0,0,0,0,0,0,0,0,0
63165,2,1,1992,32,32,32,32,32,32,32,32,32,32
63166,1,1,1992,0,0,0,0,0,0,0,7,0,0
63166,2,1,1992,0,0,0,0,0,0,0,0,0,0
63167,0,1,1992,16,0,0,0,0,17,0,0,0,24
63167,1,1,1992,0,0,0,0,0,0,0,0,0,0
63168,1,1,1992,0,0,0,0,0,0,0,0,0,0
63168,2,1,1992,0,0,0,0,0,0,0,0,0,0
63169,0,1,1992,0,0,0,0,0,0,0,0,0,0
63169,1,1,1992,0,0,0,0,0,0,0,0,0,0
63170,1,1,1992,16,16,16,16,16,16,16,16,16,16
63170,2,1,1992,0,0,0,0,0,0,0,0,0,0
63171,1,1,1992,0,0,0,0,0,0,0,0,0,0
63172,1,1,1992,0,0,0,0,0,0,0,0,0,0
63172,2,1,1992,0,0,0,0,0,0,0,0,0,0
63173,1,1,1992,18,18,18,18,18,18,18,18,18,18
63173,2,1,1992,0,0,0,0,0,0,0,0,0,0
63174,1,1,1992,0,0,0,0,0,0,0,0,0,0
63175,1,1,1992,0,0,0,0,0,0,0,0,0,0
63175,2,1,1992,0,0,0,0,0,0,0,0,0,0
63176,1,1,1992,0,0,0,0,0,0,0,0,0,15
63176,2,1,1992,0,0,0,0,0,0,0,0,0,0
63176,3,1,1992,0,0,0,0,0,0,0,0,0,0
63176,4,1,1992,0,0,0,0,0,0,0,0,0,0
63176,5,1,1992,0,0,0,0,0,0,0,0,0,0
63177,1,1,1992,0,0,15,17,16,0,9,19,25,22
63178,1,1,1992,0,0,0,0,0,0,0,0,0,0
63179,1,1,1992,20,20,20,20,20,20,20,20,20,20
63179,2,1,1992,0,17,0,0,0,0,15,0,0,0
63180,0,1,1992,0,4,0,0,15,4,25,23,0,12
63180,1,1,1992,18,13,0,0,12,15,23,16,0,0
63181,1,1,1992,31,31,31,31,31,31,31,31,31,31
63181,2,1,1992,0,0,0,0,0,0,0,0,0,0
63182,1,1,1992,29,29,29,29,29,29,29,29,29,29
63183,1,1,1992,14,14,14,14,14,14,14,14,14,14
63183,2,1,1992,0,0,0,0,0,0,0,0,0,0
63183,3,1,1992,0,0,0,0,0,9,0,0,15,0
63184,1,1,1992,16,16,16,16,16,16,16,16,16,16
63184,2,1,1992,0,0,0,24,13,0,0,0,0,0
63185,1,1,1992,16,16,16,16,16,16,16,16,16,16
63186,1,1,1992,25,25,25,25,25,25,25,25,25,25
63186,2,1,1992,0,0,0,0,0,0,0,0,0,0
63187,1,1,1992,0,0,0,0,0,0,0,0,0,0
63188,0,1,1992,0,0,0,0,0,0,0,0,0,0
63188,1,1,1992,0,0,0,0,0,0,0,0,0,0
63189,0,1,1992,2,2,2,2,2,2,2,2,2,2
63189,1,1,1992,0,0,0,0,0,0,0,0,0,0
63190,0,1,1992,0,0,0,0,0,0,0,0,0,0
63190,1,1,1992,0,0,0,0,0,0,0,0,0,0
63191,0,1,1992,0,0,0,0,0,0,0,0,0,0
63191,1,1,1992,0,0,0,0,0,0,0,0,0,0
63192,1,1,1992,0,0,0,0,0,0,0,0,0,0
63193,1,1,1992,23,23,23,23,23,23,23,23,23,23
63194,1,1,1992,0,0,0,0,0,0,0,0,0,0
63194,2,1,1992,0,0,0,0,0,0,0,0,0,0
63195,1,1,1992,0,0,0,0,0,0,0,0,0,0
63196,0,1,1992,0,0,0,0,0,0,0,0,0,0
63196,1,1,1992,0,15,0,0,0,6,31,0,0,0
63197,1,1,1992,0,0,0,0,0,0,0,0,0,0
63197,2,1,1992,0,0,17,0,0,0,0,0,0,0
63198,1,1,1992,15,15,15,15,15,15,15,15,15,15
63198,2,1,1992,0,0,0,0,0,0,0,0,0,0
63199,1,1,1992,0,0,24,0,0,0,0,0,0,0
63200,0,1,1992,0,0,0,0,0,0,0,0,0,0
63200,1,1,1992,0,0,0,0,18,0,0,17,0,0
63200,2,1,1992,0,0,0,0,0,0,0,0,0,0
63200,3,1,1992,0,0,0,0,0,0,0,0,0,0
63200,4,1,1992,0,0,0,0,0,0,0,0,0,0
63200,5,1,1992,0,0,0,0,0,0,0,0,0,0
63200,6,1,1992,0,0,0,0,0,0,0,0,0,0
63200,7,1,1992,0,0,0,0,0,0,0,0,0,0
63201,1,1,1992,0,0,0,0,0,0,0,0,0,0
63201,2,1,1992,0,0,0,0,0,0,0,0,0,0
63202,1,1,1992,0,0,0,0,0,0,0,0,0,0
63202,2,1,1992,0,0,0,0,0,0,0,0,0,0
63203,1,1,1992,14,14,14,14,14,14,14,14,14,14
63204,1,1,1992,12,12,12,12,12,12,12,12,12,12
63205,1,1,1992,0,0,0,0,0,0,0,0,0,0
63206,0,1,1992,0,0,0,0,0,0,0,0,0,0
63207,1,1,1992,0,0,0,0,0,0,0,0,0,0
63207,2,1,1992,0,0,0,0,0,0,0,0,0,0
63207,3,1,1992,0,0,0,0,0,0,0,0,0,0
63208,1,1,1992,19,19,19,19,19,19,19,19,19,19
63208,2,1,1992,0,9,11,0,0,0,0,0,0,0
63209,0,1,1992,10,10,10,10,10,10,10,10,10,10
63209,1,1,1992,0,0,0,0,0,0,0,0,0,0
63210,1,1,1992,0,0,0,0,0,0,0,0,0,0
63210,2,1,1992,0,0,0,0,0,0,0,0,0,0
63211,1,1,1992,7,7,7,7,7,7,7,7,7,7
63212,0,1,1992,0,0,0,0,0,0,0,0,0,0
63212,0,2,1992,0,7,0,0,0,0,0,0,0,0
63212,1,1,1992,0,0,0,0,0,0,0,0,0,0
63213,0,1,1992,10,10,10,10,10,10,10,10,10,10
63213,1,1,1992,0,0,0,0,0,0,0,0,0,0
63214,0,1,1992,0,0,0,0,0,0,0,0,0,0
63214,0,2,1992,0,0,0,0,6,0,0,13,0,0
63214,1,1,1992,0,0,0,0,0,0,0,0,0,0
63215,1,1,1992,13,13,13,13,13,13,13,13,13,13
63216,1,1,1992,13,13,13,13,13,13,13,13,13,13
63217,1,1,1992,11,11,11,11,11,11,11,11,11,11
63218,1,1,1992,23,23,23,23,23,23,23,23,23,23
63219,1,1,1992,12,12,12,12,12,12,12,12,12,12
63219,2,1,1992,0,0,0,0,0,0,0,0,0,0
63220,0,1,1992,0,0,0,0,0,0,0,0,0,0
63220,1,1,1992,0,0,0,0,0,0,0,0,0,0
63221,0,1,1992,28,28,28,28,28,28,28,28,28,28
63221,1,1,1992,0,0,0,0,0,0,0,0,0,0
63222,1,1,1992,0,0,0,0,0,0,0,0,0,0
63223,1,1,1992,0,0,0,0,0,0,0,0,0,0
63223,2,1,1992,0,0,0,0,0,0,0,0,0,0
63223,3,1,1992,0,0,0,0,0,0,0,0,0,0
63224,1,1,1992,18,45,34,20,2,16,15,16,19,19
63224,2,1,1992,0,0,0,0,0,0,0,0,0,0
63225,1,1,1992,0,0,0,0,0,0,0,0,0,0
63225,2,1,1992,0,0,0,0,0,0,0,0,0,0
63226,1,1,1992,14,14,14,14,14,14,14,14,14,14