ST_CASE,VEH_NO,PER_NO,YEAR,P1,P2,P3,P4,P5,P6,P7,P8,P9,P10
63227,1,1,1992,0,0,0,0,0,0,0,0,0,0
63228,1,1,1992,8,8,8,8,8,8,8,8,8,8
63229,1,1,1992,0,0,0,0,0,0,0,0,0,0
63229,2,1,1992,0,0,0,0,0,0,0,0,0,0
63230,0,1,1992,0,0,0,0,0,0,0,0,0,0
63230,1,1,1992,0,0,0,0,0,0,0,0,0,0
63231,1,1,1992,7,7,7,7,7,7,7,7,7,7
63232,0,1,1992,0,0,0,0,0,0,0,0,0,0
63232,1,1,1992,0,0,0,0,0,0,0,18,0,0
63233,1,1,1992,8,8,8,8,8,8,8,8,8,8
63234,1,1,1992,0,0,0,18,0,29,8,0,10,13
63235,1,1,1992,15,15,15,15,15,15,15,15,15,15
63236,0,1,1992,2,2,2,2,2,2,2,2,2,2
63236,1,1,1992,0,0,0,0,0,10,0,0,0,0
63237,1,1,1992,0,0,0,0,0,0,0,0,0,0
63238,1,1,1992,0,0,0,0,0,0,0,0,0,0
63239,0,1,1992,17,17,17,17,17,17,17,17,17,17
63239,1,1,1992,0,0,0,0,0,0,8,0,0,0
63239,2,1,1992,0,0,0,0,0,0,0,0,21,0
63240,0,1,1992,0,0,0,0,0,0,0,0,0,0
63240,1,1,1992,0,0,0,0,0,0,0,0,17,0
63241,1,1,1992,18,18,18,18,18,18,18,18,18,18
63241,2,1,1992,0,0,0,0,0,0,0,0,0,0
63242,1,1,1992,0,0,0,0,0,0,0,0,0,0
63242,2,1,1992,36,36,36,36,36,36,36,36,36,36
63244,1,1,1992,0,0,0,24,0,0,0,0,20,0
63244,2,1,1992,0,0,0,0,0,0,0,0,0,0
63245,1,1,1992,0,0,2,0,0,0,0,0,0,0
63246,1,1,1992,25,25,25,25,25,25,25,25,25,25
63247,0,1,1992,0,0,0,0,0,0,0,0,0,0
63247,1,1,1992,0,0,0,0,0,0,0,0,0,0
63248,1,1,1992,0,0,0,11,0,0,0,0,0,8
63249,0,1,1992,0,0,0,11,0,0,0,0,6,0
63249,1,1,1992,22,0,0,0,0,0,0,0,16,0
63250,1,1,1992,4,4,4,4,4,4,4,4,4,4
63250,2,1,1992,0,0,0,0,0,0,0,0,0,0
63250,3,1,1992,0,0,0,0,0,0,0,0,0,0
63250,4,1,1992,0,0,0,0,0,0,0,0,0,0
63250,5,1,1992,0,0,0,0,0,0,0,0,0,0
63251,0,1,1992,29,29,29,29,29,29,29,29,29,29
63251,1,1,1992,0,0,0,0,0,0,0,0,0,0
63252,1,1,1992,9,9,9,9,9,9,9,9,9,9
63253,0,1,1992,0,0,0,0,0,0,0,0,0,0
63253,1,1,1992,0,0,0,0,0,0,0,0,0,0
63254,1,1,1992,11,11,11,11,11,11,11,11,11,11
63255,1,1,1992,0,0,0,0,0,0,0,0,0,0
63256,0,1,1992,0,0,0,0,2,0,0,0,0,0
63256,1,1,1992,0,9,0,0,0,0,0,0,0,0
63256,2,1,1992,4,0,0,0,0,0,0,0,0,0
63257,1,1,1992,1,1,1,1,1,1,1,1,1,1
63257,2,1,1992,6,6,6,6,6,6,6,6,6,6
63258,1,1,1992,0,0,0,0,0,0,0,0,0,0
63259,1,1,1992,0,19,0,27,10,0,10,9,38,15
63259,2,1,1992,0,0,12,0,0,0,0,0,0,0
63260,0,1,1992,14,14,14,14,14,14,14,14,14,14
63260,1,1,1992,0,0,0,0,0,0,0,0,0,0
63261,1,1,1992,0,0,0,0,0,0,0,0,0,0
63262,1,1,1992,0,0,0,0,0,0,0,0,0,0
63262,2,1,1992,0,0,0,0,0,0,0,0,0,0
63263,1,1,1992,0,0,0,0,0,0,0,0,0,0
63264,0,1,1992,0,0,0,0,0,0,0,16,0,0
63264,1,1,1992,0,0,0,0,0,0,0,0,0,0
63265,1,1,1992,0,0,0,0,0,0,0,0,0,0
63265,2,1,1992,0,0,0,0,0,0,0,0,0,0
63266,1,1,1992,0,0,0,0,0,0,0,0,0,0
63266,2,1,1992,0,0,0,0,0,0,0,0,0,0
63267,1,1,1992,0,0,0,0,0,0,0,0,0,0
63267,2,1,1992,0,0,0,0,0,0,0,0,0,0
63267,3,1,1992,0,0,0,0,0,0,0,0,0,0
63268,0,1,1992,0,0,0,0,0,0,0,0,0,0
63268,1,1,1992,0,0,0,0,0,0,0,0,0,0
63269,1,1,1992,17,17,17,17,17,17,17,17,17,17
63270,1,1,1992,23,23,23,23,23,23,23,23,23,23
63271,1,1,1992,22,22,22,22,22,22,22,22,22,22
63272,1,1,1992,0,0,0,0,0,0,0,0,0,0
63272,2,1,1992,0,0,0,0,0,0,0,0,0,0
63273,1,1,1992,0,0,6,0,0,0,0,0,18,0
63274,1,1,1992,0,0,0,0,0,0,0,0,0,0
63274,2,1,1992,0,0,0,0,0,0,0,0,0,0
63275,0,1,1992,0,0,0,0,0,0,0,0,0,0
63275,1,1,1992,0,0,0,0,0,0,0,0,0,0
63276,0,1,1992,0,0,0,0,0,0,0,0,0,0
63276,1,1,1992,0,0,0,0,0,0,0,0,0,0
63277,1,1,1992,0,0,0,0,0,0,0,0,0,0
63277,2,1,1992,0,0,0,0,0,0,0,0,0,0
63278,1,1,1992,0,0,0,0,0,12,9,19,0,0
63278,2,1,1992,0,0,0,0,0,0,0,0,0,0
63279,0,1,1992,0,0,0,0,0,0,0,0,0,0
63279,1,1,1992,0,0,0,0,0,0,0,0,0,0
63280,1,1,1992,0,0,0,0,0,0,0,0,0,0
63280,2,1,1992,0,0,0,0,0,0,0,0,0,0
63281,1,1,1992,0,0,0,0,0,0,0,0,0,0
63281,2,1,1992,0,0,0,0,0,0,0,0,0,0
63282,1,1,1992,0,0,0,0,0,0,0,0,0,0
63283,1,1,1992,0,0,0,0,0,0,0,0,0,0
63283,2,1,1992,0,0,0,0,0,0,0,0,0,0
63283,3,1,1992,0,0,0,0,0,0,0,0,0,21
63283,4,1,1992,0,0,0,0,0,0,0,0,0,0
63284,1,1,1992,0,0,0,9,0,0,0,0,0,0
63284,2,1,1992,0,0,0,0,0,0,0,0,0,0
63285,1,1,1992,0,0,0,0,0,0,0,0,0,0
63286,1,1,1992,0,0,0,0,0,0,4,0,0,0
63287,1,1,1992,0,0,0,0,0,0,0,0,0,0
63287,2,1,1992,9,23,11,24,18,9,25,2,20,8
63288,1,1,1992,23,6,18,16,5,4,15,14,24,31
63289,1,1,1992,0,0,0,0,0,0,0,0,0,0
63289,2,1,1992,0,0,0,0,0,0,0,0,0,0
63290,1,1,1992,2,2,2,2,2,2,2,2,2,2
63290,2,1,1992,0,0,0,0,0,0,0,0,0,0
63291,1,1,1992,4,4,4,4,4,4,4,4,4,4
63292,1,1,1992,0,0,0,0,0,0,0,0,0,0
63292,2,1,1992,0,0,0,0,0,0,0,0,0,0
63293,1,1,1992,0,0,0,0,0,0,0,0,0,0
63293,2,1,1992,0,0,0,0,0,0,0,0,0,0
63293,3,1,1992,0,0,0,0,0,0,0,0,0,0
63294,0,1,1992,0,0,0,0,0,0,0,0,0,0
63294,1,1,1992,0,0,0,0,0,0,0,0,0,0
63295,1,1,1992,7,7,7,7,7,7,7,7,7,7
63296,1,1,1992,0,0,0,0,0,0,0,0,0,19
63297,0,1,1992,0,0,0,0,0,0,0,0,0,0
63297,1,1,1992,0,0,0,0,0,0,0,0,0,0
63298,1,1,1992,0,0,4,0,0,0,0,0,0,0
63298,2,1,1992,0,0,0,0,0,0,0,0,0,0
63298,3,1,1992,0,19,0,0,0,0,0,0,5,0
63299,1,1,1992,0,0,0,0,0,0,0,0,0,0
63299,2,1,1992,0,0,0,0,0,0,0,0,0,0
63300,1,1,1992,0,0,0,0,0,0,0,0,0,0
63300,2,1,1992,0,0,0,0,0,0,0,0,0,0
63301,1,1,1992,8,8,8,8,8,8,8,8,8,8
63302,1,1,1992,12,12,12,12,12,12,12,12,12,12
63302,2,1,1992,0,0,0,0,0,0,0,0,0,0
63302,3,1,1992,0,0,0,0,0,0,0,0,0,0
63303,0,1,1992,22,22,22,22,22,22,22,22,22,22
63303,1,1,1992,0,0,0,0,0,0,0,0,0,0
63304,0,1,1992,29,29,29,29,29,29,29,29,29,29
63304,1,1,1992,0,16,0,0,0,21,0,16,3,0
63305,1,1,1992,14,14,14,14,14,14,14,14,14,14
63305,2,1,1992,0,0,0,0,0,0,0,0,0,0
63306,0,1,1992,0,0,0,0,0,0,0,0,0,0
63306,0,2,1992,0,0,0,0,0,0,0,0,0,0
63306,1,1,1992,0,0,0,0,0,0,0,0,0,15
63307,1,1,1992,0,0,0,0,0,0,8,0,0,0
63308,0,1,1992,15,10,5,11,28,25,27,0,21,9
63308,1,1,1992,13,0,0,0,0,0,0,0,0,0
63309,0,1,1992,0,0,0,0,0,0,0,0,0,0
63309,1,1,1992,0,0,0,0,0,0,0,0,0,0
63310,1,1,1992,24,0,0,16,0,0,13,0,0,12
63310,2,1,1992,0,0,0,0,0,0,0,0,0,0
63311,0,1,1992,0,0,0,0,0,0,0,0,0,0
63311,1,1,1992,0,0,0,0,0,0,0,0,0,0
63312,0,1,1992,0,0,0,0,0,0,0,0,0,0
63312,1,1,1992,9,0,0,0,0,0,0,0,0,0
63313,1,1,1992,0,0,0,0,0,0,0,0,0,0
63313,2,1,1992,11,0,28,12,17,15,0,22,11,0
63314,0,1,1992,0,0,0,0,0,0,0,0,0,0
63314,1,1,1992,0,0,0,0,0,0,0,0,0,0
63315,1,1,1992,10,10,10,10,10,10,10,10,10,10
63316,1,1,1992,15,15,15,15,15,15,15,15,15,15
63316,2,1,1992,0,0,0,0,0,0,0,0,0,0
63316,3,1,1992,0,0,0,0,0,0,0,0,0,0
63317,1,1,1992,1,1,1,1,1,1,1,1,1,1
63317,2,1,1992,0,0,0,0,0,0,0,0,0,0
63318,0,1,1992,0,0,0,0,0,0,0,0,0,0
63318,1,1,1992,0,0,0,0,0,0,0,0,0,0
63319,1,1,1992,0,0,0,0,0,0,0,0,0,0
63319,2,1,1992,16,0,12,5,0,0,0,0,15,0
63320,1,1,1992,0,0,0,0,0,0,0,0,0,0
63320,2,1,1992,0,0,0,0,0,0,0,0,0,0
63321,0,1,1992,18,18,18,18,18,18,18,18,18,18
63321,1,1,1992,0,0,0,0,0,0,0,25,14,0
63322,0,1,1992,0,0,0,0,0,0,0,0,0,0
63322,1,1,1992,0,0,0,0,0,0,0,0,0,0
63323,1,1,1992,0,0,0,0,0,0,0,0,0,0
63324,0,1,1992,0,0,0,0,0,0,0,0,0,0
63324,1,1,1992,0,0,0,0,0,0,0,0,0,0
63325,1,1,1992,0,0,0,0,0,0,0,0,0,0
63325,2,1,1992,0,0,0,0,0,0,0,0,0,0
63326,1,1,1992,0,0,0,0,0,0,0,0,0,0
63326,2,1,1992,0,0,0,0,0,0,0,0,0,0
63326,3,1,1992,0,0,0,0,0,0,0,0,0,0
63326,4,1,1992,0,0,0,0,0,0,0,0,0,0
63327,1,1,1992,0,0,0,0,0,0,0,0,0,0
63327,2,1,1992,0,0,0,0,0,0,0,0,0,0
63328,1,1,1992,0,0,0,0,0,0,0,0,0,0
63328,2,1,1992,0,0,0,0,0,0,0,0,0,0
63328,3,1,1992,0,0,0,0,0,0,0,0,0,0
63329,1,1,1992,0,0,0,0,0,0,0,0,0,0
63330,1,1,1992,29,29,29,29,29,29,29,29,29,29
63330,2,1,1992,12,12,12,12,12,12,12,12,12,12
63330,3,1,1992,0,0,0,0,0,0,0,0,0,0
63330,4,1,1992,0,3,0,0,0,0,0,0,3,0
63330,5,1,1992,0,0,0,0,0,0,0,0,0,0
63331,1,1,1992,13,13,13,13,13,13,13,13,13,13
63332,1,1,1992,0,0,0,0,0,0,0,0,0,0
63332,2,1,1992,13,23,0,11,15,2,14,28,0,3
63333,0,1,1992,18,18,18,18,18,18,18,18,18,18
63333,1,1,1992,0,0,29,28,0,12,16,6,8,0
63334,1,1,1992,1,1,1,1,1,1,1,1,1,1
63335,1,1,1992,0,0,0,0,0,0,0,0,0,0
63336,1,1,1992,12,12,12,12,12,12,12,12,12,12
63337,1,1,1992,14,14,14,14,14,14,14,14,14,14
63338,1,1,1992,0,0,13,0,0,0,0,0,0,0
63339,1,1,1992,0,0,0,0,0,0,0,0,0,0
63339,2,1,1992,0,0,0,0,0,0,0,0,0,0
63340,1,1,1992,0,0,0,0,0,0,0,0,0,0
63340,2,1,1992,0,0,0,0,0,0,0,0,0,0
63341,1,1,1992,0,0,0,0,0,0,0,0,0,0
63341,2,1,1992,0,0,0,0,0,0,0,0,0,0
63342,1,1,1992,0,0,0,0,0,0,0,0,0,0
63342,2,1,1992,0,0,0,0,0,0,0,0,0,0
63343,1,1,1992,0,0,0,0,11,0,0,5,14,0
63344,1,1,1992,22,22,22,22,22,22,22,22,22,22
63345,0,1,1992,0,0,0,0,0,0,0,0,0,0
63345,1,1,1992,7,7,7,7,7,7,7,7,7,7
63346,1,1,1992,0,0,0,0,0,0,0,0,0,0
63346,2,1,1992,22,22,22,22,22,22,22,22,22,22
63347,0,1,1992,0,0,0,0,0,0,0,0,0,0
63347,1,1,1992,0,0,0,0,0,0,0,0,0,0
63348,1,1,1992,0,0,0,0,0,0,0,0,0,0
63348,2,1,1992,22,22,22,22,22,22,22,22,22,22
63349,0,1,1992,0,0,0,0,0,0,0,0,0,0
63349,1,1,1992,0,0,0,0,0,0,0,0,0,0
63349,2,1,1992,0,0,7,0,0,0,0,0,0,0
63350,1,1,1992,0,0,0,0,0,0,0,0,0,0
63350,2,1,1992,0,0,0,0,0,0,0,0,0,0
63351,1,1,1992,0,0,0,0,0,0,0,0,0,0
63351,2,1,1992,0,0,0,0,0,0,0,0,0,0
63352,1,1,1992,7,0,29,29,0,0,0,0,3,0
63352,2,1,1992,0,0,0,0,0,0,0,0,0,0
63353,0,1,1992,24,24,24,24,24,24,24,24,24,24
63353,1,1,1992,0,0,0,0,0,0,0,0,0,0
63354,1,1,1992,14,14,14,14,14,14,14,14,14,14
63355,1,1,1992,0,7,0,0,0,0,0,0,0,0
63355,2,1,1992,0,0,0,0,0,0,0,0,0,0
63356,1,1,1992,0,0,0,0,0,0,0,0,0,0
63357,1,1,1992,9,9,9,9,9,9,9,9,9,9
63357,2,1,1992,0,0,0,0,0,0,0,0,0,0
63358,1,1,1992,17,17,17,17,17,17,17,17,17,17
63358,2,1,1992,0,0,0,0,0,0,0,0,0,0
63359,0,1,1992,0,0,0,0,0,0,0,0,0,0
63359,1,1,1992,0,0,0,0,0,0,0,0,0,0
63360,1,1,1992,16,0,39,32,0,0,0,15,0,13
63361,1,1,1992,0,0,0,0,0,0,0,22,0,0
63361,2,1,1992,0,0,0,0,0,0,0,0,0,0
63362,0,1,1992,14,14,14,14,14,14,14,14,14,14
63362,1,1,1992,0,0,9,0,0,0,0,0,0,11
63363,1,1,1992,0,0,0,0,0,0,0,0,0,0
63364,0,1,1992,25,25,25,25,25,25,25,25,25,25
63364,1,1,1992,0,0,0,0,0,0,0,0,0,0
63365,0,1,1992,0,0,0,0,0,0,0,0,0,0
63365,1,1,1992,0,0,0,0,0,0,0,0,0,0
63366,1,1,1992,0,0,0,0,0,0,0,0,0,0
63366,2,1,1992,0,0,0,0,0,0,0,0,0,0
63367,1,1,1992,0,0,0,0,0,0,0,0,0,0
63367,2,1,1992,0,0,0,0,0,0,0,0,0,0
63368,0,1,1992,0,0,0,0,0,0,0,0,0,0
63368,1,1,1992,0,0,0,0,0,0,0,0,0,0
63369,1,1,1992,0,0,0,0,0,0,28,0,0,7
63369,2,1,1992,0,0,0,0,0,0,0,0,0,0
63370,1,1,1992,13,13,13,13,13,13,13,13,13,13
63371,1,1,1992,15,0,0,0,0,24,0,0,0,0
63371,2,1,1992,0,0,0,0,0,0,0,0,0,0
63372,1,1,1992,12,12,12,12,12,12,12,12,12,12
63372,2,1,1992,0,19,0,0,0,0,0,0,0,0
63373,1,1,1992,0,0,0,0,0,0,0,11,15,0
63373,2,1,1992,1,1,1,1,1,1,1,1,1,1
63374,0,1,1992,0,0,0,0,0,0,0,0,0,0
63374,1,1,1992,0,0,0,8,0,0,0,19,0,0
63375,1,1,1992,0,0,0,0,0,0,0,0,0,0
63375,2,1,1992,0,0,0,0,0,0,0,0,0,16
63376,1,1,1992,6,0,0,0,3,0,0,0,0,0
63376,2,1,1992,0,0,0,0,0,9,0,0,0,0
63376,3,1,1992,0,0,0,0,0,0,6,0,0,0
63376,4,1,1992,0,4,0,0,0,0,0,0,0,0
63376,5,1,1992,0,0,0,0,0,0,0,0,0,0
63377,1,1,1992,18,18,18,18,18,18,18,18,18,18
63377,2,1,1992,0,0,0,0,0,0,0,0,0,0
63378,1,1,1992,14,14,14,14,14,14,14,14,14,14
63379,1,1,1992,22,22,22,22,22,22,22,22,22,22
63380,1,1,1992,5,5,5,5,5,5,5,5,5,5
63381,1,1,1992,0,0,0,0,0,0,0,0,0,0
63382,0,1,1992,0,0,0,0,0,0,0,0,0,0
63382,1,1,1992,0,22,24,0,0,0,0,0,0,27
63382,2,1,1992,0,0,0,0,0,0,0,0,0,0
63383,0,1,1992,7,0,0,0,0,0,0,25,23,0
63383,1,1,1992,0,0,0,0,0,0,0,0,0,0
63384,1,1,1992,14,6,9,16,10,15,0,14,29,0
63384,2,1,1992,0,0,0,0,0,0,0,0,0,0
63385,1,1,1992,3,3,3,3,3,3,3,3,3,3
63386,1,1,1992,20,20,20,20,20,20,20,20,20,20
63387,0,1,1992,0,0,0,0,0,0,0,0,0,0
63387,0,2,1992,7,15,0,0,0,0,0,31,0,22
63387,1,1,1992,15,0,0,0,0,0,8,0,14,0
63388,1,1,1992,0,0,17,0,0,0,0,0,0,0
63389,0,1,1992,0,0,0,0,0,0,0,0,0,0
63389,1,1,1992,0,0,0,0,0,0,0,0,0,0
63390,1,1,1992,0,0,0,0,0,0,0,0,0,0
63390,2,1,1992,0,14,0,0,0,0,0,0,0,0
63391,1,1,1992,0,0,0,0,0,0,0,0,0,0
63391,2,1,1992,0,0,0,0,0,0,0,0,0,0
63392,1,1,1992,0,0,0,0,0,0,0,0,0,0
63392,2,1,1992,0,0,0,0,0,0,0,0,0,0
63393,0,1,1992,0,0,0,0,0,0,16,0,0,0
63393,1,1,1992,0,0,0,0,0,0,0,0,0,0
63394,1,1,1992,0,0,0,0,0,0,0,0,0,0
63395,0,1,1992,0,0,0,0,0,0,0,0,0,0
63395,1,1,1992,0,0,0,0,0,0,0,0,0,3
63396,1,1,1992,0,0,0,0,0,0,0,0,0,0
63397,1,1,1992,0,0,0,0,0,0,0,0,0,0
63397,2,1,1992,0,0,0,0,0,0,0,0,0,0
63398,0,1,1992,0,0,0,0,0,0,0,0,0,0
63398,1,1,1992,0,0,0,0,0,0,0,0,0,0
63399,0,1,1992,0,0,0,0,0,0,0,0,0,0
63399,1,1,1992,10,0,0,0,0,0,0,0,0,0
63400,0,1,1992,0,0,0,0,0,0,0,0,0,0
63400,1,1,1992,0,0,0,0,0,0,0,0,0,0
63401,1,1,1992,0,0,0,0,0,0,0,0,0,0
63401,2,1,1992,0,0,0,0,0,0,0,0,0,0
63402,0,1,1992,0,0,0,0,0,0,0,0,0,0
63402,1,1,1992,0,0,16,0,0,0,0,0,0,0
63403,1,1,1992,5,5,5,5,5,5,5,5,5,5
63403,2,1,1992,0,0,0,0,0,0,0,0,0,0
63404,1,1,1992,0,0,0,0,0,0,0,0,0,0
63405,1,1,1992,15,15,15,15,15,15,15,15,15,15
63405,2,1,1992,10,10,10,10,10,10,10,10,10,10
63406,1,1,1992,31,31,31,31,31,31,31,31,31,31
63408,1,1,1992,0,0,0,0,0,0,13,0,0,0
63409,1,1,1992,0,0,0,0,0,0,0,0,0,0
63409,2,1,1992,0,0,0,0,0,0,0,0,0,0
63410,0,1,1992,0,0,0,0,0,0,0,0,0,0
63410,1,1,1992,0,0,0,0,0,0,0,0,0,0
63411,1,1,1992,0,0,0,0,0,0,0,0,0,0
63411,2,1,1992,0,0,0,0,16,0,0,0,0,0
63412,0,1,1992,0,0,0,0,0,0,0,0,0,0
63412,1,1,1992,0,0,0,0,0,0,0,0,0,0
63413,1,1,1992,0,0,0,0,0,0,0,0,0,0
63414,0,1,1992,0,0,0,0,0,0,0,0,0,0
63414,1,1,1992,0,0,0,0,0,0,0,0,0,0
63414,2,1,1992,0,0,0,0,0,0,0,0,0,0
63415,0,1,1992,34,34,34,34,34,34,34,34,34,34
63415,1,1,1992,24,24,24,24,24,24,24,24,24,24
63416,1,1,1992,21,21,21,21,21,21,21,21,21,21
63417,1,1,1992,0,0,0,0,0,0,0,0,0,0
63417,2,1,1992,0,0,0,0,0,0,0,0,0,0
63418,0,1,1992,0,13,11,0,0,19,0,0,0,0
63418,1,1,1992,0,0,0,0,0,0,0,0,0,0
63419,1,1,1992,0,0,0,0,0,0,0,0,0,0
63419,2,1,1992,0,0,0,0,0,0,0,0,0,0
63420,1,1,1992,0,0,0,0,0,0,0,0,0,0
63420,2,1,1992,0,0,0,0,0,0,0,0,0,0
63420,3,1,1992,0,0,0,0,0,0,0,0,0,0
63420,4,1,1992,0,0,0,0,0,0,0,0,0,0
63421,0,1,1992,0,0,0,0,0,0,0,0,0,0
63421,1,1,1992,0,0,0,0,0,0,0,0,0,0
63422,1,1,1992,0,0,0,0,0,0,0,0,0,0
63422,2,1,1992,0,0,0,0,0,0,0,0,0,0
63423,1,1,1992,0,0,0,0,0,0,19,0,0,34
63423,2,1,1992,1,1,1,1,1,1,1,1,1,1
63424,1,1,1992,0,0,0,0,0,0,0,0,0,0
63424,2,1,1992,0,0,0,0,0,0,0,0,0,0
63425,1,1,1992,0,0,0,0,0,0,0,0,0,0
63426,0,1,1992,0,0,0,0,0,0,0,0,0,0
63426,1,1,1992,0,0,0,0,0,0,0,0,0,0
63427,1,1,1992,0,0,0,0,0,0,8,0,0,0
63428,1,1,1992,22,22,22,22,22,22,22,22,22,22
63428,2,1,1992,0,0,0,0,0,0,0,0,0,0
63429,1,1,1992,0,0,0,0,0,0,0,0,0,0
63429,2,1,1992,0,0,0,0,0,0,0,0,0,0
63430,1,1,1992,13,13,13,13,13,13,13,13,13,13
63430,2,1,1992,0,0,0,0,0,0,0,0,0,0
63431,0,1,1992,0,0,0,0,0,0,0,0,0,0
63431,1,1,1992,0,0,0,0,12,0,0,0,0,1
63432,1,1,1992,9,9,9,9,9,9,9,9,9,9
63433,0,1,1992,0,0,0,0,0,0,0,0,0,0
63433,1,1,1992,0,0,0,0,0,0,0,0,0,0
63434,0,1,1992,0,0,0,0,0,0,0,0,0,0
63434,1,1,1992,0,0,0,22,0,0,0,0,0,0
63435,1,1,1992,10,10,10,10,10,10,10,10,10,10
63435,2,1,1992,0,0,0,0,0,0,0,0,0,0
63435,3,1,1992,0,0,0,0,0,0,11,0,11,0
63436,1,1,1992,14,14,14,14,14,14,14,14,14,14
63436,2,1,1992,0,0,0,0,0,0,0,0,0,0
63437,1,1,1992,0,0,0,0,0,0,0,10,0,0
63438,1,1,1992,0,5,0,0,0,0,0,0,0,0
63438,2,1,1992,0,0,0,0,0,0,0,0,0,0
63439,0,1,1992,24,24,24,24,24,24,24,24,24,24
63439,1,1,1992,0,0,0,0,0,0,0,0,0,0
63440,1,1,1992,0,0,0,0,0,0,0,0,0,0
63441,1,1,1992,2,2,2,2,2,2,2,2,2,2
63441,2,1,1992,0,0,0,0,0,0,0,0,0,0
63441,3,1,1992,0,0,0,0,0,0,0,0,0,0
63442,1,1,1992,0,0,0,0,0,0,0,0,0,0
63442,2,1,1992,0,0,0,0,0,0,0,0,0,0
63443,1,1,1992,21,21,21,21,21,21,21,21,21,21
63444,0,1,1992,0,0,0,0,0,0,0,0,0,0
63444,1,1,1992,0,2,0,11,8,0,0,0,18,30
63444,2,1,1992,0,0,0,0,0,0,10,0,0,21
63444,3,1,1992,18,0,16,22,14,6,0,0,20,9
63445,1,1,1992,17,17,17,17,17,17,17,17,17,17
63445,2,1,1992,0,0,0,0,0,0,0,0,0,0
63446,0,1,1992,0,0,0,0,0,0,0,0,0,0
63446,1,1,1992,0,0,0,0,0,0,0,0,0,0
63446,2,1,1992,10,0,0,0,0,0,9,0,0,0
63447,1,1,1992,17,17,17,17,17,17,17,17,17,17
63448,0,1,1992,0,0,0,0,0,0,0,0,0,0
63448,1,1,1992,27,27,27,27,27,27,27,27,27,27
63449,0,1,1992,0,0,0,0,0,0,0,0,0,0
63449,1,1,1992,0,0,0,0,0,14,22,0,13,0
63450,0,1,1992,0,0,0,0,0,0,0,0,0,0
63450,1,1,1992,0,0,0,0,0,7,0,2,18,0
63451,1,1,1992,20,20,20,20,20,20,20,20,20,20
63451,2,1,1992,0,0,0,0,0,0,0,0,7,0
63451,3,1,1992,0,0,0,0,0,0,0,0,0,0
63452,0,1,1992,0,0,0,0,0,0,0,0,0,0
63452,1,1,1992,0,0,0,0,0,0,0,0,0,0
63453,0,1,1992,0,0,0,0,0,0,0,0,0,0
63453,1,1,1992,0,0,0,0,0,0,0,0,0,0
63454,1,1,1992,0,0,0,0,0,0,0,0,0,0
63455,1,1,1992,17,17,17,17,17,17,17,17,17,17
63456,1,1,1992,19,19,19,19,19,19,19,19,19,19
63457,1,1,1992,0,0,0,0,0,0,0,0,0,0
63457,2,1,1992,0,0,0,0,0,0,0,0,0,0
63458,1,1,1992,0,0,0,0,0,0,0,0,0,0
63459,1,1,1992,0,0,0,0,0,0,0,0,0,0
63460,0,1,1992,0,0,0,0,0,0,0,0,0,0
63460,1,1,1992,0,0,0,0,0,0,0,0,0,0
63461,1,1,1992,0,0,0,0,0,0,0,0,0,0
63461,2,1,1992,0,0,0,0,0,0,0,0,0,0
63462,1,1,1992,0,0,0,0,0,0,0,0,0,0
63462,2,1,1992,15,0,12,0,0,0,0,0,0,0
63463,0,1,1992,0,0,0,0,0,0,0,0,0,0
63463,0,2,1992,0,0,0,0,0,0,0,0,0,0
63463,1,1,1992,0,0,0,0,0,0,0,0,0,0
63464,1,1,1992,16,16,16,16,16,16,16,16,16,16
63465,1,1,1992,0,0,0,0,0,0,0,0,0,0
63465,2,1,1992,0,0,0,0,0,0,0,0,0,0
63466,1,1,1992,0,0,0,0,0,0,0,0,0,0
63466,2,1,1992,0,0,0,0,0,0,16,0,0,0
63467,1,1,1992,0,0,0,0,0,0,0,0,0,0
63467,2,1,1992,0,0,0,0,0,0,0,0,0,0
63468,1,1,1992,13,13,13,13,13,13,13,13,13,13
63469,0,1,1992,0,0,0,0,0,0,0,0,0,0
63469,1,1,1992,0,0,0,0,0,0,0,0,0,0
63470,1,1,1992,0,0,0,0,0,0,0,0,0,0
63471,1,1,1992,1,1,1,1,1,1,1,1,1,1
63472,0,1,1992,0,0,0,0,0,0,0,0,0,0
63472,1,1,1992,0,0,0,0,0,0,0,0,0,0
63473,1,1,1992,19,19,19,19,19,19,19,19,19,19
63474,0,1,1992,19,19,19,19,19,19,19,19,19,19
63474,1,1,1992,0,0,0,0,8,0,3,0,15,7
63475,1,1,1992,0,0,0,0,0,0,0,9,0,0
63475,2,1,1992,0,11,0,0,0,0,0,14,22,0
63476,0,1,1992,7,21,13,0,13,0,0,16,15,0
63476,0,2,1992,0,0,0,0,0,0,0,0,0,0
63476,0,3,1992,0,0,0,0,0,0,0,0,0,0
63476,1,1,1992,0,0,0,0,0,0,0,0,0,0
63476,2,1,1992,0,0,0,0,0,0,0,0,0,0
63477,1,1,1992,0,0,0,0,0,0,0,0,0,0
63477,2,1,1992,0,0,0,0,0,0,0,0,0,0
63478,0,1,1992,0,0,0,0,0,0,0,0,0,0
63478,1,1,1992,0,0,0,0,0,0,0,0,0,0
63479,1,1,1992,0,0,0,0,0,0,0,0,0,0
63480,1,1,1992,0,0,0,0,0,0,0,0,0,0
63480,2,1,1992,0,0,0,0,0,0,0,0,0,0
63481,1,1,1992,11,11,11,11,11,11,11,11,11,11
63482,1,1,1992,11,11,11,11,11,11,11,11,11,11
63482,2,1,1992,0,0,0,0,0,9,7,0,0,7
63483,1,1,1992,16,16,16,16,16,16,16,16,16,16
63484,1,1,1992,0,0,0,0,0,0,0,0,0,0
63484,2,1,1992,0,0,18,0,0,0,0,0,0,0
63484,3,1,1992,0,20,0,0,0,0,0,0,0,0
63485,0,1,1992,20,20,20,20,20,20,20,20,20,20
63485,1,1,1992,0,0,0,0,0,0,0,0,0,0
63486,1,1,1992,0,0,0,0,0,0,0,0,0,0
63487,1,1,1992,18,18,18,18,18,18,18,18,18,18
63488,1,1,1992,20,20,20,20,20,20,20,20,20,20