ST_CASE,VEH_NO,PER_NO,YEAR,P1,P2,P3,P4,P5,P6,P7,P8,P9,P10
63489,1,1,1992,0,0,0,0,0,0,0,0,0,0
63490,0,1,1992,0,0,0,0,0,0,0,0,0,0
63490,1,1,1992,0,11,0,0,18,0,0,0,9,0
63491,1,1,1992,16,16,16,16,16,16,16,16,16,16
63492,0,1,1992,13,13,13,13,13,13,13,13,13,13
63492,1,1,1992,0,0,0,0,0,0,0,0,0,0
63492,2,1,1992,16,23,0,13,18,14,12,15,0,20
63492,3,1,1992,0,0,0,9,0,0,0,0,0,0
63493,1,1,1992,17,17,17,17,17,17,17,17,17,17
63493,2,1,1992,4,4,4,4,4,4,4,4,4,4
63494,1,1,1992,0,0,0,0,0,0,0,0,0,0
63494,2,1,1992,0,0,0,0,0,0,0,0,0,0
63495,1,1,1992,27,27,27,27,27,27,27,27,27,27
63496,0,1,1992,34,34,34,34,34,34,34,34,34,34
63496,1,1,1992,0,0,0,0,0,0,0,0,0,0
63497,1,1,1992,0,0,0,0,0,0,0,0,0,13
63497,2,1,1992,0,0,0,0,0,0,0,0,0,0
63498,0,1,1992,28,28,28,28,28,28,28,28,28,28
63498,1,1,1992,0,0,0,0,0,0,0,0,0,0
63499,1,1,1992,0,0,0,0,0,0,0,0,0,0
63499,2,1,1992,0,0,0,0,0,0,0,0,0,0
63500,0,1,1992,0,0,0,0,0,0,0,0,0,0
63500,1,1,1992,10,10,10,10,10,10,10,10,10,10
63501,1,1,1992,14,14,14,14,14,14,14,14,14,14
63502,1,1,1992,0,0,0,0,0,0,11,0,0,0
63502,2,1,1992,17,17,17,17,17,17,17,17,17,17
63503,0,1,1992,0,13,12,16,6,13,0,12,9,13
63503,1,1,1992,10,15,0,0,0,0,8,0,0,0
63504,1,1,1992,17,17,17,17,17,17,17,17,17,17
63504,2,1,1992,0,0,0,0,0,0,0,0,0,0
63505,1,1,1992,0,0,0,0,0,0,0,0,0,0
63505,2,1,1992,0,0,0,0,0,0,0,0,0,0
63506,1,1,1992,13,13,11,21,15,9,16,9,19,7
63507,1,1,1992,0,0,0,0,0,0,2,0,0,0
63508,1,1,1992,0,0,0,0,0,0,0,0,0,0
63508,2,1,1992,1,1,1,1,1,1,1,1,1,1
63509,0,1,1992,0,0,0,0,0,0,0,0,0,0
63509,1,1,1992,10,10,10,10,10,10,10,10,10,10
63510,1,1,1992,0,0,0,0,0,0,0,0,0,0
63511,0,1,1992,0,0,0,0,0,0,0,0,0,0
63511,2,1,1992,21,0,0,0,0,0,0,0,0,0
63511,3,1,1992,0,0,0,0,0,0,0,0,0,0
63511,4,1,1992,0,0,0,0,0,0,0,0,0,0
63512,1,1,1992,28,28,28,28,28,28,28,28,28,28
63512,2,1,1992,0,0,0,0,0,0,0,0,0,0
63512,3,1,1992,0,0,0,0,0,0,0,0,0,0
63513,0,1,1992,0,0,0,0,0,0,0,0,0,0
63513,1,1,1992,0,0,0,12,0,0,0,0,0,11
63514,1,1,1992,0,0,0,0,0,0,0,0,0,0
63514,2,1,1992,0,0,0,0,0,0,0,0,0,0
63515,1,1,1992,0,0,0,0,0,0,0,0,0,0
63516,1,1,1992,13,12,0,0,0,0,0,8,0,0
63517,0,1,1992,6,6,6,6,6,6,6,6,6,6
63517,1,1,1992,0,0,0,0,0,0,0,0,0,0
63518,0,1,1992,26,26,26,26,26,26,26,26,26,26
63518,1,1,1992,0,0,0,0,0,0,0,0,0,0
63519,0,1,1992,0,0,0,0,0,0,0,0,0,0
63519,1,1,1992,0,0,0,0,0,0,0,0,0,0
63520,0,1,1992,0,0,0,0,0,0,0,0,0,0
63520,1,1,1992,0,0,18,0,0,0,0,0,0,0
63521,1,1,1992,0,0,0,0,0,0,0,0,0,0
63521,2,1,1992,0,0,0,0,0,0,0,0,0,0
63522,1,1,1992,14,14,14,14,14,14,14,14,14,14
63523,1,1,1992,6,6,6,6,6,6,6,6,6,6
63523,2,1,1992,26,26,26,26,26,26,26,26,26,26
63524,0,1,1992,9,9,9,9,9,9,9,9,9,9
63524,1,1,1992,0,0,0,0,0,0,0,0,0,0
63525,1,1,1992,0,0,0,0,0,0,0,0,0,0
63526,1,1,1992,10,10,10,10,10,10,10,10,10,10
63527,0,1,1992,7,7,7,7,7,7,7,7,7,7
63527,1,1,1992,0,0,0,0,0,0,0,0,0,0
63528,0,1,1992,0,0,0,0,0,3,0,0,0,0
63528,0,2,1992,0,0,0,0,0,0,0,0,0,0
63528,1,1,1992,23,23,23,23,23,23,23,23,23,23
63529,1,1,1992,0,0,0,0,0,0,0,0,0,0
63529,2,1,1992,0,24,0,0,0,0,0,0,0,0
63530,1,1,1992,0,0,0,0,0,0,0,0,0,0
63530,2,1,1992,0,0,0,0,0,0,0,0,0,0
63531,1,1,1992,0,0,0,0,0,0,0,0,0,0
63531,2,1,1992,0,0,0,0,0,0,0,0,12,0
63531,3,1,1992,0,0,0,0,0,0,0,0,0,0
63532,1,1,1992,0,29,45,14,20,0,0,20,12,0
63532,2,1,1992,0,0,0,0,0,0,0,0,0,0
63533,1,1,1992,21,21,21,21,21,21,21,21,21,21
63534,1,1,1992,0,0,0,0,0,0,0,0,0,0
63535,0,1,1992,0,0,0,0,0,0,0,0,0,0
63535,1,1,1992,5,0,8,0,0,5,0,19,16,6
63536,0,1,1992,0,0,0,0,0,0,0,0,0,0
63536,1,1,1992,0,0,0,0,0,0,0,0,0,0
63537,1,1,1992,0,0,0,0,0,0,0,0,0,0
63537,2,1,1992,5,5,5,5,5,5,5,5,5,5
63538,1,1,1992,14,14,14,14,14,14,14,14,14,14
63539,1,1,1992,0,0,0,0,0,0,0,0,0,0
63540,1,1,1992,0,0,0,0,0,0,0,0,0,0
63541,1,1,1992,0,30,0,0,0,0,0,0,0,0
63542,1,1,1992,0,0,0,0,0,0,0,0,0,0
63542,2,1,1992,0,0,0,0,0,0,0,0,0,0
63543,0,1,1992,22,22,22,22,22,22,22,22,22,22
63543,1,1,1992,8,8,8,8,8,8,8,8,8,8
63544,0,1,1992,0,0,0,0,0,0,0,0,0,0
63544,1,1,1992,0,0,0,0,0,0,0,0,5,0
63545,1,1,1992,0,28,0,0,12,0,0,0,0,0
63545,2,1,1992,0,0,0,0,0,0,0,0,0,0
63546,1,1,1992,31,18,20,9,22,16,24,19,19,18
63547,0,1,1992,0,0,0,0,0,0,0,0,0,0
63547,1,1,1992,0,0,0,0,0,0,0,0,0,0
63548,0,1,1992,0,0,0,0,0,0,0,0,0,0
63548,1,1,1992,0,0,0,0,0,0,0,0,0,0
63549,1,1,1992,0,0,6,0,0,0,0,0,0,0
63549,2,1,1992,0,0,0,0,10,0,0,0,0,0
63549,3,1,1992,0,0,0,0,0,0,0,0,0,0
63550,0,1,1992,0,0,0,0,7,0,0,0,0,17
63550,1,1,1992,26,19,23,19,32,23,24,24,18,20
63551,0,1,1992,0,0,0,0,0,0,0,0,0,0
63551,1,1,1992,0,0,0,0,0,0,0,0,0,0
63552,1,1,1992,21,21,21,21,21,21,21,21,21,21
63553,0,1,1992,0,0,0,0,0,0,0,0,0,0
63553,1,1,1992,0,0,0,0,0,0,0,0,0,0
63554,1,1,1992,0,0,0,0,0,0,0,0,0,0
63555,0,1,1992,0,0,0,0,0,0,0,0,0,0
63555,1,1,1992,0,0,0,0,0,0,0,0,0,0
63556,1,1,1992,16,16,16,16,16,16,16,16,16,16
63556,2,1,1992,0,0,0,0,0,0,0,0,0,0
63556,3,1,1992,0,0,0,0,0,0,0,0,0,0
63556,4,1,1992,0,0,0,0,0,0,0,0,0,0
63557,1,1,1992,22,22,22,22,22,22,22,22,22,22
63557,2,1,1992,10,10,10,10,10,10,10,10,10,10
63558,1,1,1992,0,0,0,0,0,0,0,0,0,0
63558,2,1,1992,0,0,0,0,0,0,0,0,0,0
63559,1,1,1992,0,0,0,7,0,0,8,7,0,0
63559,2,1,1992,0,0,0,0,0,0,0,0,0,10
63560,1,1,1992,0,0,0,0,0,0,0,0,0,0
63560,2,1,1992,0,0,0,0,0,0,0,0,0,0
63560,3,1,1992,0,0,0,0,0,0,0,0,0,0
63560,4,1,1992,0,0,0,0,0,0,0,0,0,0
63561,0,1,1992,0,0,0,0,0,0,0,0,0,0
63561,0,2,1992,12,13,0,8,13,18,0,16,27,0
63561,1,1,1992,0,0,6,0,8,0,0,13,23,0
63562,1,1,1992,4,4,4,4,4,4,4,4,4,4
63562,2,1,1992,0,0,0,0,0,0,0,0,0,0
63563,0,1,1992,0,0,0,0,0,0,0,0,0,0
63563,1,1,1992,0,0,0,0,0,0,0,0,0,0
63564,1,1,1992,0,0,0,0,0,0,5,0,0,0
63564,2,1,1992,0,0,0,0,0,0,0,0,0,0
63565,1,1,1992,0,0,0,0,0,0,0,0,0,0
63566,1,1,1992,0,0,0,0,0,0,0,0,0,0
63567,1,1,1992,25,25,25,25,25,25,25,25,25,25
63568,0,1,1992,12,31,12,0,22,25,33,29,14,17
63568,1,1,1992,0,0,0,0,0,0,0,0,0,0
63569,1,1,1992,0,0,0,0,10,0,0,0,0,0
63570,1,1,1992,0,10,0,19,0,31,10,12,2,2
63570,2,1,1992,0,11,6,0,6,3,26,0,0,19
63571,1,1,1992,23,23,23,23,23,23,23,23,23,23
63572,1,1,1992,0,0,0,0,0,0,0,0,0,0
63572,2,1,1992,0,0,0,0,0,0,0,0,0,0
63573,0,1,1992,18,0,0,0,0,0,0,0,0,0
63573,1,1,1992,0,0,0,0,0,0,0,0,0,0
63574,1,1,1992,0,0,0,0,0,0,0,0,0,0
63574,2,1,1992,0,0,0,0,0,0,0,0,0,0
63575,1,1,1992,28,28,28,28,28,28,28,28,28,28
63576,1,1,1992,22,22,22,22,22,22,22,22,22,22
63577,0,1,1992,0,0,0,0,0,0,0,0,0,0
63577,1,1,1992,17,17,17,17,17,17,17,17,17,17
63578,1,1,1992,10,10,10,10,10,10,10,10,10,10
63579,1,1,1992,32,32,32,32,32,32,32,32,32,32
63580,1,1,1992,23,23,23,23,23,23,23,23,23,23
63580,2,1,1992,0,0,0,0,0,0,0,0,0,0
63581,1,1,1992,2,2,2,2,2,2,2,2,2,2
63581,2,1,1992,2,2,2,2,2,2,2,2,2,2
63582,1,1,1992,27,27,27,27,27,27,27,27,27,27
63582,2,1,1992,0,0,0,0,0,0,0,0,0,0
63583,1,1,1992,0,0,0,0,0,0,0,0,0,0
63583,2,1,1992,0,0,0,0,0,0,0,0,0,0
63584,1,1,1992,0,0,0,0,0,0,0,0,0,0
63585,1,1,1992,0,0,0,0,0,0,0,0,0,0
63586,1,1,1992,0,0,0,0,0,0,0,0,0,0
63587,0,1,1992,0,0,0,0,0,0,0,0,0,0
63587,1,1,1992,0,0,0,0,0,0,0,0,0,0
63588,1,1,1992,0,0,0,0,0,0,0,0,0,0
63589,0,1,1992,26,26,26,26,26,26,26,26,26,26
63589,1,1,1992,0,0,0,0,0,0,0,0,0,0
63589,2,1,1992,0,0,0,0,0,0,0,0,0,0
63590,0,1,1992,21,21,21,21,21,21,21,21,21,21
63590,1,1,1992,0,0,0,0,0,0,0,0,0,0
63591,1,1,1992,2,2,2,2,2,2,2,2,2,2
63591,2,1,1992,0,0,0,0,0,0,0,0,9,0
63592,1,1,1992,21,21,21,21,21,21,21,21,21,21
63592,2,1,1992,0,0,0,0,0,0,0,0,0,0
63592,3,1,1992,0,0,0,0,0,0,0,0,0,0
63593,1,1,1992,0,0,0,0,0,0,0,0,0,0
63593,2,1,1992,0,0,0,0,0,0,0,0,0,0
63594,0,1,1992,16,16,16,16,16,16,16,16,16,16
63594,1,1,1992,0,0,0,0,26,0,7,0,0,0
63595,1,1,1992,16,16,16,16,16,16,16,16,16,16
63595,2,1,1992,23,0,0,0,0,0,0,0,0,0
63596,1,1,1992,21,21,21,21,21,21,21,21,21,21
63596,2,1,1992,0,0,0,0,0,0,0,0,0,0
63597,1,1,1992,0,24,0,28,6,15,8,0,13,12
63597,2,1,1992,0,0,0,0,0,0,0,0,0,0
63598,1,1,1992,0,0,0,0,0,0,0,0,27,0
63599,0,1,1992,16,16,16,16,16,16,16,16,16,16
63599,1,1,1992,0,0,0,0,0,0,0,0,0,0
63600,0,1,1992,0,0,0,0,0,0,0,0,0,0
63600,1,1,1992,15,0,0,11,0,0,0,0,0,0
63601,0,1,1992,24,24,24,24,24,24,24,24,24,24
63601,1,1,1992,0,0,0,0,0,0,0,0,0,0
63602,0,1,1992,23,23,23,23,23,23,23,23,23,23
63602,1,1,1992,0,0,0,0,0,0,0,0,0,0
63603,1,1,1992,10,10,10,10,10,10,10,10,10,10
63603,2,1,1992,0,0,0,0,0,0,0,0,0,0
63603,3,1,1992,0,0,0,0,0,0,0,0,0,0
63604,1,1,1992,0,0,0,0,0,0,0,0,0,0
63604,2,1,1992,0,0,0,0,0,0,0,0,0,0
63605,0,1,1992,3,3,3,3,3,3,3,3,3,3
63605,1,1,1992,0,0,19,0,0,0,0,0,0,0
63606,1,1,1992,15,15,15,15,15,15,15,15,15,15
63606,2,1,1992,3,3,3,3,3,3,3,3,3,3
63607,1,1,1992,0,25,25,24,24,22,18,15,20,0
63608,0,1,1992,0,0,0,0,0,0,0,0,0,0
63608,1,1,1992,0,0,0,0,0,0,0,0,0,0
63609,1,1,1992,0,0,0,4,0,0,4,0,0,0
63609,2,1,1992,13,0,17,16,0,1,14,13,18,6
63610,1,1,1992,0,0,0,0,0,0,0,0,0,0
63611,1,1,1992,0,0,0,0,0,0,0,0,0,0
63611,2,1,1992,0,0,0,0,0,0,0,0,0,0
63612,1,1,1992,0,0,0,0,0,0,0,0,0,0
63612,2,1,1992,0,0,0,0,0,0,0,0,0,0
63613,0,1,1992,0,0,0,0,0,0,0,0,0,0
63613,1,1,1992,0,0,0,0,24,0,0,0,0,0
63614,1,1,1992,0,0,0,0,0,0,0,0,0,0
63615,1,1,1992,0,0,0,0,0,0,0,0,0,0
63616,1,1,1992,0,0,0,0,0,0,0,0,0,0
63616,3,1,1992,0,0,0,0,0,0,0,0,0,0
63617,0,1,1992,9,9,9,9,9,9,9,9,9,9
63617,1,1,1992,0,0,0,0,0,0,0,0,0,0
63618,1,1,1992,0,0,0,0,0,0,0,0,0,0
63618,2,1,1992,0,0,0,0,0,0,0,0,0,0
63619,1,1,1992,27,21,13,0,23,0,20,17,17,30
63620,1,1,1992,0,0,0,0,0,0,0,0,0,0
63620,2,1,1992,0,0,0,0,0,0,0,0,0,0
63621,1,1,1992,0,0,0,0,0,0,0,0,0,0
63621,2,1,1992,0,0,0,0,0,0,0,0,0,0
63622,0,1,1992,21,21,21,21,21,21,21,21,21,21
63622,1,1,1992,0,0,0,0,0,0,0,0,0,0
63623,1,1,1992,0,0,0,0,0,0,0,0,0,0
63624,1,1,1992,20,20,20,20,20,20,20,20,20,20
63624,2,1,1992,0,0,0,0,0,5,0,0,0,0
63625,1,1,1992,23,23,23,23,23,23,23,23,23,23
63626,1,1,1992,16,16,16,16,16,16,16,16,16,16
63626,2,1,1992,0,0,0,0,0,0,0,0,0,0
63627,1,1,1992,0,0,0,0,0,0,0,0,0,0
63627,2,1,1992,0,0,0,0,0,13,0,0,14,0
63628,0,1,1992,0,0,0,0,0,0,0,0,0,0
63628,1,1,1992,0,0,7,0,0,0,0,0,0,0
63628,2,1,1992,0,0,0,0,0,0,0,0,0,0
63629,1,1,1992,27,27,27,27,27,27,27,27,27,27
63630,0,1,1992,13,13,13,13,13,13,13,13,13,13
63630,1,1,1992,0,14,24,0,5,0,0,0,0,0
63631,1,1,1992,0,0,0,0,0,0,0,0,0,0
63631,2,1,1992,0,0,0,0,0,0,0,0,0,0
63632,0,1,1992,0,0,0,0,0,0,0,0,0,0
63632,1,1,1992,0,0,0,0,0,0,0,0,0,0
63633,0,1,1992,6,6,6,6,6,6,6,6,6,6
63633,1,1,1992,0,0,0,0,0,0,0,0,0,0
63633,2,1,1992,0,0,0,0,0,0,0,0,0,0
63633,3,1,1992,0,0,0,0,0,0,0,0,0,0
63634,1,1,1992,10,10,10,10,10,10,10,10,10,10
63635,1,1,1992,0,0,0,0,0,0,0,0,0,0
63635,2,1,1992,0,0,0,0,0,0,0,0,0,0
63636,0,1,1992,6,6,6,6,6,6,6,6,6,6
63636,1,1,1992,0,0,0,0,0,0,0,0,0,0
63637,1,1,1992,12,12,12,12,12,12,12,12,12,12
63637,2,1,1992,0,0,0,0,0,0,0,0,0,0
63638,1,1,1992,29,29,29,29,29,29,29,29,29,29
63639,0,1,1992,0,0,0,0,0,0,0,0,0,0
63640,1,1,1992,0,0,0,0,0,0,0,0,0,0
63640,2,1,1992,0,0,0,0,0,0,0,0,0,0
63641,1,1,1992,0,0,0,0,0,0,0,0,0,0
63641,2,1,1992,0,0,0,0,0,0,0,0,0,0
63642,1,1,1992,0,0,0,0,0,0,0,3,0,0
63643,1,1,1992,0,0,0,0,0,0,0,0,0,0
63643,2,1,1992,0,0,0,0,0,0,0,0,0,0
63643,3,1,1992,0,0,0,0,0,0,0,0,0,0
63643,4,1,1992,0,0,0,0,0,0,0,0,0,0
63644,1,1,1992,0,0,0,0,0,0,0,0,0,0
63644,2,1,1992,0,0,0,0,0,0,0,0,0,0
63645,1,1,1992,0,0,0,0,0,0,0,0,0,0
63645,2,1,1992,0,0,0,0,0,0,0,0,0,0
63646,1,1,1992,0,0,0,0,0,0,0,0,0,0
63647,1,1,1992,21,21,21,21,21,21,21,21,21,21
63648,1,1,1992,0,0,0,0,13,0,0,0,0,0
63648,2,1,1992,0,0,0,0,0,0,0,0,0,0
63649,0,1,1992,13,13,13,13,13,13,13,13,13,13
63649,1,1,1992,19,0,0,0,0,0,0,0,0,0
63650,1,1,1992,16,16,16,16,16,16,16,16,16,16
63651,1,1,1992,0,0,0,0,0,0,0,0,0,0
63652,1,1,1992,12,0,22,18,3,8,30,11,17,14
63653,1,1,1992,0,0,0,0,0,0,0,0,0,0
63654,1,1,1992,17,17,17,17,17,17,17,17,17,17
63654,2,1,1992,0,0,0,0,10,0,0,0,0,0
63655,0,1,1992,0,0,0,0,0,0,0,0,6,0
63655,1,1,1992,0,0,0,0,0,0,0,0,0,0
63656,1,1,1992,0,0,0,0,0,0,0,0,0,0
63656,2,1,1992,0,0,0,0,0,0,0,0,0,0
63657,1,1,1992,0,0,0,0,0,0,0,0,0,0
63657,2,1,1992,0,0,0,0,0,0,0,0,0,0
63657,3,1,1992,0,0,0,0,0,0,0,0,0,0
63658,1,1,1992,0,0,0,0,0,0,0,0,0,0
63658,2,1,1992,0,0,0,0,0,0,0,0,0,0
63658,3,1,1992,0,0,0,0,0,0,0,0,0,0
63659,0,1,1992,0,0,0,0,0,0,0,0,0,0
63659,1,1,1992,0,0,0,0,0,0,0,0,0,0
63660,1,1,1992,5,5,5,5,5,5,5,5,5,5
63660,2,1,1992,0,0,0,0,0,0,0,0,0,0
63661,1,1,1992,24,24,24,24,24,24,24,24,24,24
63662,1,1,1992,28,28,28,28,28,28,28,28,28,28
63663,1,1,1992,0,0,0,0,0,0,0,0,0,0
63663,2,1,1992,0,0,0,0,0,0,0,0,0,0
63664,1,1,1992,0,0,0,0,0,0,0,0,0,0
63664,2,1,1992,0,0,0,0,0,28,0,19,0,0
63665,1,1,1992,0,0,0,0,0,0,0,0,0,0
63665,2,1,1992,0,0,0,0,0,0,0,0,0,0
63666,1,1,1992,2,0,0,0,0,0,0,0,0,0
63667,0,1,1992,0,22,0,6,0,0,15,0,13,0
63667,1,1,1992,0,23,0,0,0,0,12,0,0,0
63668,0,1,1992,0,0,0,0,0,0,0,0,0,0
63668,1,1,1992,0,0,0,0,0,0,0,0,0,0
63669,1,1,1992,17,17,17,17,17,17,17,17,17,17
63670,1,1,1992,19,19,19,19,19,19,19,19,19,19
63671,0,1,1992,0,0,0,0,0,0,0,0,0,0
63671,1,1,1992,0,0,0,0,0,0,0,0,0,0
63672,1,1,1992,0,0,0,0,0,0,0,0,0,0
63672,2,1,1992,0,0,0,0,0,0,0,0,0,0
63673,1,1,1992,8,8,8,8,8,8,8,8,8,8
63673,2,1,1992,0,0,0,0,0,0,0,0,0,0
63673,3,1,1992,0,0,0,0,0,0,0,0,0,0
63674,1,1,1992,0,0,0,0,0,0,0,0,5,0
63674,2,1,1992,0,0,0,0,0,0,0,0,0,0
63675,0,1,1992,0,0,0,0,0,0,0,0,0,0
63675,1,1,1992,0,0,0,0,0,0,0,0,0,0
63676,1,1,1992,14,0,0,0,0,0,0,0,0,0
63676,2,1,1992,0,0,0,0,0,0,0,0,0,0
63677,0,1,1992,0,0,0,0,0,0,0,0,0,0
63677,1,1,1992,0,0,0,0,0,0,0,0,0,0
63678,1,1,1992,0,0,0,0,0,0,0,0,0,0
63678,2,1,1992,0,0,0,0,0,0,0,0,0,0
63678,3,1,1992,0,0,0,0,0,0,0,0,0,0
63678,4,1,1992,0,0,0,0,0,0,0,0,0,0
63679,0,1,1992,0,0,0,0,0,0,0,0,0,0
63679,1,1,1992,0,0,0,0,0,0,0,0,0,0
63680,1,1,1992,0,0,0,0,0,0,0,0,0,0
63680,2,1,1992,0,0,0,0,0,0,0,0,0,0
63681,1,1,1992,0,0,0,0,0,0,0,0,0,0
63681,2,1,1992,0,0,0,0,0,0,0,0,0,0
63682,0,1,1992,0,0,0,0,0,0,17,0,0,0
63682,1,1,1992,0,0,0,0,0,0,0,0,0,0
63683,0,1,1992,23,23,23,23,23,23,23,23,23,23
63683,1,1,1992,0,0,0,0,0,0,0,0,0,0
63684,0,1,1992,0,0,0,0,0,0,0,0,0,0
63684,1,1,1992,0,0,0,0,0,0,0,0,0,0
63685,1,1,1992,6,6,6,6,6,6,6,6,6,6
63686,1,1,1992,9,9,9,9,9,9,9,9,9,9
63687,1,1,1992,7,7,7,7,7,7,7,7,7,7
63689,1,1,1992,13,7,9,0,0,0,0,0,0,0
63689,2,1,1992,0,0,0,0,0,0,0,0,0,0
63690,1,1,1992,0,0,0,0,0,0,0,0,0,0
63691,0,1,1992,17,17,17,17,17,17,17,17,17,17
63691,1,1,1992,18,0,37,18,16,11,24,9,16,6
63692,1,1,1992,21,21,21,21,21,21,21,21,21,21
63693,1,1,1992,0,0,0,0,0,0,0,0,0,0
63693,2,1,1992,0,0,0,0,0,0,0,0,0,0
63694,0,1,1992,0,0,0,0,17,28,0,0,11,0
63694,1,1,1992,0,0,0,0,0,0,0,0,0,0
63695,0,1,1992,0,0,0,0,0,0,0,0,0,0
63695,1,1,1992,0,0,0,0,0,0,0,0,0,0
63696,0,1,1992,0,0,14,0,0,0,0,0,0,10
63696,1,1,1992,0,0,0,0,0,0,0,0,0,0
63697,0,1,1992,0,0,0,0,0,0,0,0,0,0
63697,1,1,1992,0,0,0,0,0,0,0,0,0,0
63698,1,1,1992,0,0,0,0,0,0,0,0,0,0
63698,2,1,1992,0,0,0,0,0,0,0,0,0,0
63699,1,1,1992,0,0,0,0,0,0,0,0,0,0
63699,2,1,1992,0,0,0,0,0,0,0,0,0,0
63700,1,1,1992,13,20,12,20,8,18,25,14,14,16
63700,2,1,1992,0,0,0,0,0,0,0,0,11,11
63701,1,1,1992,29,29,29,29,29,29,29,29,29,29
63701,2,1,1992,0,0,0,0,0,0,0,0,0,0
63702,1,1,1992,13,0,0,0,0,0,0,9,29,0
63702,2,1,1992,0,0,0,0,0,0,0,0,0,0
63703,1,1,1992,0,0,0,0,0,0,0,0,0,0
63703,2,1,1992,0,0,0,0,0,0,0,0,0,0
63703,3,1,1992,0,0,0,0,0,0,0,0,0,0
63704,1,1,1992,0,0,0,0,0,0,0,0,0,0
63704,2,1,1992,0,0,0,0,0,0,0,0,0,0
63705,1,1,1992,0,0,0,16,0,0,0,0,0,0
63705,2,1,1992,0,0,0,0,0,0,0,0,0,0
63706,1,1,1992,6,0,0,0,0,0,0,0,0,0
63706,2,1,1992,0,0,0,0,0,0,0,0,0,0
63706,3,1,1992,0,0,0,0,0,0,0,0,0,0
63707,1,1,1992,0,0,0,0,0,0,0,0,0,0
63707,2,1,1992,0,0,0,0,0,0,0,0,0,0
63708,1,1,1992,0,0,0,0,0,0,0,0,0,10
63708,2,1,1992,0,0,0,0,16,0,0,0,0,0
63709,0,1,1992,0,0,0,0,14,14,0,0,0,0
63709,1,1,1992,0,0,18,16,0,0,0,11,0,0
63710,1,1,1992,0,0,0,0,0,0,0,0,0,0
63711,0,1,1992,25,25,25,25,25,25,25,25,25,25
63711,1,1,1992,0,0,15,0,0,0,0,0,0,0
63712,0,1,1992,0,0,0,0,0,0,0,0,0,0
63712,1,1,1992,0,0,0,0,0,0,0,0,0,0
63713,0,1,1992,0,0,0,0,0,0,0,0,0,0
63713,1,1,1992,9,9,9,9,9,9,9,9,9,9
63714,1,1,1992,14,14,14,14,14,14,14,14,14,14
63714,2,1,1992,8,22,0,0,0,0,7,0,5,0
63715,1,1,1992,0,0,15,0,0,5,0,19,0,22
63716,1,1,1992,0,0,0,0,0,26,21,0,0,0
63716,2,1,1992,0,0,0,0,0,0,0,0,0,0
63716,3,1,1992,0,0,0,0,0,0,0,0,0,0
63717,1,1,1992,0,0,0,0,0,0,0,0,0,0
63718,1,1,1992,19,19,19,19,19,19,19,19,19,19
63718,2,1,1992,0,0,0,0,0,0,0,0,0,0
63719,1,1,1992,0,0,0,0,0,17,0,0,0,0
63719,2,1,1992,0,0,0,0,0,0,0,0,0,0
63719,3,1,1992,0,0,0,0,0,0,0,0,0,0
63720,1,1,1992,0,0,0,0,0,0,0,0,0,0
63720,2,1,1992,14,14,14,14,14,14,14,14,14,14
63721,1,1,1992,0,0,0,0,0,0,0,0,0,0
63721,2,1,1992,10,10,10,10,10,10,10,10,10,10
63722,1,1,1992,0,0,0,0,0,0,0,0,0,0
63722,2,1,1992,0,0,0,0,0,0,0,0,0,0
63723,1,1,1992,15,19,17,9,18,13,12,15,12,21
63724,1,1,1992,0,0,0,0,0,0,0,0,0,0
63725,1,1,1992,0,9,4,5,17,3,16,18,18,25
63726,1,1,1992,0,0,0,0,0,0,0,0,0,0
63726,2,1,1992,10,0,0,0,0,5,0,25,0,0
63726,3,1,1992,0,0,0,0,0,0,0,0,0,0
63726,4,1,1992,0,0,0,0,0,0,0,0,0,0
63726,5,1,1992,0,0,0,0,3,0,0,0,0,0
63727,1,1,1992,13,13,13,13,13,13,13,13,13,13
63727,2,1,1992,0,0,5,0,0,0,0,0,0,0
63728,1,1,1992,0,0,0,0,0,0,0,0,0,0
63728,2,1,1992,0,0,0,0,0,0,0,0,0,0
63729,1,1,1992,0,0,0,0,0,0,0,0,0,0
63729,2,1,1992,0,0,0,0,0,0,0,0,0,0
63729,3,1,1992,0,0,0,0,0,0,0,0,0,0
63730,1,1,1992,11,11,11,11,11,11,11,11,11,11
63731,1,1,1992,0,0,0,0,0,0,0,0,0,0
63731,2,1,1992,0,0,0,0,0,0,0,0,0,0
63731,3,1,1992,0,0,0,0,0,0,0,0,0,0
63732,1,1,1992,0,0,0,0,0,0,0,0,0,0
63732,2,1,1992,19,19,19,19,19,19,19,19,19,19
63732,3,1,1992,0,0,0,0,0,0,0,0,0,0
63733,1,1,1992,32,13,14,13,18,21,9,18,15,10
63733,2,1,1992,13,7,26,7,13,6,16,8,35,14
63734,0,1,1992,0,0,0,0,0,0,0,0,0,0
63734,1,1,1992,0,0,0,0,0,0,0,0,0,0
63735,1,1,1992,13,7,9,16,18,26,13,10,10,26
63736,1,1,1992,0,0,0,0,0,0,0,0,0,0
63736,2,1,1992,0,0,0,0,0,0,0,0,0,0
63736,3,1,1992,0,0,0,0,0,0,0,0,0,0
63737,1,1,1992,2,2,2,2,2,2,2,2,2,2
63737,2,1,1992,15,0,0,0,3,0,0,0,0,0
63738,1,1,1992,6,6,6,6,6,6,6,6,6,6
63739,1,1,1992,0,0,0,0,0,0,0,0,0,0
63739,2,1,1992,0,0,0,0,0,0,0,0,0,0
63740,1,1,1992,0,0,0,0,0,0,0,0,0,0
63740,2,1,1992,0,0,0,0,0,0,0,0,0,0
63741,1,1,1992,0,0,21,0,0,0,19,25,15,17
63742,1,1,1992,0,0,0,0,10,0,0,0,0,9
63743,1,1,1992,29,29,29,29,29,29,29,29,29,29
63743,2,1,1992,0,19,0,0,0,0,0,0,0,0